[C@H]%15(CCCCN)C2=O.CC[C@H](C)[C@H]4C%23=O.C%13(=O)[C@@H]6CCC7.C%20(=O)[C@@H]9CC(N))O.[C@H]%16(CC(=O)O)C(=O)O.C%19(=O)[C@@H]8C(C)C.[C@@H]%11(C%22=O)C(C)C.[C@@H]%12(C%25=O)C(C)C.[C@H]%12(CC%17)C%26=O.c1%19ccc(O)cc1.C2(=O)[C@@H]5C%18.c1%18c[nH]cn1.[C@H]%10(C)C%27=O.C%10C%24=O.C%14C3=O.N24.N%125.N%206.N%218.N%229.S%17C.N%23%10.N%24%11.N%25%12.S%27%14.N3%15.N4%16	INVALID
[C@H]9(CCCCN)C%24=O.[C@H]%15(CCCCN)C%25=O.CC[C@H](C)[C@H]5C%21=O.C2(=O)[C@@H]7CCC8.[C@H]%10(CC(N)=O)C%23=O.[C@H]%14(CCCCN)C4=O.C%13(=O)[C@@H](N)CC%18.[C@@H]%12(C%20=O)C(C)C.[C@H]%14(CC%19)C%22=O.[C@H]%11(CO)C%24=O.[C@H]%15(CO)C%28=O.[C@H]%17(CO)C(=O)O.N8C(=N)N.N15.S%18C.N%126.N%137.N%189.N%20%10.N%21%11.N%22%12.N%21%13.N%23%14.N%24%15.N3%16.N4%17	CC(C)[C@H](N)C(=O)N[C@@H](CC(N)=O)C(N)=O.CC[C@@H](C(N)=O)[C@@H](CCCCN)C(=O)N[C@@H](CO)C(=O)O.CC[C@H](C)[C@H](N)C(=O)N[C@@H](CO)C(=O)C(=O)[C@@H](N)CCCCN.CSCC[C@H](N)C(=O)N[C@H](C=O)CCCNC(=N)N.N.N.N.NCCCC[C@@H](C=O)[C@H](C=O)CO
[C@H]%19(CCC(N)=O)C%25=O.[C@H]%26(CCCCN)C%50=O.[C@H]%28(CCC(=O)O)C4=O.c1%51c[nH]c2ccccc12.[C@H]%22(CC(=O)O)C%47=O.[C@H]%24(CC(=O)O)C%55=O.[C@H]%31(CC(C)C)C6=O.[C@H]%30(CCC%31)C%12=O.[C@H]%34(CCC%35)C%11=O.[C@H]%37(CC(C)C)C%17=O.[C@H]%41(CCC%42)C%19=O.C%45C[C@H](N)C3=O.[C@@H]%20(C%14=O)[C@@H](C)O.[C@@H]%23(C%47=O)[C@@H](C)O.[C@@H]%25(C%49=O)[C@@H](C)O.[C@@H]%32(C%10=O)[C@@H](C)O.[C@H][C@H]%21(CO)C%36=O.[C@H]%27(CO)C%49=O.N14CCC[C@H]1%48.[C@H]%29(C%51)C8=O.N1%13CCC[C@H]1%49.[C@H]%40(C%53)C%16=O.[C@H]%44(CO)C%18=O.N1%19CCC[C@H]1%50.[C@H]%43(C)C%15=O.N%31C(=N)N.N%35C(=N)N.C%38C%13=O.C%40C%15=O.C%49(=O)O.CS%46.N3%20.N%14%21.N%25%22.N%36%23.N%47%24.N%48%26.N%49%27.N5%28.N6%29.N7%30.N8%32.N9%34.N%10%37.N%11%38.N%12%39.N%13%40.N%15%41.N%16%43.N%17%44	INVALID
C%46(=O)[C@@H]%27CC(N)=O.C%12(=O)[C@@H](N)CCC(=O)O.[C@H]%44(CCC(N)=O)C%16=O.CC[C@H](C)[C@H]%21C%14=O.C%35(=O)[C@@H]%28CC(C)C.C%56(=O)[C@@H]%29CC(=O)O.C%56(=O)[C@@H]%32CC(C)C.C5(=O)[C@@H]%34CCC%36.C%10(=O)[C@@H]%41CC(C)C.[C@H]%48(CC(=O)O)C%21=O.C2(=O)[C@@H]%22C(C)C.[C@@H]%47(C%19=O)[C@@H](C)O.C%13(=O)[C@@H]%25C%51.C3(=O)[C@@H]%31C%51.C6(=O)[C@@H]%37CO.[C@H]%42(CC%53)C%15=O.c1%53ccccc1.[C@H]%43(CO)C%17=O.[C@H]%45(CS)C%18=O.[C@H]%49(C%52)C%20=O.C%24(=O)[C@@H]%23C.c1%50c[nH]cn1.c1%51c[nH]cn1.C%55(=O)[C@@H]%30C.C4(=O)[C@@H]%33C.C8(=O)[C@@H]%39C.C9(=O)[C@@H]%40C.c1%52c[nH]cn1.[C@H]%49(C)C(=O)O.N%36C(=N)N.C%11(=O)C%38.N2%21.N%13%22.N%24%23.N%35%25.N%46%26.N%55%28.N%56%29.N%56%30.N3%31.N4%32.N5%33.N6%34.N7%37.N8%38.N9%39.N%10%40.N%11%41.N%12%42.N%14%43.N%15%44.N%16%45.N%17%47.N%18%48.N%19%49	CC(C)C[C@@H]1NC(=O)CNC(=O)[C@H](C)NC(=O)[C@H](C)NC1=O.CC(C)C[C@H](NC(=O)[C@H](C)NN[C@@H](CC(=O)O)C(=O)C(=O)[C@H](CC(C)C)NC(=O)[C@H](C)NC(=O)[C@H](CCCNC(=N)N)NC(=O)[C@@H](N)CO)C(=O)N[C@@H](CC[C@@H]1NC1=O)C(=O)N[C@H](C(N)=O)C(C)C.CC[C@H](C)[C@@H](C(=O)N[C@@H](CO)C(=O)N[C@H](C(N)=O)[C@@H](C)O)C(=O)[C@H](CC(=O)O)NC(=O)[C@H](CS)NC(=O)[C@H](CCC(N)=O)NC(=O)[C@H](CCc1ccccc1)NC(=O)[C@@H](N)CCC(=O)O.C[C@@H](C(=O)O)[C@H](C=O)Cc1c[nH]cn1.C[C@@H]1NC1=O.NC(=O)CCC(N)=O.c1c[nH]cn1.c1c[nH]cn1
%15.c1%15ccccc1.c1%10c[nH]cn1.N%10C(=N)N.C%14(=O)CN.C7C%29=O.N2%18.N%14C.N%25%19.N38.N4	INVALID
C%36(=O)[C@@H]%16CCC(=O)O.c1%41c[nH]c2ccccc12.[C@H]%23(CCC(N)=O)C7=O.C%41(=O)[C@@H](N)CCCCN.C7(C)C%18)C%42=O)[C@@H](C)C%18.[C@H]%17(CCC%18)C6=O.[C@H]%26(CCC%28)C8=O.[C@H]%29(CCC%30)C9=O.[C@H]%34(CCC%35)C(=O)O.C3(=O)[C@@H]%12C%40.c1%40ccccc1.[C@@H]1%37CCCN1%36.C%14(=O)[C@@H]%13C%37.C%38(=O)[C@@H]%15C%39.[C@H]%21(C%38)C5=O.[C@H]%22(C)C4=O.c1%39c[nH]cn1.N%18C(=N)N.C%19C%44=O.C%24C%46=O.N%28C(=N)N.N%30C(=N)N.C%31C%10=O.N%35C(=N)N.N3%11.N%25%12.N%36%14.N%38%15.N%41%16.N%42%17.N%44%19.N%45%20.N4%22.N5%23.N6%24.N7%27.N8%29.N9%31.N%10%33	INVALID
%11=O.[C@@H]%16(C4=O)[C@@H](C)CC.C2(=O)[C@@H]%15CC%14.C%21(=O.N2%12.N%12%14.S%15C.N%22%15.N%235.N26.N37.S%16C	INVALID
[C@H]5(CCC(N)=O)C%24=O.[C@H]%10(CCC(N)=O)C%26=O.CC[C@H](C)[C@H]4C2=O.[C@H]%12(CCC%14)C%21=O.[C@H]%99(CCC%110)C3=O.[C@H]7(CCC3)C%23=O.c1%16ccc(O)cc1.[C@@H]%14(C(=O)O)[C@@H](C)O.N1%12CCC[C@H]1%15.[C@H]5(C%17)C%18=O.[C@H]6(C%18)C%22=O.c1%18ccccc1.[C@H]8(C%19)C%23=O.c1%19ccccc1.[C@H]9(C%20)C%27=O.c1%20cccccc1.N%14C(=N)N.N24.N%135.N%216.N%227.S%16C.N%238.N%249.N%25%10.N%27%11.N3%14	INVALID
[C@H]%29(CCCCN)C%25=O.[C@H]%30(CCCCN)C%36=O.[C@H]%31(CCCCN)C%47=O.C3(=O)[C@@H]%31CCCCN.c1%67c[nH]c2ccccc12.[C@H]%59(CCC(N)=O)C%26=O.CC[C@H](C)[C@H](N)C3=O.[C@H]%33(CC(C)C)C%58=O.[C@H]%37(CCC%38)C5=O.[C@@H]%40(C7=O)[C@@H](C)CC.[C@H]%43(CCC%44)C%11=O.[C@@H]%45(C%12=O)[C@@H](C)CC.[C@H]%50(CC(N)=O)C%13=O.[C@H]%52(CC(C)C)C%19=O.[C@H]%55(CC(C)C)C%22=O.[C@H]%60(CC(C)C)C%24=O.[C@H]%63(CC(=O)O)C%26=O.[C@H]%40(CC(=O)O)C7=O.[C@H]%46(CCC%48)C%13=O.[C@H]%60(CC(C)C)C%15=O.[C@@H]%23(CC%69=O)[C@@H](C)CC.[C@@H]%52(C%16=O)[C@@H](C)CC.[C@H]%53(CC(C)C)C%18=O.[C@@H]%57(C%27=O)[C@@H](C)CC.[C@@H]%51(C%17=O)[C@@H](C)O.[C@H]%35(C%66)C%67=O.c1%66ccccc1.N17CCC[C@H]1%64.[C@H]%60(C%67)C%20=O.[C@H]%61(CO)C(=O)O.[C@H]%34(C)C%60=O.[C@H]%32(C)C%68=O.[C@H]%55(C)C%23=O.N%37C(=N)N.C%39C4=O.N%44C(=N)N.C8%64=O.C%20%65=O.N3%29.N%14%30.N%25%30.N%36%31.N%47%32.N%58%33.N%69%34.N%70%35.N%71%35.N%65%38.N4%39.N5%40.N6%41.N8%42.N%10%43.N%11%45.N%12%46.N%13%49.S%63C.N%16%49.N%17%50.N%18%51.N%20%52.N%21%53.N%22%54.N%23%55.N%24%56.N%26%59.N%27%60.N%28%61	CC(C)C[C@@H](C=O)[C@@H](CC(C)C)C(N)=O.CC(C)C[C@@H]1NC1=O.CCC[C@H](NC(=O)[C@@H](NC(=O)[C@@H](N)CCCNC(=N)N)[C@@H](C)CC)C(=O)C(=O)[C@H](CC(N)=O)NC(=O)[C@@H](NC(=O)[C@@H](N)CC(C)C)[C@@H](C)O.CC[C@H](C)CC(N)=O.CC[C@H](C)[C@@H](C(=O)NN)[C@H](C=O)CC(C)C.CC[C@H](C)[C@@H](CC(=O)N[C@@H](C)C(=O)[C@@H](C)C(=O)C(=O)NCCC[C@H](NC(=N)N)C(N)=O)C(=O)[C@H](C)[C@@H](CC(C)C)C(N)=O.CC[C@H](C)[C@H](N)C(=O)C(=O)[C@H](CCCCN)[C@@H](CCCCN)C(=O)N[C@@H](C)C=O.CC[C@H](C)[C@H]1C(=O)C(=O)[C@@H]1CC(=O)O.CS[C@@H](CC(=O)O)C(=O)C(=O)[C@@H](N)CCC(N)=O.N.N.N.N.NC(=O)[C@@H]1CCCN1.NCCCC[C@H](N)C(N)=O.NCCCC[C@H](N)C(N)=O.N[C@@H](CO)C(=O)O.N[C@@H](Cc1ccccc1)C(=O)c1c[nH]c2ccccc12.O=C1CN1
C4(=O)[C@@H]%25CCCCN.C9(=O)[C@@H]%27CCCCN.CC(C)[C@H]%15C%14=O.C%13(=O)[C@@H]%17CC(=O)O.C%43(=O)[C@@H]%21[C@@H](C)CC.C%45(=O)[C@@H]%22CC(N)=O.C7(=O)[C@@H]%29CC(N)=O.C8(=O)[C@@H]%30CCC%31.C%10(=O)[C@@H]%34CC(N)=O.C%43(=O)[C@@H]%20C(C)C.c1%38ccc(O)cc1.C2(=O)[C@@H]%16CO.C%24(=O)[C@@H]%18CS.C%44(=O)[C@@H]%19C%38.C5(=O)[C@@H]%28CS.C%11(=O)[C@@H]%33C%39.C%12(=O)(N)C%40.c1%40ccccc1.C%42(=O)C%19.C%43(=O)C%25.C3(=O)C%26.C6(=O)C%28.N%31C(=N)N.C%11(=O)C%32.N2%15.N%13%16.N%24%17.N%35%18.N%41%19.N%42%20.N%43%21.N%44%22.N%46%23.N3%25.N4%26.N6%27.N7%28.N8%29.N9%30.N%10%32.N%11%33.N%12%34	INVALID
C%13(=O)[C@@H]%11CCC(N)=O.C%34(=O)[C@@H]%18CCCCN.C5(=O)[C@@H]%23CCC(=O)O.[C@H]%28(CCCCN)C(=O)O.CC(C)C[C@H]%10C3=O.C%35(=O)[C@@H]%15CCC%16.[C@H]%25(CC(=O)O)C5=O.[C@H]%26(CC(C)C)C6=O.C%24(=O)[C@@H]%12[C@@H](C)O.C%36(=O)[C@@H]%17[C@@H](C)O.C%37(=O)[C@@H]%21[C@@H](C)O.[C@@H]1%29CCCN1%33.[C@@H]11%30CCCN1%34.[C@H]%22(C%31)C4=O.c1%31ccccc1.C%35(=O)[C@@H]%19CO.[C@H]%26(C)C6=O.N%16C(=N)N.C%24C9=O.C%32%29=O.C%33%30=O.N2%10.N%13%11.N%24%12.N%33%14.N%35%15.N%36%17.N%37%18.N%38%20.N3%21.N4%22.N5%23.N6%25.N7%26.N9%28	INVALID
C3(=O)[C@@H]9CCCCN.C%37(=O)[C@@H](N)CCC(=)=O.[C@H]%21(CCC(=O)O)C(=O)O.CC(C)C[C@H]8C%38=O.[C@H]%16(CCC%17)C%30=O.[C@H]%18(CC(=O)O)C%104=O.c1%27c[nH]c2ccccc12.C%26(=O)[C@@H]%12CC(=O)O.C%34(=O)[C@@H]%12[C@@H](C)O.C%36(=O)[C@@H]%13CC(N)=O.[C@@H]%19(C%29=O)C(C)C.[C@@H]1%29CCC[C@H]1%22.[C@H]%20(C%24)C8=O.N16CCC[C@H]1%23.[C@H]%28(C)C6=O.c1%26ccccc1.C%25(=O)[C@@H]%11C.[C@H]%15(C)C%30=O.c1%24c[nH]cn1.N%17C(=N)N.C%17C4=O.C%37%22=O)C%15.C%32%23=O.N38.N%149.N%25%10.N%27%11.N%28%12.N%29%13.N%30%15.N%33%16.N%34%18.N4%18.N5%19.N6%20.N7%21	INVALID
C2(=O)[C@@H]%18CCC(N)=O.[C@H]%31(CCC(N)=O)C%12=O.CC[C@H](C)[C@H]%17C%43=O.C%24(=O)[C@@H]%20CC(C)C.[C@H]%22(CC(C)C)C%43=O.[C@@H]%25(C3=O)[C@@H](C)CC.[C@H]%36(CC(=O)O)C(=O)O.C%13(=O)[C@@H]%19[C@@H](C)O.C%35(=O)[C@@H]%21C(C)C.C%42(=O)[C@@H](N)C(C)C.[C@@H]%26(C3=O)C(C)C.[C@@H]%28(C5=O)[C@@H](C)O.[C@H]%34(CCC%37)C%16=O.C%41(=O)[C@@H]%21CO.[C@H]%27(C%40)C3=O.N18CCC[C@H]1%38.N1%10CCC[C@H]1%39.[C@H]%29(CO)C%15=O.[C@H]%32(CO)C%18=O.[C@H]%23(C)C8=O.c1%40c[nH]cn1.[C@H]%30(C)C%11=O.C9%38=O.C%11%39=O.N2%17.N%13%18.N%24%19.N%35%20.N%41%21.N%42%22.N%44%25.N%43%26.N4%27.N5%28.N6%29.N7%30.N9%31.N%12%32.N%14%33.N%15%34.S%37C.N%16%36	CC(C)C[C@H](NC(=O)[C@H](C(C)C)[C@@H](CO)C(N)=O)C(=O)N[C@H](C(N)=O)[C@@H](C)O.CCC(=O)N1CCC[C@H]1C(=O)N[C@@H](CCC(N)=O)C(=O)N[C@@H](CO)C(=O)[C@@H](CCC(N)=O)C(=O)N[C@H](C(=O)C(=O)[C@H](CC(C)C)NC(=O)[C@@H](N)C(C)C)[C@@H](C)CC.CC[C@H](C)[C@H](N)C(=O)C(=O)[C@@H](N)C(C)C.CSCCC[C@H](NC(=O)[C@@H](N)CO)C(=O)N[C@@H](CC(=O)O)C(=O)O.C[C@@H](O)[C@@H]1NC1=O.C[C@H](N)C(=O)C(=O)[C@@H]1CCCN1.N.N[C@H](C=O)Cc1c[nH]cn1
C%35(=O)[C@@H]%16CCCCN.[C@H]%19(CCCCN)C7=O.CC[C@H](C)[C@H]9C%38=O.C2(=O)[C@@H]%14CCC%15.C%34(=O)[C@@H]%16CC(C)C.C%35(=O)[C@@H]%17CC(C)C.[C@H]%20(CC(C)C)C4=O.[C@H]%23(CC(=O)O)C5=O.C2(=O)[C@@H]%11C(C)C.c1%33ccc(O)cc1.C%36(=O)[C@@H]%27CCC%29.C%36(=O)[C@@H](N)CCC%30.[C@@H]%22(C3=O)C(C)C.[C@@H]%25(C8=O)C(C)C.[C@@H]%27(C9=O)C(C)C.[C@H]%28(CC%32)C(=O)O.C%24(=O)[C@@H]%12C%33.[C@H]%20(CO)C5=O.[C@H]%26(CO)C6=O.C%34(=O)C%18.N19.N%13%10.N%24%11.N%33%13.N%34%14.N%34%16.S%30C.N%36%17.N%37%18.N%38%19.S%31C.N3%21.N4%22.N5%23.N6%25.N7%26.N8%27.S%32C.N9%28	CC(C)C[C@@H](C(=O)N[C@H](C(N)=O)C(C)C)[C@@H](CO)C(=O)C(=O)[C@@H](N)CC(=O)O.CC(C)C[C@H](N)C(=O)C(=O)[C@H](CCCCN)[C@@H](CC(C)C)C(=O)C(=O)CN.CCC[C@@H](C(=O)C(=O)[C@@H](N)CCCSC)[C@H](C(=O)[C@H](C(=O)N[C@@H](CCCCN)C(=O)N[C@@H](CO)C(=O)N[C@H](C(N)=O)C(C)C)[C@@H](C)CC)C(C)C.CCC[C@H](NN)C(=O)C(=O)[C@@H](NC(=O)CCc1ccc(O)cc1)C(C)C.CS.CSCC[C@H](NN)C(=O)O.NN
C%25(=O)[C@@H]7CCCCN.c1%23c[nH]c2ccccc12.CC[C@H](C)[C@H]5C%31=O.C3(=O)[C@@H]6C(C)C.C%24(=O)[C@@H]9C(C)C.C%30(=O)[C@@H](N)CC%17.[C@@H]1%18CCCN1%25.C%26(=O)[C@@H]9C%20.c1%20ccccc1.C%27(=O)[C@@H]%10CO.C%29(=O)[C@@H]%11CO.N1%19CCC[C@H]1%19.[C@H]%15(C%22)C4=O.c1%22ccccc1.[C@H]%16%16CC%23)C(=O)O.C%13C4=O.C%14%18=O.C%24%18=O.C%20%19=O.N35.N%146.N%257.N%278.N%289.N%29%10.N%30%11.N%31%12.S%17C.N%32%13.N3%15.N4%16	INVALID
C2(=O)[C@@H]%10CCC(=O)O.C%13(=O)[C@@H]%11CCCCN.[C@H]%12(CCCCN)C%36=O.[C@H]%25(CCC(N)=O)C4=O.CC(C)C[C@H]9C%34=O.[C@H]%15(CCC%16)C%35=O.[C@H]%17(CCC%18)C%35=O.[C@H]%19(CC(=O)O)C%38=O.[C@H]%24(CCC%26)C8=O.C%33(=O)[C@@H](N)C%28.[C@H]%14(CC%29)C7=O.[C@@H]%21(C7=O)C(C)C.C%24(=O)[C@@H]%12C%31.c1%31ccccc1.[C@H]%14(C%32)C%37=O.c1%32ccccc1.[C@H]%16(CS)C3=O.[C@H]%22(C)C3=O.N%16C(=N)N.N%18C(=N)N.C%20C6=O.C%27C(=O)O.N29.N%13%10.N%24%11.S%33C.N%34%12.N%35%14.N%36%15.N%37%17.N%38%18.S%29C.N3%19.N4%20.N5%22.N6%23.S%30C.N7%25.N8%27	CC(C)C[C@H](NC(=O)[C@H](CCC(=O)O)NC(=O)[C@@H](N)CCCCN)C(N)=O.CCC[C@@H](C(=O)NCC(=O)O)C(=O)[C@H](Cc1ccccc1)[C@@H](CCCCN)C(=O)N[C@@H](CCC[C@@H](CS)C(=O)C(=O)[C@H](C)N)C(=O)C(=O)[C@H](CCCNC(=N)N)NC(=O)[C@H](Cc1ccccc1)[C@@H](CCSC)C(=O)C(=O)CC(C)C.CS.CSC(=O)[C@H](C)N.N.N=C(N)N.NC(=O)CC[C@H](N)C(=O)NCC(N)=O.NC(=O)[C@@H](N)CC(=O)O
c1%74c[nH]c2ccccc12.C%84(=O)[C@@H]%42CCCCN.C7(=O)[C@@H]%45CCCN.[C@H]%57(CCCCN)C%20=O.[C@H]%56(CCCCN)C%21=O.c1%76c[nH]c2ccccc12.c1%77c[nH]c2ccccc12.CC[C@H](C)[C@H]%32C%11=O.C%47(=O)[C@@H]%38[C@@H](C)CC.C%57(=O)[C@@H]%39CC(N)=O.C%78(=O)[C@@H]%41CC(N)=O.C4(=O)[C@@H]%43CC(C)C.C8(=O)[C@@H]%52CCC%53.C%10(=O)[C@@H](N)CC(N)=O.[C@@H]%60(C%23=O)[C@@H](C)CC.[C@H]%63(CC(C)C)C%24=O.[C@H]%63(CC(C)C)C%27=O.[C@H]%67(CC(C)C)C%31=O.C%14(=O)[C@@H]%35[C@@H](C)O.C%25(=O)[C@@H]%35[C@@H](C)O.C5(=O)[C@@H]%44CC%71.C6(=O)[C@@H]%46C(C)C.[C@@H]%49(C%13=O)[C@@H](C)O.[C@@H]%51(C%15=O)[C@@H](C)O.c1%76ccc(O)cc1.[C@H]%51(CC%72)C%12=O.C9(=O)[C@@H]%50C(C)C.[C@@H]%63(C%19=O)[C@@H](C)O.C3(=O)[C@@H]%33C%74.C%36(=O)[C@@H]%34CO.[C@H]%65(C%75)C%27=O.[C@H]%66(C%76)C%29=O.[C@H]%68(C%77)C%30=O.N1%31CCC[C@H]1%73.C%69(=O)[C@@H]%40C.[C@H]%54(C)C%19=O.[C@H]%64(C)C%28=O.C%77(=O)C%40.N%53C(=N)N.C%57C%18=O.C%70C(=O)O.N3%32.N%14%33.N%25%34.N%36%35.N%47%37.N%58%38.N%69%39.N%77%40.N%78%41.N4%42.N5%43.S5C.N6%44.N7%45.N8%46.N9%48.N%10%49.S%71C.N%11%51.S%72C.N%13%52.N%15%54.N%16%55.N%17%56.N%18%57.N%19%59.N%20%60.N%21%61.N%22%62.N%23%63.N%24%64.N%26%65.N%27%66.N%28%67.N%29%68.N%30%70	CC(C)CC(N)=O.CC(C)C[C@H](NC(=O)[C@H](C)NC(=O)[C@H](CC(C)C)[C@@H](CC(C)C)C(=O)C(=O)[C@H](C)N)C(=O)N1CCCC1.CC[C@H](C)[C@H](N)C(N)=O.CC[C@H](C)[C@H](NC(=O)[C@H](CCCCN)C(=O)[C@H](CC(N)=O)NC(=O)[C@H](C)CC(N)=O)C(=O)N[C@H](C(=O)C(=O)[C@H](C)NC(=O)[C@@H]([C@H](C=O)CCSC)[C@@H](C)O)[C@@H](C)O.CC[C@H](C)[C@H](NC(=O)[C@H](Cc1c[nH]c2ccccc12)NC(=O)[C@@H]([C@H](C(=O)N[C@@H](CO)C(N)=O)[C@@H](C)O)[C@@H](C)O)C(N)=O.CS.CSCC[C@H](NC(=O)[C@@H](NC(=O)[C@H](CCCNC(=N)N)NC(=O)[C@@H](NC(=O)[C@@H](N)CC(N)=O)[C@@H](C)O)C(C)C)C(=O)N[C@@H](CC(C)C)C(=O)N[C@H](C=O)CCCCN.C[C@H](N)C(=O)N[C@@H](Cc1c[nH]c2ccccc12)C(=O)NCC(=O)O.N.N.N.NC(=O)C[C@@H]1NC1=O.NCCCC[C@H](N)C(N)=O.NCCC[C@@H]1NC1=O.O=C1CN1.Oc1ccc(-c2c[nH]c3ccccc23)cc1
C2(=O)[C@@H]%10CCC(=O)O.C%24(=O)[C@@H](N)CCC(=O)O.[C@H]%17(CCCCN)C%35=O.[C@H]%20(CCCCN)C5=O.CC(C)C[C@H]9C(=O)O.[C@@H]%15(C%29=O)[C@@H](C)CC.[C@H]%16(CC(N)=O)C%32=O.[C@@H]%12(C%33=O)C(C)C.[C@@H]%18(C3=O)C(C)C.c1%27ccc(O)cc1.[C@H]%11(C%25)C%30=O.[C@H]%14(C%26)C%31=O.c1%26ccccc1.[C@H]%19(C%27)C6=O.[C@H]%21(C%28)C8=O.c1%28ccccc1.[C@H]%14(C)C%32=O.c1%23c[nH]cn1.[C@H]%22(C)C4=O.N29.N%13%10.N%24%11.N%28%12.N%29%14.N%30%15.N%31%16.N%32%17.N3%18.N4%19.N5%20.N6%21.N8%22	CC(C)C[C@H](NC(=O)[C@@H](N)CCC(=O)O)C(=O)O.CC(C)[C@@H]1NC1=O.CC(C)[C@H](N)C=O.CC[C@H](C)[C@H](NC(=O)[C@H](C)NC(=O)[C@@H](N)CCC(=O)O)C(N)=O.C[C@@H]1NC(=O)[C@H](Cc2ccccc2)NC(=O)[C@H](Cc2ccc(O)cc2)NC1=O.C[C@H]1C(=O)C(=O)[C@H](CC(N)=O)NC(=O)[C@@H]1Cc1ccccc1.NCCCC[C@@H]1NC1=O.NCCCC[C@H](N)C=O.c1c[nH]cn1
C%76(=O)[C@@H]%40CCC(N)=O.[C@H]%60(CCC(N)=O)C%21=O.[C@H]%64(CCCCN)C%30=O.CC[C@H](C)[C@H]%32C%17=O.C%68(=O)[C@@H]%39CC(C)C.C%15(=O)[C@@H](N)CC(C)C.[C@H]%52(CC(C)C)C%15=O.[C@H]%53(CC(C)C)C%18=O.[C@H]%65(CCC(N)=O)C%31=O.[C@H]%67(CCC(N)=O)C(=O)O.C%46(=O)[C@@H]%36[C@@H](C)O.C%77(=O)[C@@H]%41[C@@H](C)CC.C4(=O)[C@@H]%42[C@@H](C)CC.C6(=O)[C@@H]%44CC(=O)O.C8(=O)[C@@H]%47CC(N)=O.[C@@H]%52(C%19=O)[C@@H](C)CC.[C@H]%56(CCC%58)C%22=O.C%57(=O)[C@@H]%38CC(=O)O.C9(=O)[C@@H]%48CC(C)C.[C@H]%62(CC(C)C)C%27=O.C%24(=O)[C@@H]%34[C@@H](C)O.c1%73ccc(O)cc1.c1%74ccc(O)cc1.C%10(=O)[C@@H]%50C(C)C.c1%75ccc(O)cc1.[C@@H]%56(C%20=O)C(C)C.[C@@H]%59(C%26=O)C(C)C.[C@@H]%66(C%29=O)C(C)C.[C@@H]1%70CCCN1%24.C5(=O)[C@@H]%43C%72.c1%72ccccc1.C%11(=O)[C@@H]%49C%73.C%12(=O)[C@@H]%51C%74.NN1%23CCC[C@H]1%71.C2(=O)[C@@H]%33C.C5(=O)[C@@H]%44C.C%14(=O)[C@@H]%45C.[C@H]%63(C)C%28=O.C%35(=O)C%37.N%58C(=N)N.C%13%70=O.C%25%71=O.N2%32.N%13%33.N%35%34.N%46%36.N%57%37.N%68%38.N%77%39.N%78%40.N3%41.N5%42.N6%43.N7%44.N8%47.N9%48.N%10%49.N%11%50.N%12%51.N%14%52.N%15%53.N%16%54.S%69C.N%17%55.N%19%56.N%20%59.N%21%60.N%22%61.N%25%62.N%26%63.N%27%64.N%28%65.N%30%66.N%31%67	INVALID
CC[C@H](C)[C@H]9C5=O.C2(=O)[C@@H]%11CC(C)C.C%13(=O)[C@@H]%12CC(C)C.C%30(=O)[C@@H]%14CC(C)C.C%29(=O)[C@@H]%17CC(C)C.C%36(=O)[C@@H]%19CC(=O)O.C4(=O)[C@@H](N)CC(C)C.C%33(=O)[C@@H]%18CC(=O)O.C%34(=O)[C@@H]%20CC(C)C.C3(=O)[C@@H]%23CC(N)=O.C7(=O)[C@@H]%25CCC(=O)O.[C@@H]%22(C6=O)[C@@H](C)O.C3(=O)[C@@H]%22CO.C3(=O)[C@@H]%14C.C%26(=O)C%15.C%31(=O)C%16.C%23C8=O.C%33(=O)C%19.C%26(=O)O.N19.N%13%11.N%24%12.N%29%14.N%30%15.N%31%16.N%32%17.N%33%18.N%34%19.N2%20.N3%21.N5%22.N6%23.N8%25	CC(C)C[C@@H](C(=O)NCC(=O)C(=O)O)[C@@H](C)C(N)=O.CC(C)C[C@H](N)C(N)=O.CC(C)C[C@H](N)C=O.CC(C)C[C@H](NC(=O)[C@H](CC(C)C)NC(=O)[C@@H](N)CC(C)C)C(N)=O.CC[C@H](C)[C@H](N)C(N)=O.C[C@@H](O)[C@@H](C(N)=O)[C@@H](CO)C(=O)C(=O)[C@H](CC(N)=O)CC(=O)N[C@H](C=O)CCC(=O)O.N[C@@H](CC(=O)O)C(=O)C(=O)C[C@H](C=O)CC(=O)O.O=C1CN1
[C@H]%16(CCC(=O)O)C3=O.CC[C@H](C)[C@H](N)C2=O.[C@H]%13(CC(C)C)C%27=O.[C@H]%20(CC(=O)O)C(=O)O.C%13(=O)[C@@H](N)[C@@H](C)O.N1%26CCC[C@H]1%21.[C@H]%16(C%23)C%33=O.N15CCC[C@H]1%22.[C@H]9(C)C%24=O.c1%25c[nH]cn1.C%10C%26=O.C%17C%28=O.C%19C4=O.C6%22=O.N27.N%138.N%229.N%23%10.N%24%11.N%26%12.N%27%14.N%28%15.N%29%16.N3%17.N4%18.N6%19.N7%20	CC(C)C[C@@H](C(N)=O)C(=O)[C@@H](N)[C@@H](C)O.CC[C@H](C)[C@H](N)C(=O)NN[C@@H](CC(=O)O)C(=O)O.C[C@H](N)C(N)=O.N.N.N.NC(=O)CNC(=O)[C@@H]1CCCN1.NC(=O)CNC(=O)[C@H](CCC(=O)O)[C@H](C=O)CNCC(=O)N1CCCC1.c1c[nH]cn1
c1%24c[nH]c2ccccc12.C4(=O)[C@@H]%19CCC(N)=O.C6(=O)[C@@H]%20CCC(N)=O.CC[C@H](C)[C@H]%10C9=O.C%27(=O)[C@@H]%16CC(C)C.C%29(=O)[C@@H]%19[C@@H](C)CC.c1%23ccc(O)cc1.C%29(=O)[C@@H]%15C(C)C.C%14(=O)[C@@H]%11C%24.C%31(=O)[C@@H]%17C%23.[C@@H]11%22CCCN1%29.C7(=O)[C@@H](N)CO.C%25(=O)[C@@H]%12C.C%30(=O)[C@@H]%18C.C%30(=O)C%13.C%21(=O)O.C%28%22=O.N3%10.N%14%11.N%25%12.N%27%13.N%28%15.N%29%16.N3%17.N5%18.N6%19.N7%20.N8%21	INVALID
[C@H]%29(CCC(=O)O)C5=O.[C@H]%39(CCC(=O)O)C%11=O.CC(C)C[C@H]%14C%51=O.C%13(=O)[C@@H]%17CCC%18.C%24(=O)[C@@H]%19CCC%20%20.C%35(=O)[C@@H]%21CCC%22.C%48(=O)[C@@H]%23CC(C)C.C%49(=O)[C@@H]%26CCC%27.[C@H]%31(CCC%32)C4=O.[C@H]%30(CC(=O)O)C6=O.[C@H]%34(CCC%36)C7=O.[C@H]%40(CCC%41)C8=O.[C@H]%42(CCC%43)C9=O.[C@H]%38(CC%45)C%10=O.[C@@H]%41(C%12(=O)[C@@H](C)O.C%49(=O)[C@@H]%26CC%47.C%24(=O)[C@@H]%16CO.C%48(=O)[C@@H]%25CO.[C@H]%44(CO)C(=O)O.C2(=O)C%15.N%18C(=N)N.N%20C(=N)N.N%22C(=N)N.N%27C(=N)N.C%42(=O)C%28.N%31C(=N)N.N%32C(=N)N.N%36C(=N)N.C%33C%12=O.N%37C(=N)N.CC%38C%12=O.N%43C(=N)N.N2%14.N%13%15.N%24%16.N%35%17.N%43%19.N%48%21.N%49%23.N%50%25.N%51%26.N3%28.N4%29.N5%30.N4%33.N7%34.N8%34.N9%38.S%48C.N%10%39.N%11%40.N%12%42	INVALID
C%25(=O)[C@@H]%22CCCCN.[C@H]%26(CCC(=O)O)C%51=O.[C@H]%32(CCCCN)C9=O.[C@H]%35(CCCCN)C%12=O.[C@H]%38(CCCN)C%13=O.c1%45c[nH]c2ccccc12.C%36(=O)[C@@H]%21CC(=O)O.CC[C@H](C)[C@H]%18C%50=O.[C@H]%24(CC(C)C)C9=O.[C@H]%37(CC(C)C)C%16=O.C3(=O)[C@@H]%19C(C)C.C%14(=O)[C@@H]%20C(C)C.C%49(=O)[C@@H](N)CC%40.c1%44ccc(O)cc1.[C@H]%33(CC%41)C%11=O.[C@@H]%39(C(=O)O)[C@@H](C)CO.[C@H]%23(C%43)C%49=O.c1%43ccccc1.[C@H]%28(CCO)C5=O.[C@H]%31(C%44)C8=O.[C@H]%34(C%44)C%15=O.[C@H]%35(C%45)C%16=O.[C@H]%27(C)C3=O.c1%42c[nH]cn1.[C@H]%30(C)C6=O.C%29.C7=O.N3%18.N%14%19.N%25%20.N%36%21.N%47%22.N%48%23.S%40C.N%50%24.N%51%26.N4%27.N5%28.S%41C.N6%29.N7%30.N8%31.N9%32.N%10%33.S%42C.N%11%34.N%12%35.N%13%37.N%15%37.N%16%38.N%17%39	CC(C)C[C@H](NC(=O)[C@@H](N)CCCN)C(=O)C(=O)[C@H](Cc1c[nH]c2ccccc12)[C@@H](CCCCN)C(N)=O.CC(C)[C@H](NC(=O)[C@@H](N)CCCCN)C(=O)N[C@H](C(=O)C(=O)[C@H](C)N)C(C)C.CC[C@H](C)[C@H](N)C(=O)N[C@@H](CC(C)C)C(=O)C(=O)[C@@H](N)CCCCN.CNC(=O)[C@H](C)NC=O.CSCC[C@H](N)C(=O)C(=O)[C@@H](N)Cc1ccccc1.CSCC[C@H](N)C(=O)N[C@@H](C)C(N)=O.CSc1c[nH]cn1.C[C@@H](CO)[C@H](N)C(=O)O.O=C(O)CC[C@@H]1NC1=O.O=C(O)C[C@@H]1NC1=O.O=C1N[C@H]1CCO.O=C1N[C@H]1Cc1ccc(O)cc1
(=O)O.CC(C)[C@H]4C%19=O.C%17(=O)[C@@H](N)C(C)C.[C@H]8(C%18)C%21=O.N1%21CCC[C@H]1%17.[C@H]%12(CS)C3=O.C2(=O)[C@@H]5C.C%23%15=O.C3%17=O.N24.N%135.N%206.N%227.N%238.N%269.N%27%11.N3%14	INVALID
.C2(=O)[C@@H]%13CC%16.C2(=O)[C@@H](N)CCN.C%25(=O.N%139.N%120.N%15C.N%197.S%18C.N2	INVALID
C%20(=O)[C@@H]%11CCC(=O)O.CC(C)C[C@H]5C3=O.C%13(=O)[C@@H]%10CC(C)C.C%26(=O)[C@@H](N)C(C)C.C%21(=O)[C@@H]5C(C)C.C%19(=O)[C@@H]7C%16.C%20(=O)[C@@H]9C%18.c1%18ccccc1.N1%12CCC[C@H]1%14.C2(=O)[C@@H]6C.c1%15c[nH]cn1.C%22(=O)[C@@H]8C.c1%16c[nH]cn1.C%24(=O)[C@@H]%13C.C%13C(=O)O.C%13%14=O.N25.N%136.N%196.N%208.N%219.N%22%10.N%23%11.N3%12	CC(C)C[C@@H](C(=O)NN1CCC[C@H]1C(=O)CC(=O)O)[C@H](C(=O)N[C@@H](Cc1ccccc1)C(=O)C(=O)[C@@H](N)CCC(=O)O)C(C)C.CC(C)C[C@H](NC(=O)[C@H](C)N)C(=O)[C@@H](C)C=O.CC(C)[C@H](N)C=O.C[C@H](N)C(N)=O.NC(=O)CCc1c[nH]cn1.c1c[nH]cn1
[C@H]8(CCC(N)=O)C%21=O.[C@H]9(CCCCN)C%22=O.[C@H]%11(CCC(N)=O)C%27=O.[C@H]%16(CCC(N)=O)C5=O.CC(C)[C@H]6C%20=O.C%19(=O)(N)[C@@H](C)C.[C@@H]%10(C%23=O)[C@@H](C)O.[C@@H]%17(C(=O)O)[C@@H](C)O.[C@H]%11(CO)C%25=O.N1%22CCC[C@H]1%18.[C@H]%15(CO)C3=O.C2(=O)[C@@H]7C.C%23%18=O.N26.N%137.N%198.N%209.N%21%10.N%23%11.N%24%12.N%25%14.N3%15.N4%16.N5%17	INVALID
C2(=O)[C@@H]8CCCCN.C%24(=O)[C@@H]%12CCC(N)=O.[C@H]%23(CCCCN)C(=O)O.C2(=O)[C@@H]7CC(C)C.C%13(=O)[C@@H]%10CCC%11.[C@H]%16(CC(=O)O)C%29=O.[C@H]%19(CCC%20)C5=O.[C@H]%20(CCC%21)C(=O)O.[C@H]C(C)%22)C%29=O.[C@H]%14(CC%25)C%31=O.[C@H]%16(CC%25)C3=O.[C@@H]%17(C%32=O)[C@@H](C)O.[C@@H]%15(C5=O)[C@@H](C)O.[C@@H]%18(C6=O)[C@@H](C)O.N1%26CCC[C@H]1%27.N%11C(=N)N.N%15C(=N)N.N%21C(=N)N.C2%27%26=O.N26.N%137.N%248.N%289.N%28%12.N%30%14.S%23C.N%30%15.N%31%16.N%32%17.S%25C.N3%18.N4%19.N5%20	INVALID
C2(=O)[C@@H]8CCCCN.[C@H]9(CCCCN)C%30=O.[C@H]9(CCCCN)C%31=O.[C@H]%14(CCCCN)C3=O.CC[C@H](C)[C@H]7C%24=O.[C@H]%15(CCC%16)C%29=O.[C@H]%19(CC(N)=O)C(=O)O.[C@@H]%10(C%29=O)[C@@H](C)O.[C@H]%10(CC%20)C%31=O.[C@H]%12(C%22)C%32=O.N1%28CCC[C@H]1%21.[C@H]%17(C%24)C5=O.c1%24ccccc1.[C@H]%18(C%25)C5=O.c1%25ccccc1.[C@H]%11(C)C%28=O.c1%22c[nH]cn1.N%16C(=N)N.C%29%21=O.N27.N%138.N%249.N%27%10.N%29%11.N%30%12.N%31%13.N%32%14.N3%16.N4%17.N5%18.N6%19	CC[C@@H](C(=O)C(=O)[C@H](CCCCN)[C@@H](CCCCN)C(=O)N[C@@H](Cc1c[nH]cn1)C(=O)N[C@@H](CCCCN)C(N)=O)[C@H](C(=O)C(=O)CCCCNC(=N)N)[C@@H](C)O.CC[C@H](C)[C@H](NC(=O)[C@H](CCCCN)NN)C(=O)C[C@H](N)C(=O)C(=O)[C@@H](N)Cc1ccccc1.C[C@@H]1NC(=O)[C@@H]2CCCN2C1=O.N.NC(=O)C[C@H](N)C(=O)O.Nc1ccccc1
C2(=O)[C@@H]%31CCCCN.C%35(=O)[C@@H]%34CCC(N)=O.C%74(=O)[C@@H]%38CCC(=O)O.C%79(=O)[C@@H]%39CCCCN.C7(=O)[C@@H]%50CCC(=O)O.[C@H]%65(CCC(=O)O)C%28=O.CC[C@H](C)[C@H]%30C%16=O.CC%76(=O)[C@@H]%41CC(N)=O.C5(=O)[C@@H]%42CCC%43.C6(=O)[C@@H]%47[C@@H](C)CC.C%10(=O)[C@@H]%48[C@@H](C)CC.[C@H]%56(CCC%58)C%21=O.[C@H]%58(CCC%59)C%22=O.[C@H]%61(CC(N)=O)C%23=O.C%13(=O)[C@@H]%32[C@@H](C)O.C%77(=O)[C@@H]%40[C@@H](C)O.C7(=O)[C@@H]%44C(C)C.c1%73ccc(O)cc1.C%15(=O)[C@@H](N)CC%67.[C@H]%60(CC%69%69)C%19=O.[C@@H]%66(C(=O)O)C(C)C.C%12(=O)[C@@H]%52C%73.[C@H]%52(C%72)C%17=O.N1%19CCC[C@H]1%70.N1%28CCC[C@H]1%71.C%24(=O)[C@@H]%33C.C%46(=O)[C@@H]%36C.C%57(=O)[C@@H]%37C.C3(=O)[C@@H]%40C.c1%72c[nH]cn1.C8(=O)[C@@H]%49C.C%11(=O)[C@@H]%53C.C%14(=O)[C@@H]%51C.C%14(=O)[C@@H]%54C.[C@H]%61(C)C%26=O.N%43C(=N)N.N%59C(=N)N.C%63C%25=O.C%64C%27=O.C%20%70=O.C%29%71=O.N2%30.N%13%31.N%24%32.N%35%33.N%46%34.N%57%36.N%68%37.N%75%38.N%77%39.N3%40.N4%41.N5%44.N6%45.N7%47.N8%48.N9%49.N%10%50.N%11%51.N%12%52.N%14%53.N%15%54.S%67C.N%16%55.N%17%56.N%18%60.S%69C.N%20%61.N%22%62.N%23%63.N%25%64.N%27%65.N%29%66	INVALID
c1%43c[nH]c2ccccc12.c1%44c[nH]c2ccccc12.CC[C@H](C)[C@H]%15C%49=O.C3(=O)[C@@H]%16CC(C)C.C%25(=O)[C@@H]%18CCC%19.C%47(=O)[C@@H]%22CC(=O)O.[C@H]%23(CC(N)=O)C%49=O.[C@H]%24(CCC%26)C%50=O.[C@H]%29(CC(C)C)C6=O.[C@H]%30(CC(C)C)C7=O.[C@H]%32(CC(=O)O)C9=O.[C@H]%35(CCC%37)C%13=O.C%36(=O)[C@@H]%21C(C)C.C%48(=O)[C@@H](N)CC%40.C%14(=O)[C@@H]%17C%42.C%45(=O)[C@@H]%20CCO.[C@H]%27(CC%41)C5=O.[C@H]%28(C%43)C5=O.[C@H]%28(CO)C%11=O.[C@H]%29(C%44)C%13=O.[C@H]%32(CS)C%12=O.[C@H]%39(CO)C(=O)O.[C@H]%31(C)C%10=O.c1%42c[nH]cn1.[C@H]%34(C)C%15=O.N%19C(=N)N.N%26C(=N)N.N%37C(=N)N.CC%38C4=O.N3%15.N%14%15.N%25%16.N%36%17.N%45%18.N%46%20.N%48%21.S%40C.N%49%22.N%50%23.N4%24.N5%27.N6%28.N7%29.N8%30.N9%31.N%10%32.N%11%33.N%12%35.N%13%35.N%15%39	CC(C)C[C@@H](C(N)=O)[C@@H](Cc1c[nH]c2ccccc12)C(=O)C(=O)[C@H](CCCNC(=N)N)NC(=O)[C@H](CS)[C@@H](CC(=O)O)C(=O)N[C@@H](C)C(N)=O.CC(C)C[C@H](N)C(N)=O.CCC(=O)N[C@@H](CCCNC(=N)N)C(=O)N[C@@H](CC(N)=O)C(=O)C(=O)[C@@H](C(=O)CC)[C@@H](C)CC.CC[C@H](N)C(=O)C(=O)[C@H](Cc1c[nH]c2ccccc12)[C@@H](CO)C(N)=O.CSCC[C@H](N)C(=O)N[C@H](C(=O)N[C@@H](Cc1c[nH]cn1)C(=O)NNC(=O)[C@H](CC(C)C)NC(=O)[C@H](CCCNC(=N)N)NC(=O)[C@@H](N)CCO)C(C)C.N.N[C@@H](CO)C(=O)O.N[C@H](C=O)CC(=O)O
c1%89c[nH]c2ccccc12.c1%90c[nH]c2ccccc12.C%18(=O)[C@@H]%62CCCCN.C%21(=O)[C@@H]%63CCC(N)=O.C%26(=O)[C@@H]%70CCCCN.c1%95c[nH]c2ccccc12.[C@H]%76(CCCCN)C%32=O.[C@H]%78(CCCCN)C%34=O.[C@H]%81(CCCCN)C%37=O.C%25(=O)[C@@H]%40CCC%41.C%47(=O)[C@@H]%43CC(NO)O.C4(=O)[C@@H]%49CC(C)C.C8(=O)[C@@H]%53CC(C)C.C%15(=O)[C@@H]%57CC(C)C.C%19(=O)[C@@H]%60CC(C)C.C%22(=O)[C@@H]%65CCC%66.C%24(=O)[C@@H]%67CCC%68.C%28(=O)[C@@H](N)CC(=O)O.C%82CC[C@H]%38C(=O)O.C%58(=O)[C@@H]%44CC%83.C%69(=O)[C@@H]%45[C@@H](C)O.C6(=O)[C@@H]%51C(C)C.c1%94ccc(O)cc1.C%17(=O)[C@@H]%60CC%84.C%27(=O)[C@@H]%71[C@@H](C)O.c1%96ccc(O)cc1.[C@@H]1%85CCCN1%14.C%80(=O)[C@@H]%46C%100.C%91(=O)[C@@H]%48C%89.C5(=O)[C@@H]%50C%90.C9(=O)[C@@H]%52C%92.c1%92ccccc1.[C@@H]1%86CCCN1%11.C%11(=O)[C@@H]%54CO.[C@@H]1%87CCCN1%12.C%12(=O)[C@@H]%55CO.C%13(=O)[C@@H]%56C%93.c1%93ccccc1.C%21(=O)[C@@H]%64C%94.[C@@H]1%88CCCN1%24.[C@H]%73(C%95)C%31=O.[C@H]%78(C%96)C%34=O.C%36(=O)C%38.C%14(=O)C%39.N%41C(=N)N.C%16(=O)C%59.N%66C(=N)N.N%68C(=N)N.C%75C%33=O.C%79C%35=O.C3%85=O.C%10%86=O.C%11%87=O.C%23%88=O.CS%82.N3%38.N%14%39.N%36%40.N%47%42.N%58%43.S%83C.N%69%44.N%80%45.N%91%46.N4%48.N5%49.N6%50.N7%51.N8%52.N9%53.N%10%54.N%13%55.N%15%56.N%16%57.N%17%59.S%84C.N%18%60.N%19%61.N%20%62.N%21%63.N%22%64.N%23%65.N%26%67.N%27%70.N%28%71.S%85C.N%29%73.N%30%74.N%31%75.N%32%76.N%33%77.N%34%78.N%35%79.N%37%81.N%38%82	CC(C)C[C@@H]1NC(=O)[C@H](Cc2ccccc2)NC1=O.CS.CSCCC[C@H](CC(=O)N[C@H](C=O)CCCNC(=N)N)C(=O)O.CSCC[C@@H](C(=O)NCC(=O)N[C@@H](CC(C)C)C(=O)N[C@@H](Cc1ccccc1)C(=O)N[C@@H](CO)C(=O)N1CCC[C@H]1C=O)[C@@H](CC(C)C)C(N)=O.CSCC[C@H](NC(=O)[C@@H](NC(=O)[C@H](CC(=O)[C@@H]1CCCN1C(=O)[C@@H](N)CO)NC(=O)[C@H](Cc1c[nH]c2ccccc12)NC(=O)[C@H](CC(C)C)NC(=O)[C@H](Cc1c[nH]c2ccccc12)NC(=O)[C@@H](N)C(C)C)[C@@H](C)O)C(=O)N[C@@H](CC(O)NO)C(N)=O.C[C@@H](O)[C@H](NC(=O)[C@@H](N)CC(=O)O)C(=O)N[C@@H](CCCCN)C(=O)N[C@@H](CCCNC(=N)N)C(=O)N1CCC[C@H]1C(=O)N[C@@H](CCCNC(=N)N)C(=O)N[C@@H](Cc1ccc(O)cc1)C(=O)C(=O)[C@@H](N)CCC(N)=O.N.N.NC(=O)CNC(=O)[C@@H](N)Cc1c[nH]c2ccccc12.NCC(=O)N1CCC[C@H]1C(=O)NN.NCCCC[C@@H]1NC1=O.NCCCC[C@@H]1NC1=O.NCCCC[C@H](N)C(N)=O.NCCCC[C@H]1C(=O)C(=O)[C@@H]1Cc1ccc(O)cc1.O=C1CN1
[C@H]%11(CCCCN)C%22=O.[C@H]%15(CCCCN)C3=O.CC[C@H](C)[C@H]4C%20=O.C%13(=O)[C@@H]6CCC7.C%19(=O)[C@@H](N)CC(C)C.[C@H]%12(CCC%14)C%25=O.[C@@H]%13(C%21=O)C(C)C.C2(=O)[C@@H]5CO.[C@H]8(CO)C%23=O.[C@H]9(CO)C%23=O.N1%31CCC[C@H]1%17.N%10C(=N)N.C%16C(=O)O.C%19%17=O.N24.N%125.N%165.N%206.N%217.N%219.N%22%10.N%23%11.N%25%14.N2%15.N3%16	CC(C)C[C@H](N)C(=O)C(=O)[C@@H]1CCCN1.CC[C@H](C)[C@H](NC(=O)[C@H](CO)N[C@H]1CCCNC1=O)C(=O)N[C@H]1CCCNC(=O)[C@H](C(C)C)C1=O.N=C(N)NNC(=O)[C@@H](N)CCCCN.NCC(=O)O.NCCCC[C@H](N)C(N)=O.N[C@@H](CO)C(=O)C(=O)CCO
C%46(=O)[C@@H]%25CCCCN.[C@H]%33(CCCCN)C3=O.[C@H]%34(CCCCN)C%10=O.[C@H]%45(CCC(=))O)C(=O)O.CC[C@H](C)[C@H]%18C%53=O.[C@H]%27(CCC%28)C%54=O.[C@H]%31(CC(=O)O)C5=O.[C@H]%33(CC(C)C)C8=O.[C@H]%39(CCC%40)C%14=O.[C@H]%41(CC(C)C)C%15=O.[C@H]%42(CC(C)C)C%17=O.[C@H]%43(CC(N)=O)C%19=O.C%52(=O)[C@@H](N)C(C)C.[C@H]%38(CC%47)C%12=O.c1%50ccc(O)cc1.[C@@H]%38(C%16=O)C(C)C.c1%51ccc(O)cc1.C2(=O)[C@@H]%19C%49.c1%49ccccc1.C%13(=O)[C@@H]%20CO.C%24(=O)[C@@H]%21CO.C%46(=O)[C@@H]%23CO.[C@H]%30(C%50)C4=O.[C@H]%44(C%51)C%15=O.[C@H]%36(C)C9=O.C%23C%54=O.N%28C(=N)N.N%40C(=N)N.C%44(=O)C%32.C%37C%12=O.N2%18.N%13%19.N%24%20.N%35%21.N%46%22.N%49%23.N%53%25.N%54%27.N%55%29.N4%30.N5%31.N6%32.N7%33.N8%34.N9%36.N%10%37.N%11%38.S%47C.N%12%39.N%14%41.N%15%42.N%16%43.N%17%45	INVALID
NC%21(=O)[C@@H]%12CC(N)=O.[C@H]%17(CCCCN)C(=O)O.C3C[C@H]6C4=O.C%25(=O)[C@@H](N)CC(C)C.[C@H]%18(CC(=O)O)[C@@H](C)O.C%23(=O)[C@@H](N)[C@@H](C)O.N9C(=N)N.C%24(=O)C%14.C2(=O)C%16.N27.N%138.N%21%10.N%22%11.N%23%12.N%25%14.N3%15.N4%16.N5%17%18	INVALID
c1%49c[nH]c2ccccc12.C%51(=O)[C@@H]%29CC(N)=O.CC[C@H](C)[C@H]%18C9=O.C3(=O)[C@@H]%19CC(=O)O.C%47(=O)[C@@H]%23CC(=O)O.C%52(=O)[C@@H]%28CCC(N)=O.[C@H]%35(CC(=O)O)C%11=O.[C@H]%40(CC(=O)O)C%17=O.[C@H]%42(CC(C)C)C(=O)O.C%25(=O)[C@@H]%21C(C)C.C4(=O)[C@@H]%28C(C)C.c1%50ccc(O)cc1.C%14(=O)[C@@H]%20CO.C%36(=O)[C@@H]%27C%45.c1%45cccccc1.C5(=O)[C@@H]%30C%43.C8(=O)[C@@H](N)C%46.c1%46ccccc1.C%53(=O)[C@@H]%26C%44.C7(=O)[C@@H]%32C%48.c1%48ccccc1.[C@H]%33(CO)C%10=O.[C@H]%34(C%49)C%13=O.[C@H]%37(C%49)C%13=O.[C@H]%38(C%50)C%16=O.[C@H]%39(CS)C%17=O.c1%44c[nH]cn1.C%36(=O)C%22.C%41C%15=O.N3%18.N%14%19.N%25%20.N%36%21.N%47%22.N%51%23.N%52%24.N%53%26.N%53%27.N4%28.N5%29.N6%30.N7%31.N8%32.N9%33.N%10%34.N%11%35.N%12%37.N%13%39.N%15%40.N%16%41.N%17%42	INVALID
[C@H]%23(CCC(N)=O)C%45=O.CC[C@H](C)[C@H]%12C%41=O.C2(=O)[C@@H]%14CCC%15.C%24(=O)[C@@H]%17CCC%18.C%35(=O)[C@@H]%19CC(N)=O.[C@H]%32(CCC%33)C%11=O.[C@H]%36(CC(=O)O)C(=O)O.[C@@H]%20(C%41=O)[C@@H](C)O.[C@@H]%21(C%42=O)[C@@H](C)O.[C@@H]%22(C%43=O)[C@@H](C)O.[C@@H]%25(C4=O)[C@@H](C)O.[C@@H]%28(C%10=O)[C@@H](C)O.[C@@H]%34((=O)O)C(C)C.[C@H]%27(C%38)C7=O.C%13(=O)[C@@H]%16C.c1%38c[nH]cn1.[C@H]%30(C%39)C8=O.c1%39ccccc1.[C@H]%26(C)C5=O.[C@H]%27(C)C9=O.N%15C(=N)N.C%29C7=O.N%33C(=N)N.N2%12.N%13%14.N%24%16.N%35%17.N%37%19.N%40%20.N%41%21.N%42%22.N%42%23.N3%25.N4%26.N5%27.N6%28.N7%29.N8%30.N9%31.N%10%32.N%11%36	INVALID
C(=O)O)C%27=O.[C@H]9(CC(N)=O)C%16=O.[C@H]%10(CC(C)C)C%21=O.[C@H]%10(CC(N)=O)C%25=O.[C@H]%11(CC(C)C)C%26=O.[C@H]%13(CC(N)=O)C3=O.C%18C[C@H](N)C2=O.c1%20ccc(O)cc1.[C@@H]%17(C(=O)O)[C@@H](C)O.N1%13CCC[C@H]1%19.[C@H]%12(C%20)C%16=O.[C@H]7(C)C%23=O.[C@H]%14(C)C3=O.[C@H]%16(C)C5=O.C8C6=O.C5%19=O.N17.N%138.N%219.N%23%10.N%24%11.N%25%14.N%26%15.N5%16.N6%17	INVALID
C%13(=O)[C@@H]8CCCCN.[C@H]%13(CCCCN)C3=O.CC[C@H](C)[C@H]7C%26=O.[C@@H]9(C%28=O)[C@@H](C)CC.[C@H]%16(CC(C)C)C%29=O.[C@H]%16(CC(C)C)C5=O.[C@H]%19(CCC%20)C(=O)O.C%24(=O)[C@@H](N)[C@@H](C)O.[C@H]%10(CC%22)C%27=O.[C@@H]%11(C%28=O)[C@@H](C)O.[C@H]%14(CO)C%29=O.[C@H]%18(C%25)C6=O.c1%25c[nH]cn1.N%20C(=N)N.C2%23=O.N27.N%138.N%249.N%269.N%26%10.S%22C.N%27%11.N%28%14.N%29%15.N3%16.N4%17.N5%18.N6%19	CC(C)C[C@@H](C(=O)N[C@@H](Cc1c[nH]cn1)C(=O)N[C@@H](CCCNC(=N)N)C(=O)O)[C@@H](CC(C)C)C(=O)C(=O)[C@@H](N)CO.CC[C@H](C)[C@H](NC(=O)[C@@H](N)[C@@H](C)O)C(=O)C(=O)[C@@H](NC(=O)[C@@H](N)CCSC)[C@@H](C)O.CC[C@H](C)[C@H](NC=O)C(N)=O.N.N.NCCCC[C@@H](C(N)=O)C(=O)[C@@H](N)CCCCN
C%19(=O)[C@@H]9CCC(=O)O.CC[C@H](C)[C@H]4C%21=O.[C@H]%10(CC(C)C)C%25=O.[C@H]%15(CCC%16)C(=O)O.C%20(=O)[C@@H](N)C(C)C%23=O.C%13(=O)C5.C%11C%27=O.C%12C3=O.N%16C(=N)N.N24.N%135.N%166.S%17C.N%187.N%198.N%20%10.N%21%11.N%22%12.N3%14.N3%15	CC(C)C[C@@H](C=O)NC(=O)[C@@H](N)C(C)C=O.CC[C@H](C)[C@H](N)C(=O)NCC=O.CS.N.N.N=C(N)NCCC[C@H](N)C(=O)O.NC(=O)CCCC(=O)O.NCC(N)=O.O=C1CN1
[C@H]%18(CCC(N)=O)C%13=O.[C@H]%23(CCC(=O)O)C%42=O.[C@H]%29(CCC(=O)O)C9=O.[C@H]%32(CCCCN)C%15=O.CC(C)[C@H](N)C2=O.[C@H]%17(CC(C)C)C%24=O.[C@H]%20(CC(C)C)C%42=O.[C@H]%21(CC(C)C)C%51=O.[C@H]%31(CC(C)C)C%11=O.[C@H]%33(CC(N)=O)C%14=O.[C@@H]%19(C%40=O)[C@@H](C)O.[C@@H]%25(C%41=O)[C@@H](C)O.[C@@H]%27(C3=O)[C@@H](C)O.[C@@H]%28(C5=O)C(C)C.c1%38ccc(O)cc1.[C@@H]%30(C%10=O)[C@@H](C)O.[C@H]%34(C%38)C8=O.N1%15CCC[C@H]1%37.[C@H]%22(C)C4=O.c1%38cc[nH]cn1.[C@H]%36(C)C%12=O.C%26C4=O.C%38C%15=O.C%37(=O)O.N2%16.N%13%17.N%24%18.N%35%19.N%39%20.N%40%21.N%40%22.N%41%23.N%42%25.N4%26.N6%27.N7%28.N8%29.N9%30.N%10%31.N%11%32.N%12%33.N%14%34.N%15%36	INVALID
C%24(=O)[C@@H]%22CCC(N)=O.CC[C@H](C)[C@H]%18C%57=O.C%13(=O)[C@@H]%20CCC%21.C%35(=O)[C@@H]%23CC(N)=O.C%46(=O)[C@@H]%27CC(C)C.[C@H]%28(CC(=O)O)C5=O.[C@H]%34(CC(=O)O)C%12=O.[C@H]%39(CC(C)C)C%14=O.[C@H]%40(CC(N)=O)C%17=O.[C@H]%43(CC(N)=O)C%20=O.C%54(=O)[C@@H]%26CC%45.C%53(=O)[C@@H]%26[C@@H](C)O.C%54(=O)[C@@H]%28CC%47.C%56(=O)[C@@H](N)CC%48.C2(=O)[C@@H]%19CO.[C@H]%31(C%49)C6=O.[C@H]%32(C%50)C7=O.c1%50ccccc1.[C@H]%36(CO)C9=O.[C@H]%37(CS)C%11=O.[C@H]%41(C%51)C%14=O.c1%51ccccc1.[C@H]%42(C%52)C%16=O.c1%52ccccc1.[C@H]%44(CO)C(=O)O.[C@H]%29(C)C4=O.c1%49c[nH]cn1.[C@H]%38(C)C%10=O.N%21C(=N)N.C%30C5=O.N%34C(=N)N.C%43C%19=O.N2%18.N%13%19.N%24%20.N%35%23.N%46%25.N%54%26.S%45C.N%55%27.S%48C.N%56%28.N%57%29.S%47C.N3%30.N4%31.N5%32.N6%33.N7%34.N8%36.N9%37.N%10%38.N%11%39.N%12%40.N%14%41.N%15%42.N%16%43.N%17%44	CC(C)C[C@H](N)C(N)=O.CC(C)C[C@H](NC(=O)[C@H](CS)NC(=O)[C@@H](N)CO)C(=O)C(=O)[C@@H](N)Cc1ccccc1.CC[C@H](C)[C@H](NC(=O)[C@H](CO)C(=O)C[C@@H](CC(N)=O)C(=O)[C@@H](CCCNC(=N)N)C(N)=O)C(=O)N[C@@H](C)C(=O)N[C@@H](Cc1c[nH]cn1)C(N)=O.CSCC[C@@H](C(=O)C(=O)[C@H](CCSC)[C@@H](CC(=O)O)C(=O)C(=O)CN)[C@H](C=O)[C@@H](C)O.CSCC[C@H](N)C(N)=O.C[C@@H]1NC1=O.N.N=C(N)N[C@@H](CC(=O)O)C(=O)N[C@@H](CC(N)=O)C(=O)N[C@@H](CO)C(=O)O.NC(=O)CCCC(N)=O.NC(=O)C[C@@H]1NC1=O.NC(=O)[C@@H](N)Cc1ccccc1.NC(=O)[C@@H](N)Cc1ccccc1
C%13(=O)[C@@H]%15CCCCN.C%31(=O)[C@@H]%16CCCCN.C%33(=O)[C@@H]%17CCCCN.C%35(=O)[C@@H]%18CCC(N)=O.c1%32c[nH]c2ccccc12.C%34(=O)[C@@H]%12CCC%13.C%25(=O)[C@@H]%20CC(C)C.CC=O)[C@H]%10C4=O.C%384(=O)[C@@H](N)CC%30.[C@@H]%21(C5=O)[C@@H](C)O.[C@H]%24(C%32)C8=O.NN%13C(=N)N.C3(=O)C%11.N%20C(=N)N.C%26C9=O.C%28C%10)O.CS%29.N3%11.N%14%13.N%25%15.N%33%16.N%34%17.N%34%18.N%35%19.N%36%21.S%31C.N4%22.N5%24.N6%26.N7%27.N9%28	INVALID
[C@H]%11(CC(=O)O)C%24=O.[C@H]%14(CC(N)=O)C(=O)O.C%15C[C@H]5C%22=O.C2(=O)[C@@H]6C(C)C.C%21(=O)[C@@H](N)CC%16.[C@@H]7(C%25=O)[C@@H](C)O.[C@@H]8(C%26=O)C(C)C.[C@@H]9(C%27=O)[C@@H](C)O.N1%22CCC[C@H]1%17.[C@H]%12(C%18)C3=O.c1%18ccccc1.C%20(=O)[C@@H]8C.C%23%17=O.CS%15.N25.N%136.N%197.N%208.N%219.S%16C.N%23%10.N%25%11.N3%12.N4%14	CC(C)[C@@H](C=O)[C@@H](C)C(N)=O.CSCC[C@H](N)C(=O)N[C@H](C=O)[C@@H](C)O.CSCC[C@H](NC(=O)[C@@H](N)C(C)C)C(=O)N1CCC[C@H]1C(N)=O.C[C@@H](O)[C@H](N)C(=O)N[C@H](C=O)CC(=O)O.NC(=O)C[C@H](N)C(=O)O.O=C1N[C@H]1Cc1ccccc1
[C@H]7(CC(N)=O)C%24=O.[C@H]9(CC(N)=O)C%27=O.CC(C)[C@H]5C%19=O.c1%18ccc(O)cc1.[C@@H]%12(C%23=O)C(C)C.[C@H]9(C%17)C%20=O.[C@H]%10(CS)C%22=O.[C@H]%15(CS)C(=O)O.[C@H]%11(C)C%21=O.[C@H]%13(C)C4=O.C2(=O)CN.C6C3=O.CS%16.N25.N%136.N%187.N%208.N%219.N%22%10.N%23%11.N%25%12.N3%14.N4%15	CC(C)[C@@H](C=O)NC(=O)CN.CC(C)[C@H](N)C(=O)N[C@@H](C)C(N)=O.CS.C[C@@H](C(N)=O)[C@H](C=O)CC(N)=O.C[C@H](NCC(N)=O)C(=O)N[C@@H](CS)C(=O)O.NC(=O)C[C@@H](C=O)Nc1ccc(O)cc1.O=C1N[C@H]1CS
c1%38c[nH]cc[nH]c2ccccc12.[C@H]%26(CCC(=O)O)C3=O.[C@H]%12(CCC%13)C%42=O.C%14(=O)[C@@H](N)CC(C)C.[C@H]%17(CCC%18)C%41=O.[C@H]%19(CCC%20)C%42=O.[C@H]%21(CC%23)C%42=O.[C@H]%24(CC(C)C)C%44=O.[C@H]%29(CC(N)=O)C%11=O.[C@H]%30(CC(C)C)C%12=O.[C@H]%32(CC(=O=O)C(=O)O.C%33C[C@H](N)C3=O.[C@@H]%15(C%39=O)C(C)C.[C@@H]%22(C4=O)C(C)C.N14CCC[C@H]1%35.[C@H]%28(C%38)C%10=O.[C@H]%30(C%37)C9=O.[C@H]%16(C)C%40=O.c1%37c[nH]cn1.[C@H]%27(C)C6=O.N%13C(=N)N.N%18C(=N)N.N%20C(=N)N.C%29C8=O.N%32C(=N)N.C5%35=O.CS%33.N3%11.N%14%12.N%25%15.N%39%16.N%40%17.N%41%19.N%42%21.N%43%22.N4%24.N6%27.N7%28.N8%29.N9%30.N%10%31	INVALID
C2(=O)[C@@H]8CCCCN.C%24(=O)[C@@H]9CCCCN.[C@H]%14(CCC(N)=O)C%32=O.[C@H]%17(CCC(N)=O)C5=O.[C@H]%19(CCC%20)C6=O.C%29(=O)[C@@H]9CC(C)C.C%30(=O)[C@@H](N)CC%20.[C@H]%10(CC%21)C%32=O.[C@H]%12(CC%22)C%33=O.c1%27ccc(O)cc1.[C@@H]%19(C(=O)O)[C@@H](C)O.[C@H]%14(C%23)C%34=O.c1%23ccccc1.[C@H]%16(C%25)C4=O.c1%25ccccc1.N%11C(=N)N.C%15C3=O.C%17C3=O.C%18C4=O.N%20C(=N)N.N27.N%158.N%299.N%30%10.S%20C.N%31%12.N%32%13.N%33%15.S%34C.N%36%16.N3%17.N4%18.N5%19	CC(C)C[C@@H](C(N)=O)[C@H](C=O)CCCCN.CC[C@H](N)C(N)=O.CC[C@H](NC(=O)[C@@H](N)CCCCC[C@@H](C=O)[C@H](C(=O)O)[C@@H](C)O)C(=O)C(=O)[C@H](CCC(N)=O)[C@@H](Cc1ccccc1)C(=O)SC.CSNC(=N)N.N.N.N=C(N)N.NCC(=O)C(=O)[C@@H](N)Cc1ccccc1.NCCCC[C@H](NCC(=O)C(=O)C[C@@H](CCC(N)=O)C(N)=O)C(N)=O.Oc1ccccc1
CNC2(=O)[C@@H](N)C(C)C.[C@H]5(CS)C%13=O.[C@H]%18(CO)C%17=O.[C@H]%101(CS)C%19=O.[C@H]88(CS)C%20=O.N1%22CCC[C@H]1%15.[C@H]%11(CS)C3=O.N%10C(=N)N.C%19%13=O.C%21%15=O.C%23%16=O.N24.N%135.N%176.N%187.N%208.N%219.N3%11	INVALID
[C@H]%30(CCCN)C(=O)O.CC[C@H](C)[C@H]%11C%10=O.C%24(=O)[C@@H]%14CC(N)=O.C%29(=O)[C@@H]%15[C@@H](C)CC.C%40(=O)[C@@H]%17CCC%18.C%41(=O)[C@@H]%19CC(C)C.C8(=O)[C@@H]%28CCC%29.c1%37ccc(O)cc1.C9(=O)[C@@H]%25[C@@H](C)O.C8(=O)[C@@H](N)CC%31.C2(=O)[C@@H]%12C%33.C%37(=O)[C@@H]%16C%37.C%42(=O)[C@@H]%22C%34.C4(=O)[C@@H]%23CO.[C@@H]1%23CCCN17.c1%33c[nH]cn1.c1%34c[nH]cn1.C%39(=O)[C@@H]%21C.C7(=O)[C@@H]%25C.N%18C(=N)N.C5(=O)C%27.N%29C(=N)N.C6%32=O.N2%11.N%13%12.N%24%15.N%36%15.N%40%16.N%41%17.N%42%19.N%43%20.N3%22.N4%23.N5%25.N6%26.N8%27.S%31C.N9%28.N%10%30	CC(C)C[C@H](NC(=O)[C@@H](N)Cc1c[nH]cn1)C(=O)N[C@@H](CCCNC(=N)N)C(=O)N[C@@H](C)C(=O)c1ccc(O)cc1.CCC=O.CC[C@H](C)[C@H](NC(=O)CCC(N)=O)C(=O)CCC[C@H](NC(=O)[C@H]([C@@H](C)O)[C@@H](C)C(=O)N1CCC[C@H]1[C@@H](CO)C(N)=O)C(=O)C(=O)[C@@H](N)CCSC.CC[C@H](C)[C@H](NC(=O)[C@@H](N)Cc1c[nH]cn1)C(=O)N[C@@H](CCCN)C(=O)O.N.N.N=C(N)N.NC=O.NCC(N)=O
[C@H]%24(CCCCN)C%58=O.[C@H]%31(CCC(=O)O)C6=O.c1%54c[nH]c2ccccc12.C%36(=O)[C@@H]%22CCC%23.[C@H]%38(CCC%39)C%16=O.C%48CC[C@H]%18C%58=O.C%25(=O)[C@@H]%20CC(=O)O.[C@H]%28(CCC%29)C5=O.[C@H]%32(CC(=O)O)C5=O.[C@H]%39(CCC%40)C%12=O.[C@H]%44(CCC%45)C%13=O.[C@H]%46(CC(N)=O)C(=O)O.C%47(=O)[C@@H]%27CC%49.[C@H]%37(CC%50)C%10=O.C%46(=O)[C@@H](N)CC%51.[C@@H]1%52CCCN1%14.[C@H]%30(CS)C%60=O.[C@H]%33(C%53)C7=O.[C@H]%34(CO)C8=O.[C@H]%42(C%54)C%13=O.[C@H]%43(CS)C%15=O.[C@H]%43(CS)C%19=O.C3(=O)[C@@H]%19C.C%14(=O)[C@@H]%21C.[C@H]%41(C)C%17=O.N%23C(=N)N.C%26C%60=O.N%29C(=N)N.N%39C(=N)N.N%40C(=N)N.C%40C%11=O.N%45C(=N)N.CS%48.N3%18.N%25%20.N%36%21.N%47%21.N%56%26.N%57%27.S%49C.N%58%28.N4%30.N5%31.N6%32.N7%33.N8%34.S%51C.N9%35.N%10%37.S%52C.N%11%38.N%12%41.N%13%42.N%15%43.N%16%44.N%17%46	CC(=O)N[C@@H](CCC[C@@H](CCCNC(=N)N)C(=O)N[C@@H](C)C(N)=O)C(=O)N[C@@H](CCCNC(=N)N)C(=O)C(=O)[C@@H](N)Cc1c[nH]c2ccccc12.CC[C@@H]1NC1=O.CSCCC[C@H](NC(=O)[C@H](C)C(=O)[C@H](CS)[C@@H](CS)C(N)=O)C(=O)C(=O)CCCCCN.CSCC[C@H](N)C(=O)[C@@H](CC(N)=O)C(=O)O.CSCC[C@H](N)C(N)=O.CS[C@@H]1CCCN1C(=O)[C@H](C)NC(=O)CCCCNC(=N)N.C[C@@H]1NC1=O.N.N=C(N)N.N=C(N)NCCC[C@H](N)C(=O)C(=O)[C@H](CC(=O)O)NC(=O)[C@@H](N)CCC(=O)O.NCC(=O)C(=O)[C@@H](N)CS.O=C(O)C[C@@H]1NC1=O.O=C1N[C@H]1CO
C%15(=O)[C@@H]%54CCC(N)=O.C%15(=O)[C@@H]%61CCC(N)=O.c1%14c[nH]c2ccccc12.C%19(=O)[C@@H]%65CCCC(N)=O.[C@H]%74(CCC(N)=O)C%39=O.CC[C@H](C)[C@H]%53C%25=O.C%18(=O)[C@@H]%66CC(C)C.[C@H]%75(CC(C)C)C%34=O.[C@H]%82(CCC%76)C%45=O.C%81(=O)[C@@H]%56CC%106.C4(=O)[C@@H]%60C(C)C.C%17(=O)[C@@H]%63CC%85.C%23(=O)[C@@H](N)CC%86.[C@H]%68(CC%98)C%32=O.c1%101ccc(O)cc1.[C@@H]%79(C%44=O)[C@@H](C)O.[C@@H]1%100CCCN1%26.[C@@H]1%111CCCN1%48.[C@@H]1%82CCCN1%59.[C@@H]1%115CCCN1%70.[C@@H]1%116CCCN17.[C@@H]1%85CCCN18.[C@@H]1%86CCCN1%12.[C@@H]1%87CCCN1%18.[C@@H]1%88CCCN1%21.[C@@H]1%89CCCN1%22.[C@@H]1%90CCCN1%25.N1%25CCC[C@H]1%91.[C@H]%69(C5)C%30=O.N1%30CCC[C@H]1%93.N1%36CCC[C@H]1%94.N1%39CCC[C@H]1%95.N1%40CCC[C@H]1%96.[C@H]%73(CO)C%43=O.N1%42CCC[C@H]1%97.[C@H]%80(CO)C%46=O.N1%46CCC[C@H]19.N1%47CCC[C@H]1%10.N1%50CCC[C@H]1%11.C%70(=O)[C@@H]%58C.C9(=O)[C@@H]%64C.c1%12c[nH]cn1.C%22(=O)[C@@H]%66C.C%29(=O)[C@@H]%67C.[C@H]%71(C)C%33=O.[C@H]%74(C)C%36=O.C%15(=O)C%57.C%76C%42=O.C%78C%45=O.C%79C%45=O.C%83C%52=O.C%26%89=O.C%48%101=O.C%59%112=O.C%594=O.C%92%83=O.C7%84=O.C%11%85=O.C%13%86=O.C%16%20%87=O.C%19%88=O.C%20%88=O.C%22%89=O.C%24%90=O.C%27%91=O.C%31%93=O.C%38%94=O.C%40%95=O.C%41%96=O.C%46%97=O.C%49%98=O.C%47%99=O.C%51%11=O.N3%53.N%15%55.S%107C.N%37%37%56.S%108C.N%81%58.N%92%60.N4%61.N9%62.S%87C.N%13%63.N%16%64.N%17%65.N%19%66.N%23%67.S%99C.N%24%68.N%28%69.N%29%71.N%30%72.S5C.N%31%73.N%32%75.N%33%76.N%34%77.N%35%78.N%38%79.N%41%80.N%43%82.N%44%82.N%49%84.N%51%85	INVALID
)C%22=O.[C@H]7(CC(C)C)C%23=O.[C@H]9(CC(C)C)C%27=O.[C@H]%10(CC(C)C)C3=O.[C@H]%16(CCC%17)C(=O)O.C%13(=O)[C@@H](N)C%18.[C@H]8(C)C%19=O.[C@H]%12(C)C%21=O.N6C(=N)N.N%17C(=N)N.N24.N1C.N%125.N%176.N%187.N%198.N%209.N%21%10.N%22%11.N%23%13.N%25%14.N3%16	INVALID
CC[C@H](C)[C@H]%73C%78=O.[C@H]%77(CC(C)C)C%28=O.[C@H]%82(CC(N)=O)C%31=O.[C@H]%85(CCC(N)=O)C%40=O.[C@H]%92(CCC(=O)O)C%61=O.[C@H]%75(CCC%76)C%14=O.[C@@H]1%104CCCN1%34.[C@@H]1%94CCCN1%45.[C@@H]1%106CCCN1%67.[C@@H]1%107CCCN1%78.[C@H]%79(CO)C%111=O.N1%14CCC[C@H]1%108.N1%19CCC[C@H]1%105.N1%21CCC[C@H]1%116.N1%23CCC[C@H]1%108.N1%25CCC[C@H]1%108.N1%28CCC[C@H]1%109.N1%28CCC[C@H]1%110.N1%32CCC[C@H]1%122.N1%33CCC[C@H]12.N1%35CCC[C@H]1%123.N1%36CCC[C@H]1%125.N1%38CCC[C@H]14.N1%40CCC[C@H]14.N1%41CCC[C@H]15.N1%42CCC[C@H]16.N1%43CCC[C@H]17.N1%47CCC[C@H]118.N1%49CCC[C@H]199.N1%50CCC[C@H]1%10.N1%52CCC[C@H]1%11.N1%53CCC[C@H]1%12.N1%55CCC[C@H]1%13.N1%58CCC[C@H]1%15.N1%61CCC[C@H]1%16.[C@H]%80(CO)C%64=O.N1%64CCC[C@H]1%17.[C@H]%84(CO)C%66=O.N1%68CCC[C@H]1%18.[C@H]%83(CO)C%46=O.[C@H]%84(CO)C%47=O.[C@H]%92(CO)C%58=O.[C@H]%96(C%97)C%63=O.c1%97ccccc1.[C@H]%98((CO)C%69=O.[C@H]%99(C%101)C%72=O.[C@H]%102(CO)C(=O)O.N1%69CCC[C@H]1%18.N1%70CCC[C@H]1%19.C%67(=O)[C@H](C)N.[C@@H]14CCCN1.[C@H]%81(C)C%32=O.[C@H]%85(C)C%43=O.C%78(=O)C%74.N%76C(=N)N.C%17%10%39=O.CC%34%106=O.C%45%107=O.C%100%113=O.C3%114=O.C%19%115=O.C%206=O.C%21%107=O.C%25%108=O.C%24%109=O.C%27%110=O.C%294=O.C%304=O.C%336=O.C%366=O.C%377=O.C%39%96=O.C%41%40%98=O.C%42%10=O.C%43%44%11=O.C%47%12=O.C%48%13=O.C%49%15=O.C%50%16=O.C%51%17=O.C%52%526=O.C%547=O.C%558=O.C%579=O.C%59%10=O.C%60%12=O.C%62%13=O.C%65%15=O.C%68%16=O.C%70%17=O.C%71%18=O.N2%73.N%56%74.N%78%75.N%89%77.N3%79.N%12%80.N%27%81.N%30%82.N%31%83.N%59%84.N%60%85.N%62%86.N%63%87.N%65%88.S%104C.N%71%90%91.N%722%92	INVALID
C2(=O)[C@@H](N)CCCCN.[C@H]%11(CC(=O)O)C%28=O.[C@H]%20(CCC(=O)O)C%29=O.C%27[C@H]%10C%12=O.[C@@H]%12(C%24=O)C(C)C.[C@@H]%14(C%33=O)C(C)C.[C@@H]%16(C2=O)C(C)C.[C@@H]%18(C%35=O)C(C)C.[C@@H]%19(C3=O)C(C)C.[C@@H]%21(C5=O)C(C)C.[C@@H]%22(C7=O)C(C)C.[C@@H]%23(C9=O)C(C)C.c1%31ccc(O)cc1.N1%35CCC[C@H]1%28.N15CCC[C@H]1%29.[C@H]%15(C)C%34=O.[C@H]%17(C)C%36=O.N%15C(=N)N.C%20C8=O.C%26C(=O)O.C6%28=O.CS%27.N2%10.N%13%11.N%24%12.N%32%14.N%33%15.N%34%16.N%36%17.N%37%18.N3%19.N4%20.N6%21.N7%22.N8%24.N9%26	CC(C)CC(=O)NCC(=O)O.CC(C)[C@@H]1NC1=O.CC(C)[C@@H]1NC1=O.CC(C)[C@H](N)C(=O)N1CCC[C@H]1C(=O)[C@@H](N)CC(=O)O.CC(C)[C@H](N)C(N)=O.CC(C)[C@H](NC(=O)[C@H](C)NC(=N)N)C(=O)C(=O)[C@@H](N)CCCCN.CC(C)[C@H](NC=O)C(=O)N1CCC[C@H]1C(=O)[C@H](CCC(=O)O)CC(N)=O.CSC[C@H](N)C(=O)[C@H](C(N)=O)C(C)C.C[C@@H]1NC1=O.N.Oc1ccccc1
C%19(=O)[C@@H]5CCCCN.C(C)[C@H]4C3=O.C%13(=O)[C@@H]6CC(C)C.C%20(=O)[C@@H]9CC%15.c1%17ccc(O)cc1.C%23(=O)[C@@H]%10C(C)C.C%24(=O)[C@@H]%11C(C)C.[C@H]%14(CO)C(=O)O.C%19(=O)C7.C%21(=O)C8.C%22%18=O.CS%15.N24.N%135.N%196.N%207.N%218.N%169.S%22C.N%23%10.N%25%11.N2%12.N3%14	CC(C)[C@@H]1NC1=O.CC(C)[C@H](N)C=O.CC[C@H](NN)C(=O)N[C@@H](CO)C(=O)O.CSC=O.CSCC[C@H](N)C(=O)NCC(=O)C(=O)[C@H](CCCCN)NC(=O)[C@@H](N)CC(C)C.O=C1CN1.Oc1ccccc1
[C@H]%30(CCCCN)C4=O.[C@H]%48(CCC(=O)O)C(=O)O.[C@H]%19(CC(=O)O)C%24=O.[C@H]%21(CC(C)C)C%35=O.[C@H]%21(CC(C)C)C%45=O.[C@H]%25(CCC%26)C%52=O.[C@H]%28(CC(=O)O)C%53=O.[C@H]%29(CCC%30)C3=O.[C@H]%32(CCC%33)C5=O.[C@H]%34(CC(C)C)C7=O.[C@H]%38(CC(C)C)C%12=O.[C@H]%41(CC(C)C)C%14=O.[C@H]%42(CCC%43)C%15=O.[C@H]%47(CC(C)C)C%17=O.C%48C[C@H](N)C2=O.[C@@H]%21(C%45=O)[C@@H](C)O.[C@@H]%31(C6=O)C(C)O.[C@@H]%36(C%12=O)[C@@H](C)O.[C@@H]%37(CC%16=O)[C@@H](C)C.[C@H]%23(CO)C%52=O.[C@H]%45(CO)C%18=O.N1%50CCCN1.N%26C(=N)N.C%37C9=O.C%39C%10=O.N%40C(=N)N.N%43C(=N)N.C2%49=O.CS%49.N2%19.N%13%20.N%24%21.N%35%23.N%45%25.N%50%27.N%51%28.N%52%29.N%53%31.N3%32.N5%34.N6%36.N7%37.N8%38.N9%39.N%10%40.N%11%41.N%12%42.N%14%44.N%15%45.N%16%47.N%17%48	CC(C)C[C@@H](C(=O)N[C@@H](CO)C(=O)C(=O)[C@H](CCCNC(=N)N)N[C@H](C=O)CO)[C@@H](CC(C)C)C(=O)C(=O)[C@@H](NC(=O)[C@@H](N)CC(=O)O)[C@@H](C)O.CC(C)C[C@H](N)C(=O)C(=O)[C@@H](NC(=O)[C@@H](NC(=O)[C@@H](N)CC(=O)O)C(C)O)[C@@H](C)O.CC(C)C[C@H](N)C(N)=O.CC(C)C[C@H](NC(=O)C[C@@H](CC(=O)NCC(=O)NNC(=N)N)C(C)C)C(N)=O.CCC[C@H](NC(=O)[C@@H](N)CCC[C@H](C=O)CCCCN)C(=O)N[C@@H](CC(C)C)C(N)=O.CSC(=O)C(=O)[C@@H](N)CC[C@@H](CCC(=O)O)C(=O)O.N.N=C(N)NCCC[C@H](N)C(N)=O.NN1CCCN1
C2(=O)[C@@H]%18CCCCN.[C@H]%20(CCC(N)=O)C%43=O.[C@H]%33(CCC(N)=O)C%14=O.CC[C@H](C)[C@H]%17C%24=O.[C@H]%21(CC(N)=O)C%45=O.[C@H]%21(CC(C)C)C%46=O.[C@H]%27(CC(N)=O)C4=O.[C@H]%28(CC(=O)O)C6=O.[C@H]%30(CC(N)=O)C7=O.[C@H]%31(CC(N)=O)C9=O.[C@H]%34(CC(C)C)C%15=O.C%13(=O)[C@@H]%19C[C@@H](C)O.C%24(=O)[C@@H](N)CC%39.[C@H]%23(C%41)C%44=O.c1%41ccccc1.[C@H]%25(CO)C%45=O.[C@H]%26(C%42)C2=O.c1%42ccccc1.[C@H]%36(CO)C5=O.[C@H]%32(C)C%11=O.[C@@H]%37C%12=O)[C@@H](C)O.N2%17.N%13%18.S%39C.N%24%19.N%43%20.N%44%21.N%45%23.N%46%25.N%46%26.N%47%27.N3%28.N5%29.N6%30.N8%31.N9%32.N%10%33.N%11%34.N%12%36.N%14%37.N%16%38	INVALID
C3(=O)[C@@H]%13CCC(N)=O.c1%28c[nH]c2ccccc12.C%32(=O)[C@@H]%18CC(=O)O.c1%29c[nH]c2ccccc12.CC(C)C[C@H]9C%39=O.C5(=O)[C@@H]%23CCC%24.C%31(=O)[C@@H]%26CCC%27.C%33(=O)[C@@H]%29CCC%30.C%38(=O)[C@@H](N)CC(=O)O.[C@H]%20(CC(C)C)C7=O.[C@H]%21(CC(C)C)C8=O.C%25(=O)[C@@H]%12C(C)C.C%34(=O)[C@@H]%19CC%26.C%35(=O)[C@@H]%20[C@@H](C)O.C%13(=O)[C@@H]%17C%28.[C@@H]1%27CCCN1%32.[C@H]%24(CO)C(=O)O.[C@H]%22(C%29)C6=O.N%11C(=N)N.C%32(=O)C%16.N%27C(=N)N.N%30C(=N)N.C5%26=O.N39.N%14%10.N%25%12.N%31%13.N%33%16.N%34%17.N%34%18.S%26C.N%35%19.N4%20.N5%21.N6%22.N7%23.N8%24	CC(C)C[C@H](N)C(N)=O.CC(C)[C@@H]1NC1=O.CSC(=O)C(=O)[C@H](CCC[C@@H](CO)C(=O)O)NC(=O)[C@H](CC(C)C)[C@H](C(=O)N[C@@H](CC[C@@H](CCC[C@@H]1CCCN1C(=O)[C@@H](N)CC(=O)O)C(N)=O)C(=O)N[C@@H](Cc1c[nH]c2ccccc12)C(=O)[C@@H](CCC(N)=O)C(=O)N[C@H](C=O)CC(C)C)[C@@H](C)O.C[C@@H]1NC1=O.N.N.N=C(N)N.N=C(N)N.N=C(N)NCCC[C@@H](C(=O)NCC=O)c1c[nH]c2ccccc12.N[C@H](C=O)CC(=O)O
C%45(=O)[C@@H](N)CCCCN.[C@H]%27(CCC(=O)O)C4=O.[C@H]%29(CCC(=O)O)C6=O.[C@H]%40(CCCCN)C(=O)O.CC[C@H](C)[C@H]%17C%46=O.C%13(=O)[C@@H]%18CC(N)=O.C%44(=O)[C@@H]%21CCC%22.[C@@H]%26(C%47=O)[C@@H](C)CC.[C@H]%30(CC(=O)O)C6=O.[C@H]%38(CC(C)C)C%16=O.C%43(=O)[C@@H]%23C(C)C.C%45(=O)[C@@H]%25[C@@H](C)O.[C@@H]%34(C%12=O)C(C)C.C2(=O)[C@@H]%19CO.C%24(=O)[C@@H]%20C%42.c1%42cccccc1.[C@H]%28(CC%41)C5=O.[C@H]%33(C%42)C7=O.c1%42ccccc1.[C@H]%31(CO)C8=O.[C@H]%32(CO)C9=O.[C@H]%36(CO)C%14=O.N%22C(=N)N.C%38C%10=O.N2%17.N%13%18.N%24%19.N%34%20.N%45%21.N%45%23.N%46%25.N%47%26.N%47%26.N3%27.N4%28.N5%29.N6%30.N7%31.N8%32.N9%33.N%10%34.N%11%36.N%12%37.N%14%38.N%15%39.N%16%40	INVALID
[C@H]%11(CCCCN)C%24=O.[C@H]%15(CCCCN)C(=O)O.C3C[C@H]4C%20=O.[C@@H]6(C%21=O)[C@@H](C)CC.[C@H]7(CCC8)C%22=O.C%13(=O)[C@@H](N)CC%16.[C@@H]%10(C%24=O)C(C)O.c1%18ccc(O)cc1.[C@H]%12(C%19)C2=O.N8C(=N)N.CS%16.N24.N%135.S%17C.N%206.N%217.N%229.N%23%11.N%24%12.N%25%14.N3%15	CC(O)CC(=O)C(=O)[C@@H](N)CCCCN.CC[C@H](C)[C@H](NC(=O)[C@H](CCN[C@@H](CCCCN)C(=O)O)NC(=O)[C@H](C)N)C(=O)N[C@@H](CCCNC(=N)N)C(N)=O.CS.CSCC[C@H](N)C(N)=O.N.Oc1ccccc1
C2(=O)[C@@H]8CC(=O)O.C%24(=O)[C@@H]%11CCC%14.[C@H]%18(CC(=O)O)C6=O.[C@H]%25(CC(C)C)C6=O.C3(=O)[C@@H]6C%20.c1%22ccc(O)cc1.C%24(=O)[C@@H]%10C(C)C.C%22(=O)[C@@H]9C(C)C.C%25(=O)[C@@H]%12C(C)C.C%26(=O)[C@@H]%15CC%20.C%27(=O)[C@@H](N)CC%21.[C@@H]%16(C%29=O)C(C)C.[C@@H]%17(C4=O)C(C)C.[C@@H]%19(C5=O)C(C)C.N%14C(=N)N.N27.N%138.N%249.N%25%10.N%26%11.N%27%13.S%21C.N%28%15.N3%16.N4%17.N5%18.N6%19	CC(C)CC(=O)[C@@H](CC(C)C)C(=O)C(=O)[C@H](CC(=O)O)NC(=O)[C@@H](N[C@@H](CCC[C@H](N)C(=O)N[C@@H](CCCNC(=N)N)C(=O)C(=O)[C@@H](N)C(C)C)C(=O)N[C@H](C=O)C(C)C)C(C)C.CC(C)[C@@H]1NC1=O.CC(C)[C@H](N)C(=O)c1ccc(O)cc1.CSCC[C@H](N)C(=O)NN[C@@H](CC(=O)O)C(N)=O
C%46(=O)[C@@H]%26CCC(N)=O.C%48(=O)[C@@H]%27CCC(N)=O.C%49(=O)[C@@H]%29CCC(N)=O.C5(=O)[C@@H]%30CCC(N)=O.C%10(=O)[C@@H]%36CCC(N)=O.C%12(=O)[C@@H]%38CCC(N)=O.CC[C@H](C)[C@H]%18C%14=O.C2(=O)[C@@H]%19CC(C)C.C%13(=O)[C@@H]%20CCC%21.C%35(=O)[C@@H]%22CC(N)=O.C4(=O)[C@@H]%23CC(N)=O.C6(=O)[C@@H]%31CC(N)=O.C9(=O)[C@@H]%34CC(N)=O.C%11(=O)[C@@H]%32CC(C)C.C8(=O)[C@@H]%33CC%41.C%14(=O)[C@@H](N)CC%42.[C@@H]1%43CCCN1%50C3(=O)[C@@H]%28CO.C%42(=O)[C@@H]%28C.[C@H]%39(C)C%16=O.N%21C(=N)N.C%36C%15=O.C%40C(=O)O.N2%18.N%13%19.N%24%20.N%35%23.N%46%25.N%48%26.N%49%27.N%51%28.N4%29.N5%30.N6%31.N7%32.S%41C.N8%33.N%10%34.N%11%36.N%12%37.S%44C.N%14%38.N%15%39.N%17%40	INVALID
=O.C[C@@H](C)[C@H](N)C2=O.[C@@H]8(C%22=O)C(C)C.N1%19CCC[C@H]1%15.[C@H]6(CO)C%24=O.[C@H]%11(CO)C(=O)O.[C@H]8(C%16)C%14=O.c1%16ccccc1.[C@H]7(C)C%21=O.C%18%14=O.C%20%15=O.CS%12.N25.N%186.N%207.N%218.N%229.N%23%10.N3%11	INVALID
[C@H]%75(CCC(N)=O)C%22=O.[C@H]4(CCC(N)=O)C%56=O.CC[C@H](C)[C@H]%59C%16=O.C%46(=O)[C@@H]%63[C@@H](C)CC.[C@H]%74(CC(C)C)C%21=O.[C@H]%76(CC(N)=O)C%23=O.[C@H]%80(CC(=)=O)C%27=O.[C@H]%81(CC(C)C)C%28=O.[C@@H]%84(C%30=O)[C@@H](C)CC.[C@H]%85(CCCCN)C%31=O.[C@H]%91(CCC%91)C%36=O.[C@@H]%93(C%38=O)[C@@H](C)CC.[C@@H]%94(C%39=O)[C@@H](C)CC.[C@@H]%97(C%41=O)[C@@H](C)CC.[C@H]%110(CC(=O)O)C%53=O.CC[C@H](C)[C@H]%59C%16=O.C%68(=O)[C@@H]%65CC(C)C.C3(=O)[C@@H]%70CC(N)=O.[C@H]%82(CCC%83)C%29=O.[C@H]%92(CC(C)C)C%37=O.[C@H]%99(CCC0)C%45=O.[C@H]%106(CC(N)=O)C%49=O.[C@H]%109(CC(N)=O)C(=O)O.C%57(=O)[C@@H]%64CC7.C%90(=O)[C@@H]%67[C@@H](C)O.C%14(=O)[C@@H](N)CC8.[C@H]%71(CC9)C%18=O.[C@@H]%73(C%20=O)C(C)C.[C@@H]%77(C%25=O)C(C)C.[C@@H]%102(C%44=O)[C@@H](C)O.[C@H]%104(CC%10)C%47=O.[C@H]%62(C%12)C%79=O.[C@H]%66(CO)C%101=O.[C@H]%72(CO)C%19=O.[C@H]%78(CO)C%26=O.[C@H]%86(CO)C%32=O.[C@H]%88(C%15)C%34=O.c1%15ccccc1.[C@H]%96(CO)C%40=O.[C@H]%98(C%12)C%42=O.[C@H]%99(C%13)C%43=O.[C@H]%105(CO)C%48=O.[C@H]%107(CO)C%50=O.[C@H]%108(CO)C%51=O.N1%53CCC[C@H]1%11.[C@H]%111(CO)C%55=O.C2(=O)[C@@H]%60C.C%35(=O)[C@@H]%62C.[C@H]%87(C)C%34=O.c1%12c[nH]cn1.c1%13c[nH]cn1.[C@H]5(C)C%58=O.C%67CC2=O.C%80C%17=O.N%83C(=N)N.N%91C(=N)N.N%100C(=N)N.C6C%60=O.C%54%11=O.N2%59.N%24%60.N%35%61.N%46%62.N%57%63.S7C.N%68%64.N%79%65.N%90%66.N%101%67.N3%69.N%14%70.S8C.N%16%71.N%17%72.S9C.N%18%73.N%19%74.N%20%75.N%21%76.N%23%77.N%25%78.N%26%80.N%27%81.N%28%82.N%29%84.N%30%85.N%31%86.N%32%87.N%33%88.N%34%89.N%36%92.N%37%93.N%38%94.N%39%96.N%40%97.N%41%98.N%42%99.N%43%102.N%44%103.N%45%104.S%10C.N%47%105.N%48%106.N%49%107.N%50%108.N%51%109.N%52%110.N%54%111.N%554.N%565.N%586	INVALID
C%28(=O)[C@@H]%12CCC(=O)O.[C@H]%18(CCC(=O)O)C5=O.[C@H]%19(CCCCN)C5=O.CC[C@H](C)[C@H]8C%32=O.C2(=O)[C@@H]CCC%15.[C@H]%26(CCC%27)C%32=O.C%30(=O)[C@@H]%16CC(C)C.C%13(=O)[C@@H]9C(C)C.C%31(=O)[C@@H](N)[C@@H](C)O.[C@@H]1%22CCCN1%26.[C@H]%16(CO)C%31=O.[C@H]%16(C%23)C3=O.[C@H]%17(CO)C7=O.[C@H]%21(C%25)C(=O)O.[C@H]%20(C)C4=O.c1%23c[nH]cn1.c1%25c[nH]cn1.N%14C(=N)N.N%27C(=N)N.C%24%22=O.N28.N%139.N%28%10.N%29%11.N%30%12.N%31%14.N%32%16.N3%17.N4%17.N5%18.N6%19.N7%21	CC(C)C[C@@H](C(=O)N[C@@H](CCC(=O)O)C(N)=O)[C@@H](CO)C(=O)C(=O)[C@@H](N)[C@@H](C)O.CC(C)[C@@H]1NC1=O.CCC(N)=O.CCC[CH]C(=O)N[C@H](C(=O)C(=O)[C@H](CCCNC(=N)N)N1CCC[C@H]1C=O)[C@@H](C)CC.N.N=C(N)NN.NCCCC[C@H](N)C(=O)C(=O)[C@@H](N)CCC(=O)O.N[C@@H](Cc1c[nH]cn1)C(=O)N[C@@H](CO)C(=O)N[C@@H](Cc1c[nH]cn1)C(=O)O
C%36(=O)[C@@H]%17CCC(=O)O.C%37(=O)[C@@H]%20CCCC(N)=O.[C@H]%23(CCCCN)C7=O.CC[C@H](C)[C@H]9C3=O.C%13(=O)[C@@H]%12CC(C)C.C%35(=O)[C@@H]%25CCC%26.[C@H]%22(CCC%25)C8=O.[C@H]%20(CC%29)C5=O.[C@H]%21(CC%30)C5=O.C2(=O)[C@@H]%11CS.[C@@H]1%31CCCN1%35.C%37(=O)[C@@H]%15CS.C%38(=O)[C@@H]%18CO.C%39(=O)[C@@H]%19CO.C3(=O)[C@@H]%22C%32.c1%32ccccc1.[C@H]%23(C%33)C6=O.c1%33ccccc1.[C@H]%28(C)C(=O)O.c1%34c[nH]cn1.C%39(=O)[C@@H]%16C.N%25C(=N)N.N%26C(=N)N.C%24%31=O.N29.N%13%10.N%24%11.N%36%12.N%37%15.N%38%16.N%39%17.N%40%18.N3%19.S%29C.N4%20.S5C.N5%22.N6%23.N7%25.N8%27	CC(C)C[C@H](NC(=O)[C@@H](N)CCC(=O)O)C(N)=O.CCC(=O)O.CCCC(=O)C(=O)[C@H](CCSC)[C@@H](CCCC(N)=O)C(=O)C(=O)[C@@H](N)CS.CC[C@H](C)[C@@H]1NC(=O)[C@H](CS)NC(=O)[C@@H]2CCCN2C(=O)[C@H](CCCNC(=N)N)CCC[C@@H](C(N)=O)[C@@H](Cc2ccccc2)C(=O)C1=O.CSN.C[C@H](NC(=O)[C@@H](N)CO)C(=O)C(=O)[C@@H](N)CO.N.N=C(N)NNC(=O)[C@H](CCCCN)[C@@H](Cc1ccccc1)C(N)=O.c1c[nH]cn1
C%24(=O)[C@@H]%27CCC(=O)O.C%57(=O)[C@@H]%30CCCCN.[C@H]%40(CC(N)=O)C9=O.C2(=O)[C@@H]%22CC(C)C.[C@H]%32(CC(C)C)C3=O.[C@H]%35(CCC%36)C6=O.[C@H]%38(CC(C)C)C8=O.[C@H]%39(CC(C)C)C%11=O.[C@H]%51(CCC%52)C%19=O.[C@H]%53(CC(C)C)C%20=O.C%61(=O)[C@@H]%31CCC%32.C%56C[C@H]%23C%63=O.C%65(=O)[C@@H](N)CC%58.[C@H]%47(CC%59)C%15=O.[C@@H]%48(C%16=O)C(C)C.[C@@H]%55(C(=O)O)C(C)C.C%13(=O)[C@@H]%25C%60.[C@H]%37(C%61)C7=O.[C@H]%38(CO)C8=O.[C@H]%43(CO)C%14=O.[C@H]%45(C%62)C%12=O.[C@H]%49(C%64)C%20=O.N1%21CCC[C@H]1%60.c1%60c[nH]cn1.C%35(=O)[C@@H]%29C.[C@H]%28(C)C%46=O.c1%61c[nH]cn1.[C@H]%42(C)C%10=O.[C@H]%44(C)C%17=O.[C@H]%50(C)C%18=O.c1%62c[nH]cn1.[C@H]%54(C)C%23=O.C%33%33C5=O.N%52C(=N)N.CS%56.N2%22.N%13%25.N%24%26.N%35%27.N%46%28.N%57%30.N%62%31.S%58C.N%63%32.N3%33.N4%34.N5%36.N6%38.N7%39.N8%40.N9%41.N%10%43.N%11%44.N%12%45.N%14%47.S%59C.N%15%48.N%16%49.N%17%50.N%18%51.N%19%53.N%20%55	INVALID
[C@H]8(CO)C2=O.[C@H]9(CO)C%18=O.[C@@H]%10C%16=O.N%126.N%157.S%14C.N%178.N%189.	INVALID
O.CC[C@H](C)[C@H]5C3=O.C%17(=O)[C@@H]9CC(=O)O.C%20(=O)[C@@H]%14C(C)C.C%21(=O)[C@@H](N)CC%15.C%18(=O)[C@@H]8CO.C%19(=O)[C@@H]%12CO.C2%16=O.N15.N%137.N%248.N%179.N%18%10.N%19%11.N%20%12.S%15C.N3%14	C=O.CC[C@H](C)[C@H](N)C(=O)N[C@H](C(=O)N[C@@H](CO)C(N)=O)C(C)C.CSCC[C@H](N)C=O.N.NC(=O)[C@@H](N)CO.O.O=C(O)C[C@@H]1NC1=O
c1%24c[nH]c2ccccc12.[C@H]%18(CCC(N)=O)C4=O.[C@H]9(CC(C)C)C%26=O.[C@H]%16(CC(C)C)C%29=O.[C@H]%18(CC(C)C)C(=O)O.C%20C[C@H](N)C3=O.[C@H]%12(CC%21)C%30=O.[C@H]%19(CC(=O)O)C(C)C.[C@H]8(CO)C%14=O.N1%25CCC[C@H]1%22.[C@H]%10(C%24)C%27=O.[C@H]%13(CO)C%28=O.[C@H]%16(CCO)C%32=O.[C@H]%15(CO)C%31=O.[C@H]%17(C%24)C%33=O.[C@H]%26(C%26)C6=O.[C@H]%29(CS)C5=O.c1%23c[nH]cn1.[C@H]%11(C)C%29=O.C%25%22=O.CS%20.N37.N%258.N%269.N%27%10.N%28%11.N%29%12.S%21C.N%30%13.N%32%15.N3%16.N4%17.N5%18.N6%19	CC(C)C[C@@H](C(=O)O)[C@@H](CCC(N)=O)C(=O)N[C@@H](C)C=O.CC(C)C[C@@H](C(=O)[C@@H](CS)C(N)=O)[C@@H](CCO)C(=O)N[C@H](C=O)CO.CC(C)C[C@@H]1NC[C@@H](C(=O)N[C@@H](CC(=O)O)C(C)C)C1=O.CSCC[C@@H]1NC(=O)[C@H](C)NC(=O)[C@H](CO)NC1=O.CSCC[C@H](N)C(N)=O.N.N[C@H](C=O)CO.O=C1N[C@H]1Cc1c[nH]c2ccccc12.O=C1[C@@H]2CCCN12.c1c[nH]cn1
[C@H]8(CCCCN)C%21=O.[C@H]%10(CCC(=O)O)C%25=O.[C@H]9(CCC(=O)O)C%27=O.C%19(=O)[C@@H](N)CC(N)=O.C4CC[C@H]4C%20=O.C2(=O)[C@@H]5[C@@H](C)O.[C@H]7(C%17)C%24=O.c1%17ccccc1.N1%21CCC[C@H]1%15.c1%16c[nH]cn1.C%22%14=O.C%14C(=O)O.N24.N%135.N%186.N%207.N%238.N%249.N%25%10.N2%11.N3%14	C[C@@H](O)[C@H](N)C(N)=O.N.N.N.NC(=O)C[C@H](N)C=O.NCCCC[C@H](N)C(=O)N1CCCC1.O=C(O)CC[C@@H]1NC1=O.O=CCC(=O)O.O=C[C@H](CCC(=O)O)NC(=O)[C@H](Cc1ccccc1)NC(=O)C1CCC1.c1c[nH]cn1
CC[C@H](C)[C@H]%14C%24=O.[C@H]%16(CC(C)C)C%43=O.[C@H]%17(CC(C)C)C%44=O.[C@H]%22(CCC%23)C%45=O.[C@H]%25(CCC%26)C3=O.[C@H]%28(CC(N)=O)C8=O.[C@H]%29(CCC%30)C6=O.[C@H]%31(CCC%32)C5=O.[C@@H]%34(C%12=O)[C@@H](C)CC.[C@H]%36(CCC%37)C(=O)O.C%13(=O)[C@@H](N)CC%38.C2(=O)[C@@H]%15CO.[C@H]%18(CO)C%42=O.[C@H]%33(C%40)C%10=O.N18CCC[C@H]1%39.[C@H]%19(C)C3=O.c1%40c[nH]cn1.N%23C(=N)N.N%26C(=N)N.N%30C(=N)N.C%27C6=O.N%32C(=N)N.C%32C%11=O.N%37C(=N)N.C9%39=O.N2%14.N%13%14.S%38C.N%35%15.N%35%16.N%41%17.N%42%18.N%43%19.N%44%20.N%45%21.N3%22.N4%25.N5%27.N6%28.N7%29.N9%31.N%10%33.N%11%34.N%12%36	CC(C)C[C@H](N)C(N)=O.CC[C@H](C)[C@@H](C=O)NC(=O)[C@H](CO)NN[C@@H](CC(C)C)C(=O)N[C@@H](C)C(=O)C(=O)[C@@H](N)CCCNC(=N)N.CC[C@H](C)[C@H](NC(C)=O)C(=O)N[C@@H](CCCNC(=N)N)C(=O)O.CSCC[C@H](N)C(N)=O.N=C(N)NCCC[C@H](N)C(N)=O.N=C(N)NCCC[C@H](NC(=O)[C@@H]1CCCN1C(=O)[C@@H](N)CC(N)=O)C(=O)NCC(=O)C(=O)[C@@H](N)CCCNC(=N)N.O=C1N[C@H]1CO.O=C1N[C@H]1Cc1c[nH]cn1
C3(=O)[C@@H]%18CCCCN.C%39(=O)[C@@H]%22CCCCN.C%40(=O)[C@@H]%22CCCCN.C5(=O)[C@@H]%26CCCCN.C5(=O)[C@@H]%28CCCCN.c1%37c[nH]c2ccccc12.CC[C@H](C)[C@H]%16C(=O)O.C7(=O)[C@@H]%31[C@@H](C)CC.C%36(=O)[C@@H]%14[C@@H](C)O.C%41(=O)[C@@H]%20C(C)C.C7(=O)[C@@H]%23C(C)C.C%13(=O)[C@@H]%24[C@@H](C)O.C8(=O)[C@@H]%29CC%33.C%15(=O)[C@@H](N)C%37.C3(=O)[C@@H]%17C.C%25(=O)[C@@H]%19C.C9(=O)[C@@H]%27C%35.c1%35c[nH]cn1.C6(=O)[C@@H]%30C.C%11(=O)[C@@H]%31C.C%38(=O)C%21.C%12(=O)C%32.N3%16.N%14%17.N%25%18.N%36%19.N%38%20.N%39%21.N%40%22.N%41%23.N4%24.N6%26.N7%27.N8%28.S%34C.N9%29.N%11%30.N%12%31.N%13%32	CC[C@H](C)[C@H](N)C(=O)O.CC[C@H](NC(=O)[C@@H](N)Cc1c[nH]cn1)C(=O)N[C@@H](CCCCN)C(=O)C(=O)[C@H](CCCCN)NC(=O)[C@H](C)NC(=O)[C@H](C)[C@H](C(=O)C(=O)[C@@H](NC(=O)[C@@H](NC(=O)CNC(=O)[C@H](CCCCN)[C@@H](CCCCN)C(N)=O)C(C)C)C(C)C)[C@@H](C)CC.CS.C[C@@H](O)[C@H](N)C(=O)NCC(N)=O.C[C@@H]1NC(=O)[C@H]([C@@H](C)O)N[C@@H](C)C(=O)C(=O)[C@H](CCCCN)NC1=O.N[C@H](C=O)Cc1c[nH]c2ccccc12
C%24(=O)[C@@H]%22CCCCN.CC[C@H](C)[C@H]%17C9=O.C%46(=O)[C@@H]%25CCCCN.C2(=O)[C@@H]%19CCC%20.C%13(=O)[C@@H]%21CC(C)C.C%46(=O)[C@@H]%26CC(C)C.C%49(=O)[C@@H]%27CC(C)C.C%50(=O)[C@@H]%28CC(=O)O.C%52(=O)[C@@H]%30CC(N)=O.C5(=O)[C@@H]%31CC(=O)O.C6(=O)[C@@H]%33CC(=O)O.C7(=O)[C@@H]%34CC(C)C.[C@H]%41(CC(N)=O)C%11=O.C%35(=O)[C@@H]%23[C@@H](C)O.C8(=O)[C@@H](N)CC%43.c1%47ccc(O)cc1.c1%48ccc(O)cc1.C%51(=O)[C@@H]%29C%44.c1%44ccccc1.C4(=O)[C@@H]%32CO.[C@H]%36(CO)C9=O.[C@H]%42(C%45)C(=O)O.[C@H]%40(C%47)C%15=O.[C@H]%39(C)C%16=O.[C@H]%41(C)C%18=O.N%20C(=N)N.C%37C%12=O.N2%17.N%13%18.N%24%21.N%35%22.N%46%23.N%49%25.N%50%27.N%51%28.N%52%29.N4%30.N5%31.N6%32.N7%33.N8%34.S%43C.N9%36.N%10%37.N%11%38.N%12%39.N%14%40.N%15%41.N%16%42	CC(C)C[C@H](NC(=O)[C@H](CCCCN)NC(=O)[C@@H](N)[C@@H](C)O)C(=O)NC(=O)[C@H](C)[C@@H](CC(N)=O)C(N)=O.CC[C@H](C)[C@H](NC(=O)CCCCNC(=N)N)C(=O)C(=O)[C@@H](N)CO.CSCC[C@H](N)C(=O)N[C@@H](CC(C)C)C(=O)N[C@@H](CC(=O)O)C(=O)N[C@@H](CO)C(=O)N[C@@H](CC(N)=O)C(=O)N[C@@H](Cc1ccccc1)C(=O)N[C@@H](CC(=O)O)C(=O)N[C@@H](CC(C)C)C(=O)N[C@@H](CCCCN)C(=O)C(=O)CCC(C)C.C[C@H](NC(=O)[C@H](C)NC(=O)CN)C(=O)O.NC(=O)[C@@H](N)Cc1ccc(O)cc1.O=C(O)C[C@@H]1NC1=O.Oc1ccccc1
CC%112=O.C%57%16=O.C%22%26C	INVALID
C2(=O)[C@@H]%17CCC(N)=O.C%41(=O)[C@@H]%20CCC(=O)O.C%44(=O)[C@@H]%21CCC(=O)O.[C@H]%30(CCCCN)C%14=O.C%13(=O)[C@@H]%14CCC%15.C%35(=O)[C@@H]%16CC(N)=O.C3(=O)[C@@H]%18CCC%19.[C@H]%28(CC(N)=O)C7=O.[C@H]%31(CCC%33)C%10=O.[C@H]%32(CC(=O)O)C(=O)O.C%36CC[C@H]%13C7=O.C%40(=O)[C@@H]%22[C@@H](C)O.C5(=O)[C@@H]%25C(C)C.C6(=O)[C@@H](N)CC%37.[C@@H]%29(C%11=O)[C@@H](C)O.[C@@H]1%38CCCN1%35.[C@H]%25(CS)C8=O.[C@H]%27(CO)C9=O.N%15C(=N)N.C4(=O)C%23.N%31C(=N)N.C%24%38=O.C2%39=O.CS%34.N2%13.N%13%15.N%24%16.N%40%17.N%42%18.N%43%20.N%45%21.N4%22.N5%23.N6%25.S%37C.N7%26.N8%27.N9%28.N%10%29.N%11%30.N%12%32	CCC[C@@H](C(=O)C(=O)[C@H](CC(N)=O)NC(=O)[C@H](CO)NC(=O)[C@H](CS)[C@H](C(=O)NCC(=O)N[C@H](C(=O)N[C@@H](CCC(N)=O)C(=O)C=O)[C@@H](C)O)C(C)C)C(=O)[C@H](CCCNC(=N)N)C(=O)[C@H](CCCCN)NC(=O)[C@@H](NC(=O)[C@H](CCC)NC(=N)N)[C@@H](C)O.CCC[C@H](N)C=O.CS.CSCC[C@H](N)C(N)=O.N.NC(=O)C[C@@H]1NC(=O)[C@@H]2CCCN2C1=O.NN.N[C@@H](CC(=O)O)C(=O)O.N[C@H](C=O)CCC(=O)O.N[C@H](C=O)CCC(=O)O
CC(C)C)C5=O.c1%18ccc(O)cc1.C2(=O)[C@@H](N)C(C)C.N1%21CCC[C@H]1%15.N1%22CCC[C@H]1%17.[C@H]8(CO)C%25=O.[C@H]%10(CO)C%26=O.[C@H]%11(C%18)C6=O.C9C3=O.C%13%15=O.C%22%21%16=O.C%23%17=O.N27.N%198.N%229.N%23%10.N%25%11.N4%12	INVALID
[C@H]%10(CCC(=O)O)C%28=O.[C@H]%11(CCCCN)C%30=O.c1%32c[nH]c2ccccc12.[C@H]%21(CCCCN)C7=O.[C@H]%23(CCC%24)C(=O)O.[C@H]%13(CCC%15)C%31=O.[C@H]%23(CCC%24)C(=O)O.C%26CC[C@H]9C%33=O.[C@@H]%17(C%34=O)C(C)C.C3(=O)[C@@H]%10CO.[C@@H]1%27CCC[C@H]1%28.C%25(=O)[C@@H]%121CO.C%36(=O)[C@@H]%12CO.[C@H]%18(CO)C%38=O.[C@H]%19(C%31)C5=O.N17CCC[C@H]1%29.[C@H]%16(C)C%35=O.N%15C(=N)N.N%24C(=N)N.C%20C4=O.C%22C6=O.C8%29=O.CS%26.N39.N%14%10.N%25%11.N%33%12.N%34%13.N%36%16.N%37%17.N%39%18.N4%19.N4%20.N5%21.N6%22.N8%23	INVALID
[C@H]%20(CCC(N)=O)C%46=O.[C@H]%29(CCC(N)=O)C7=O.[C@H]%31(CCC(=O)O)C%10=O.CC[C@H](C)[C@H]%15C%41=O.[C@@H]%20(C%47=O)[C@@H](C)CC.C%40(=O)[C@@H](N)CCC%37.[C@H]%32(CCC%34)C%11=O.c1%44ccc(O)cc1.C%24(=O)[C@@H]%17C%42.c1%42ccccc1.C2(=O)[C@@H]%16C%39.[C@H]%22(CO)C%47=O.[C@H]%26(C%40)C6=O.[C@H]%27(CO)C8=O.[C@H]%30(C%41)C%12=O.C%13(=O)[C@@H]%17C.c1%39c[nH]cn1.c1%40c[nH]cn1.c1%41c[nH]cn1.[C@H]%28(C)C9=O.[C@H]%36(C)C(=O)O.C%35(=O)C%18.C%21C%45=O.CC%23C3=O.N%37C(=N)N.N2%15.N%13%16.N%24%17.S%37C.N%35%18.N%44%19.N%45%20.N%46%21.N%47%22.N%48%23.N4%25.N5%27.N6%28.N7%29.N8%30.N9%31.N%10%32.S%38C.N%11%33.N%12%34.N%14%36	CC(N)C=O.CC[C@H](C)[C@@H](C(=O)C(=O)[C@@H](N)CO)[C@@H](CCC(N)=O)C(=O)NCC(N)=O.CC[C@H](C)[C@H](NC(=O)[C@H](Cc1c[nH]cn1)NC(=O)[C@H](C)[C@@H](Cc1ccccc1)C(N)=O)C(=O)C[C@H](NC(=O)[C@@H](N)CO)C(=O)NCCC[C@H](NC(=O)[C@H](CCC(=O)O)NC(=O)[C@H](C)NC(=O)CCC(=O)[C@@H](N)CCCNC(=N)N)C(N)=O.CS.CS.C[C@H](N)C(=O)O.N.NC(=O)CC[C@@H]1NC1=O.Nc1ccc(O)cc1.O=C1CN1.c1c[nH]cn1.c1c[nH]cn1
C3(=O)[C@@H]%21CCCCN.C%56(=O)[C@@H]%28CCC(=O)O.c1%52c[nH]c2ccccc12.[C@H]%42(CCC(=O)O)C%18=O.CC[C@H](C)C[C@H]%19C6=O.C%25(=O)[C@@H]%22CC(C)C.[C@H]%32(CCC%33)C7=O.[C@H]%34(CC(C)C)C9=O.[C@H]%35(CC(C)C)C%10=O.[C@H]%37(CC(=O)O)C%11=O.[C@H]%45(CC(C)C)C(=O)O.C%49(=O)[C@@H]%24CC%48.C%56(=O)[C@@H]%29C(C)C.C5(=O)[C@@H](N)CC%49.[C@H]%39(CC%50)C%12=O.[C@@H]%40(C%16=O)C(C)C.[C@@H]1%51CCCN1%47.C%56(=O)[C@@H]%30C%52.[C@H]%41(CS)C%13=O.C%47(=O)[C@@H]%26C.C%55(=O)[C@@H]%27C.[C@H]%38(C)C%13=O.[C@H]%38(C)C%15=O.[C@H]%43(C)C%17=O.C%14(=O)C%31.N%33C(=N)N.N3%19.N%14%20.N%25%22.N%36%23.S%48C.N%55%24.N%56%26.N%57%27.N%57%28.N4%29.N4%30.N5%31.N6%33.N7%34.S%50C.N8%35.N9%37.N%10%38.N%11%39.S%51C.N%12%40.N%13%41.N%15%42.N%16%43.N%17%44.N%18%45	CC(C)C[C@@H]1NC1=O.CC(C)C[C@H](N)C(N)=O.CC(C)C[C@H](NC(=O)[C@H](CCC(=O)O)NC(=O)[C@H](C)[C@@H](C)C(=O)C(=O)[C@@H](N)CS)C(=O)O.CC[C@H](C)C[C@H](NC(=O)CCCCCN)C(N)=O.CSCC[C@H](NC(=O)[C@H](C)NN[C@@H](CCC(=O)O)C(=O)C(=O)[C@@H](NN[C@@H](Cc1c[nH]c2ccccc12)C(=O)N[C@@H](C)C(=O)N1CCC[C@H]1SC)C(C)C)C(=O)CC[C@H](N)C(=O)NCC(N)=O.CSCC[C@H](NC(=O)[C@H](CC(=O)O)NC(=O)[C@H](CC(C)C)NC(=O)CCCCNC(=N)N)C(=O)N[C@H](C(=O)N[C@@H](C)C(N)=O)C(C)C.N
[C@H]%34(CCCCN)C3=O.CC[C@H](C)[C@H]%27C%35=O.[C@H]%29(CC(N)=O)C%64=O.[C@@H]%33(C%66=O)[C@@H](C)CC.[C@H]%37(CC(=O)O)C5=O.[C@H]%42(CC(=O)O)C9=O.[C@@H]%44(C%11=O)[C@@H](C)CC.[C@H]%45(CC(=O)O)C%12=O.[C@@H]%50(C%18=O)[C@@H](C)CC.[C@@H]%52(C%19=O)[C@@H](C)CC.[C@@H]%54(C%22=O)[C@@H](C)CC.[C@H]%53(CC(C)C)C%23=O.[C@H]%55(CC(N)=O)C%25=O.[C@H]%58(CC(C)C)C(=O)O.C%24(=O)[C@@H](N)CC%59.[C@@H]%32(C%65=O)C(C)C.c1%61ccc(O)cc1.c1%62ccc(O)cc1.[C@@H]%47(C%15=O)C(C)C.[C@@H]%51(C%17=O)C(C)C.[C@@H]%54(C%21=O)C(C)C.[C@H]%30(C%61)C%46=O.[C@H]%31(C%62)C%66=O.[C@H]%36(C%62)C4=O.[C@H]%39(C%60)C7=O.[C@H]%40(C%63)C8=O.c11%63ccccc1.N19CCC[C@H]1%60.[C@H]%48(CO)C%14=O.[C@H]%48(CO)C%15=O.[C@H]%53(C%64)C%20=O.c1%64ccccc1.C2(=O)[C@@H]%28C.c1%60c[nH]cn1.C%38C6=O.C%43C%16=O.N2%27.N%13%28.N%24%29.S%59C.N%35%30.N%46%31.N%57%32.N%65%33.N%66%34.N%67%34.N3%36.N4%37.N5%38.N6%39.N7%40.N8%41.N%10%42.N%11%43.N%12%44.N%14%45.N%15%47.N%16%48.N%17%49.N%18%50.N%19%51.N%20%52.N%21%53.N%22%54.N%23%55.N%25%56.N%26%58	INVALID
%29.[C@H]%128(C%41)C%14=O.[C@H]%135(CO)C%87=O.[C@H]%12(CS3C%92=O.N1%98C(C[C@H]1%23.c1%13=%12cn%35%15=O.C%105%19=O.C%45%20	INVALID
CCCN.C%17(=O)[C@@H](N)CC(C)[C@H]3C%18=O.c1%16ccc(O)cc1.C%14(=O)[C@@H]6.C%16CC2=O.C8C%24=O.C%10C(=O)O.C%23%14=O.CS%11.N%134.N%195.N%206.N%217.N%228.N%239.N%25%11	CC(=O)O.CC(CC=O)C[C@H](N)C=O.CCCN.CSN.N.N.N.NCC=O.N[CH]C(=O)C(N)=O.O=CCCc1ccc(O)cc1
C%26(=O)[C@@H]%11CCC(=O)O.C%29(=O)[C@@H]%12CCCCN.C%30(=O)[C@@H]%12CCCCN.C3(=O)[C@@H](N)CCC(=O)O.[C@H]%21(CCCCN)C(=O)O.[C@H]%19(CC(N)=O)C6=O.[C@H]%21(CC(N)=O)[C@@H](C)CO.[C@@H]1%22CCCN1%13.C%28(=O)[C@@H]%14C%23.c1%23ccccc1.C%30(=O)[C@@H]%14CO.C%31(=O)[C@@H]%16CO.C%32(=O)[C@@H]%17C%25.c1%26ccccc1.C%24(=O)[C@@H]%10C.[C@H]%20(C)C5=O.[C@H]%22(C)C7=O.N28.N%249.N%27%10.N%28%11.N%29%12.N%30%14.N%31%15.N%32%16.N3%17.N4%18.N5%19.N6%20.N7%21	C[C@@H](C(N)=O)[C@@H]1CCCN1.C[C@@H](CO)[C@H](CC(N)=O)[C@@H](CCCCN)C(=O)O.C[C@@H]1NC(=O)[C@H](CC(N)=O)NC1=O.C[C@H](N)C(N)=O.C[C@H](NC(=O)[C@@H](N)CCC(=O)O)C(=O)N[C@@H](CO)C(N)=O.N.N.N.NCCCC[C@@H](C(N)=O)[C@@H](CCCCN)C(=O)C(=O)[C@H](CO)[C@@H](Cc1ccccc1)C(=O)N[C@@H](CCC(=O)O)C(=O)c1ccccc1
C%33(=O)[C@@H](N)CCCCN.[C@H]%16(CCCCN)C2=O.[C@H]%17(CCC%18)C%34=O.[C@H]%19(CC(=O)O)C%34=O.[C@H]%25(CCC%26)C8=O.[C@H]%28(CC(=O)O)C(=O)O.C%24(=O)[C@@H]%11C(C)C.C2(=O)[C@@H]%10.C%13(=O)[C@@H]%12[C@@H](C)O.C%32(=O)[C@@H]%14[C@@H](C)O.C%32(=O)[C@@H]%16C(C)C.[C@H]%19(C%30)C%36=O.c1%30ccccc1.[C@H]%20(CO)C3=O.[C@H]%22(CS)C6=O.[C@H]%23(C)C7=O.N%18C(=N)N.N%26C(=N)N.C%21C4=O.C%26C4=O.N%26C(=N)N.N19.N%13%10.N%24%11.S%29C.N%31%12.N%32%14.N%33%15.N%34%16.N%35%17.N%37%19.N3%20.N4%21.N5%23.N6%25.N7%27.N8%28	CC(C)[C@@H](C(=O)C(=O)[C@@H](N)[C@@H](C)O)[C@@H](CCCCN)C(=O)C(=O)[CH]NC(=O)[C@@H](N)[C@@H](C)O.CC(C)[C@@H]1NC1=O.CS.C[C@H](N)C(N)=O.N.N.N.N=C(N)NCC(=O)C(=O)CN.N=C(N)NCCC[C@H](N)C(=O)C(=O)[C@H](CC(=O)O)[C@H](C=O)Cc1ccccc1.N=C(N)NCCC[C@H](NC(=O)CCS)C(=O)N[C@@H](CC(=O)O)C(=O)O.NCCCC[C@H](N)C(N)=O.O=C1N[C@H]1CO
C2(=O)[C@@H]%17CCC(=O)O.C%13(=O)[C@@H]%19CCC(N)=O.C%35(=O)[C@@H]%21CCCCN.C%46(=O)[C@@H]%22CCCCN.C%48(=O)[C@@H]%29CCCCN.C4(=O)[C@@H]%32CCCCN.C7(=O)[C@@H](N)CCC(=O)O.CC[C@H](C)[C@H]%17C8=O.[C@@H]%38(C9=O)[C@@H](C)CC.[C@H]%41(CCCCN)C(=O)O.CC[C@H](C)[C@H]%16C8=O.C%50(=O)[C@@H]%25CCC%26.C%51(=O)[C@@H]%28CC(N)=O.[C@H]%36(CCC%37)C%11=O.[C@@H]%40(C%14=O)[C@@H](C)CC.C5(=O)[C@@H]%30CC%42.[C@@H]%34(C%14=O)C(C)C.c1%44ccc(O)cc1.c1%43ccccc1.C%35(=O)[C@@H]%20C.C%50(=O)[C@@H]%23C.C%24(=O)C%18.N%26C(=N)N.C6(=O)C%31.N%37C(=N)N.C%37C%12=O.C%39C%14=O.N2%17.N%13%17.N%24%18.N%35%19.N%46%20.N%48%21.N%50%23.N%51%25.N%52%27.N3%28.N4%29.S4C.N6%30.N7%31.N8%32.N9%34.N%10%36.N%11%37.N%12%38.N%14%39.N%15%40.N%16%41	CC[C@@H](C=O)NC(=O)CNC(=O)[C@@H](N)CCC(=O)O.CC[C@H](C)[C@@H](C(=O)C(=O)[C@@H](N[C@@H](CCCCN)C(=O)O)[C@@H](C)CC)[C@@H](CCC(=O)O)C(=O)NNC(=O)[C@@H](N)CCC(N)=O.CC[C@H](C)[C@H](N)C(=O)C(=O)[C@@H](NC(=O)[C@@H](NC(=O)CNC(=O)[C@@H](N)CCCNC(=N)N)[C@@H](C)CC)C(C)C.CS.C[C@H](N)C(=O)C(=O)[C@H](CCCNC(=N)N)NC(=O)[C@@H](N)CC(N)=O.C[C@H](NC(=O)CCCCCN)C(=O)C(=O)[C@H](CCCCN)NC(=O)[C@H](CCCCN)NC(=O)[C@@H](N)CCCCN.N.O=C1CN1.O=C1CN1.Oc1ccccc1.c1ccccc1
C%24(=O)[C@@H]%30CCCCN.C%35(=O)[C@@H]%31CCCCN.C%67(=O)[C@@H]%33CCC(N)=O.C4(=O)[C@@H]%42CCCCN.C%20(=O)[C@@H](N)CCC(N)=O.[C@H]%60(CCCCN)C(=O)O.C2(=O)[C@@H]%28CC(N)=O.C3(=O)[C@@H]%37CC(=O)O.C9(=O)[C@@H]%42CC(C)C.C%11(=O)[C@@H]%45CC(N)=O.C%12(=O)[C@@H]%50CC(=O)O.C%20(=O)[C@@H]%53CCC%54.[C@H]%55(CC(C)C)C%25=O.[C@H]%58(CC(N)=O)C%26=O.C%61C[C@H]%27C%22=O.C%70(=O)[C@@H]%34[C@@H](C)O.C5(=O)[C@@H]%38CC%62.C6(=O)[C@@H]%41C(C)C.C%14(=O)[C@@H]%47[C@@H](C)O.C%18(=O)[C@@H]%51[C@@H](C)O.C%46(=O)[C@@H]%32C%69.c1%69ccccc1.[C@@H]1%63CCCN1%74.C%71(=O)[C@@H]%36CO.[C@@H]1%64CCCN18.[C@@H]1%65CCCN19.C%10(=O)[C@@H]%44CO.C%15(=O)[C@@H]%48CS.C%17(=O)[C@@H]%50C%70.c1%70ccccc1.[C@@H]1%66CCCN1%22.[C@H]%52(CO)C%22=O.[C@H]%56(CO)C%25=O.C%13(=O)[C@@H]%29C.C8(=O)[C@@H]%41C.C%19(=O)[C@@H]%49C.N%54C(=N)N.C%54C%23=O.C%62%64=O.C7%65=O.C%21%66=O.CS%61.N2%27.N%13%28.N%24%29.N%35%30.N%46%31.N%57%32.N%68%33.N%71%34.N3%36.N4%37.S%62C.N5%38.N6%39.N7%40.N9%41.N%10%42.N%11%43.N%12%44.N%14%45.N%15%47.N%16%48.N%17%49.N%18%50.N%19%51.N%20%52.N%21%53.N%21%55.N%23%56.N%25%58.N%26%59	C1CCNC1.CC(=O)N[C@@H](CO)C(=O)C(=O)[C@@H](N)CC(C)C.CC(C)C[C@@H](C(=O)N1CCC[C@H]1C(N)=O)[C@@H](CCCCN)C(=O)N[C@@H](CC(=O)O)C(=O)N[C@@H](CO)C(=O)N[C@H](C(=O)C[C@@H](C(=O)N[C@@H](C)C(=O)N[C@H](C(N)=O)[C@@H](C)O)[C@@H](CC(=O)O)C(=O)N[C@@H](CO)C(N)=O)[C@@H](C)O.CC(C)[C@@H](C(N)=O)[C@@H](C)C(=O)N1CCC[C@H]1C(=O)CC[C@@H]1NC1=O.CS.CSCC[C@H](NC(=O)[C@H](CC(N)=O)NC(=O)[C@H](C)NC(=O)[C@H](CCCCN)NC(=O)[C@H](CCCCN)NC(=O)[C@@H](N)Cc1ccccc1)C(=O)N1CCC[C@H]1C(=O)N[C@@H](CCCNC(=N)N)C(=O)C(=O)[C@@H](N)CCC(N)=O.C[C@@H](O)[C@H](NC(=O)[C@@H](N)CS)C(=O)N[C@@H](CC(N)=O)C(N)=O.N.NC(=O)CC[C@H](N)C=O.NC(=O)C[C@H](N)C(N)=O.NCCCCCC(=O)O.N[C@H](C=O)CO.c1ccccc1
C3(=O)[C@@H](N)CCCN.[C@H]%33(CCC(N)=O)C7=O.[C@H]%39(CCCCN)C%12=O.CC[C@H](C)[C@H]%21C6=O.C%24(=O)[C@@H]%25CCC%26.[C@H]%30(CC(C)C)C6=O.[C@H]%39(CC(N)=O)C%15=O.[C@H]%45(CC(C)C)C%18=O.[C@H]%47(CC(=O)O)C%20=O.[C@@H]%29(C3=O)C(C)C.[C@@H]%40(C%17=O)C(C)C.C2(=O)[C@@H]%22C%59.c1%59ccccc1.C%46(=O)[C@@H]%28CO.[C@@H]1%55CCCN1%46.C%55(=O)[C@@H]%31CO.[C@@H]1%56CCCN14.N1%10CCC[C@H]1%58.N1%12CCC[C@H]1%58.[C@H]%41(CO)C%16=O.[C@H]%42(CS)C%20=O.[C@H]%54(CO)C(=O)O.C%13(=O)[C@@H]%23C.[C@H]%53(C)C(=O)O.N%26C(=N)N.C%32C5=O.N%37C(=N)N.C%35%55=O.C4%56=O.C%10%58=O.N2%21.N%13%22.N%24%23.N%35%25.N%45%27.N3%28.N4%29.N6%30.N7%31.N8%32.N%10%33.N%11%34.N%14%36.N%15%47.N%16%48.N%17%49.N%18%50.N%19%51.N%20%52.N%21%53	CC(C)CC(N)=O.CC(C)C[C@H](N)C(N)=O.CC(C)[C@H](N)C(=O)C(=O)[C@@H](N)CCCN.CC[C@H](C)[C@H](NC(=O)[C@H](Cc1ccccc1)NC(=O)[C@H](C)NC(=O)[C@H](CCCNC(=N)N)NC=O)C(=O)C(=O)[C@@H](N)CC(C)C.C[C@H](N)C(=O)O.N.N.N.N.N=C(N)N.NC(=O)CCO.NC(=O)CC[C@H](N)C(=O)N[C@@H](CO)C(=O)[C@@H]1CCCN1C(=O)[C@@H](N)CO.NCC=O.NCCCC[C@@H](C(=O)N1CCC[C@H]1[C@@H]1CCCN1C=O)[C@@H](CC(N)=O)C(=O)N[C@@H](CC(=O)O)C(=O)C(=O)CCS.O=C(O)CCO.O=C1[C@@H]2CCCN12
C%107(=O)[C@@H]%112CCC(N)=O.C%129(=O)[C@@H]%115CCC(N)=O.C%59(=O)[C@@H]3CCC(N)=O.C%72(=O)[C@@H]3CCC(N)=O.[C@H]%128(CCC(N)=O.C%59(=O)[C@@H]%132CCCCN.C%70(=O)[C@@H]%140CCC(N)=O.C%73(=O)[C@@H]%144CCC(N)=O.[C@H]4(CCCCN)C%75=O.[C@H]5(CCCCN)C%76=O.[C@H]9(CCCCN)C%80=O.C%81(=O)[C@@H]%12CCC(N)=O.C%82(=O)[C@@H]%14CCCC(N)=O.C%84(=O)[C@@H]%16CCC[C@H]N)CCCCN)C%89(=O)[C@@H]%20CCC(N)=O.C%89(=O)[C@@H]%21CCCCN.C%91(=O)[C@@H]%23CCC(N)=O.C%92(=O)[C@@H]N.[C@H]%25(CCC(=O)O)C%94=O.C%87(=O)[C@@H]%18CCCCN.C%92(=O)[C@@H](N)CCCCCN.[C@H]%21(CCC(N)=O)C%91=O.[C@H]%26(CCCCN)C%95=O.[C@H]%27(CCC(N)=O)C%97=O.[C@H]%28(CCCCN)C%99=O.[C@H]%29(CCCCN)C(=O)O.CC(C)[C@H]%100C%93=O.[C@H]%28(CCC(N)=O)C%98=O.C%103(CCC%104.C%118(=O)[C@@H]%113CCC%114.C%49(=O)[C@@H]%123CCC%124.C%54(=O)[C@@H]%127CC(N)=O.C%79(=O)[C@@H]%10CCC%11.C%90(=O)[C@@H]%22CCC%23..C%52(=O)[C@@H]%101CC%31.C%24(=O)[C@@H]%116CC%32.C%48(=O)[C@@H]%122C%33.C%53(=O)[C@@H]%1308[C@@H](C)O.C%54(=O)[C@@H]%131CC%34.C%55(=O)[C@@H]%131[C@@H](C)O.C%68(=O)[C@@H]%136CC%37.C%68(=O)[C@@H]%138C%38C%47(=O)[C@@H]%136CC%39.C%50(=O)[C@@H]%126CC%40.[C@@H]1%41CCCN1%58.[C@@H]1%42CCCN1%62.[C@@H]1%43CCCN1%65.[C@@H]1%45CCCN1%66.C%67(=O)[C@@H]%13(C)C.NN%104C(=N)N.C%85(=O)C%110.C%66(=O)[C@@H]%135CO.C%63(=O)C%105.C%74(=O)C%106.C%96(=O)C%98.N%108C(=N)N.N%114C(=N)N.C%96(=O)C%111.N%114C(=N)N.C%13(=O)C%117.C%35(=O)C%120.C%46(=O)C%121.N%124C(=N)N.N%124C(=N)N.C%58(=O)C%132.C%60(=O)C%134.N6C(=N)N.C%78(=O)C8.N%11C(=N)N.C%83(=O)C%15.NS%30.N1%100.S%31C.N%52O.C%51%41=O.C%61%42=O.C%62%43=O.C%64%44=O.C%65%45=O.N1%101.S%32C.N%63%102.N%74%105.S%33C.N%85%106.N%96%109.N%96%110.N%118%111.N%129%113.N2%115.N%13%116.S%34C.N%35%117.N%46%119.N%47%120.N%48%121.N%49%123.N%50%125.N%51%126.N%54%127.N%55%128.N%56%131.N%57%131.S%37C..N%59%132.N%60%133.N%61%134.N%67%135.S%38C.N%68%136.S%38C.N%69%137.S%39C.N%707.N%71%138.S%40C.N%72%139.N%733.N%754.N%765.N%777.N%797.N%798.N%809.N%81%10.N%82%12.N%83%15.N%84%15.N%86%16.N%87%17.N%88%18.N%89%19.N%90%21.N%91%22.N%92%23.N%93%25.N%94%26.N%97%27.N%98%28.N%99%29	INVALID
[C@H]3(CCC(=O)O)C%24=O.[C@H]4(CCC(=O)O)C%27=O.[C@H]%16(CCC(=O)O)C5=O.[C@H]7(CC(C)C)C%24=O.[C@H]9(CC(=O)O)C%28=O.C%19C[C@H](N)C2=O.c1%23ccc(O)cc1.[C@@H]%11(C%25=O)C(C)C.[C@@H]%11(C%30=O)C(C)C.[C@H]9(C%21)C%27=O.[C@H]%12(C%22)C%29=O.c1%22ccccc1.c1%20c[nH]cn1.c1%21c[nH]cn1.C7C%13=O.C%10C%26=O.C%14C%29=O.C%18C(=O)O.CS%19.N27.N%138.N%249.N%25%10.N%25%11.N%26%13.N%27%15.N%28%16.N4%17.N5%18	CC(=O)C(=O)CCc1ccccc1.CC(C)C[C@H](CC(N)=O)C(=O)C(=O)CCCC(=O)O.CC(C)[C@@H](C=O)[C@H](C(=O)NCC(N)=O)C(C)C.CSCC[C@H](N)C(N)=O.N.N.N.N[C@@H](CCC(=O)O)C(=O)C(=O)[C@H](Cc1c[nH]cn1)[C@@H](CC(=O)O)C(=O)N[C@@H](CCC(=O)O)C(=O)NCC(=O)O.Oc1ccccc1.c1c[nH]cn1
C%14(=O)[C@@H]%17CCC(=O)O.C%41(=O)[C@@H]%20CCC(N)=O.c1%37c[nH]c2ccccc12.[C@H]%21(CCC(=O)O)C%11=O.[C@H]%24(CCC(=O)O)C%11=O.[C@H]%20(CC(=O)O)C3=O.[C@H]%26(CCC%27)C6=O.C%31C[C@H]%15C%43=O.c1%38ccc(O)cc1.C%42(=O)[C@@H](N)CC%32.[C@@H]%30(C(=O)O)C(C)C.C%14(=O)[C@@H]%16CO.C%38(=O)[C@@H]%19CO.C%39(=O)[C@@H]%21C%38.[C@@H]1%34CCCN1%41.[C@H]%23(C%39)C7=O.c1%39ccccc1.N19CCC[C@H]1%35.C%25(=O)[C@@H]%18C.[C@H]%29(C)C%11=O.C%36(=O)C%17.C%28C%12=O.C%40%33=O.C5%34=O.C%10%35=O.CS%31.N3%15.N%14%16.N%25%17.N%36%18.N%40%19.N%41%20.N%42%21.N%43C.N5%22.N6%23.N7%24.N8%26.N%10%28.N%11%29.N%12%30	CC(C)[C@H](NC(=O)CNC(=O)[C@@H]1CCCN1)C(=O)O.CCC[C@H](N)C(=O)N[C@H]1CC(=O)[C@H](C)[C@@H](CCC(=O)O)C(=O)C(=O)[C@H](CCC(=O)O)NC1=O.CC[C@H](N)C(N)=O.CNC(=O)[C@H](CCSC)NC(=O)[C@H](CC(=O)O)[C@@H](CCC(N)=O)C(=O)N1CCC[C@H]1C(N)=O.C[C@@H]1NC1=O.C[C@H](NC(=O)C[C@@H](CCC(=O)O)C(=O)C(=O)[C@@H](N)CO)C(N)=O.N.O=CN[C@@H](CO)C(=O)c1ccc(O)cc1.c1ccc2[nH]ccc2c1.c1ccccc1
C3(=O)[C@@H]%31CCC(=O)O.C%36(=O)[C@@H]%34CCC(=O)O.C%47(=O)[C@@H]%35CCC(=O)O.c1%77c[nH]c2ccccc12.C%58(=O)[C@@H]%33CC(C)C.C%47(=O)[C@@H]%37CCC%38.C%78(=O)[C@@H]%39CC(=O)O.C4(=O)[C@@H]%42[C@@H](C)CC.C4(=O)[C@@H]%41CC(=O)O.C7(=O)[C@@H]%45[C@@H](C)CC.C%15(=O)[C@@H]%51CC(C)C.[C@H]%51(CC(C)C)C%18=O.[C@H]%62(CC(=O)O)C%26=O.[C@H]%64(CC(N)=O)C%27=O.[C@H]%64(CC(C)C)C%30=O.C%69(=O)[C@@H]%40C(C)C.c1%74ccc(O)cc1.[C@H]%53(CC%67)C%18=O.[C@@H]%54(C%19=O)[C@@H](C)CC.c1%75cccc(O)cc1.[C@@H]%55(C%20=O)C(C)O.[C@H]%57(CC%68)C%21=O.c1%76ccc(O)cc1.[C@@H]%66(C(=O)O)[C@@H](C)O.[C@@H]1%70CCCN1%86.C5(=O)[C@@H]%43C%73.c1%73ccccc1.[C@@H]1%71CCCN1%10.C%10(=O)[C@@H]%48CO.C%13(=O)[C@@H]%50C%74.C%12(=O)[C@@H]%50C%75.[C@H]%65(C%76)C%31=O.C%15(=O)[C@@H](N)C%72.[C@H]%59(C)C%28=O.c1%72c[nH]cn1.C%14(=O)C%32.C%25(=O)C%33.N%38C(=N)N.C6(=O)C%44.C8(=O)C%46.C%11(=O)C%49.C%52C%16=O.C%60C%22=O.C%61C%24=O.C%63C%29=O.C7%70=O.C9%71=O.N3%30.N%14%31.N%25%32.N%36%33.N%47%34.N%58%35.N%69%37.N%78%39.N%79%40.N4%41.N5%42.N6%43.N7%44.N8%45.N9%46.N%11%48.N%12%49.N%13%50.N%15%51.N%16%52.N%17%53.S%67C.N%18%54.N%19%55.N%20%56.N%21%57.S%68C.N%22%59.N%23%60.N%24%61.N%26%62.N%27%62.N%28%63.N%29%65.N%30%66	INVALID
C%86(=O)[C@@H]%44CCCCN.C%87(=O)[C@@H]%44CCC(=O)O.C6(=O)[C@@H]%49CCCCN.C8(=O)[C@@H]%50CCCCN.[C@H]%60(CC(=O)O)C%18=O.[C@H]%62(CCC(=O)O)C%19=O.[C@H]%64(CCC(=O)O)C%23=O.c1%85c[nH]c2ccccc12.[C@H]%73(CCCCN)C%32=O.[C@H]%75(CCC(=O)O)C%33=O.CC[C@H](C)[C@H]%34C%10=O.C%80(=O)[C@@H]%43CC(C)C.C7(=O)[C@@H]%48CC(C)C.[C@H]%57(CCC%59)C%21=O.[C@H]%66(CC(C)C)C%26=O.[C@@H]%70(C%28=O)[C@@H](C)CC.[C@H]%73(CC(N)=O)C%29=O.[C@@H]%74(C%31=O)[C@@H](C)CC.C%14(=O)[C@@H]%40[C@@H](C)O.c1%82ccc(O)cc1.C9(=O)[C@@H](N)CC%77.[C@@H]%65(C%26=O)C(C)C.C3(=O)[C@@H]%35C%82.C%25(=O)[C@@H]%37C%79.C%47(=O)[C@@H]%38CO.C%58(=O)[C@@H]%41C%83.c1%83ccccc1.[C@@H]1%78CCCN1%82.C4(=O)[C@@H]%45C%84.c1%84ccccc1.C6(=O)[C@@H]%46CO.[C@H]%54(C%81)C%17=O.[C@H]%61(CO)C%23=O.[C@H]%71(C%85)C%30=O.c1%79c[nH]cn1.C%36(=O)[C@@H]%39C.C%69(=O)[C@@H]%42C.c11%81c[nH]cn1.[C@H]%51(C)C%11=O.[C@H]%52(C)C%13=O.[C@H]%53(C)C%15=O.[C@H]%68(C)C%25=O.N%59C(=N)N.C%63C%20=O.C%67C%23=O.C%76C(=O)O.N3%34.N%14%35.N%25%37.N%36%38.N%47%39.N%58%40.N%69%41.N%86%42.N%88%43.N5%44.N6%45.N7%46.N8%48.N9%49.S%77C.N%76%51.N%10%52.N%11%53.N%12%54.N%13%55.N%15%56.S%78C.N%16%57.N%17%60.N%18%61.N%19%62.N%20%63.N%21%64.N%22%65.N%23%66.N%24%67.N%26%68.N%27%70.N%28%71.N%29%72.N%30%73.N%31%74.N%32%75.N%33%76	INVALID
C%26(=O)[C@@H]%17CCC(N)=O.C%27(=O)[C@@H]%18CCC(N)=O.[C@H]%19(CCCCN)C7=O.CC[C@H](N)[C@H]8C(=O)O.[C@H]%20(CC(C)C)C5=O.[C@H]%21(CC(C)C)C6=O.[C@H]%22(CC(C)C)C(=O)O.C2(=O)[C@@H]9CC%23.C%29(=O)[C@@H]%15[C@@H](C)O.C%13(=O)C%10.C%26(=O)C%12.N%15C(=N)N.C%28(=O)CN.C%17C3=O.N28.S%129.N%139.N%24%10.N%25%11.N%26%13.N%27%15.N%28%16.N%29%17.N3%18.N4%19.N5%20.N6%21.N7%22	CC(C)C[C@@H]1NC1=O.CC(C)C[C@@H]1NC1=O.CC(C)C[C@H](NC(=O)[C@@H](N)CCCCN)C(=O)O.CC[C@H](SCC(=O)C(=O)[C@H](CCC(N)=O)CC(=O)N[C@@H](CCC(N)=O)C(N)=O)C(=O)N[C@H](C(=O)O)[C@@H](N)CC.C[C@@H](O)[C@H](NC(=N)N)C(N)=O.N.N.NCC(N)=O.NCC(N)=O
[C@H]%23(CCC(N)=O)C6=O.[C@H]%28(CCCCN)C7=O.[C@H]%30(CCC(=O)O)C%10=O.c1%37c[nH]c2ccccc12.[C@H]%29(CC(=O)O)C8=O.CC(C)C[C@H]%12C%43=O.C%24(=O)[C@@H]%16CC(C)C.[C@H]%24(CCC%26)C6=O.[C@H]%27(CC(C)C)C%11=O.C%13(=O)[C@@H]%15[C@@H](C)O.C%42(=O)[C@@H]%19[C@@H](C)O.C%42(=O)[C@@H](N)CC%33.C%41(=O)[C@@H]%21C%35.c1%35ccccc1.[C@H]%22(CO)C5=O.[C@H]%30(CO)C9=O.[C@H]%32(C%37)C(=O)O.C3(=O)[C@@H]%15C.C%40(=O)[C@@H]%18C.C%36(=O)C%17.C%39(=O)C%20.N%26C(=N)N.C%36%34=O.N3%12.N%14%13.N%25%15.N%36%16.N%39%17.N%40%18.N%41%19.N%42%20.S%33C.N%43%21.N4%22.N5%24.N6%27.N7%28.N8%29.N9%30.N%10%31.N%11%32	CC(C)C[C@H](N)C(=O)N[C@@H](Cc1c[nH]c2ccccc12)C(=O)O.CC(C)C[C@H](N)C(=O)[C@@H](CCCNC(=N)N)C(=O)C(=O)CCCC(N)=O.CSCC[C@H](N)C(=O)C(=O)[C@@H](NC(=O)[C@H](Cc1ccccc1)NC(=O)[C@H](CC(C)C)NC(=O)[C@H](C)[C@H](C(N)=O)[C@@H](C)O)[C@@H](C)O.C[C@@H]1NC1=O.N.NC(=O)[C@@H](N)CO.NC(=O)[C@H](CO)[C@@H](CCC(=O)O)C(N)=O.NCC(=O)NCC(=O)C=O.NCCCC[C@@H]1NC1=O.O=C(O)C[C@@H]1NC1=O
c1%55c[nH]c2ccccc12.[C@H]%35(CCCCN)C%11=O.[C@H]%52(CCC(=O)O)C(=O)O.CC[C@H](C)[C@H]%20C%56=O.C%14(=O)[C@@H]%22CC(C)C.C%25(=O)[C@@H]%23CCC%24.C%47(=O)[C@@H]%28CC(=O)O.C%58(=O)[C@@H]%29CCC%30.[C@H]%35(CC(N)=O)C8=O.[C@H]%40(CCC%41)C%16=O.[C@H]%43(CCC%44)C%17=O.[C@H]%42(CC(=O)O)C%18=O.[C@H]%45(CC(C)C)C%18=O.[C@H]%49(CCC%50)C%20=O.C3(=O)[C@@H]%21CC%53.C%55(=O)[C@@H](N)CC%54.[C@@H]%32(C4=O)C(C)C.[C@@H]%34(C5=O)C(C)C.[C@@H]%42(C%11=O)C(C)O.[C@@H]%48(C%15=O)[C@@H](C)O.[C@@H]%46(C%19=O)[C@@H](C)O.C%36(=O)[C@@H]%26CS.C%36(=O)[C@@H]%26C%55.N%24C(=N)N.C%47(=O)C%27.N%30C(=N)N.C%31C%104=O.C%35C6=O.C%37C7=O.C%38C9=O.C%39C%11=O.N%41C(=N)N.C%41C%12=O.N%44C(=N)N.N3%20.S%53C.N%14%21.N%25%22.N%36%23.N%47%26.N%51%27.N%52%28.N%54%29.S%54C.N%56%31.N%57%32.N4%33.N5%34.N6%35.N7%37.N8%38.N9%39.N%10%40.N%11%42.N%12%43.N%13%45.N%15%46.N%16%48.N%17%49.N%18%51.N%19%52	INVALID
C2(=O)[C@@H]9CCC(N)=O.C%38(=O)[C@@H]%20CCC(N)=O.C3(=O)[C@@H]%23CCC(=O)O.[C@H]%26(CCCCN)C(=O)O.C%12(=O)[C@@H]%11CCC%12.C%32(=O)[C@@H]%14CCC%15.C4(C)[C@H]9C6=O.C%13(=O)[C@@H]%14CC%28.C%35(=O)[C@@H]%17[C@@H](C)O.C%34(=O)[C@@H]%19[C@@H](C)O.C%36(=O)[C@@H]%22[C@@H](C)O.C5(=O)[C@@H](N)CC%29.C%34(=O)[C@@H]%16CO.C4(=O)[C@@H]%22C%30.c1%30c[nH]cn1.[C@H]%25(C)C7=O.N%12C(=N)N.CS%27.N29.N%13%10.S%28C.N%24%14.N%32%15.N%33%16.N%34%17.N%35%19.N%36%20.N3%21.N4%22.N5%23.S%29C.N6%26.N7%26	CC(C(=O)[C@H](Cc1c[nH]cn1)[C@H](C(=O)N[C@H](C=O)CCC(N)=O)[C@@H](C)O)[C@@H](C(=O)N[C@@H](CCCCN)C(=O)O)[C@@H](CCC(N)=O)C(N)=O.CCC(N)=O.CS.CSCC[C@@H](C(N)=O)[C@H]1CCCNC1=O.CSCC[C@H](N)C(=O)N[C@@H](CCC(=O)O)C(N)=O.C[C@@H](O)[C@H](N)C(=O)N[C@H](C(=O)C(=O)[C@@H](N)CO)[C@@H](C)O.N.N.N=C(N)N.O=C1CCCC1
C%41(=O)[C@@H](N)CCCC(N)=O.[C@H]%28(CCC(=O)O)C%54=O.[C@H]%30(CCC(N)=O)C4=O.[C@H]%40(CCCCN)C%14=O.CC[C@H](C)[C@H]%18C%46=O.[C@H]%22(CCC%25)C%52=O.C%35(=O)[C@@H]%24CCC%25.[C@H]%37(CCC%38)C%10=O.[C@H]%39(CC(C)C)C%12=O.C2(=O)[C@@H]%19[C@@H](C)O.C%13(=O)[C@@H]%20C(C)C.[C@@H]%27(C%53=O)[C@@H](C)O.[C@H]%29(CC%47)C5=O.[C@@H]%34(C6=O)C(C)C.[C@@H]%44(C(=O)O)[C@@H](C)O.[C@H]%41(CC%48)C%14=O.CC%24(=O)[C@@H]%21CO.[C@H]%32(CO)C8=O.N1%10CCC[C@H]1%49.[C@H]%31(C)C7=O.[C@H]%42(C)C%15=O.[C@H]%43(C)C%17=O.N%25C(=N)N.C%48%49=O.N%26C(=N)N.N%38C(=N)N.C%11%50=O.N2%18.N%13%20.N%24%21.N%35%23.N%41%27.N%51%28.N%52%28.N%53%29.N3%30.N5%31.N6%33.N7%34.N8%36.N9%39.N%11%40.N%12%41.S%47C.N%14%42.N%15%43.N%16%44	INVALID
=O.[C@H]%10(CCCCN)C%20=O.[C@H]%12(CCCN)C%22=O.CC[C@H](C)[C@H]5C%19=O.[C@H]6(CC(N)=O)C2=O.C%20(=O)[C@@H]9[C@@H](C)C%16.N13CCC[C@H]1%15.c1%16c[nH]cn1.C%10C%22=O.C%14C(=O)O.N25.N%136.N%197.N%208.N%219.N%23%10.N%24%11.N4%14	INVALID
[C@H]%29(CCCCN)C%11=O.CC[C@H](C)[C@H]%15C%44=O.C%24(=O)[C@@H]%18[C@@H](C)CC.C%40(=O)[C@@H]%22C(C)C.C%42(=O)[C@@H]%23C(C)C.[C@@H]%25(C5=O)C(C)C.c1%38ccc(O)cc1.[C@@H]%28(C9=O)C(C)C.[C@@H]%30(C%12=O)C(C)C.C%13(=O)[C@@H]%18C%34.C%41(=O)[C@@H]%20C%38.C%43(=O)[C@@H](N)C%39.c1%39ccccc1.[C@H]%26(C%40)C4=O.[C@H]%27(C%37)C6=O.C2(=O)[C@@H]%16C.C%41(=O)[C@@H]%21C.c1%34c[nH]cn1.c1%35c[nH]cn1.c1%36c[nH]cn1.c1%37c[nH]cn1.[C@H]%31(C)C7=O.C%32C(=O)O.C7%33=O.N2%15.N%13%16.N%24%17.N%35%18.N%40%19.N%41%20.N%42%21.N%43%22.N%44%23.N3%25.N4%26.N5%27.N6%28.N9%29.N%10%30.N%11%31.N%12%32	CC(C)[C@H](N)C(=O)NCC(=O)O.CC(C)[C@H](N)C(=O)N[C@@H](Cc1c[nH]cn1)C(=O)N[C@H](C(=O)N[C@@H](CCCCN)C(=O)N[C@@H](C)C(=O)C=O)C(C)C.CC(C)[C@H](NC(=O)[C@@H](N)Cc1ccccc1)C(=O)C[C@@H]1NC1=O.CC[C@H](C)[C@@H](C(N)=O)[C@@H](Cc1c[nH]cn1)C(=O)N[C@@H](C)C(=O)N[C@H](C(=O)N[C@H](C(=O)N[C@@H](C)C(=O)C(=O)[C@@H](N)Cc1ccc(O)cc1)C(C)C)[C@@H](C)CC.N.Nc1c[nH]cn1.c1c[nH]cn1
[C@H]%16(CCCCN)C%36=O.[C@H]%25(CCC(=O)O)C8=O.CC[C@H](C)[C@H](N)C2=O.[C@H]%13(CC(C)C)C%24=O.[C@H]%17(CC(=O)O)C%32=O.[C@H]%18(CC(=O)O)C%34=O.[C@H]%18(CCC%19)C%36=O.[C@H]%21(CC(=O)O)C5=O.[C@@H]%23(C7=O)[C@@H](C)CC.[C@@H]%12(C%31=O)[C@@H](C)O.[C@@H]%15(C3=O)C(C)C.[C@@H]%26(C7=O)C(C)C.[C@H]%28(C%29)C(=O)O.[C@H]%11(C)C%30=O.[C@H]%27(C)C%33=O.c1%29c[nH]cn1.c1%29c[nH]cn1.C%15C%13=O.N%19C(=N)N.C%21C9=O.N2%10.N%13%11.N%24%12.N%31%14.N%33%15.N%34%16.N%35%17.N%36%18.N%37%20.N4%21.N5%22.N6%23.N7%26.N8%27.N9%28	CC(C)C[C@H](C(=O)C[C@H](C=O)C(C)C)C(=O)N[C@H](C(N)=O)[C@@H](C)O.CC[C@H](C)[C@H](N)C(=O)C(=O)[C@@H](N)C(C)C.CC[C@H](C)[C@H](N)C(N)=O.C[C@H](N)C=O.C[C@H](NC(=O)CCCC(=O)O)C(N)=O.N.N.N.N=C(N)NCCC[C@H]1C(=O)C(=O)[C@H](CCCCN)NC(=O)[C@@H]1CC(=O)O.NC(=O)[C@H](CC(=O)O)CC(=O)N[C@@H](Cc1c[nH]cn1)C(=O)O.N[C@H](C=O)CC(=O)O.c1c[nH]cn1
C%31(=O)[C@@H]%16CCC(=O)O.C%33(=O)[C@@H]%21CCC(=O)O.CC[C@H](C)[C@H]8C6=O.C2(=O)[C@@H]9CC(=O)O.C%30(=O)[C@@H]%14CC(C)C.C%32(=O)[C@@H]%15CC(C)C.C%33(=O)[C@@H]%17CCC%18.C%36(=O)[C@@H]%20CC(=O)O.c1%29ccc(O)cc1.C%30(=O)[C@@H]%15[C@@H](C)O.C%31(=O)[C@@H]%19[C@@H](C)O.[C@H]%22(CC%25)C(=O)O.C%13(=O)[C@@H]9CO.[C@@H]1%26CCCN1%35.[C@@H]1%27CCCN1%30.[C@@H]1%28CCCN1%28.C5(=O)[C@@H]%22C%29.C%24(=O)C%11.N%18C(=N)N.C%21C7%26=O.C%24%27=O.C%26%28=O.N28.N%139.N%24%10.N%30%11.N%31%12.N%32%14.N%33%15.N%34%16.N4%17.N5%19.N6%20.N7%21.N8%22.S%25C	INVALID
C%18=O.[C@H]6(CCC7)C%20=O.[C@H]%10(CCC%11)C%19=O.[C@H]%12(CC(N)=O)C%21=O.[C@H]%14(CCC%15)C(=O)O.C4(N)C2=O.C5C%22=O.N7C(=N)N.C14.N15.N%186.N%198.N%209.N%21%10.N%22%12.N%23%14	CCC[C@H](N)C(=O)O.CCC[C@H](NC(=O)[C@H](CC(N)=O)NC(=O)CNCC(N)C=O)C(N)=O.N=C(N)NCCC[C@H](NC=O)C(N)=O
C%13(=O)[C@@H]6CCC7.C%16(=O)[C@@H]%10CCC%11.C%18(=O)[C@@H](N)CC%16.[C@H]%14(CC(C)C)C(=O)O.C2(=O)C5.C%12C%22=O.N8C(=N)N.N%11C(=N)N.N14.N%125.N%187.N%209.S%15C.N%21%10.N%22%14	CC(C)C[C@H](NC(=O)CNCC=O)C(=O)O.CS.N.N.N=C(N)N.N=C(N)NCCC[C@H](N)C(=O)CC[C@H](N)C(=O)NCCCCC=O
C%13(=O)[C@@H](N)CCCN.[C@@H]7(C%19=O)[C@@H](C)CC.C2(=O)[C@@H]5[C@@H](C)O.[C@@H]8(C%20=O)C(C)C.[C@@H]%13(C%21=O)C(C)C.[C@@H]%15(C3=O)C(C)C.[C@H]%10(CO)C%23=O.[C@H]9(CC%18)C%25=O.[C@H]%12(CO)C%27=O.N1%24CCC[C@H]1%17.c1%18c[nH]cn1.[C@H]%11(C)C%22=O.C6C%24=O.C%16C(=O)O.N24.N%135.N%166.N%197.N%198.N%209.N%21%10.N%22%11.N%23%12.N%25%14.N3%15.N3%16	CC(C)[C@@H](C(=O)N[C@@H](CO)C(=O)N[C@H](C=O)CO)C(=O)[C@@H](N)CCCN.CC(C)[C@@H]1NC1=O.CC(C)[C@H](N)C(=O)N[C@@H](CCc1c[nH]cn1)C(N)=O.CC[C@H](C)[C@@H]1NC1=O.C[C@@H](O)[C@H](N)C(N)=O.C[C@@H]1NC1=O.N.O=C(O)CNCC(=O)N1CCCC1
C%22(=O)[C@@H](N)CC(=O)O.CC[C@H](C)[C@H]4C(=O)O.C%13(=O)[C@@H]7CC%14.C%17(=O)[C@@H]9C(C)C.C%20(=O)[C@@H]8CC%15.C%21(=O)[C@@H]6CO.C%18%16=O.N25.N%106.N%177.S%16C.N%198.N%209.N%21%10.S%17C.N%22%12	CC[C@@H](C=O)NC(=O)[C@@H](NC(=O)[C@@H](N)CC)C(C)C.CC[C@H](C)CC(=O)O.CS.CSC=O.N.NC(=O)[C@@H](N)CC(=O)O.O=C1NN[C@H]1CO
C%67(=O)[C@@H](N)CC(=O)O.[C@H]%42(CCC(=O)O)C9=O.c1%61c[nH]c2ccccc12.[C@H]%49(CCC(=O)O)C%16=O.[C@H]%51(CCCCN)C%17=O.c1%62c[nH]c2ccccc12.CC[C@H](C)[C@H]%24C5=O.C%14(=O)[C@@H]%27[C@@H](C)CC.C%58(=O)[C@@H]%32[C@@H](C)CC.[C@H]%34(CCC%35)C5=O.[C@H]%37(CCC%38)C7=O.[C@H]%43(CCC%44)C%13=O.[C@H]%46(CCC%48)C%18=O.[C@@H]%53(C%20=O)[C@@H](C)CC.[C@H]%57(CCC%59)C%23=O.C%66(=O)[C@@H]%33C(C)O.[C@@H]%40(C6=O)C(C)C.[C@@H]%40(C8=O)[C@@H](C)C.[C@@H]%52(C%21=O)[C@@H](C)O.[C@@H]1%60CCCN1%35.C3(=O)[C@@H]%26C.C%36(=O)[C@@H]%28C.C%25(=O)[C@@H]%30C.[C@H]%41(C)C%10=O.[C@H]%45(C)C%12=O.[C@H]%50(C)C%15=O.[C@H]%52(C)C%19=O.[C@H]%54(C)C%22=O.N%24C(=N)N.C%47(=O)C%29.C%56(=O)C%31.N%38C(=N)N.C%39C%104=O.N%44C(=N)N.N%48C(=N)N.N%59C(=N)N.C%57C(=O)O.N3%24.N%25%26.N%36%28.N%47%29.N%58%30.N%65%31.N%66%32.N%67%33.N%68%34.N4%37.N5%39.N6%40.N7%41.N8%42.N9%43.N%10%45.N%11%46.N%12%46.N%13%49.N%15%50.N%16%51.N%17%52.N%18%53.N%19%54.N%20%55.N%21%56.N%22%57	INVALID
c1%27c[nH]c2ccccc12.c1%28c[nH]c2ccccc12.c1%29c[nH]c2ccccc12.CC(C)C[C@H]8C%35=O.C%30(=O)[C@@H]%12[C@@H](C)O.[C@@H]%20(C7=O)[C@@H](C)O.C3(=O)[C@@H]9CO.C%25(=O)[C@@H]%11CC%26.c1%26ccccc1.[C@@H]1%22CCCN1%30.C%31(=O)[C@@H]%11CO.C%32(=O)[C@@H]%13C%24.C%34(=O)[C@@H]%15C%27.C%33(=O)[C@@H]%16C%28.C%35(=O)[C@@H](N)CO.[C@H]%19(C%29)C5=O.[C@H]%21(CO)C8=O.N17CCC[C@H]1%23.c1%24c[nH]cn1.N%18C(=N)N.C%19C6=O.C4%22=O.C%23(=O)O.N38.N%149.N%25%10.N%36%11.N%31%12.N%32%13.N%33%15.N%34%16.N%35%17.N%37%18.N4%19.N5%20.N6%21	CC(C)C[C@@H](C(=O)C(=O)[C@@H](N)CO)C(=O)[C@H](CO)NC(=O)C[C@@H](Cc1c[nH]c2ccccc12)C(=O)N[C@H](C(=O)N1CCC[C@H]1C(=O)O)[C@@H](C)O.C[C@@H](O)[C@H](NC(=O)[C@H](CO)[C@@H](CCc1ccccc1)C(N)=O)C(=O)N1CCC[C@H]1C(N)=O.N.N.N=C(N)NN.NC(=O)[C@@H](N)CO.O=C1N[C@@H](Cc2c[nH]c3ccccc23)C(=O)N[C@H]1Cc1c[nH]c2ccccc12.O=C1N[C@H]1Cc1c[nH]cn1
C3(=O)[C@@H]%31CCC(=O)O.[C@H]%32(CCCCN)C%10=O.[C@H]%40(CCC(=O)O)C%12=O.CC(C)C[C@H]%18C5=O.C%35(=O)[C@@H]%22CCC%23.C%53(=O)[C@@H]%26CC(N)=O.C%54(=O)[C@@H]%29CCC%30.C4(=O)[C@@H](N)CC(C)C.[C@H]%31(CC(=O)O)C6=O.[C@H]%33(CCC%34)C8=O.[C@H]%45(CCC%47)C(=O)O.c1%50ccc(O)cc1.[C@@H]%37(C9=O)C(C)C.c1%51ccc(O)cc1.c1%52ccc(O)cc1.[C@@H]%41(C%16=O)C(C)C.[C@@H]%47(CC%17=O)C(C)C.C2(=O)[C@@H]%19CO.C%46(=O)[C@@H]%25C%50.C%55(=O)[C@@H]%28C%49.[C@H]%38(C%51)C%12=O.[C@H]%38(C%51)C%14=O.[C@H]%42(C%53)C%15=O.C%35(=O)[C@@H]%28C.[C@H]%36(C)C%11=O.c1%49c[nH]cn1.[C@H]%43(C)C%17=O.C%13(=O)C%20.N%23C(=N)N.N%34C(=N)N.N%47C(=N)N.N2%18.N%13%19.N%24%20.N%35%21.N%46%25.N%53%26.N%54%27.N%55%28.N%56%29.N3%31.N4%32.S%48C.N6%33.N7%34.N8%36.N9%37.N%10%38.N%11%39.N%12%40.N%14%41.N%15%42.N%16%43.N%17%45	CC(C)C[C@@H](C=O)NC(=O)[C@H](CO)NC(=O)CN.CC(C)C[C@H](N)C(=O)N[C@@H](CCCCN)C(N)=O.CC(C)[C@@H]1NC1=O.CC(C)[C@H](CCC[C@H](N)C(=O)O)CC(=O)C(=O)[C@H](C)NC(=O)[C@@H](NC(=O)[C@H](C)[C@@H](Cc1ccc(O)cc1)C(=O)C(=O)[C@@H](N)CCC(=O)O)C(C)C.CCC[C@H](N)C(N)=O.CS.C[C@@H](C(=O)C(=O)CCCCNC(=N)N)[C@@H](Cc1c[nH]cn1)C(N)=O.C[C@H](NC(=O)[C@H](CCCNC(=N)N)NC(=O)[C@H](CC(=O)O)[C@@H](CCC(=O)O)C(N)=O)C(N)=O.N.N.N=C(N)N.NC(=O)C[C@H](N)C(=O)C[C@@H]1NC1=O.O=C1N[C@H]1Cc1ccc(O)cc1.Oc1ccccc1
c1%73c[nH]c2ccccc12.c1%74c[nH]c2ccccc12.[C@H]%44(CCC(=))O)C%15=O.[C@H]%50(CCC(=)=O)C7=O.CC[C@H](C)[C@H]%31C5=O.C%14(=O)[C@@H]%33CC(C)C.C3(=O)[C@@H]%32CC(C)C.C%47(=O)[C@@H]%35CC(=O)O.C%58(=O)[C@@H]%38CCC%39.[C@H]%45(CCC%46)C8=O.[C@H]%48(CCC%49)C%12=O.[C@H]%55(CC(=O)O)C%19=O.[C@H]%59(CC(C)C)C%22=O.[C@H]%59(CC(=O)O)C%23=O.[C@H]%60(CC(N)=O)C%26=O.[C@H]%61(CC(C)C)C%27=O.[C@H]%65(CC(N)=O)C%28=O.C4(=O)[C@@H](N)CC%67.[C@@H]%66(C(=O)O)C(C)C.[C@H]%64(CC%68)C%29=O.C%77(=O)[C@@H]%41C%74.N18CCC[C@H]1%70.N19CCC[C@H]1%71.N1%10CCC[C@H]1%72.[C@H]%51(C%75)C%16=O.c1%75ccccc1.[C@H]%54(C%76)C%18=O.C7(=O)[C@@H]%43C.[C@H]%62(C)C%24=O.[C@H]%63(C)C%30=O.C%36(=O)C%37.C%25(=O)C%34.N%39C(=N)N.C%77(=O)C%42.N%46C(=N)N.N%49C(=N)N.C%53C%17=O.C%18(=O)C%56.N%60C(=N)N.C%57C%21=O.C9%70=O.C%10%71=O.C%11%72=O.N3%31.N%14%32.N%25%33.N%36%34.N%47%35.N%58%37.N%69%38.N%77%40.N%77%41.N%89%42.N4%43.S%67C.N5%44.N6%46.N7%48.N%12%50.N%13%51.N%15%52.N%16%53.N%17%54.N%18%55.N%19%56.N%21%57.N%22%59.N%23%60.N%24%61.N%26%62.N%27%63.N%28%64.S%68C.N%29%65.N%30%66	INVALID
C%14(=O)[C@@H]%24CCC(N)=O.C%36(=O)[C@@H]%27CCC(=O)O.C%60(=O)[C@@H]%33CCC(=O)O.C6(=O)[C@@H]%37CCC(N)=O.c1%54c[nH]c2ccccc12.[C@H]%48(CCC(=O)O)C%20=O.CC[C@H](C)[C@H]%22C%11=O.C%47(=O)[C@@H]%28CC(C)C.C%58(=O)[C@@H]%30CCC%31.[C@H]%40(CC(C)C)C%15=O.[C@H]%41(CC(C)C)C%16=O.[C@H]%45(CCC%46)C%21=O.c1%56ccc(O)cc1.C%10(=O)[C@@H](N)CC%51.[C@@H]%38(C%13=O)C(C)C.[C@@H]%39(C%13=O)[C@@H](C)O.[C@@H]%50(C(=O)O)[C@@H](C)O.C%25(=O)[C@@H]%26CO.[C@@H]1%52CCCN1%62.[C@@H]1%53CCCN18.[C@H]%35(CS)C%15=O.[C@H]%42(CO)C%17=O.[C@H]%43(C%54)C%19=O.[C@H]%44(C%55)C%19=O.c1%55ccccc1.C5(=O)[C@@H]%34C.[C@H]%39(C)C%12=O.[C@H]%43(C)C%17=O.C3(=O)C%26.C%58(=O)C%29.C%58(=O)C%32.N%31C(=N)N.N%46C(=N)N.C%61%52=O.C7%53=O.N3%22.N%14%23.N%25%24.N%36%26.N%47%27.N%56%28.N%57%29.N%59%30.N%59%32.N4%33.N6%34.N7%35.N9%37.N%10%38.S%51C.N%11%39.N%12%40.N%13%41.N%15%42.N%16%43.N%17%44.N%18%45.N%19%48.N%20%49.N%21%50	CC(C)C[C@H](N)C(N)=O.CC(C)C[C@H](Nc1ccc(O)cc1)C(=O)N[C@@H](CCC(=O)O)C(N)=O.CC[C@H](C)[C@H](NC(=O)C[C@@H](CO)C(=O)N[C@@H](CCC(N)=O)C(N)=O)C(N)=O.CSCC[C@H](N)C(=O)N[C@H](C(=O)C(=O)[C@H]([C@@H](C)O)[C@@H](C)C(=O)N[C@@H](CC(C)C)C(=O)C(=O)[C@H](CS)NC(=O)[C@@H]1CCCN1)C(C)C.C[C@@H](C(=O)C(=O)[C@@H](N)CO)[C@@H](Cc1c[nH]c2ccccc12)C(=O)C(=O)[C@@H](N)Cc1ccccc1.C[C@@H](C=O)NC(=O)[C@@H](N)CCC(N)=O.C[C@@H](O)[C@H](NC(=O)[C@@H](N)CCCNC(=N)N)C(=O)O.N=C(N)NCCC[C@H](NNCC=O)C(=O)C(=O)CN.NC(=O)[C@@H](N)CCC(=O)O.N[C@H](C=O)CCC(=O)O.O=C[C@@H]1CCCN1
C%24(=O)[C@@H]6CCCCN.C%28(=O)[C@@H]7CCCCN.C1(=O)[C@@H](N)CCC4.[C@H]%12(CCC%14)C(=O)O.C%15C[C@H]5C3=O.C%13(=O)[C@@H]6CO.[C@@H]1%16CCCN1%19.[C@@H]1%18CCCN1%20.C%20(=O)[C@@H]9CO.C%26(=O)[C@@H]%10C%22.c1%22ccccc1.C%27(=O)[C@@H]%11C%23.c1%23ccccc1.C%34(=O)C8.N4C(=N)N.N%14C(=N)N.C%18%16=O.C%19%17=O.C%20%18=O.N25.N%136.N%247.N%258.N%279.N%28%10.N3%11.N4%14	INVALID
C%23(=O)[C@@H]%10CCC(=O)O.[C@H]%15(CCCCN)C(=O)O.CC(C)C[C@H]3C%25=O.c1%17ccc(O)cc1.c1%18ccc(O)cc1.C%21(=O)[C@@H]9C(C)C.c1%19ccc(O)cc1.C%22(=O)[C@@H]%11CCC%16.C%24(=O)[C@@H](N)[C@@H](C)C.C2(=O)[C@@H]5C%17.C%20(=O)[C@@H]9C%18.[C@H]%12(C%19)C%26=O.[C@H]%12(C%16)C2=O.c1%16c[nH]cn1.N7C(=N)N.C%22(=O)C8.C%14C2=O.N23.N%134.N%185.N%206.N%218.N%219.N%22%10.N%23%11.N%24%12.N%16%14.N%27%15	CC(C)C[C@@H](C=O)NC(=O)CNc1c[nH]cn1.CC(C)[C@@H](C(=O)NCC(=O)C(=O)[C@H](CCCC[C@@H](C(=O)C(=O)[C@@H](N)Cc1ccc(O)cc1)[C@H](C=O)Cc1ccc(O)cc1)NC(=O)[C@@H](N)CCC(=O)O)[C@@H](Cc1ccc(O)cc1)C(N)=O.CC(C)[C@H](N)C(N)=O.N.N.N=C(N)N.NCCCC[C@H](N)C(=O)O
[C@H]%27(CCCCN)C%61=O.[C@H]%40(CCCCN)C9=O.[C@H]%48(CCCCN)C%21=O.CC[C@H](C)[C@H]%22C%60=O.[C@H]%29(CC(=O)O)C%60=O.C%59(=O)[C@@H](N)CC(N)=O.C%46(=O)[C@@H]%28CC(C)C.[C@H]%29(CC(N)=O)C%63=O.[C@H]%37(CCC%38)C%10=O.[C@H]%40(CCC%41)C%12=O.[C@H]%42(CC(=O)O)C%15=O.[C@H]%47(CC(C)C)C%20=O.C%35(=O)[C@@H]%25C(C)C.c1%59ccc(O)cc1.[C@H]%29(CC%52)C4=O.[C@@H]%31(CC5=O)[C@@H](C)O.[C@H]%44(CC%53)C%16=O.[C@@H]%49(C%17=O)[C@@H](C)O.[C@@H]%53(C%19=O)[C@@H](C)O.C%24(=O)[C@@H]%25CO.[C@H]%32(C%58)C5=O.[C@H]%33(CO)C6=O.[C@H]%34(C%59)C8=O.[C@H]%39(C%54)C8=O.[C@H]%43(CO)C%11=O.[C@H]%45(CO)C%18=O.[C@H]%51(C%58)C(=O)O.c1%55c[nH]cn1.[C@H]%50(C)C%14=O.c1%56c[nH]cn1.C%13(=O)C%23.N%38C(=N)N.N%41C(=N)N.C2(=O)O.N2%22.N%13%23.N%24%25.N%35%26.N%46%27.N%57%28.S%52C.N%59%29.N%60%30.N%61%31.N3C.N5%32.N6%33.N7%34.N8%36.N9%37.N%10%39.N%11%40.N%12%41.N%14%43.N%14%43.N%15%44.S%53C.N%16%45.N%17%47.N%18%48.N%19%49.N%20%50.N%21%51	CC(C)C[C@H](NC(=O)[C@@H](NC(=O)[C@@H](CC[C@H](NC(=O)CCC(=O)O)C(=O)N[C@@H](CO)C(=O)N[C@@H](CCCCN)C(=O)N[C@@H](CC[C@H](N)C(=O)C(=O)C[C@@H](NC(=O)[C@H](CCCCN)NC(=O)[C@@H](N)CC(C)C)[C@@H](C)O)C(=O)O)[C@@H](C)O)[C@@H](C)O)C(=O)N[C@@H](C)C(=O)N[C@@H](CO)C(N)=O.CC(C)[C@@H](C(N)=O)[C@@H](CO)C(N)=O.CC[C@H](C)[C@H](NC(=O)O)C(=O)C(=O)[C@H](CC(=O)O)[C@H](C=O)CC(N)=O.CN.CS.CSCC[C@@H](C=O)NC[C@H](N)C(=O)C(=O)[C@H](C)NC(=O)[C@H](CCCNC(=N)N)NC(=O)[C@H](CCCCN)[C@@H](CCCNC(=N)N)C(N)=O.N.N.N.NC(=O)C[C@H](N)C(=O)c1ccc(O)cc1.O=C1CN1.O=C1N[C@H]1CO.c1c[nH]cn1.c1c[nH]cn1
[C@H]%19(CCCCN)C%47=O.[C@H]%20(CCCCN)C%49=O.[C@H]%24(CCCCN)C5=O.[C@H]%30(CCC(=O)O)C7=O.[C@H]%30(CCCCN)C9=O.[C@H]%31(CCC(=O)O)C%10=O.[C@H][C@H]%35(CCCCN)C%12=O.[C@H]%33(CCC(=O)O)C%18=O.c1%45c[nH]c2ccccc12.[C@H]%22(CCC%23)C%51=O.[C@H]%36(CCC%37)C%11=O.[C@H]%40(CCC%41)C(=O)O.C%42C[C@H]%16C%38=O.C%14(=O)[C@@H]%18[C@@H](C)O.C%36(=O)[C@@H](N)CC%43.[C@@H]%21(C%49=O)C(C)C.[C@@H]%27(C6=O)C(C)C.[C@H]%37(CC%44)C%13=O.[C@H]%32(C%45)C%13=O.[C@H]%35(C%46)C%13=O.C%14(=O)[C@@H]%18C.N%23C(=N)N.N%26C(=N)N.C%29C%10=O.N%41C(=N)N.CS%42.N3%16.N%14%17.N%25%18.S%43C.N%42%20.N%44%21.N%48%22.N%49%24.N%50%27.N4%28.N6%29.N7%30.N8%31.N9%32.N%10%34.N%11%35.N%12%38.S%43C.N%15%39	INVALID
C%21(=O)[C@@H](N)CO.[C@H]%11(CO)C3=O.N1%29CCC[C@H]1%17.C)[C@H](CC)O.C%18(=O)[C@@H]7CS.C%17(=O)[C@@H]8C.C%19(=O)C%12.N26.N%137.N%25C.S%15C.N%169.N%17%10.N3%12	INVALID
C5(=O)[C@@H]%30CCC(=O)O.c1%49c[nH]c2ccccc12.[C@H]%32(CCCCN)C%12=O.CC[C@H](C)[C@H]%18C%10=O.C%25(=O)[C@@H]%20CCC%21.C8(=O)[C@@H](N)CCC%10C.[C@H]%23(CC(C)C)C%13=O.[C@H]%37(CCC%38)C%15=O.[C@H]%39(CCC%40)C%16=O.[C@@H]%41(C%16=O)[C@@H](C)CC.[C@H]%43(CC(=O)O)C%17=O.[C@H]%44(CC(C)C)C(=O)O.C%47(=O)[C@@H]%23CC%45.C%50(=O)[C@@H]%27C(C)C.C%51(=O)[C@@H]%28CO.C4(=O)[C@@H]%29CO.C6(=O)[C@@H]%31C%49.C7(=O)[C@@H]%32CO.[C@H]%42(CO)C%18=O.[C@H]%33(C)C9=O.C%25(=O)C%19.C%14(=O)C%19.N%21C(=N)N.N%34C(=N)N.N%37C(=N)N.C%35C%11=O.N%40C(=N)N.N3%18.N%14%18.N%25%19.N%36%20.N%47%22.S%45C.N%49%23.N%50%24.N%51%27.N4%28.N5%29.N6%30.N7%31.N8%32.N9%33.N%10%35.N%11%35.N%12%39.N%13%41.N%15%42.N%16%44	CC(C)C[C@H](N)C(=O)O.CCC[C@H](NC(=N)N)C(=O)N[C@@H](CO)C(=O)[C@H](C(=O)C(C)CC[C@H](N)C(N)=O)[C@@H](C)CC.CC[C@H](C)[C@H](NC(=O)[C@H](CC(C)C)[C@@H](CCSC)C(N)=O)C(=O)C(=O)[C@H](CCCNC(=N)N)NC(=O)[C@H](CCCCN)[C@@H](CO)C(=O)N[C@@H](Cc1c[nH]c2ccccc12)C(=O)N[C@@H](CCC(=O)O)C(=O)N[C@@H](CO)C(=O)N[C@@H](CO)C(=O)N[C@H](C(N)=O)C(C)C.C[C@@H]1NC1=O.N.N.N=C(N)N.N=C(N)NCCC[C@H](N)C(=O)C(=O)CCC(=O)NN.NCC(N)=O.O=CCCC(=O)O
C%13(=O)[C@@H]%18CCC(=O)O.[C@H]%29(CCC(=O)O)C%10=O.[C@H]%33(CCCCN)C%11=O.[C@H]%34(CCC(=O)O)C%15=O.CC[C@H](C)[C@H]%16C%48=O.C%24(=O)[C@@H]%19CC(C)C.C%35(=O)[C@@H]%20CC(C)C.[C@H]%21(CCC%22)C%47=O.[C@H]%31(CC(=O)O)C%46=O.[C@H]%33(CC(C)C)C8=O.[C@H]%34(CC(C)C)C%14=O.c1%42ccc(O)cc1.c1%43ccc(O)cc1.[C@H]%26(CCC%39)C6=O.C%45(=O)[C@@H](N)CC%40.[C@@H]%25(C5=O)[C@@H](C)O.[C@@H]%32(C%11=O)[C@@H](C)O.C2(=O)[C@@H]%17C%42.N1%49CCC[C@H]1%41.[C@H]%29(C%43)C7=O.[C@H]%38(C)C%12=O.C2(=O)C%17.N%22C(=N)N.C%26C4=O.C%37C3=O)C%27.C%39C(=O)O.C5%41=O.N2%16.N%13%17.N%24%18.N%35%19.N%46%20.S%45C.N%46%21.N%46%23.N%48%25.N3%26.N5%27.S%40C.N6%28.N7%29.N8%30.N9%31.N%10%32.N%11%33.N%12%34.N%14%37.N%15%38	INVALID
C2(=O)[C@@H]7CCC(=O)O.C%28(=O)[C@@H]%14CCC(=O)O.[C@H]%18(CCC(=O)O)C(=O)O.CC(C)[C@H]6C3=O.C2(=O)[C@@H]8C(C)C.C%24(=O)[C@@H]8CC%19.C%30(=O)[C@@H](N)CC(C)C.C%23(=O)[C@@H]9C%21.[C@@H]1%20CCCN1%25.C%27(=O)[C@@H]%11C%22.[C@H]%16(CO)C5=O.C%24(=O)[C@@H]%10C.c1%21c[nH]cn1.c1%22c[nH]cn1.C%27(=O)[C@@H]%12C.C%15C4=O.C%17C6=O.C%24%20=O.N26.N%137.N%138.N%239.N%23%10.N%25%11.S%19C.N%26%12.N%27%14.N3%15.N4%16.N5%17.N6%18	CC(C)C[C@H](N)C=O.CC(C)[C@@H]1C(=O)CNC(=O)[C@H](CO)NC(=O)CNC1=O.CSCC[C@@H](C(=O)C(=O)[C@H](C)N)[C@H](C(=O)C(=O)[C@H](CCC(=O)O)NN)C(C)C.C[C@H](N)C(=O)C(=O)[C@H](Cc1c[nH]cn1)NN1CCC[C@H]1C=O.NN[C@@H](CCC(=O)O)C(=O)O.N[C@H](C=O)CCC(=O)O.O=C1N[C@H]1Cc1c[nH]cn1
[C@H]9(CCC(=O)O)C%24=O.[C@H]%10(CCCCN)C%28=O.c1%23c[nH]c2ccccc12.[C@H]%18(CC(C)C)C5=O.C%20C[C@H](N)C3=O.[C@@H]%18(C5=O)C(C)C.[C@@H]%19(C(=O)O)C(C)C.[C@H]9(C%22)C%25=O.N15CCC[C@H]1%21.[C@H]8(C)C%14=O.[C@H]%10(C)C%26=O.[C@H]%14(C)C%28=O.[C@H]%16(C)C4=O.C%11C%28=O.C%12C%29=O.C%17C%30=O.C6%21=O.CS%20.N38.N%149.N%25%10.N%25%11.N%27%12.N%28%13.N%29%15.N%30%16.N4%17.N6%18.N7%19	CC(C)C[C@H]1C(=O)C(=O)[C@@H]1C(C)C.CC(C)[C@H](N)C(=O)O.CSCC[C@H](N)C(=O)N[C@@H](C)C(=O)[C@@H](C)C(=O)C(=O)[C@H](CCCCN)[C@@H](C)C=O.C[C@@H](C(N)=O)[C@H](C=O)CCC(=O)O.C[C@@H]1NC(=O)CNC1=O.N.NC(=O)[C@@H]1CCCN1.NCC(N)=O.NCC(N)=O.c1ccc2[nH]ccc2c1
[C@H]%10(CCCCN)C%21=O.[C@H]%14(CCCCN)C%22=O.[C@H]%15(CCCCN)C%29=O.[C@H]%18(CCCCN)C(=O)O.[C@H]6(CC(C)C)C%24=O.[C@H]8(CC(=O)O)C5=O.[C@H]%17(CC(=O)O)C6=O.C%18C[C@H])C2=O)C(C)C.[C@H]8(CO)C%13=O.N13CCC[C@H]1%18.[C@H]7(C)C%13=O.[C@H]%11(C)C%23=O.[C@H]%14(C)C%27=O.[C@H]%16(C)C3=O.C9C%23=O.C%12C4=O.C4%19=O.N17.N%128.N%209.N%21%10.N%22%11.N%23%12.N%24%14.N3%15.N4%16.N5%17	INVALID
[C@H]%20(CCCCN)C%43=O.c1%38c[nH]c2ccccc12.[C@H]%31(CCC(=O)O)C%11=O.CC[C@H](C)[C@H]%12C%42=O.[C@@H]%13(C%14=O)[C@@H](C)CC..C3(=O)[C@@H]%16CCC%17.C%25(=O)[C@@H]%18CC(C)C.C%40(=O)[C@@H]%21CC(C)C.[C@H]%24(CCC%25)C8=O.[C@H]%33(CC(=O)O)C(=O)O.[C@H]%28(CC%34)C8=O.[C@@H]%23(C%109=O)[C@@H](C)O.[C@@H]%27(C%10=O)C(C)C.[C@H]%29(CC%35)C7=O.[C@H]%22(C%38)C%42=O.[C@H]%27(C%38)C6=O.[C@H]%30(C%39)C9=O.c1%39ccccc1.C%41(=O)CN.N%17C(=N)N.C%32C6=O.N3%13.N%14%15.N%25%16.N%36%18.N%40%19.N%41%20.N%42%21.N%42%22.N%43%23.N4%24.N5%27.N6%28.N7%29.S%37C.N8%30.N9%31.N%10%32.N%11%33	INVALID
c1%24c[nH]c2ccccc12.C%27(=O)[C@@H]%16CCC(N)=O.[C@H]%22(CCCCN)C(=O)O.CC[C@H](C)[C@H]9C%30=O.C%28(=O)[C@@H]%17[C@@H](C)CC.C%29(=O)[C@@H](N)CC(C)C.[C@H]%17(CC(=O)O)C5=O.c1%26ccc(O)cc1.[C@@H]%13(C4=O)C(C)C.[C@@H]%18(C6=O)C(C)C.[C@H]%13(C%25)C%31=O.c1%23c[nH]cn1.[C@H]%20(C)C7=O.C3(=O)C%10.C%13(=O)C%11.C%26(=O)C%12.C%28(=O)C%15.N%21C(=N)N.N39.N%14%10.N%25%11.N%26%12.N%27%13.N%28%15.N%29%16.N%30%17.N%31%18.N4%19.N6%20.N7%21.N8%22	CC(C)C[C@H](N)C(=O)N[C@@H](CCC(N)=O)C(=O)NC(=O)CNC[C@@H](C(=O)N[C@H](C(=O)N[C@@H](C)C(=O)NNC(=N)N)C(C)C)[C@H](C(N)=O)C(C)C.CC[C@H](C)[C@@H](C(=O)C(=O)CN)[C@H](C=O)CC(=O)O.CC[C@H](C)[C@H](NC(=O)CN)C(N)=O.NCC(=O)c1ccc(O)cc1.NCCCC[C@H](N)C(=O)O.c1c[nH]cn1.c1ccc2[nH]ccc2c1
c1%40c[nH]c2ccccc12.C%14(=O)[C@@H](N)CCC(=O)O.[C@H]%20(CCCCN)C%47=O.[C@H]%21(CCCCN)C%49=O.[C@H]%23(CCCCN)C%50=O.c1%43c[nH]c2ccccc12.[C@H]%35(CCCCN)C%12=O.[C@H]%19(CC(N)=O)C%46=O.[C@H]%25(CC(=O)O)C%45=O.[C@H]%38(CC(=O)O)C(=O)O.CC[C@H](C)[C@H]%16C%14=O.[C@@H]%29(C6=O)[C@@H](C)CC.[C@@H]%30(C9=O)[C@@H](C)CC.[C@@H]%26(C7=O)[C@@H](C)O.[C@@H]%32(C%13=O)C(C)C.[C@H]%16(C%41)C%25=O.c1%41ccccc1.[C@H]%28(C%42)C%50=O.c1%42ccccc1.[C@H]%31(C%43)C8=O.[C@H]%34(C%44)C%15=O.c1%44ccccc1.[C@H]%22(C)C%50=O.[C@H]%24(C)C4=O.[C@H]%28(C)C7=O.CC4C5=O.N3%16.N%14%17.N%25%18.N%36%19.N%45%20.N%46%21.N%48%22.N%49%23.N%50%24.N4%26.N5%27.N6%28.N7%29.N8%30.N9%31.N%10%32.N%11%33.N%12%34.N%13%35.N%15%38	CC(C(N)=O)C(=O)[C@H](C)NC(=O)[C@H](C)N.CC(C)[C@H](N)C(=O)N[C@@H](CCCCN)C(=O)N[C@@H](Cc1ccccc1)C(=O)N[C@@H](CC(=O)O)C(=O)O.CC[C@H](C)[C@@H](C(=O)C(=O)[C@@H](N)CCC(=O)O)[C@@H](Cc1ccccc1)C(=O)[C@@H](CC(=O)O)C(=O)N[C@H](C=O)CCCCN.CC[C@H](C)[C@@H]1NC(=O)[C@H](Cc2c[nH]c3ccccc23)NC1=O.CC[C@H](C)[C@H](N)C(N)=O.C[C@@H](O)[C@H](N)C(=O)C(=O)[C@H](C)[C@@H](Cc1ccccc1)C(=O)C(=O)[C@H](CCCCN)NC(=O)[C@H](CCCCN)NC(=O)[C@@H](N)CC(N)=O.N.N.N.N.c1ccc2[nH]ccc2c1
[C@H]9(C)C%10)C%20=O.[C@H]%12(CCC%14)C(=O)O.C%20(=O)[C@@H](N)[C@@H](C)O.C%18(=O)[C@@H]6CO.N1%22CCC[C@H]1%16.C2(=O)[C@@H]5C.C%16(=O)C7.N%14C(=N)N.C%17(=O)CN.N%14C(=N)N.C%11C3=O.C%21%15=O.C%23%16=O.N24.N%135.N%176.N%187.N%198.N%20%10.N3%12	INVALID
c1%38c[nH]c2ccccc12.CC[C@H](C)[C@H]%12C%41=O.C%25(=O)[C@@H]%15CCC%16.C%36(=O)[C@@H]%17CC(C)C.C%47(=O)[C@@H]%19CCC%20.C%38(=O)[C@@H]%20CCC%21.C%39(=O)[C@@H]%22CCC%23..[C@H]3(CCC%29)C9=O.C%39(=O)[C@@H]%30)C(=O)O.C%40(=O)[C@@H](N)CC%31.[C@@H]%24(C4=O)[C@@H](C)O.[C@H]%24(CC%32)C5=O.[C@@H]1%33CCCN1%14.N17CCC[C@H]1%34.N19CCC[C@H]1%35.[C@H]%26(CC%37)C%11=O.[C@H]%30(C%38)C%12=O.C%36(=O)[C@@H]%18C.[C@H]%27(C)C7=O.c1%37c[nH]cn1.N%16C(=N)N.N%23C(=N)N.N%29C(=N)N.C3%33=O.C8%34=O.C%10%35=O.N3%13.N%25%15.N%38%17.N%39%18.N%40%19.S%31C.N%40%21.S%32C.N4%24.N6%26.N8%27.N%10%28.N%11%30	INVALID
C2(=O)[C@@H]7CCC(N)=O.C%13(=O)[C@@H]8CCCCN.[C@H]%10(CCCCN)C%25=O.[C@H]%11(CCCCN)C%27=O.[C@H]%14(CCC(N)=O)C5=O.CC(C)C[C@H]6C%23=O.c1%19ccccc1.[C@H]%11(C%18)C%26=O.[C@H]%10%16(C%19)C3=O.c1%19ccccc1.C%12(=O.c1%18c[nH]cn1.C%21(=O)[C@@H](N)C9C%22=O.C%14C4=O.C%15%16C4=O.C%17C(=O)O.N26.N%137.N%218.N%239.N%24%10.N%25%11.N%26%12.N%27%14.N3%15.N4%16.N5%17	INVALID
C%55(=O)[C@@H]%29CCCCN.C%55(=O)[C@@H]%31CCC(=O)O.C%15(=O)[C@@H]%41CCCCN.C%18(=O)[C@@H]%45CCCCN.CC[C@H](C)[C@H]%21C(=O)O.C2(=O)[C@@H]%22[C@@H](C)CC.C%24(=O)[C@@H]%23CC(N)=O.C%35(=O)[C@@H]%25CC(N)=O.C%46(=O)[C@@H]%27CC(=O)O.C%56(=O)[C@@H]%29CC(=O)O.C6(=O)[C@@H]%34CC(N)=O.C%10(=O)[C@@H]%39CC(C)C.C%14(=O)[C@@H]%40CC(N)=O.C%16(=O)[C@@H]%42[C@@H](C)CC.C%17(=O)[C@@H]%45[C@@H](C)CC.C%19(=O)[C@@H]%47CC(C)C.C%20(=O)[C@@H]%48CC(C)C.C%53(=O)[C@@H]%30[C@@H](C)O.C%54(=O)[C@@H]%32CC%49.C5(=O)[C@@H]%32C(C)C.C7(=O)[C@@H]%38C(C)C.C%12(=O)[C@@H]%40[C@@H](C)O.c1%50ccc(O)cc1.C3(=O)[C@@H]%33CO.C8(=O)[C@@H]%37C%50.C%11(=O)[C@@H]%43C%51.c1%51ccccc1.C%14(=O)[C@@H]%33C.N2%21.N%13%22.N%24%23.N%35%26.N%52%27.N%53%28.N%54%29.N%55%30.S%49C.N4%32.N5%33.N6%34.N7%36.N8%37.N9%38.N%10%39.N%11%40.N%12%41.N%14%42.N%15%43.N%16%44.N%17%45.N%18%47.N%19%48	CC(C)C[C@@H]1NC1=O.CC(C)[C@H](N)C(N)=O.CC[C@H](C)[C@@H](C(N)=O)[C@@H](CCCCN)C(=O)N[C@@H](CC(C)C)C(=O)N[C@H](C=O)CC(C)C.CC[C@H](C)[C@H](N)C(=O)N[C@H](C(=O)O)[C@@H](C)CC.CC[C@H](C)[C@H](N)C(N)=O.CSCC[C@@H](C(N)=O)[C@H](C(N)=O)C(C)C.C[C@@H](O)[C@@H](C(=O)N[C@@H](CCCCN)C(=O)N[C@@H](Cc1ccccc1)C(N)=O)[C@@H](CC(N)=O)C(=O)C(=O)[C@H](C)[C@H](C=O)CO.C[C@@H](O)[C@H](N)C(N)=O.N.NC(=O)CCC(N)=O.NC(=O)C[C@@H]1NC1=O.NC(=O)C[C@@H]1NC1=O.NCCCC[C@@H](C(=O)C(=O)CCCC(=O)O)[C@H](C=O)CC(=O)O.N[C@H](C=O)CC(=O)O.O=C1N[C@H]1Cc1ccc(O)cc1
[C@H]%14(CCCCN)C(=O)O.CC[C@H](C)[C@H]N)C2=O.[C@H]%12(CC(=O)O)C%18=O.[C@H]5(CC(N)=O)C%20=O.[C@H]%11(CC(=O)O)C%22=O.[C@@H]6(C%17=O)[C@@H](C)O.[C@@H]7(C%21=O)[C@@H](C)O.[C@H]4(CO)C%12=O.[C@H]9(CO)C%21=O.[C@H]%10(C%15)C%23=O.c11%15ccccc1.N14.N%125.N%176.N%187.N%208.N%219.N%22%10.N%23%11.N3%12	INVALID
C%35(=O)[C@@H]%28CCC(N)=O.C%35(=O)[C@@H]%29CCC(N)=O.C%57(=O)[C@@H]%30CCC(N)=O.[C@H]%38(CCC(N)=O)C6=O.[C@H]%41(CCC(N)=O)C%11=O.[C@H]%43(CCC(N)=O)C%12=O.[C@H]%48(CCC(N)=O)C%15=O.[C@H]%49(CCC(N)=O)C%20=O.CC[C@H](C)[C@H]%21C3=O.C2(=O)[C@@H]%22CCC%23.C%13(=O)[C@@H]%25CC(C)C.C%24(=O)[C@@H]%26CC%27.C%63(=O)[C@@H]%31CCC%32.[C@@H]%41(C%10=O)[C@@H](C)CC.C%62(=O)[C@@H](N)CC%52.[C@H]%33(CC%53)C4=O.[C@@H]%34(C5=O)C(C)C.[C@H]%36(CCC%54)C4=O.[C@@H]%39(C9=O)C(C)C.[C@@H]%42(C%15=O)[C@@H](C)O.[C@@H]%44(C%16=O)[C@@H](C)O.C%46(=O)[C@@H]%29CS.[C@H]%37(CS)C8=O.N1%12CCC[C@H]1%55.[C@H]%40(C)C7=O.[C@H]%45(C)C%17=O.[C@H]%47(C)C%19=O.[C@H]%50(C)C(=O)O.N%23C(=N)N.N%27C(=N)N.N%32C(=N)N.C%14%56=O.N2%21.N%13%22.N%24%25.N%35%26.N%46%28.N%57%29.N%57%30.N%53%31.N%63%33.S3C.S%54C.N4%35.N5%36.N6%37.N7%38.N8%39.N9%40.N%10%41.N%11%42.N%14%43.N%15%44.N%16%45.N%17%47.N%18%48.N%19%49.N%20%51	CC(C)[C@@H]1NC(=O)[C@H](CS)NC(=O)[C@H](CCC(N)=O)NC(=O)[C@H](C)NC1=O.CCC(=O)O.CC[C@H](C)[C@@H](C(N)=O)[C@@H](CCC(N)=O)C(=O)N[C@H](C(=O)C(=O)[C@@H](N)CCC(N)=O)[C@@H](C)O.CC[C@H](C)[C@H](NC(=O)[C@H](CCCNC(=N)N)NC(=O)[C@H](CC(C)C)NC(=O)[C@H](CCNC(=N)N)NN)C(=O)SC.CC[C@H](N)C=O.CSCCC[C@H](NC(=O)CC(C)C)C(=O)C(=O)[C@@H]1CCN[C@@H](CCCNC(=N)N)C(=O)N1.C[C@H](NC(=O)[C@H](C)NC(=O)[C@@H](N)[C@@H](C)O)C(=O)N[C@@H](CCC(N)=O)C(N)=O.NC(=O)CC[C@@H]1NC(=O)[C@H](CS)[C@@H](CCC(N)=O)C(=O)C1=O.NC(=O)CC[C@H](N)C(N)=O.NC(=O)CC[C@H](NC=O)C(=O)N1CCCC1
[C@H]7(CCC(=O)O)C%24=O.[C@H]%12(CCC(=O)O)C%27=O.CC(C)C[C@H]5C%21=O.C2(=O)[C@@H]6CC(C)C.C%13(=O)(N)[C@@H](C)O.[C@@H]%10(C3=O)C(C)C.[C@H]8(CO)C%22=O.N1%24CCC[C@H]1%17.[C@H]%14(CO)C3=O.[C@H]%16(CO)C(=O)O.[C@H]9(C)C%23=O.N%14C(=N)N.C%25%17=O.N25.N%126.N%197.N%208.N%21%10.N%22%11.N%23%12.N%25%14.N2%15.N3%16.N4%17	INVALID
[C@H]%10(CCCCN)C%24=O.CC[C@H](C)[C@H]5C%21=O.[C@H]7(CC(C)C)C%23=O.[C@H]9(CC(N)=O)C%25=O.[C@H]%10(CCC%12)C%27=O.[C@H]%14(CC(C)C)C3=O.[C@@H]%16(C(=O)O)C(C)C.[C@@H]1%17CCCN1%13.C%18(=O)[C@@H]6CO.[C@@H]1%18CCCN1%20.C%20(=O)[C@@H](N)CS.[C@H]8(CO)C%22=O.[C@H]%14(CO)C4=O.N%12C(=N)N%12C2%18%17=O.N24.N%125.N%206.N%217.N%228.N%239.N%24%10.N%25%11.N%26%14.N3%15.N4%16	INVALID
C%13(=O)[C@@H]8CCC(N)=O.C2(=O)[C@@H]9CCC(N)=O.C%25(=O)[C@@H]%12CCCCN.[C@H]%15(CCC(N)=O)C%27=O.[C@H]%15(CCCCN)C3=O.[C@H]%18(CCCCN)C5=O.[C@H]%17(CC(N)=O)C6=O.[C@H]%16(CC%20)C4=O.N17CCC[C@H]1%21.N18CCC[C@H]1%22.C%24(=O)[C@@H]%11C.[C@H]%15(C)C%28=O.[C@H]%19(C)C(=O)O.c1%23c[nH]cn1.C%24(=O)C%10.C5%21=O.C9%22=O.N26.N%137.N%248.N%259.N%26%10.N%27%11.N%28%12.N%29%14.N%31%15.N3%16.S%20C.N4%17.N5%18.N6%19	CSCC[C@H](NC(=O)[C@H](CCCCN)[C@@H](CCC(N)=O)C(=O)N[C@@H](C)C(=O)C(=O)CN)C(=O)N[C@@H](CC(N)=O)C(=O)NC(=O)[C@H](CCC(N)=O)C(=O)[C@@H]1CCCN1[C@@H](CCC(N)=O)C(=O)NN1CCC[C@H]1C(=O)C(=O)[C@@H](N)CCCCN.C[C@H](N)C(=O)N[C@@H](CCCCN)C(N)=O.C[C@H](N)C(=O)O.N.N.c1c[nH]cn1
c1%46c[nH]c2ccccc12.C%50(=O)[C@@H]%27CCCCN.[C@H]%37(CCC(=O)O)C8=O.[C@H]%41(CCC(=O)O)C%12=O.[C@H]%40(CCC(=O)O)C%17=O.C%36(=O)[C@@H]%22CCC%23.C%47(=O)[C@@H]%24CC(=O)O.C%49(=O)[C@@H]%29CC(=O)O.[C@H]%39(CC(C)C)C%16=O.[C@H]%42(CC(C)C)C%18=O.C%44C[C@H]%18C%52=O.C%25(=O)[C@@H]%21[C@@H](C)O.C%51(=O)[C@@H](N)[C@@H](C)O.[C@@H]%38(C%11=O)[C@@H](C)O.[C@H]%28(CO)C%52=O.[C@H]%31(C%45)C5=O.[C@H]%37(C%46)C%10=O.[C@H]%38(CO)C%16=O.[C@H]%43(CO)C(=O)O.C%14(=O)[C@@H]%20C.[C@H]%30(CO)C4=O.[C@H]%32(C)C7=O.c1%45c[nH]cn1.[C@H]%33(C)C%13=O.[C@H]%35(C)C%15=O.C3(=O)C%19.N%23C(=N)N.N%23C(=N)N.CS%44.N3%18.N%14%19.N%25%20.N%36%21.N%48%24.N%50%27.N%51%28.N%52%29.N4%30.N5%31.N6%32.N7%34.N8%35.N9%37.N%10%38.N%11%39.N%12%40.N%13%41.N%15%42.N%16%43	CC(C)C[C@@H]1NC(=O)[C@H]([C@@H](C)O)[C@@H](CO)C(=O)C1=O.CCC(=O)N[C@@H](CCC(=O)O)C(=O)N[C@H](C=O)CCC(=O)O.CSCC[C@@H](C(=O)C(=O)[C@H](CO)NC(=O)[C@@H](N)[C@@H](C)O)C(=O)[C@H](CC(C)C)NC(=O)[C@H](C)NC(=O)[C@H](CCC(=O)O)[C@@H](Cc1c[nH]c2ccccc12)C(N)=O.C[C@H](N)C(N)=O.C[C@H](NC(=O)[C@@H](NC(=O)CCCCNC(=N)N)[C@@H](C)O)C(=O)NCC(N)=O.N.N=C(N)N.NCCCC[C@@H]1NC1=O.N[C@@H](CO)C(=O)O.N[C@H](C=O)CC(=O)O.N[C@H](C=O)CC(=O)O.O=C1N[C@H]1CO.O=C1N[C@H]1Cc1c[nH]cn1
[C@H]%15(CCC(N)=O)C(=O)O.C%20(=O)[C@@H]9CC(=O)O.[C@H]%12(CC(=O)O)C%28=O.C%16CC[C@H]6C%26=O.C2(=O)[C@@H]6[C@@H](C)O.C%13(=O)[C@@H]7C%18.C%22(=O)[C@@H]8C%19.[C@@H]1%17CCCN1%25.C%26(=O)(N)CO.[C@H]%14(CO)C4=O.c1%18c[nH]cn1.c1%19c[nH]cn1.C%21(=O)[C@@H]%11C.C%24%17=O.CS%16.N26.N%217.N%228.N%239.N%25%10.N%26%11.N%27%12.N3%14.N4%15	INVALID
C%12(=O)[C@@H]9CCC(N)=O.C%18(=O)[C@@H](N)CC(=O)O.[C@H]8(CCCN)C%20=O.[C@H]4(CC(=O)O)C%26=O.C(C)[C@H]5C%19=O.C%13(=O)[C@@H]7CC(=))O.[C@H]%15(CC%18)C3=O.C%13(=O)C6.C%10C%22=O.C%11C%23=O.C%14C3=O.C%17C(=O)O.N15.N%126.N%127.N%248.N%179.N%18%10.N%19%11.N%20%12.N%21%14.N3%15.N4%17	INVALID
C6(=O)[C@@H]%37CCC(=O)O.c1%72c[nH]c2ccccc12.c1%72c[nH]c2ccccc12.CC[C@H](C)[C@H]%29C%26=O.C%58(=O)[C@@H]%34CC(C)C.C%69(=O)[C@@H]%34[C@@H](C)CC.C%74(=O)[C@@H]%38CCC%39.C5(=O)[C@@H]%41CC(=O)O.C%10(=O)[C@@H]%42[C@@H](C)CC.C%11(=O)[C@@H]%43CC(C)C.C%15(=O)[C@@H]%49CC(C)C.C%16(=O)[C@@H]%51CCC%52.C%17(=O)[C@@H]%53CC(C)C.C%19(=O)[C@@H]%54CC(C)C.C%21(=O)[C@@H]%59CC(C)C.[C@H]%60(CCC%61)C%27=O.c1%70ccc(O)cc1.c1%71ccc(O)cc1.C%22(=O)[C@@H]%57CC%64.C%24(=O)[C@@H](N)CC%65.[C@@H]%62(C%28=O)C(C)C.C3(=O)[C@@H]%30C%68.c1%68ccccc1.C%36(=O)[C@@H]%33C%70.[C@@H]1%66CCCN1%13.C%13(=O)[C@@H]%48C%71.C%18(=O)[C@@H]%55C%71.[C@@H]1%67CCCN1%23.C%22(=O)[C@@H]%59CO.C%14(=O)[C@@H]%31C.C%13(=O)[C@@H]%52C.C%25(=O)C%32.C%73(=O)C%35.N%39C(=N)N.C7(=O)C%44.C8(=O)C%45.C9(=O)C%46.N%52C(=N)N.N%61C(=N)N.C%63C(=O)O.C%77%66=O.C%23%67=O.N3%29.N%14%30.N%25%31.N%36%32.N%47%33.N%58%34.N%69%35.N%72%37.N%74%38.N5%40.N6%41.N7%42.N8%43.N9%44.N%10%45.N%11%46.N%13%48.N%15%49.N%16%50.N%17%53.N%18%54.N%19%55.N%20%56.S%64C.N%22%57.N%24%59.S%65C.N%26%60.N%27%62.N%28%63	CC(C)C[C@@H]1NC(=O)[C@H](C)NC1=O.CC(C)C[C@@H]1NC1=O.CC(C)C[C@@H]1NC1=O.CC[C@H](C)[C@@H](C(=O)NCC=O)[C@@H](CC(C)C)C(N)=O.CC[C@H](C)[C@@H]1NC(=O)CNC(=O)CNC(=O)[C@H](CC(C)C)NC(=O)CNC1=O.CC[C@H](C)[C@H](NC(=O)[C@H](Cc1ccccc1)NC(=O)[C@H](C)NC(=O)CNC(=O)[C@@H](N)Cc1ccc(O)cc1)C(=O)N[C@@H](CCCNC(=N)N)C(=O)N[C@H](C(=O)NCC(=O)O)C(C)C.CSCC[C@H](N)C(=O)C(=O)[C@H](CO)[C@H](C=O)CC(C)C.CSCC[C@H](N)C(N)=O.C[C@H](CCCCC(N)=O)C(=O)N[C@@H](Cc1ccc(O)cc1)C(=O)N1CCC[C@H]1C=O.N.N=C(N)N.N=C(N)NCCC[C@@H]1NC1=O.NC(=O)[C@H](CC(=O)O)NC(=O)[C@@H](N)CCC(=O)O.O=C1[C@@H]2CCCN12.c1ccc2c(-c3c[nH]c4ccccc34)c[nH]c2c1
c1%18c[nH]c2ccccc12.C%19(=O)[C@@H](N)CCC(N)=O.[C@H]%10(CCCCN)C%20=O.[C@H]%12(CCC(N)=O)C%21=O.[C@H]%57(CCCCN)C%23=O.[C@H]%12(CCCCN)C%24=O.[C@H]%14(C)CCN)C2=O.[C@H]7(CCC8)C%23=O.[C@H]%16(CCC%17)C(=O)O.[C@H]%12(C)C%26=O.N8C(=N)N.C%14(=O)C9.C3(=O)C5.N8C(=N)N.N%17C(=N)N.C%13C%24=O.N34.N%145.N%176.N%197.N%209.N%21%10.N%22%11.N%23%13.N%24%15.N2%16	INVALID
C%35(=O)[C@@H]%27CCC(N)=O.[C@H]%31(CCCCN)C%15=O.CC[C@H](C)[C@H]%21C%54=O.C%13(=O)[C@@H]%25CC(C)C.C%24(=O)[C@@H]%26CC(N)=O.C%53(=O)[C@@H]%28CC(C)C.[C@H]%30(CC(=O)O)C5=O.[C@H]%34(CC(=)=O)C7=O.[C@H]%41(CCC%42)C%13=O.c1%51ccc(O)cc1.[C@H]%40(CC(C)C)C%11=O..C%54(=O)[C@@H](=O)C(C)C.[C@H]%37(CC%47)C%10=O.C2(=O)[C@@H]%22CO.C%46(=O)[C@@H]%23C%49.c1%49ccccc1.[C@H]%29(C%50)C%56=O.c1%50ccccc1.[C@H]%30(CO)C3=O.[C@H]%33(C%51)C6=O.[C@H]%34(C%51)C7=O.[C@H]%35(C%52)C8=O.c1%52ccccc1.[C@H]%38(C%53)C%17=O.c1%53ccccc1.N1%17CCC[C@H]1%48.[C@H]%43(C%54)C%19=O.[C@H]%36(C)C9=O.[C@H]%43(C)C%17=O.N%42C(=N)N.C%39C%16=O.C%44C%20=O.C%45C(=O)O.C%19%48=O.N2%21.N%13%22.N%24%23.N%35%26.N%46%27.N%55%28.N%56%29.N%57%30.N3%31.N4%32.N6%33.N7%34.N8%36.N9%37.S%47C.N%10%38.N%11%39.N%14%40.N%15%41.N%16%43.N%18%44.N%19%45	INVALID
CC[C@H](C)[C@H]%10C4=O.C%26(=O)[C@@H]%11CC(N)=O.C%28(=O)[C@@H]%12[C@@H](C)CC.C%29(=O)[C@@H]%14CC(C)C.[C@H]%18(CC(C)C)C7=O.[C@@H]%18(C8=O)[C@@H](C)CC.C2(=O)[C@@H](N)CC%21.[C@@H]%17(C5=O)[C@@H](C)O.[C@H]%18(CC%22)C7=O.C%13(=O)[C@@H]%11CO.[C@@H]1%23CCCN1%25.C%26(=O)[C@@H]%15CS.C%28(=O)[C@@H]%16CO.[C@@H]115CCC[C@H]1%25.N1(CCCCN1%26.[C@H]%19(CO)C9=O.[C@H]%20(C)C(=O)O.C%24%23=O.C%27%25=O.C%31%26=O.N2%10.N%13%11.N%26%12.N%27%14.N%28%15.N%29%16.N4%16.N5%17.N7%18.N8%19.N9%20	INVALID
C%24(=O)[C@@H]%19CCC(=O)O.[C@H]%22(CCC(N)=O)C%45=O.[C@H]%30(CCC(N)=O)C%10=O.CC[C@H](C)[C@H]%15C%44=O.C%13(=O)[C@@H]%17CCC%18.[C@H]%25(CC(=O)O)C3=O.[C@H]%28(CCC%29)C8=O.[C@H]%33(CC(C)C)C%14=O.C2(=O)[C@@H]%16CC%39.c1%42ccc(O)cc1.C%43(=O)[C@@H](N)CC%40.[C@@H]%20(C%47=O)[C@@H](C)O.[C@@H]%27(C4=O)C(C)O.[C@@H]%35(C%12=O)[C@@H](C)O.C%35(=O)[C@@H]%20C%41.c1%41ccccc1.[C@H]%32(CO)C7=O.[C@H]%34(C%42)C%11=O.[C@H]%38(CO)C(=O)O.[C@H]%21(C)C%47=O.[C@H]%22(C)C%48=O.[C@H]%30(C)C9=O.N%18C(=N)N.C%26C5=O.N%29C(=N)N.N2%15.S%39C.N%13%16.N%24%17.N%35%19.S%40C.N%44%20.N%45%21.N%46%22.N%47%23.N3%25.N4%26.N5%27.N6%28.N7%30.N8%31.N9%32.N%10%33.N%11%34.N%12%36.N%14%37	CC(C)C[C@H](NC(=O)[C@H](CCC(N)=O)[C@@H](C)C(=O)N[C@@H](CO)C(N)=O)C(N)=O.CC(O)[C@@H]1NC(=O)CNC1=O.CC[C@H](C)[C@H](NC(=O)[C@H](CCSC)NC(=O)[C@H](CCCNC(=N)N)NC(=O)[C@@H](N)CCC(=O)O)C(N)=O.CSCC[C@H](N)C=O.C[C@H](NC(=O)[C@H](CCC(N)=O)[C@@H](C)C=O)C(=O)C(=O)[C@H]([C@@H](C)O)[C@@H](Cc1ccccc1)C(=O)[C@H](C(N)=O)[C@@H](C)O.N.N.N=C(N)NCCC[C@H](N)C(N)=O.O=C(O)CCO.O=C(O)C[C@@H]1NC1=O.O=C1N[C@H]1Cc1ccc(O)cc1
[C@H]6(CCCCN)C%24=O.[C@H]%14(CCCCN)C%21=O.[C@H]%16(CCC(=O)O)C4=O.CC[C@H](C)[C@H](N)C2=O.[C@H]7(CC(N)=O)C%19=O.[C@H]8(CCC9)C%20=O.[C@@H]%11(C%27=O)[C@@H](C)O.[C@@H]%15(C3=O)[C@@H](C)O.[C@@H]%17(C(==O)O)C(C)C.[C@@H]%12(C%22=O)[C@@H](C)O.C%10C%25=O.C%23%18=O.N25.N%126.N%197.N%208.N%21%10.N%22%11.N%23%12.N%24%14.N%25%15.N3%16.N4%17	INVALID
C3(=O)[C@@H]%16CCC(=O)O.C%44(=O)[C@@H]%20CCCCN.C%47(=O)[C@@H]%21CCC(=O)O.CC[C@H](C)[C@H]%15C%51=O.C%14(=O)[C@@H]%17[C@@H](C)CC.[C@H]%18(CC(=O)O)C%49=O.C%36(=O)[C@@H]%19CC(=O)O.c1%43c[nH]c2ccccc12.C%49(=O)[C@@H]%22CCC%23.[C@H]%27(CCC%28)C9=O.[C@H]%32(CCC%33)C%12=O.c1%42ccc(O)cc1.C%50(=O)[C@@H](N)CC%35.[C@@H]%24(C%51=O)C(C)C.[C@H]%30(CC%37)C%11=O.C%25(=O)[C@@H]%18C%42.N14CCC[C@H]1%38.N16CCC[C@H]1%39.N17CCC[C@H]1%40.[C@H]%34(CO)C(=O)O.N%23C(=N)N.C%26C5=O.N%28C(=N)N.C%29C%10=O.N%33C(=N)N.C%31C%13=O.C4%39=O.C7%40=O.C8%41=O.N3%15.N%14%16.N%25%17.N%36%18.N%47%19.N%49%20.N%50%21.S%35C.N%51%22.N4%24.N5%26.N8%27.N9%29.N%10%30.S%37C.N%11%31.N%12%32.N%13%34	CC[C@H](C)[C@H](NC(=O)[C@H](Cc1ccc(O)cc1)[C@@H](CC(=O)O)C(=O)C(=O)[C@@H](N)CCCNC(=N)N)C(=O)N[C@@H](CCC(=O)O)C(=O)N[C@H](C(=O)C(=O)[C@@H](N)C(C)C)[C@@H](C)CC.CSCC[C@H](N)C(=O)N[C@@H](CCC(=O)O)C(=O)N[C@@H](CC(=O)O)C(N)=O.CSCC[C@H](NC(=O)CNC(=O)[C@H](CCCNC(=N)N)NC=O)C(=O)NCC(=O)N[C@@H](CO)C(=O)O.N=C(N)NCCC[C@@H]1NC1=O.NCCCC[C@H](N)C=O.O=C([C@@H]1CCCN1)N1CCCC1.O=C1CN1.O=C1[C@@H]2CCCN12.c1ccc2[nH]ccc2c1
CC(C)[C@H]4C%22=O.C%20(=O)[C@@H]%10CCC%11.C%21(=O)[C@@H]%12CCC%14.C%18(=O)[C@@H]6C.C%19(=O)[C@@H]8C.C2(=O)C5.N%11C(=N)N.N%15C(=N)N.C%16C%23=O.C%17C(=O)O.C%22(=O)CN.N24.N%135.N%176.N%187.N%198.N%20%10.N%21%12.N%22%14.N3%16	CC(C)[C@H](NC(=O)CN)C(=O)C(=O)CN.C[C@@H]1NC1=O.C[C@H](NCC(=O)O)C(N)=O.N=C(N)N.N=C(N)NCCC[C@@H]1NC1=O.NCC=O.NCCC[C@@H]1NC1=O
[C@H]%21(CCC(=O)O)C%45=O.[C@H]%22(CCCC)N)C%46=O.[C@H]%23(CCCCN)C5=O.[C@H]%27(CCCCN)C6=O.[C@H]%28(CCCCN)C8=O.[C@H]%29(CCCCN)C%10=O.[C@H]%31(CCC(N)=O)C%12=O.CC(C)C[C@H]%14C%35=O.C%13(=O)[C@@H]%15CC(C)C.[C@H]%17(CCC%18)C%42=O.[C@H]%20(CC%37)C%42=O.[C@@H]%19(C%46=O)[C@@H](C)C.[C@@H]%30(C9=O)C(C)C.[C@H]%32(CC%39)C%11=O.[C@H]%23(CS)C%36=O.[C@H]%26(C%42)C4=O.c1%42ccccc1.N13CCC[C@H]1%40.[C@H]%26(C%43)C5=O.c1%43ccccc1.N%18C(=N)N.C%34%36C(=O)O.N2%14.N%13%15.N%24%16.N%35%17.N%44%19.S%36C.N%45%20.S%38C.N%46%21.N%46%23.N3%25.N4%26.N5%27.N6%28.N7%29.N8%30.N9%31.N%10%32.S%39C.N%11%33.N%12%34	INVALID
C%29(=O)[C@@H](N)CCC(N)=O.[C@H]%25(CCCCN)C(=O)O.C%13(=O)[C@@H]%14CC(C)C.[C@H]%17(CC(N)=O)C3=O.[C@H]%18(CC(N)=O)C5=O.[C@H]%20(CC(C)C)C8=O.[C@H]%20(CC(N)=O)C9=O.[C@H]%22(CC(N)=O)C%10=O.C%26C[C@H]%11C%30=O.N1%31CCC[C@H]1%27.C%24(=O)[C@@H]%16C.[C@H]%19(C)C6=O.C%32%27=O.CS%26.N2%12.N%13%13.N%24%15.N%28%16.N%29%17.N%30%18.N3%19.N3%20.N7%21.N8%22.N9%23.N%10%25	CC(C)CCC(N)=O.CC(C)C[C@@H](C(=O)N[C@@H](CC(N)=O)C(=O)N[C@@H](CCCCN)C(=O)O)[C@@H](CC(N)=O)C(N)=O.CSCCCC(=O)N[C@H](C=O)CC(N)=O.C[C@@H](C=O)NC(=O)[C@H](CC(N)=O)NC(=O)[C@@H](N)CCC(N)=O.C[C@H](N)C(N)=O.N.N.N.O=C[C@@H]1CCCN1
NCC[C@H](C)[C@H]5C3=O.c1%17ccc(O)cc1.c1%18ccc(O)cc1.C%22(=O)[C@@H]9C(C)C.C%24(=O)[C@@H]%10C(C)C.C%25(=O)[C@@H]%13C(C)C.C2(=O)[C@@H]6CO.C%19(=O)[C@@H]8C%17.C%25(=O)[C@@H]%11CC%18.N14CCCN1%26.C%16(=O)O.N25.N%136.N%197.N%208.N%219.N%22%10.N%23%11.N%24%13.N%25%14.N3%15	C1CNNC1.CC(C)[C@H](N)C(=O)N[C@H](C(N)=O)C(C)C.CC(C)[C@H](N[C@@H](CO)C(=O)N[C@H](C(N)=O)[C@@H](C)CCN)C(=O)C(=O)[C@@H](N)CCc1ccc(O)cc1.N.NC(=O)[C@@H](N)Cc1ccc(O)cc1.O=CO
CC[C@H](C)[C@H]7C%13=O.C2(=O)[C@@H](N)CCC%11.[C@H]%10(CCC%11)C%27=O.[C@H]%12(CCC%15)C%32=O.[C@H]%16(CC(C)C)C%33=O.[C@H]%14(CC%22)C%26=O.[C@H]%15(CCC%23)C%31=O.[C@H]%16(CC%25)C5=O.[C@@H]%19(C5=O)[C@@H](C)O.c1%25ccc(O)cc1.[C@@H]%21(C(=O)O)C(C)C.[C@H]%17(C%25)C%28=O.[C@H]9(C)C%28=O.[C@H]%17(C)C%28=O.[C@H]%19(C)C4=O.N%11C(=N)N.N%14C(=N)N.C%18C6=O.N27.N%138.S%22C.N%249.N%26%10.N%27%12.N%28%14.N%29%15.S%23C.N%30%16.N3%17.N4%18.N5%19.N6%21	CC(C)C[C@@H](C=O)[C@@H](CCc1ccc(O)cc1)C(=O)C(=O)[C@H]([C@@H](C)O)[C@@H](C)C(=O)NCC(=O)N[C@H](C(=O)O)C(C)C.CC[C@H](C)[C@H](NC(=O)[C@@H](N)CCCCCC[C@H](NC(=O)[C@H](CCSC)NC(=N)N)C(=O)N[C@H](C=O)CCC[C@H](C=O)CCCSC)C(N)=O.C[C@H](N)C(=O)C(=O)[C@H](C)[C@@H](C)C(N)=O.N.N.N.N.N=C(N)N
C%16(=O)[C@@H](N)CC%14.N1%17CCC[C@H]1%15.[C@H]8(CO)C%23=O.C2(=O)[C@@H]5C.[C@H]%10(CO)C%23=O.C7C%12=O.C%17%15=O.C%26%16=O.N24.N%135.N%196.N%207.N%228.N%239	CC[C@H](N)C(=O)C=O.C[C@H](N)C(N)=O.N.N.NCC=O.N[C@@H](CO)C(=O)C(=O)CCO.O=C1[C@@H]2CCCN12
[C@H]9(CCC(N)=O)C%28=O.C[C@H](C)[C@H](N)C2=O.[C@H]9(CC(C)C)C%24=O.[C@H]%11(CC(C)C)C%27=O.[C@@H]%17(C4=O)[C@@H](C)CC.[C@@H]8(C%21=O)C(C)C.[C@@H]%10(C%23=O)C(C)C.[C@@H]%12(C1=O)C(C)C.[C@H]%12(C%20)C%23=O.c1%20ccccc1.N1%21CCC[C@H]1%19.[C@H]%14(CO)C%27=O.[C@H]9(C)C%27=O.[C@H]%15(C)C3=O.C%15C%24=O.C%16C5=O.C%22%19=O.N27.N%138.N%229.N%23%10.N%25%11.N%26%12.N%27%14.N%28%15.N4%16.N5%17.N6%18	INVALID
c1%27c[nH]c2ccccc12.C%28(=O)[C@@H]%15CCCN.C%29(=O)[C@@H]%15CCCCN.[C@H]%18(CCC(=O)O)C6=O.[C@H]%22(CC(N)=O)C(=O)O.C%23C[C@H]9C%33=O.C3(=O)[C@@H]%10C(C)C.C%31(=O)[C@@H]%11C(C)C.C%31(=O)[C@@H](N)CC%24.[C@@H]%20(C8=O)C(C)C.[C@@H]1%25CCCN1%25.C%25(=O)[C@@H]%12C%27.[C@H]%16(C%26)C%34=O.[C@H]%18(CO)C%35=O.[C@H]%19(C%28)C%101=O.c1%28ccccc1.[C@H]%18(C)C5=O.CS%23.N%149.N%25%11.N%29%12.N%30%13.N%32%15.N%32%16.N%34%17.N%24C.N4%18.N5%19.N6%20.N8%22	INVALID
C1(=O)[C@@H]%10CCC(N)=O.C%13(=O)[C@@H]%11CCC(N)=O.[C@H]%26(CCC(=O)O)C(=O)O.[C@H]%12(CCC%14)C%30=O.[C@H]%14(CCC%15)C%32=O.[C@H]%16(CCC%17)C5=O.[C@H]%19(CCC%20)C3=O.[C@H]%24(CC(=O)O)C7=O.C[C@H]8C%30CO.[C@H]%26(CCC%27)C6=O.C%12(=O)[C@@H]%12C(C)C.C%29(=O)[C@@H](N)C%27.N%15C(=N)N.N%20C(=N)N.C%31C4=O.N%20C(=N)N.C%21C%32=O.C%23C4=O.N%14C(=N)N.N%16C(=N)N.N28.N%13%10.N%24%11.N%29%12.N%30%15.N%31%18.N%32%19.N%33%21.N3%22.N4%23.N5%25.N6%26	CC(C)[C@H](NC(=O)[C@@H](N)CCCC[C@@H](C(N)=O)[C@@H](CCC(=O)O)C(=O)O)C(=O)[C@@H](CCC[C@@H](CCCNC(=N)N)C(=O)C(=O)CN)C(=O)C(CO)[C@H](C)N.CCC[C@H](NC(=N)N)C(N)=O.N.N=C(N)N.N=C(N)N.N=C(N)NCCC[C@H](N)C(N)=O.NC(=O)CC[C@@H](C=O)NC(=O)[C@H](CCC(N)=O)N[C@H](C=O)CC(=O)O.NCC(=O)C(=O)CN
C2(=O)[C@@H]8CCC(N)=O.C%13(=O)[C@@H]8CCC(N)=O.C%24(=O)[C@@H]9CCCCN.C%28(=O)[C@@H]%13CCC(N)=O.C%28(=O)[C@@H]%19CCCCN.[C@H]%20(CCCCN)C(=O)O.CC[C@H](C)[C@H]7C4=O.C%26(=O)[C@@H]%12CCC%14.C%27(=O)[C@@H]%16CCC%17.C%28(=O)[C@@H]%26CC(C)C.[C@@H]%18(C5=O)C(C)C.N%14C(=N)N.C%25(=O)C%15.N%17C(=N)N.C%24%21=O.N27.N%138.N%229.N%24%10.N%25%11.N%26%12.N%27%15.N%28%16.N3%17.N4%18.N5%19.N6%20	CC(C)C[C@@H](C(=O)N[C@@H](CCCNC(=N)N)C(=O)NCC(N)=O)C(=O)[C@@H](N)CCCNC(=N)N.CC[C@H](C)[C@@H]1NC(=O)[C@H](CCC(N)=O)[C@@H](CCC(N)=O)C(=O)[C@@H](CCC(N)=O)C(=O)C(=O)[C@H](CCCCN)NC(=O)[C@H](C(C)C)NC1=O.N.N.N.NCCCC[C@H](N)C(=O)C=O.NCCCC[C@H](N)C(=O)O
C%13(=O)[C@@H]9CCC(N)=O.[C@H]%17(CCC(N)=O)C4=O.CC(C)C[C@H]6C%23=O.C%22(=O)[C@@H](N)CCC8.[C@H]%12(CC(N)=O)C%27=O.[C@H]%18(CC(N)=O)C(=O)O.C%20(=O)[C@@H]%11[C@@H](C)O.[C@@H]%14(C%25=O)[C@@H](C)O.c1%19ccc(O)cc1.C2(=O)[C@@H]7CO.C%21(=O)[C@@H]%11CO.N1%22CCC[C@H]1%18.[C@H]%15(C%19)C3=O.[C@H]%16(C)C5=O.C%12C%24=O.N8C(=N)N.N26.N%127.N%138.N%20%10.N%21%11.N%23%12.N%24%14.N%25%15.N3%16.N4%17.N5%18	CC(C)C[C@@H]1NC(=O)[C@H](CO)NNC1=O.C[C@@H](O)[C@@H](C(N)=O)[C@@H](CO)C(N)=O.C[C@H](NC(=O)[C@H](Cc1ccc(O)cc1)NC(=O)[C@@H](NC(=O)C[C@H](C=O)CC(N)=O)[C@@H](C)O)C(N)=O.N=C(N)NCCC[C@H](N)C(=O)N1CCC[C@H]1[C@@H](CC(N)=O)C(=O)O.NC(=O)CCCC(N)=O.NC(=O)CC[C@@H]1NC1=O
C%14(=O)[C@@H]%10CCC(=O)O.C%25(=O)[C@@H]%11CCC(N)=O.C%27(=O)[C@@H]%12CCC(=O)O.c1%23c[nH]c2ccccc12.C%32(=O)[C@@H]%14CCC(N)=O.[C@H]%16(CC(N)=O)C6=O.[C@H]%17(CC(N)=O)C7=O.C%21C[C@H]8C5=O.C3(=O)[C@@H]9CS.C%25(=O)[C@@H]%10CO.C%27(=O)[C@@H]%15CO.[C@@H]1%22CCCN1%29.C%29(=O)[C@@H]%19CO.C4(=O)[C@@H](N)C%23.C%36(=O)[C@@H]%13C.C%30(=O)[C@@H]%16C.C%20C(=O)O.C%28%22=O.CS%21.N38.N%149.N%25%10.N%26%11.N%28%12.N%30%13.N%31%15.N%32%16.N4%17.N5%18.N6%19.N7%20	CSCC[C@H](NC(=O)[C@@H](N)CS)C(N)=O.C[C@@H](C=O)NC(=O)[C@H](C)[C@@H](CC(N)=O)C(=O)N[C@@H](CO)C(=O)N1CCC[C@H]1C(=O)N[C@@H](CCC(=O)O)C(=O)C(=O)[C@@H](N)CO.N.NC(=O)CC[C@@H](C(N)=O)C(=O)[C@H](CCC(=O)O)[C@@H](CO)C(=O)C(=O)[C@@H](N)CCC(N)=O.NC(=O)C[C@H](NC(=O)[C@@H](N)Cc1c[nH]c2ccccc12)C(=O)NCC(=O)O
C%24(=O)[C@@H]%17CCCCN.C5(=O)[C@@H]%26CCC(N)=O.CC[C@H](C)[C@H]%12C5=O.C%13(=O)[C@@H]%13CC(C)C.C%38(=O)[C@@H]%17CC(C)C.C3(=O)[C@@H]%20[C@@H](C)CC.C1(=O)[C@@H]%18CCC%19.C6(=O)[C@@H]%22CC(N)=O.C8(=O)[C@@H]%23CCC%25.C6(=O)[C@@H]%27CC(N)=O.[C@H]%28(CC(=O)O)C%11=O.[C@H]%29(CCC%30)C%11=O.C%40(=O)[C@@H]%20[C@@H](C)O.c1%37ccc(O)cc1.[C@@H]1%32CCCN1%34.C%34(=O)[C@@H]%15C%36.[C@@H]1%33CCCN1%37.C%39(=O)[C@@H]%22CS.[C@H]%26(C%37)C%10=O.C%37(=O)[C@@H]%16C.C7(=O)[C@@H]%27C.[C@H]%31(C)C9=O.C%41(=O)CN.N%19C(=N)N.N%25C(=N)N.N%30C(=N)N.C%31C(=O)O.C%24%33=O.N2%12.N%13%13.N%24%14.N%38%15.N%40%16.N%41%17.N%42%18.N3%20.N5%22.N6%23.N7%26.N8%27.N9%28.N%10%29.N%11%31	INVALID
[C@H]%15(CCC(=O)O)C(=O)O.C4C)[C@H]5C%20=O.C%19(=O)[C@@H](N)CC(N)=O.[C@@H]7(C%21=O)C(C)C.[C@H]9(CO)C%25=O.N1%26CCC[C@H]1%16.N12CCC[C@H]1%17.[C@H]%14(CO)C3=O.C2(=O)C6.C%17(=O)C8.C%10C%24=O.C%12C3=O.C%27%17=O.N25.N%136.N%197.N%208.N%219.N%23%10.N%24%11.N%25%12.N3%14.N4%15	INVALID
C%18(=O)[C@@H]6CCC(=O)O.C%19(=O)[C@@H]7CC(N)=O.C%20(=O)[C@@H]9CC(C)C.C%21(=O)[C@@H]%10CC(C)C.C%11CC[C@H]4C(=O)O.C%26(=O)[C@@H]%12C(C)C.C2(=O)[C@@H]5CO.C%16(=O)[C@@H]8C%16.c1%16ccccc1.[C@@H]1%14CCCN1%23.[C@@H]1%12CCN.C%22%14=O.C%24%15=O.CS%11.N24.N%175.N%186.N%197.N%208.N%219.N3%10	C=O.CC(C)C[C@H](NC(=O)[C@@H](N)CC(C)C)C(=O)N[C@H]1CC1=O.CC(C)[C@@H](C=O)CCCN.CSCCC[C@H](NC(=O)[C@@H](N)CO)C(=O)O.NC(=O)C[C@@H]1NC1=O.O=C(O)CC[C@@H]1NC1=O.O=C[C@@H]1CCCN1.c1ccccc1
[C@H]5(CCC(N)=O)C%12=O.[C@H]6(CCC(N)=O)C%14=O.[C@H]8(CO)C%16=O.N1%10CCCC[C@H](N)C2=O.C4C%19=O.N%10C(=N)N.C%11%11.N24.N%135.N%176.N%187.N%198.N%209	INVALID
C%13(=O)[C@@H]8CC(C)C.C%25(=O)[C@@H]%10CC(=O)O.C%19C[C@H]7C4=O.C%27(=O)[C@@H]%15CCC%14.c1%21ccccc1.C%26(=O)[C@@H]%11C%22.c1%22ccccc1.C%28(=O)[C@@H]%13C%23.c1%23ccccc1.C3(=O)[C@@H](N)CO.[C@H]%17(C%20)C5=O.c1%20c[nH]cn1.C%24(=O)C9.N%15C(=N)N.C%28(=O)C%16.C%18C(=O)O.CS%19.N27.N%138.N%249.N%26%10.N%27%11.N%28%12.N3%14.N4%16.N5%17.N6%18	CSCC[C@H](N)C(=O)NCC(=O)C(=O)[C@H](Cc1ccccc1)C(=O)[C@@H](N)CC(C)C.N.N=C(N)N[C@@H](CCCNC(=O)[C@@H](N)CO)C(=O)N[C@@H](Cc1ccccc1)C(=O)N[C@H](C=O)CC(=O)O.NCC(=O)O.O=C1CN1.O=C1N[C@H]1Cc1c[nH]cn1.c1ccccc1
C%16(=O)[C@@H]8CCCCN.C%18(=O)[C@@H]%10CCC(=O)O.[C@H]%14(CCCCN)C(=O)O.CC(C)[C@H]4C%21=O.C%13(=O)[C@@H]6CC%15.[C@@H]%14(C%24=O)[C@@H](C)O.C%17(=O)[C@@H]7CO.C%22(=O)[C@@H]9C.C%20(=O)CN.N%12C(=N)N.N13.N%124.N%195.N%20C.S%15C.N%226.N%237.N%258.N%269.N2%10.N3%14	CC(C)[C@@H](C=O)NNC(=N)N.CNC(=O)CN.CSCC[C@@H](C=O)NC(=O)[C@H](C)N.C[C@@H](O)[C@@H](C=O)[C@@H](CCCCN)C(=O)O.N.NCCCC[C@H](N)C=O.NN.N[C@H](C=O)CCC(=O)O.N[C@H](C=O)CO
CC[C@H](C)[C@H]%20C%16=O.C%24(=O)[C@@H]%21CC(=O)O.C%57(=O)[C@@H]%29CC(C)C.C3(=O)[C@@H]%29CC(=O)=O.C8(=O)[C@@H]%33CC(=O)O.C%10(=O)[C@@H]%36CC(C)C.C%12(=O)[C@@H]%39CC(C)C.[C@H]%41(CC(N)=O)C%17=O.[C@H]%43(CCC%44)C%19=O.C5(=O)[C@@H]%30C(C)C.C7(=O)[C@@H]%32CC%47.C%15(=O)(N)[C@@H](C)O.c1%52ccc(O)cc1.[C@@H]1%48CCCN1%13.C%46(=O)[C@@H]%23CS.C%54(=O)[C@@H]%25C%52.C%55(=O)[C@@H]%26CS.C%56(=O)[C@@H]%27CS.[C@@H]1%49CCCN13.C%57(=O)[C@@H]%28CS.C4(=O)[C@@H]%31C%51.C9(=O)[C@@H]%37CO.[C@@H]1%50CCCN1%15.c1%51c[nH]cn1.C%14(=O)[C@@H]%41C.C%13(=O)C%22.N%44C(=N)N.C%40C%18=O.C%42C%20=O.C%45C(=O)O.C2%48=O.C%14%50=O.N2%20.N%24%21.N%35%22.N%46%23.N%55%25.N%56%26.N%57%27.N3%28.N4%29.N5%30.N6%31.S%47C.N7%32.N8%33.N9%36.N%10%37.N%12%38.N%14%39.N%16%40.N%17%41.N%17%43.N%19%45	INVALID
c1%33c[nH]c2ccccc12.[C@H]%22(CCCCN)C%11=O.CC[C@H](C)[C@H]%12C4=O.C%25(=O)[C@@H]%15CC(C)C.C%36(=O)[C@@H]%17CC(C)C.[C@@H]%21(C5=O)[C@@H](C)CC.[C@H]%25(CC(C)C)C8=O.C%39(=O)[C@@H](N)C(C)C.[C@@H]%18(C%39=O)C(C)C.[C@H]%21(CC%29)C5=O.[C@@H]%23(C9=O)[C@@H](C)O.c1%37ccc(O)cc1.C3(=O)[C@@H]%13C%32.c1%32ccccc1.C%25(=O)[C@@H]%16C%34.C%38(=O)[C@@H]%19CC%31.N1%29CCC[C@H]1%30.[C@H]%23(C%35)C7=O.c1%35ccccc1.[C@H]%26(C%33)C9=O.c1%31c[nH]cn1.C%20C6=O.N%28C(=N)N.C%30(=O)O.N3%12.N%14%13.N%25%15.N%36%16.N%37%17.N%38%18.N%39%19.N%40%20.N4%20.N5%21.N6%22.N7%23.N8%24.N9%26.N%10%27	CC(C)C[C@@H](C(N)=O)C(=O)[C@H](CC(C)C)NC(=O)[C@H](C)NC(=O)[C@H](CC(C)C)Nc1ccc(O)cc1.CC(C)[C@H](N)C(=O)C(=O)[C@@H](NC(=O)[C@@H](N)CCc1c[nH]cn1)C(C)C.CC[C@H](C)[C@H](NC(=O)[C@@H](N)Cc1ccccc1)C(N)=O.CC[C@H](C)[C@H]1C(=O)C(=O)[C@@H]1CCN1CCC[C@H]1C(=O)O.C[C@@H](O)[C@@H](C(=O)C(=O)[C@@H](N)Cc1c[nH]c2ccccc12)[C@@H](Cc1ccccc1)C(N)=O.N.N.N=C(N)N.NCCCC[C@@H](C=O)NC(=O)CN
c1%54c[nH]c2ccccc12.c1%55c[nH]c2ccccc12.[C@H]%49(CCCCN)C%18=O.[C@H]%51(CCCCN)C(=O)O.CC[C@H](C)[C@H]%20C%36=O.[C@H]%23(CC(C)C)C%47=O.[C@H]%24(CCC%26)C%58=O.[C@H]%32(CCC%33)C5=O.[C@H]%38(CCC%39)C%10=O.[C@H]%40(CC(C)C)C%13=O.[C@H]%42(CCC%43)C%15=O.[C@H]%44(CCC%45)C%15=O.[C@H]%49(CCC%50)C%17=O.[C@H]%22(CC%23)C%25=O.[C@@H]%28(C%59=O)[C@@H](C)CC.[C@H]%34(CC(C)C)C7=O.[C@H]%48(CC(N)=O)C%19=O.[C@H]%19(CC%52)C%13=O.[C@@H]%27(C%58=O)[C@@H](C)O.[C@@H]%46(C%19=O)[C@@H](C)O.[C@H]%37(C%55)C%11=O.[C@H]%46(CC%54)C%12=O.C3(=O)[C@@H]%21C.N%24C(=N)N.N%26C(=N)N.N%29C(=N)N.C%29C%60=O.C%30C4=O.C%31C6=O.N%33C(=N)N.C%35C8=O.N%43C(=N)N.C%43C%16=O.N%45C(=N)N.N%50C(=N)N.N3%20.N%14%21.N%25%22.N%36%23.N%56%27.N%58%28.N%59%28.N%60%30.N%61%31.N6%32.N7%34.N8%35.N9%37.N%10%38.N%11%39.N%12%41.S%52C.N%13%42.N%15%44.N%16%46.N%17%48.N%18%49.N%19%51	CC(C)C[C@@H](C=O)CC[C@@H]1NC1=O.CC(C)C[C@@H]1NC1=O.CC(N)=O.CC[C@H](C)[C@H](N)C(N)=O.CC[C@H](C)[C@H](NC(=O)[C@H](C)N)C(N)=O.CSCC[C@@H](C(=O)C(=O)CCC(C)C)C(=O)[C@H](CC(N)=O)NC(=O)[C@H](CCCNC(=N)N)[C@@H](CCCCN)C(N)=O.C[C@@H](O)[C@@H](C(=O)N[C@@H](CCCCN)C(=O)O)[C@@H](CCc1c[nH]c2ccccc12)C(N)=O.C[C@@H](O)[C@H](N)C(=O)C(=O)[C@H](CCCNC(=N)N)NC(=N)N.N=C(N)NCC(=O)NCC=O.N=C(N)NCCC[C@@H](C=O)NC(=O)CN.N=C(N)NCCC[C@H](N)C(=O)C(=O)[C@@H](N)CCCNC(=N)N.N[C@@H](Cc1c[nH]c2ccccc12)C(=O)NCCC[C@@H]1NC1=O.O=C1CN1
C%13(=O)[C@@H]%14CCC(=O)O.CC(C)C[C@H]9C%35=O.C2(=O)[C@@H]%10CCC%11.C%24(=O)[C@@H]%15CC(NO=O.[C@H]%23(CC(=O)O)C4=O.C%34(=O)[C@@H](N)CC%27.c1%31ccc(O)cc1.[C@@H]%17(C6=O)C(C)C.[C@H]%16(C%31)C%38=O.[C@H]%19(C%32%32)C6=O.c1%32ccccc1.[C@H]%20(C%29)C7=O.[C@H]%22(C%33)C8=O.[C@H]%26(C%30)C(=O)O.[C@H]%18(C)C%38=O.c1%28c[nH]cn1.[C@H]%21(C)C5=O.c1%29c[nH]cn1.c1%30c[nH]cn1.N%11C(=N)N.N29.N%13%10.N%24%13.N%34%15.S%27C.N%35%16.N%36%17.N%36%18.N%37%19.N%38%20.N4%21.N5%22.N6%23.N7%25.N8%26	INVALID
C8(=O)[C@@H]%22CCC(NO)O.CC[C@H](C)[C@H]%11C9=O.C%13(=O)[C@@H]%14CC(=O)O.C%33(=O)[C@@H]%16CC(=O)O.C%35(=O)[C@@H]%21CC(=O)O.C5(=O)[C@@H]%25CCC%26.C9(=O)[C@@H]%23CC(C)C.C4(=O)[C@@H]%15CC%27.C7(=O)[C@@H]%17[C@@H](C)O.C%28(=O)[C@@H]%13C%31.C%34(=O)[C@@H]%17CO.[C@@H]1%28CCCN1%36.[C@@H]1%29CCCN1%37.[C@@H]1%30CCCN1%38.C3(=O)[C@@H]%20C%32.c1%32ccccc1.[C@H]%25(CO)C(=O)O.C%35(=O)[C@@H]%18C.c1%31c[nH]cn1.C6(=O)C%22.C%35%29=O.C%36%30=O.N2%11.N%13%12.N%24%14.N%33%15.N%34%16.N%36%17.N%38%18.N4%19.N5%20.N5%21.N7%22.N8%23.N%10%25	CCC[C@@H](C(=O)N[C@H](C=O)Cc1ccccc1)[C@@H](CO)C(=O)O.CC[C@H](C)[C@H](N)C(=O)C(=O)[C@H](CC(C)C)NC(=O)[C@@H](CC=O)CCC(O)NO.CC[C@H](NC(=O)[C@H](CC(=O)O)NC(=O)[C@H](CO)[C@H](C(N)=O)[C@@H](C)O)C(N)=O.C[C@H](NN1CCC[C@H]1C(=O)N1CCC[C@H]1C(=O)[C@H](Cc1c[nH]cn1)C(=O)[C@@H](N)CC(=O)O)C(=O)C(=O)[C@@H](N)CC(=O)O.N.N.N.O=C[C@@H]1CCCN1
C%22(=O)[C@@H]7CCCCN.CC(C)C[C@H]4C(=O)O.C%13(=O)[C@@H]6CC(C)C.C%18(=O)[C@@H]%10CC(N)=O.C%21(=O)[C@@H]%12CC(C)C.C1(=O)[C@@H]5CO.C%16(=O)[C@@H]%15CO.C%18(=O)[C@@H]8CO.C%20(=O)[C@@H]9CO.C%17(=O)[C@@H]%11CO.C%19(=O)[C@@H]%14CO.N13.N%124.N%145.N%176.N%187.N%198.N%209.N%21%10.N%23%12	CC(C)C[C@@H](C=O)NC(=O)CCO.CC(C)C[C@H](N[C@@H](CC(C)C)C(=O)N[C@@H](CC(N)=O)C(=O)C(=O)[C@H](CO)NC(=O)[C@H](CO)N[C@@H](CO)C(N)=O)C(=O)O.N.NCCCC[C@H](N)C=O.O=C1N[C@H]1CO.O=CCCO
[C@H]8(CCC(N)=O)C%13=O.[C@H]%12(CCC(=O)O)C%29=O.[C@H]%15(CCC(N)=O)C%18=O.[C@H]%18(CCC(N)=O)C%19=O.[C@H]%10(CC(NO)O)C%27=O.[C@H]%14(CC(C)C)C%28=O.[C@H]%19(CC(N)=O)C(=O)O.C%20C[C@H](N)C2=O.[C@@H]7(C%27=O)C(C)C.[C@@H]%11(C%30=O)C(C)C.[C@@H]%14(C%36=O)[C@@H](C)O.[C@H]9(C%21)C%24=O.c1%21ccccc1.[C@H]%15(C%22)C%28=O.[C@H]%16(C%25)C3=O.c1%25ccccc1.[C@H]%17(CO)C5=O.C7C%26=O.C%12C7=O.CS%20.N26.N%137.N%248.N%259.N%26%10.N%27%11.N%28%12.N%29%14.N%30%15.N%31%16.N3%17.N4%18.N5%19	CC(C)C[C@@H](C(=O)C(=O)[C@H](C)[C@@H](CCC(N)=O)C(=O)[C@@H](CCC(N)=O)C(=O)[C@@H](CC(N)=O)C(=O)O)[C@H](C=O)[C@@H](C)O.CC(C)[C@@H]1CC(=O)N[C@@H](CC(O)NO)C(=O)C1=O.CC(C)[C@H](N)C(N)=O.CSCC[C@H](N)C(N)=O.N.N.NC(=O)CC[C@H](NC(=O)[C@@H](N)Cc1ccccc1)C(=O)NC(=O)C[C@@H](CCC(=O)O)C(N)=O.NC(=O)[C@H](CO)NC(=O)[C@@H](N)Cc1ccccc1
[C@H]%14(CCC(=O)O)C%25=O.[C@H]%18(CCCCN)C(=O)O.CC[C@H](C)[C@H](N)C%23=O.[C@@H]%12(C%27=O)[C@@H](C)O.[C@@H]%14(C%28=O)C(C)C.[C@@H]%16(C3=O)[C@@H](C)O.N1%24CCC[C@H]1%19.[C@H]%17(CO)C3=O.N13CCC[C@H]1%20.C2(=O)[C@@H]7C.C%13(=O)[C@@H]8C.C%21(=O)C%10.C%15C5=O.C%25%19=O.C4%20=O.N26.N%137.N%218.N%229.N%25%10.N%26%11.N%27%12.N%28%14.N%29%15.N3%16.N4%17.N5%18	CC(C)[C@@H](C(N)=O)[C@@H](CCC(=O)O)C(=O)C(=O)[C@@H]1CCCN1.CC[C@H](C)[C@H](N)C=O.C[C@@H](O)[C@@H]1NC1=O.C[C@@H](O)[C@@H]1NN2CCC[C@H]2C(=O)N[C@@H](CO)C(=O)C1=O.C[C@H](NC(=O)[C@H](C)NC(=O)CN)C(N)=O.N.N.NCCCC[C@H](NC(=O)CN)C(=O)O
C2(=O)[C@@H]%10CCCCN.C%28(=O)[C@@H]%12CCC(=O)O.CC[C@H](C)[C@H]9C3=O.C%13(=O)[C@@H]%10CC(C)C.C%36(=O)[C@@H](N)CC(=O)O.C%30(=O)[C@@H](N)CC(=O)O.[C@H]%17(CCC%18)C3=O.[C@H]%19(CC(=O)O)C5=O.[C@H]%20(CC(N)=O)C7=O.[C@H]%23(CC(N)=O)C6=O.C%29(=O)[C@@H]%15C3=O.N%18C(=N)N.N%19C(=N)N.C%27(=O)C%14.C%29(=O)C%16.C%22C(=O)O.C%26%25=O.N29.N%13%10.N%24%11.N%26%12.N%27%14.N%29%15.N%29%16.N%30%17.N5%19.N6%20.N7%21.N8%22	CC[C@H](C)[C@H](NC(=O)[C@H](CCCCN)[C@@H](CC(C)C)C(N)=O)C(=O)C(=O)[C@H](CCCNC(=N)N)NC(=O)[C@@H](N)CC(=O)O.N.N=C(N)N[C@@H](CC(=O)O)C(N)=O.NC(=O)CCC(=O)N[C@@H](CC(N)=O)C(N)=O.NCC(=O)O.N[C@H](C=O)CC(=O)O.O=C1CN1.O=CN[C@H](C=O)CCC(=O)O.O=C[C@@H]1NNCC(=O)C1=O
C2(=O)[C@@H]%22CCCN.C%24(=O)[C@@H]%22CCCCN.C%46(=O)[C@@H](N)CCCCN.[C@H]%28(CCCCN)C%57=O.[C@H]%31(CCCCN)C3=O.[C@H]%37(CCCCN)C7=O.[C@H]%39(CCCCN)C%10=O.[C@H]%40(CCC(N)=O)C%12=O.[C@H]%41(CCCCN)C%17=O.[C@H]%26(CC(N)=O)C%45=O.[C@H]%27(CC(C)C)C%55=O.[C@H]%29(CC(N)=O)C%57=O.[C@H]%47(CCCCN)C%20=O.[C@H]%30(CC(=O)O)C%57=O.[C@H]%36(CC(C)C)C7=O.[C@H]%38(CC(C)C)C9=O.[C@H]%49(CC(C)C)C%18=O.[C@H]%17(%52)O.C%35(=O)[C@@H]%28C(C)C.[C@@H]%43(C%16=O)[C@@H](C)O.C%13(=O)[C@@H]%23CO.[C@H]%32(C%53)C4=O.c1%53ccccc1.[C@H]%37(C%54)C8=O.c1%54ccccc1.[C@H]%43(C%51)C%14=O.[C@H]%45(C%52)C%17=O.[C@H]%34(C)C5=O.c1%51c[nH]cn1.[C@H]%41(C)C%11=O.c1%52c[nH]cn1.[C@H]%47(C)C%19=O.N%37C(=N)N.C%48C%20=O.N2%21.N%13%22.N%24%23.N%35%25.N%46%27.N%56%28.N%57%29.N%58%30.N%59%31.N4%32.N5%33.N6%36.N7%37.N8%38.N9%39.N%10%40.N%11%41.N%12%42.N%14%43.N%15%44.N%16%45.N%17%47.N%18%48.N%19%49	INVALID
C2(=O)[C@@H]8CCC(N)=O.[C@H]%22(CCC(N)=O)C(=O)O.C2(=O)[C@@H]9CC(N)=O.C%29(=O)[C@@H]%11CCC%12.C%31(=O)[C@@H]%14CC(C)C.C%33(=O)[C@@H]%16CC(C)C.C%23CC8N)C%35=O.[C@@H]%20(C6=O)[C@@H](C)O.[C@@H]1%25CCCN1%33.C%33(=O)[C@@H]%17C%27.c1%27ccccc1.C%34(=O)[C@@H]%18CO.[C@H]%19(C%28)C5=O.c1%28ccccc1.[C@H]%20(CO)C5=O.C%32(=O)[C@@H]%15C.[C@H]%21(C)C7=O.C%35(=O)CN.N%12C(=N)N.C%26%26=O.CS%23.N28.N%139.N%24%10.N%30%11.N%32%14.N%33%15.N%34%16.S%25C.N%35%17.N%36%18.N3%19.N4%20.N5%21.N6%22	INVALID
C3(=O)[C@@H]%24CCCCN.[C@H]%27(CCC(=O)O)C%53=O.[C@H]%29(CCCCN)C%55=O.c1%51c[nH]c2ccccc12.[C@H]%38(CCCCN)C%13=O.C%25(=O)[C@@H]%23CC(C)C.[C@H]%29(CC(=O)O)C%55=O.[C@@H]%31(C4=O)[C@@H](C)CC.[C@H]%35(CC(C)C)C8=O.[C@H]%32(CCC%33)C%12=O.[C@H]%39(CC(=O)O)C%16=O.[C@H]%37(CC(=O)O)C%17=O.[C@H]%41(CC(=O)O)C%18=O.[C@H]%43(CC(C)C)C%21=O.C%36(=O)[C@@H](N)CC%45.[C@@H]1%46CCCN1%25.[C@H]%28(C%51)C%54=O.N14CCC[C@H]1%48.[C@H]%35(C%52)C%10=O.c1%52ccccc1.N1%18CCC[C@H]1%49.[C@H]%42(C%54)C%20=O.c1%50c[nH]cn1.[C@H]%40(C)C%15=O.N%33C(=N)N.C%44C(=O)O.C%14%46=O.C5%48=O.C%19%49=O.N3%22.N%14%23.N%25%24.S%45C.N%47%26.N%53%28.N%54%29.N%55%30.N5%31.N6%32.N7%34.N8%35.N%10%37.N%12%38.N%13%39.N%15%40.N%16%41.N%17%42.N%19%43.N%21%44	CC(C)C[C@@H](C(N)=O)[C@@H](Cc1ccccc1)C(=O)N[C@@H](CC(=O)O)C(=O)N[C@H](C=O)CC(=O)[C@H](Cc1c[nH]c2ccccc12)NC(=O)CCCC(=O)O.CC(C)C[C@@H]1NC(=O)[C@@H]2CCCN2C1=O.CC(C)C[C@H](NC(=O)[C@@H]1CCCN1C(=O)[C@H](CC(=O)O)NC(=O)[C@H](CC(=O)O)NC(=O)[C@H](CCCCN)NC(=O)[C@@H](N)CCCNC(=N)N)C(=O)NCC(=O)O.CC[C@H](C)[C@@H]1NC(=O)[C@@H]2CCCN2C1=O.CSCC[C@H](N)C=O.C[C@@H]1NC1=O.N.N.N.N.NCCCC[C@H](N)C(N)=O.NCCCC[C@H]1C(=O)C(=O)[C@@H]1CC(=O)O.c1c[nH]cn1
C%13(=O)[C@@H]%12CCC(N)=O.C%13(=O)[C@@H]%12CCCCN.C%30(=O)[C@@H]%14CC(C)C.C%37(=O)[C@@H](N)CC(C)C.[C@H]%14(CC(C)C)C%35=O.[C@H]%15(CCC%16)C%38=O.[C@H]%18(CCC%19)C%41=O.[C@H]%21(CC(C)C)C%42=O.[C@H]%25(CCC%26)C5=O.[C@H]%28(CCC%29)C5=O.[C@H]%31(CCC%33)C%11=O.[C@H]%32(CCC%33)C(=O)O.CC(C)[C@H]%10C%38=O.[C@H]%17(C)C%40=O.[C@H]%23(C)C%41=O.[C@H]%26(C)C7=O.[C@H]%30(C)C%10=O.C%24(=O)C%12.N%16C(=N)N.C%22C4=O.N%26C(=N)N.N%29C(=N)N.N%33C(=N)N.C%31C8=O.CS%34.N2%10.N%13%11.N%24%12.N%35%14.N%38%15.N%39%17.N%40%18.N%41%19.N%42%20.N3%21.N4%22.N5%23.N6%25.N7%28.N8%30.N9%31.N%10%32	CC(C)C[C@@H](C(N)=O)[C@@H](CC(C)C)C(=O)[C@@H](C)C(=O)[C@H](C(=O)C(=O)[C@@H](N)CCCNC(=N)N)C(C)C.CC(C)C[C@H](N)C(N)=O.CC(C)C[C@H](N)C=O.CS.C[C@@H]1CCC[C@H](N)C(=O)C(=O)[C@H](CCCNC(=N)N)NC1=O.C[C@H](N)C(=O)N[C@@H](CCCN)C(=O)C(=O)[C@H](C)N.N.N=C(N)N.N=C(N)N.NCCCC[C@H]1C(=O)C(=O)[C@@H]1CCC(N)=O.NN[C@@H](CCCCCC[C@H](CC(N)=O)C(N)=O)C(=O)O.O=C1CN1.O=C1CN1
C%13(=O)[C@@H]%20CCC(=O)O.C%24(=O)[C@@H]%21CCC(=O)[C@@H]%22CCC(=O)O.C%54(=O)[C@@H]%23CCCCN.C3(=O)[C@@H](N)CCCCN.[C@H]%30(CCC(=O)O)C5=O.[C@H]%31(CCCCN)C6=O.[C@H]%41(CCCCN)C%15=O.[C@H]%42(CCCCN)C%16=O.[C@H]%43(CCC(=O)O)C%18=O.CC[C@H](C)[C@H]%19C4=O.C%52(=O)[C@@H]%26CC(=O)O.C%54(=O)[C@@H]%28[C@@H](C)CC.C6(=O)[C@@H]%33CCC%34.[C@H]%39(CC(=O)O)C%12=O.C%55(=O)[C@@H]%28C(C)C.[C@@H]%38(C%10=O)[C@@H](C)CC.[C@@H]%36(C%14=O)C(C)C.[C@H]%44(CC%47)C%17=O.[C@@H]%38(C%20=O)C(C)C.[C@@H]1%49CCCN1%24.[C@H]%32(C%50)C8=O.c1%50ccccc1.[C@H]%37(C%51)C%11=O.c1%51ccccc1.[C@H]%45(C)C(=O)O.C%46(=O)C%25.C%54(=O)C%30.N%34C(=N)N.C2%49=O.N2%19.N%13%20.N%35%21.N%46%22.N%54%23.N%53%25.N%54%26.N3%27.N3%28.N4%29.N5%30.N6%31.N7%32.N8%33.N9%36.N%10%37.N%11%38.N%12%39.N%14%40.N%15%41.N%15%42.N%16%43.N%17%44.S%48C.N%18%45	CC(C)[C@H](N)C(N)=O.CC[C@@H]1NC1=O.CC[C@H](C)[C@@H](C(=O)C(=O)[C@H](CCCCN)NC(=O)C[C@@H](CCC(=O)O)C(N)=O)[C@H](C=O)C(C)C.CC[C@H](C)[C@@H](C(=O)N[C@@H](Cc1ccccc1)C(N)=O)[C@H](C(=O)[C@@H](CCC(=O)O)C(N)=O)C(C)C.CC[C@H](C)[C@H](NC(=O)[C@@H]1CCCN1C(=O)[C@@H](N)CCC(=O)[C@H](CCC(=O)O)NC(=O)CN)C(N)=O.CS.C[C@H](NC(=O)[C@H](CCC(=O)O)NC(=O)[C@@H](N)CCCCN)C(=O)O.N.N=C(N)NCCC[C@H](NC(=O)[C@@H](N)Cc1ccccc1)C(=O)C(=O)[C@@H](N)CCCCN.NCCCC[C@@H]1NC1=O.NCCCC[C@H](N)C(N)=O.N[C@H](C=O)CC(=O)O.O=C(O)C[C@@H]1NC1=O
C%62(=O)[C@@H]%34CCCCN.CC(C)C[C@H]%22C%20=O.C%57(=O)[C@@H]%29CC(C)C.C7(=O)[C@@H]%37CC(C)C.C8(=O)[C@@H]%38CC(=O)O.C%12(=O)[C@@H]%42CCC%43.C%14(=O)[C@@H]%48CC(N)=O.C%18(=O)[C@@H]%49CC(C)C.[C@H]%51(CC(C)C)C%21=O.c1%53ccc(O)cc1.c1%60ccc(O)cc1.C6(=O)[C@@H]%34C(C)C.C%10(=O)[C@@H]%39C(C)C.C%15(=O)[C@@H]%45[C@@H](C)O.C%17(=O)[C@@H]%48[C@@H](C)O.C%13(=O)[C@@H]%25C%55.c1%55ccccc1.C%24(=O)[C@@H]%26C%56.c1%56ccccc1.C%46(=O)[C@@H]%28C%58.c1%58ccccc1.C%61(=O)[C@@H]%30C%59.C%63(=O)[C@@H]%32CO.C3(=O)[C@@H]%33CO.C5(=O)[C@@H]%34C%60.C9(=O)[C@@H]%38CO.C9(=O)[C@@H]%40CS.C%16(=O)[C@@H]%47C%61.c1%61ccccc1.C%19(=O)[C@@H](N)CS.[C@H]%50(C)C%21=O.C2(=O)C%23.C3(=O)C%31.N%43C(=N)N.C%11(=O)C%41.C%52C(=O)O.N2%22.N%13%23.N%24%25.N%35%26.N%46%27.N%57%28.N%62%29.N%63%30.N3%31.N4%32.N5%34.N6%36.N7%37.N8%38.N9%39.N%10%40.N%11%41.N%12%42.N%14%44.N%15%45.N%16%47.N%17%48.N%18%49.N%19%50.N%20%51.N%21%52	CC(C)C[C@@H]1NC1=O.CC(C)C[C@@H]1NC1=O.CC(C)C[C@H](NC(=O)CNC(=O)[C@H](Cc1ccccc1)NC(=O)[C@@H](N)Cc1ccccc1)C(=O)N[C@@H](CC(C)C)C(=O)C(=O)[C@H](C)NC(=O)[C@@H](N)CS.CC(C)C[C@H](NC(=O)[C@H](CCCCN)[C@H](C(N)=O)C(C)C)C(=O)N[C@@H](Cc1ccccc1)C(N)=O.CC(C)[C@H](N)C(=O)N[C@@H](CS)C(=O)C(=O)[C@H](CO)[C@@H](CC(=O)O)C(N)=O.C[C@@H](O)[C@@H](C(N)=O)[C@@H](CC(N)=O)C(N)=O.C[C@@H](O)[C@@H]1NC1=O.C[C@H](NC(=O)[C@@H](N)CO)C(=O)C[C@@H]1NC1=O.N=C(N)NCCC[C@@H]1NC1=O.NCC(=O)C(=O)CCO.NCC(=O)O.O=C1CN1.O=C1N[C@H]1Cc1ccc(O)cc1.Oc1ccccc1.c1ccccc1
C%40(=O)[C@@H]%20CCCCN.C%42(=O)[C@@H]%27CCCCN.C8(=O)[C@@H]%27CCCCN.C%11(=O)[C@@H]%30CCCCN.CC[C@H](C)[C@H]%15C%12=O.C%13(=O)[C@@H]%18CC(C)C.C%24(=O)[C@@H]%19CC(C)C.C%46(=O)[C@@H]%22CC(C)C.C6(=O)[C@@H]%28CC(N)=O.[C@H]%37(CCCC%38)C%14=O.[C@H]%36(CC(N)=O)C(=O)O.c1%39ccc(O)cc1.C%44(=O)[C@@H]%22C(C)C.C4(=O)[C@@H]%25[C@@H](C)O.C5(=O)[C@@H]%30[C@@H](C)O.C%12(=O)[C@@H](N)C(C)C.C2(=O)[C@@H]%16C%40.C%44(=O)[C@@H]%17C%38.C7(=O)[C@@H]%29CO.C9(=O)[C@@H]%31CO.C%10(=O)[C@@H]%32CO.N18CCC[C@H]1%37.C%40(=O)[C@@H]%20C.C3(=O)C%26.c1%38c[nH]cn1.[C@H]%33(C)C%15=O.C%43(=O)C%23.N%38C(=N)N.C9%37=O.N2%15.N%13%16.N%24%17.N%35%18.N%39%18.N%41%20.N%42%21.N%43%22.N%44%23.N4%25.N5%26.N6%27.N7%28.N9%29.N%10%30.N%11%31.N%12%32.N%14%33.N%15%36	CC(C)C[C@H](N)C(=O)N[C@@H](CC(=O)[C@H](CCCCN)[C@@H](C)C=O)C(=O)NN[C@@H](CC(N)=O)C(=O)O.CC[C@H](C)[C@@H](C(=O)C(=O)[C@@H](N)C(C)C)C(=O)[C@H](C)NC(=O)[C@H](CCCCC[C@H](NC(=O)CCC(C)C)C(=O)C(=O)[C@H](C(C)C)[C@H](C=O)CC(C)C)[C@@H]1CCCN1C(=O)[C@H](CCCCN)[C@@H](CCCCN)C(N)=O.C[C@@H](O)[C@@H](C(=O)NCC=O)[C@@H](CCCCN)C(=O)N[C@@H](CO)C(=O)C=O.C[C@@H](O)[C@@H]1NC1=O.N.N=C(N)Nc1c[nH]cn1.NC(=O)C[C@H](NC(=O)[C@@H](N)CO)C(N)=O.NC(=O)[C@@H](N)CO.NCC(N)=O.Nc1ccc(O)cc1
C[C@H]5C4=O.c1%18c[nH]c2ccccc12.C%24(=O)[C@@H]9CC(C)C.C%25(=O)[C@@H](N)CC%16.C%14%17=O.CS%12.N35.N%146.N%237.N%248.N%259.N%19%10.N%18%11	CC[C@H](N)C(=O)N[C@@H](CC(C)C)C(N)=O.CS.C[C@H](N)C=O.N.N.NC=O.Nc1c[nH]c2ccccc12
C2(=O)[C@@H]%11CCC(N)=O.C%13(=O)[C@@H]%12CCCCN.C%32(=O)[C@@H]%14CCC(=O)O.C%32(=O)[C@@H]%16CCCCN.C%33(=O)[C@@H]%17CCCC(=O)O.[C@H]%22(CCCCN)C8=O.CC[C@H](C)[C@H]%10C%35=O.C%34(=O)[C@@H](N)CC(N)=O.[C@H]%18(CC(C)C)C6=O.C%30(=O)[C@@H]%16C(C)C.[C@@H]%19(C7=O)[C@@H](C)O.C%33(=O)[C@@H]%15C%28.N1%34CCC[C@H]1%27.[C@H]%26(C%29)C4=O.C%26(=O)[C@@H]%14C.[C@H]%18(C)C%36=O.c1%29c[nH]cn1.[C@H]%21(C)C3=O.C%20C5=O.C%23C7=O.C%25C9=O.C%31%27=O.N2%10.N%13%11.N%24%12.N%30%14.N%31%14.N%32%15.N%33%16.N%34%17.N%36%18.N3%19.N4%20.N5%21.N6%22.N7%23.N8%25.N9%26	CC(C)C[C@@H](C(=O)N[C@@H](CCCCN)C(=O)NCC(N)=O)[C@@H](C)C(N)=O.CC(C)[C@@H](C(=O)NNC(=O)[C@@H]1CCCN1C(=O)[C@@H](N)CC(N)=O)[C@@H](CCCCN)C(=O)C(=O)[C@H](CCC(=O)O)[C@@H](C)C(=O)[C@@H](Cc1c[nH]cn1)C(=O)NCC(=O)N[C@@H](C)C(=O)N[C@H](C(=O)C(=O)CN)[C@@H](C)O.CC[C@H](C)[C@@H](C=O)NC(=O)[C@H](CCC(N)=O)NC(=O)[C@@H](N)CCCCN.C[C@H](N)C(=O)C(=O)[C@@H](N)CCCC(=O)O.N
=O)[C@@H]%13CCCCN.C%25(=O)[C@@H]%16CCC(=O)O.C%25(=O)[C@@H]%15CC(=O)O.CC(C)[C@H]%10C5=O.C2(=O)[C@@H]%17C.C%18C6=O.C%19C(=O)O.C4(=O)CN.N1%10.N%12%12.N%23%14.N%24%15.N%25%16.N2%17.N5%18.N6%19	INVALID
C3(=O)[C@@H]%30CCC(=O)O.[C@H]%39(CCC(=O)O)C%17=O.[C@H]%40(CCC(N)=O)C%16=O.C%13(=O)[C@@H]%21CC(=O)O.C%52(=O)[C@@H]%26CC(N)=O.C6(=O)[C@@H]%33CC(C)C.C7(=O)[C@@H]%36CC(C)C.C%10(=O)[C@@H]%38CC(C)C.[C@H]%43(CC(=O)O)C(=O)O.C%44C[C@H]%19C%14=O.C%50(=O)[C@@H]%27[C@@H](C)O.C%51(=O)[C@@H]%29C(C)C.C5(=O)[C@@H]%32C(C)C.C%12(=O)[C@@H]%34[C@@H](C)O.C%12(=O)[C@@H](N)CC%45.C2(=O)[C@@H]%20CO.C%35(=O)[C@@H]%23C%48.C%46(=O)[C@@H]%25C%49.C%53(=O)[C@@H]%28C%50.c1%50ccccc1.C4(=O)[C@@H]%31CO.C9(=O)[C@@H]%37C%49.[C@@H]1%47CCCN1%12.[C@H]%41(C%51)C%18=O.c1%51ccccc1.c1%48c[nH]cn1.c1%49c[nH]cn1.C%11%47=O.CS%44.N2%19.N%13%20.N%24%21.N%35%22.N%46%23.N%50%25.N%51%26.N%52%27.N%53%28.N3%29.N4%30.N5%31.N6%32.N7%33.N8%34.N9%36.N%10%37.N%12%38.S%45C.N%14%39.N%15%40.N%16%41.N%17%42.N%18%43	CC(C)C[C@H](NC(=O)[C@H](CC[C@H](Nc1ccccc1)C(=O)N[C@@H](Cc1c[nH]cn1)C(N)=O)NC(=O)[C@H](CC(C)C)NN1CCC[C@H]1C=O)C(=O)N[C@@H](CC(C)C)C(=O)N[C@H](C(=O)N[C@@H](CO)C(=O)N[C@@H](CCC(=O)O)C(=O)N[C@H](C(=O)C[C@H](NC(=O)[C@@H](N)CCC(N)=O)C(=O)N[C@@H](CC(=O)O)C(=O)O)C(C)C)C(C)C.CSCC[C@H](N)C(=O)C(=O)[C@@H](N)[C@@H](C)O.CSCC[C@H](NC(=O)[C@H](CO)NC(=O)[C@@H](N)CC(=O)O)C(=O)N[C@@H](CCC(=O)O)C(N)=O.C[C@@H](O)[C@H](NC(=O)[C@H](CC(N)=O)Nc1ccccc1)C(=O)C[C@@H]1NC1=O.c1c[nH]cn1
C%35(=O)[C@@H]%21CCCCN.C4(=O)[C@@H]%30CCC(NO)O.C9(=O)[C@@H](N)CC(N)=O.[C@H]%41(CCC(=O)O)C(=O)O.[C@H]%39(CC(=O)O)C%12=O.[C@H]%40(CC(N)=O)C%16=O.C%42C[C@H]%18C%10=O.c1%47ccc(O)cc1.c1%48ccc(O)cc1.C3(=O)[C@@H]%29C(C)C.C7(=O)[C@@H]%31CC(C)C.C3(=O)[C@@H]%32[C@@H](C)O.[C@H]%38(CC%44)C%14=O.C2(=O)[C@@H]%19CS.C%13(=O)[C@@H]%20C%47.C%24(=O)[C@@H]%22C%48.C%53(=O)[C@@H]%27C%49.c1%49ccccc1.[C@@H]1%45CCCN16.C8(=O)[C@@H]%32C%49.[C@H]%37(C%50)C%10=O.c1%50ccccc1.[C@H]%38(C%51)C%11=O.c1%51ccccc1.[C@H]%39(CO)C%15=O.C%46(=O)[C@@H]%23C.C%54(=O)[C@@H]%26C.[C@H]%40(C)C%17=O.C%52(=O)C%27.C6(=O)[C@@H]%33C.C%34C%14=O.C5%45=O.CS%42.N2%18.N%13%18.N%24%20.N%35%21.N%46%22.N%53%23.N%54%25.N3%26.N%49%27.N4%28.N5%29.N5%30.N7%31.N8%32.N9%33.N%10%34.N%11%36.N%12%37.N%14%38.S%44C.N%15%39.N%16%40.N%17%41	CC(C)C[C@@H]1NC1=O.CC(C)[C@H](NC(=O)[C@@H]1CCCN1C(=O)[C@H](C)NC(=O)[C@@H](N)CC(N)=O)C(=O)C(=O)[C@H]([C@@H](C)O)[C@@H](CN)C(N)=O.CSCC[C@@H](C(=O)C(=O)CN)[C@@H](Cc1ccccc1)C(N)=O.CSCC[C@H](NC(=O)CCS)C(=O)C(=O)[C@H](Cc1ccccc1)NC(=O)[C@H](CC(=O)O)[C@@H](CO)C(N)=O.C[C@@H](C(=O)N[C@@H](CCC(=O)O)C(=O)O)[C@@H](CC(N)=O)C(N)=O.C[C@H](N)C(N)=O.C[C@H](NC(=O)[C@@H](CC=O)Cc1ccccc1)C(=O)N[C@@H](Cc1ccc(O)cc1)C(=O)N[C@@H](Cc1ccc(O)cc1)C(N)=O.N.NC(=O)[C@@H](N)CCC(O)NO.NCCCC[C@@H]1NC1=O
C2(=O)[C@@H]%15CCC(N)=O.C%41(=O)[C@@H]%21CCC(=O)O.[C@H]%25(CCC(=O)O)C3=O.[C@H]%29(CCCCN)C6=O.CC[C@H](C)[C@H]%15%14C%42=O.C%41(=O)[C@@H](N)CC(C)C.[C@H]%17(CCC%18)C%42=O.[C@H]%27(CC(C)C)C5=O.[C@H]%34(CC(=O)O)C9=O.[C@H]%34(CCC%36)C(=O)O.c1%39ccc(O)cc1.C%42(=O)[C@@H]%28CC%38%37.[C@@H]%31(C6=O)C(C)C.C%13(=O)[C@@H]%16CO.C%24(=O)[C@@H]%19C%39.[C@H]%23(CO)C%44=O.[C@H]%25(CS)C4=O.[C@H]%28(C%40)C%11=O.c1%40ccccc1.[C@H]%32(C)C%10=O.N%18C(=N)N.C%32C%11=O.C%33C%14=O.N2%14.N%13%15.N%24%16.N%35%17.N%41%19.N%42%20.N%43%21.N%44%22.N%45%25.S%37%25.N4%26.N5%27.N6%28.S%48C.N7%29.N8%30.N9%31.N%10%32.N%11%33.N%12%34	INVALID
C%13(=O)[C@@H]%36CCCCN.C%24(=O)[C@@H]%37CCCCN.[C@H]%55(CCC(=O)O)C%15=O.[C@H]%60(CCCCN)C%22=O.[C@H]%67(CCC(N)=O)C%31=O.CC[C@H](C)[C@H]%32C4=O.C2(=O)[C@@H]%34[C@@H](C)CC.C%35(=O)[C@@H]%37[C@@H](C)CC.C%46(=O)[C@@H]%38CC(C)C.C%57(=O)[C@@H]%39CC(C)C.C5(=O)[C@@H]%44CC(=O)O.C3(=O)[C@@H](N)CC(C)C.[C@@H]%45(C7=O)[C@@H](C)CC.[C@H]%48(CC(=O)O)C%12=O.[C@H]%50(CC(N)=O)C%11=O.[C@H]%51(CC(N)=O)C%14=O.[C@H]%52(CC(N)=O)C%15=O.[C@H]%54(CC(C)C)C%16=O.[C@H]%52(CC(N)=O)C%17=O.[C@H]%56(CC(N)=O)C%18=O.[C@@H]%58(C%19=O)[C@@H](C)CC.[C@H]%64(CC(C)C)C%29=O.c1%72ccc(O)cc1.C%76(=O)[C@@H]%42[C@@H](C)O.[C@H]%66(CC%69)C%30=O.C%76(=O)[C@@H]%42C%72.[C@H]%56(C%73)C%21=O.c1%73ccccc1.[C@H]%62(CS)C%23=O.[C@H]%63(CO)C%26=O.[C@H]%65(C%74)C%28=O.c1%74ccccc1.N1%28CCC[C@H]1%70.N1%31CCC[C@H]1%71.[C@H]%49(C)C9=O.C%86(=O)C%40.C%103(=O)C%43.C%53C%20=O.C%71(=O)O.N2%32.N%13%33.N%24%34.N%35%36.N%46%37.N%57%38.N%68%39.N%75%40.N%76%41.N3%42.N4%43.N5%44.N6%45.N7%47.N8%48.N9%49.N%10%50.N%11%51.N%12%52.N%14%53.N%15%54.N%16%55.N%17%56.N%18%58.N%19%59.N%20%60.N%21%61.N%22%62.N%23%63.N%25%64.N%26%65.N%27%65.N%29%66.S%69C.N%30%67	INVALID
[C@H]9(CCCCN)C%28=O.[C@H]%10(CCCCN)C%29=O.[C@H]%19(CCCCN)C6=O.[C@H]%12(CCC%15)C%32=O.[C@H]%18(CC(C)C)C%34=O.[C@H]%20(CCC%21)C7=O.C%23C[C@H])C%35=O.c1%26ccc(O)cc1.c1%27ccc(O)cc1.[C@@H]%16(C5=O)C(C)C.C[C@H](N)C2=O.[C@@H]%22(C(=O)O)[C@@H](C)O.[C@@H]8(C%26=O)C(C)C.[C@H]%10(C%25)C%30=O.[C@H]%14(C%27)C3=O.[C@H]%16(C)C%32=O.[C@H]%17(C)C3=O.C%11C%32=O.C%14C6=O.N%25C(=N)N.N%21C(=N)N.CS%23.N27.N%248.N%28%10.N%30%11.N%31%12.N%32%14.N%33%15.N%34%16.N%35%17.N2%18.N4%19.N5%20.N6%22	INVALID
c1%17c[nH]c2ccccc12.c1%18c[nH]c2ccccc12.[C@H]9(CCC(=O)O)C%23=O.[C@H]6(CC(C)C)C%20=O.[C@H]8(CC(=O)O)C%24=O.[C@H]%11(CCC%49)C%24=O.[C@H]%11(CC(=O)O)C%25=O.C%15C[C@H](N)C3=O.[C@H]4(CO)C%15=O.[C@H]5(C%17)C%16=O.[C@H]%10(C%18)C%22=O.N1%10CCC[C@H]1%15.[C@H]7(C)C%19=O.C%14C%21=O.C%12C%22=O.C%13C2=O.C%14C(=O)O.CS%16.N3%15.N%144.N%195.N%196.N%207.N%218.N%229.N%23%11.N%24%12.N%25%14	CC=O.CCC[C@@H](C(=O)C(=O)[C@H](CC(=O)O)NC(=O)CCC(=O)O)[C@@H](CC(=O)O)C(=O)NN[C@@H](CO)C(=O)CC[C@H](N)C(=O)N[C@@H]1CCCN1[C@@H](Cc1c[nH]c2ccccc12)C(=O)C(=O)CN.CSC(=O)[C@H](Cc1c[nH]c2ccccc12)NC(=O)[C@H](C)NC(=O)[C@@H](N)CC(C)C.NC(=O)[C@@H](N)CCC(=O)O
C%13(=O)[C@@H]5CCC(=O)O.C%24(=O)[C@@H]7CCC(=O)O.CC[C@H](C)[C@H]4C%26=O.C2(=O)[C@@H]7CCC8.C%22(=O)[C@@H]%10CCC%11.C%24(=O)[C@@H]%13CCC%15.C%24(=O)[C@@H]%18CC(C)C.C%23(=O)[C@@H]%14[C@@H](C)O.C%25(=O)[C@@H](N)C(C)C.[C@@H]%15(C%28=O)[C@@H](C)O.[C@H]%17(CO)C3=O.N8C(=N)N.N%12C(=N)N.C%19%19=O.C%21(=O)C9.N%11C(=N)N.N%15C(=N)N.C%17C3=O.N24.N%125.N%216.N%227.N%239.N%24%10.N%25%13.N%26%14.N%27%16.N3%17.N4%18	INVALID
c1%28c[nH]c2ccccc12.[C@H]%19(CCCCN)C5=O.C%36(=O)[C@@H](N)C(N)=O.[C@H]%17(CC(N)=O)C%35=O.[C@H]%22(CCC%23)C8=O.[C@H]%24(CCC%25)C(=O)O.C%26C[C@H]9C%33=O.C%14(=O)[C@@H]%12[C@@H](C)O.c1%29ccc(O)cc1.c1%30ccc(O)cc1.C3(=O)[C@@H]%11CO.C%25(=O)[C@@H]%13C%28.C%31(=O)[C@@H]%15C%29.C%33(=O)[C@@H]%16C.c1%27c[nH]cn1.[C@H]%18(C)C6=O.N%23C(=N)N.C%19C7=O.C%21C9=O.N%25C(=N)N.CS%26.N3%10.N%14%11.N%30%13.N%31%15.N%32%16.N%33%17.N%34%18.N%35%19.N4%20.N5%21.N7%22.N8%24	CSCC[C@H](C(=O)CNC(=O)[C@H](CCCCN)CC(=O)N[C@@H](CCCNC(=N)N)C(=O)N[C@@H](CCCC(=O)[C@H](Cc1c[nH]c2ccccc12)Nc1ccc(O)cc1)C(=O)O)C(=O)C(=O)[C@H](C)N.C[C@@H](O)CC(=O)N[C@@H](CO)C(N)=O.C[C@H](N)C=O.N.N=C(N)N.NC(=O)C[C@H](N)C(N)=O.NC(=O)[C@H](N)C=O.O=C1N[C@H]1Cc1ccc(O)cc1.c1c[nH]cn1
C%45(=O)[C@@H]%25CCC(=O)O.C3(=O)[C@@H]%27CCCCN.CC[C@H](C)[C@H]%15C%46=O.C%45(=O)[C@@H](N)CCCCN.[C@H]%25(CCC(N)=O)C7=O.[C@H]%31(CCCCN)C%14=O.CC[C@H](C)[C@H]%15C%46=O.C%24(=O)[C@@H]%16CC(=O)O.C%43(=O)[C@@H]%21CCC%22.[C@H]%31(CCC%30)C6=O.[C@H]%33(CC(C)C)C8=O.[C@H]%37(CC(N)=O)C(=O)O.[C@@H]%28(C5=O)[C@@H](C)O.[C@@H]%36(C%12=O)C(C)C.[C@@H]1%39CCCN1%13.C%13(=O)[C@@H]%17CO.C%41(=O)[C@@H]%19CO.C%42(=O)[C@@H]%23C%40.c1%40ccccc1.C%44(=O)[C@@H]%20CO.[C@H]%34(CO)C%15=O.N%22C(=N)N.C%27C9=O.C2%39=O.N2%15.N%13%16.N%24%17.N%35%18.N%42%19.N%43%20.N%44%21.N%45%23.N%47%25.N3%26.N4%27.N5%28.N6%29.N7%31.N8%32.N9%33.N%10%34.N%11%36.N%12%37	CC(C)C[C@H](NC(=O)C[C@@H](CCCCN)C(N)=O)C(N)=O.CC(C)[C@H](N)C(=O)N[C@@H](CC(N)=O)C(=O)O.CCC[C@@H](C(N)=O)[C@H](C=O)CCCCN.CC[C@H](C)[C@H]1C(=O)C(=O)[C@@H]1[C@@H](C)CC.C[C@@H](O)[C@@H]1NC1=O.N.N.N.N=C(N)NCCC[C@@H]1NC(=O)[C@H](CO)NC1=O.NCCCC[C@H](N)C(=O)C(=O)[C@H](CCC(=O)O)[C@@H](CCC(N)=O)C(N)=O.N[C@@H](CO)C(=O)NC(=O)[C@@H]1CCCN1C(=O)[C@H](CO)NC(=O)[C@@H](N)CC(=O)O.N[C@@H](Cc1ccccc1)C(=O)N[C@H](C=O)CO
C%50(=O)[C@@H]%28CCCC(N)=O.c1%46c[nH]c2ccccc12.C%10(=O)[C@@H](N)CCC(=O)O.C5(=O)[C@@H]%30CC(=O)O.[C@H]%42(CCCCN)C(=O)O.CC[C@H](C)[C@H]%18C%11=O.C%36(=O)[C@@H]%23[C@@H](C)CC.C8(=O)[C@@H]%32CCC%33.C%14(=O)[C@@H]%20C(C)C.C%50(=O)[C@@H]%27C(C)C.c1%48ccc(O)cc1.C9(=O)[C@@H]%35C(C)O.[C@@H]%39(C%17=O)[C@@H](C)O.C3(=O)[C@@H]%19CS.C%25(=O)[C@@H]%21C%46.C%49(=O)[C@@H]%24C%45.C4(=O)[C@@H]%30CO.C6(=O)[C@@H]%31C%48.[C@H]%41(CO)C%12=O.N1%13CCC[C@H]1%44.c1%45c[nH]cn1.C7(=O)[C@@H]%29C.N%33C(=N)N.C%38C%13=O.C%40C%18=O.C%12%43=O.C%15%44=O.N3%18.N%14%19.N%25%20.N%36%21.N%47%23.N%49%24.N%50%26.N%50%27.N%51%28.N5%29.N6%30.N7%31.N8%32.N9%34.N%10%35.N%11%37.N%12%38.N%15%39.N%16%40.N%17%41.N%18%42	CC(C)[C@H](NN)C(=O)C(=O)[C@@H](N)CCCC(N)=O.CC(O)[C@H](NC(=O)[C@@H](N)CCC(=O)O)C(N)=O.CC[C@H](C)[C@@H](C(N)=O)C(=O)CN.CC[C@H](C)[C@H](N)C(=O)N[C@@H](Cc1c[nH]c2ccccc12)C(=O)N[C@H](C(=O)N[C@@H](CS)C(=O)NN[C@@H](CCCCN)C(=O)O)C(C)C.C[C@@H](O)[C@H](NC(=O)[C@@H]1CCCN1C(=O)CN)C(=O)N[C@@H](CO)C(=O)C=O.C[C@H](NC(=O)[C@H](CC(=O)O)[C@H](C=O)CO)C(=O)N[C@@H](Cc1ccc(O)cc1)C(N)=O.N=C(N)NCCC[C@@H]1NC1=O.O=C1N[C@H]1Cc1c[nH]cn1
C%24(=O)[C@@H]%12CCCCN.C%28(=O)[C@@H]%16CCC(=O)O.C%33(=O)[C@@H](N)CCC(=O)O.[C@H]%18(CCC%19)C6=O.[C@H]%15(CC(=O)O)C7=O.[C@H]%19(CC(=O)O)C(=O)O.C%20CC[C@H]7C%34=O.C%28(=O)[C@@H]%10[C@@H](C)O.C2(=O)[C@@H]8CO.C%13(=O)[C@@H]9C%22.c1%22ccccc1.C%24(=O)[C@@H]%11CS.C%30(=O)[C@@H]%14CS.[C@H]%16(C%25)C3=O.c1%25ccccc1.N14CCCN1%21.C%29(=O)[C@@H]%15C.C%10.C4=O.C%17C6=O.C5%21=O.CS%20.N27.N%138.N%249.N%27%10.N%28%11.N%29%12.N%30%12.N%31%14.N%32%15.N%33%16.N3C.N5%17.N6%18.N6%19	CNC(=O)[C@H](Cc1ccccc1)[C@@H](CCC(=O)O)C(=O)C(=O)[C@@H](C)[C@@H](C)O.CSCCC[C@@H](C=O)C(=O)[C@H](CC(=O)O)[C@@H](C)C(=O)N[C@@H](CCCCN)C(=O)C(=O)[C@@H](N)CS.N.N.NC(=O)[C@@H](N)CCC(=O)O.NC(=O)[C@@H](N)CS.NC(=O)[C@H](CO)NC(=O)[C@@H](N)Cc1ccccc1.NN[C@@H](CCC[C@@H](CC(=O)O)C(=O)O)C(=O)C(=O)CNC(=O)N1CCCN1C=O
C%24(=O)[C@@H]%23CCCCN.C%46(=O)[C@@H]%25CCC(=O)O.C%49(=O)[C@@H](N)CCCC(N)=O.[C@H]%37(CCC(=O)O)C%11=O.CC(C)[C@H]%17C%50=O.C2(=O)[C@@H]%18CC(=O)O.[C@H]%21(CCC%22)C%50=O.[C@H]%28(CC(N)=O)C%51=O.[C@H]%31(CC(=O)O)C7=O.[C@H]%32(CC(C)C)C8=O.[C@H]%33(CCC%34)C9=O.[C@@H]%37(C%10=O)[C@@H](C)CC.[C@H]%43(CC(=O)O)C%14=O.C%35(=O)[C@@H]%20CCC%49.C%49(=O)[C@@H](N)C(C)C.[C@@H]%38(C%12=O)C(C)C.[C@@H]%41(C%15=O)C(C)C.[C@@H]%45(C(=O)O)C(C)C.C%36(CO)C7=O.C%13(=O)[C@@H]%19C.N%22C(=N)N.N%26C(=N)N.N%34C(=N)N.C%48(=O)C%29.C%39C%12=O.N2%17.N%13%18.N%24%19.N%35%20.N%46%23.N%48%25.N%49%26.N%50%27.N%51%28.N3%29.N4%30.N5%31.N6%32.N7%33.N8%36.N9%36.N%10%37.N%11%38.N%51%39.N%14%40.N%14%41.N%15%42.N%16%47	CC(C)CC(=O)O.CC(C)C[C@H](N)C(=O)NC(CO)C(=O)C(=O)[C@@H](N)CC(=O)O.CC(C)[C@H](N)C(=O)NNC(=N)N.CC(C)[C@H](N)C(N)=O.CC(C)[C@H](NC(=O)[C@H](CC(=O)O)NC(=O)[C@H](C)NC(=O)[C@H](CCCCN)NC(=O)[C@H](CCC(=O)O)NC(=O)CN)C(=O)C(=O)CCCCNC(=N)N.CC[C@H](C)[C@@H](C(N)=O)[C@@H](CCC(=O)O)C(=O)N[C@H](C(=O)C(=O)CN)C(C)C.N.N.N.N=C(N)NCCC[C@H](N)C(N)=O.NC(=O)CCC(=O)O.NC(=O)CCC[C@H](N)C(=O)CCC[C@@H]1NC1=O.NC(=O)C[C@@H]1NC1=O
[C@H]%63(CCC(=O)O)C%21=O.CC[C@H](C)[C@H]%34C9=O.C2(=O)[C@@H]%36CC(C)C.C%24(=O)[C@@H]%38CC(C)C.C%88(=O)[C@@H]%44CCC%45.C3(=O)[C@@H]%47CCC%48.C4(=O)[C@@H]%49CC(=O)O.C6(=O)[C@@H]%50[C@@H](C)CC.C7(=O)[C@@H]%51CC(=O)O.[C@H]%55(CC(=O)O)C%14=O.[C@H]%58(CC(C)C)C%15=O.[C@H]%59(CC(C)C)C%19=O.[C@H]%62(CC(N)=O)C%18=O.[C@H]%73(CCC%74)C%32=O.C%35(=O)[C@@H]%39CC%77.C%57(=O)[C@@H]%41[C@@H](C)O.C%68(=O)[C@@H]%42[C@@H](C)O.C8(=O)[C@@H](N)CC%78.[C@H]%60(CC%80)C%17=O.[C@@H]%64(C%20=O)[C@@H](C)O.[C@@H]%69(C%27=O)[C@@H](C)O.[C@H]%71(CC%81)C%30=O.[C@@H]%72(C%31=O)C(C)C.C%13(=O)[C@@H]%37C%85.c1%85ccccc1.C%46(=O)[C@@H]%43CO.N1%21CCC[C@H]1%82.[C@H]%66(C%86)C%26=O.c1%86ccccc1.[C@H]%76(C%87)C(=O)O.c1%87ccccc1.N1%27CCC[C@H]1%83.N1%28CCC[C@H]1%84.[C@H]%70(CO)C%31=O.[C@H]%75(CO)C%33=O.[C@H]%54(C)C%12=O.[C@H]%64(C)C%14=O.N%45C(=N)N.N%48C(=N)N.C%52C%10=O.C7(=O)C%52.C%56C%16=O.N%63C(=N)N.C%65C%26=O.N%74C(=N)N.C%22%82=O.C%23%82=O.C%28%83=O.C%29%84=O.N2%34.N%13%36.N%24%37.N%35%38.S%77C.N%46%39.N%57%40.N%68%41.N%79%42.N%90%43.NN3%44.N4%47.N5%49.N6%50.N7%51.N8%52.S%78C.N9%53.N%10%54.N%11%55.N%12%56.N%14%58.N%15%59.N%16%60.S%80C.N%17%61.N%18%62.N%19%64.N%20%65.N%22%66.N%23%67.N%25%69.N%26%70.N%29%71.S%81CC.N%30%72.N%31%73.N%32%75.N%33%76C	CC(C)C[C@H](NC(=O)[C@@H](N)CC(C)C)C(N)=O.CCSCC[C@H](NC(=O)[C@@H]1CCCN1C(=O)[C@@H]1CCCN1C(=O)[C@@H](N)[C@@H](C)O)C(=O)N[C@H](C(=O)C(=O)[C@@H](N)CO)C(C)C.CC[C@H](C)[C@@H]1NC1=O.CC[C@H](C)[C@H](NC(=O)[C@H](CC(C)C)NC(=O)[C@H](Cc1ccccc1)NC(=O)[C@H](CC(C)C)NC(=O)[C@H](CCSC)NC(=O)[C@@H](N)CO)C(N)=O.CN(C(=O)[C@H](CO)NC(=O)[C@@H](N)CCCNC(=N)N)[C@@H](Cc1ccccc1)C(=O)O.CSCC[C@H](N)C(N)=O.CSCC[C@H](NC(=O)CNC(=O)[C@H](C)NC(=O)CCC(=O)C(=O)[C@@H](N)CC(=O)O)C(N)=O.C[C@@H](O)[C@@H](C(=O)NCC(=O)C(=O)[C@H](Cc1ccccc1)NC(=O)[C@@H]1CCCN1C(=O)[C@H](CCC(=O)O)NC(=N)N)[C@@H](C)C(=O)C(=O)[C@@H](N)CC(=O)O.C[C@@H](O)[C@H](N)C(=O)N[C@H](C(N)=O)[C@@H](C)O.N=C(N)NCCC[C@H](NC(=O)[C@@H](N)CC(=O)O)C(=O)N(N)[C@H](C=O)CCCNC(=N)N.NC(=O)C[C@@H]1NC1=O.NC=O
c1%56c[nH]c2ccccc12.CC[C@H](C)[C@H]%22C7=O.C%14(=O)[C@@H]%24[C@@H](C)CC.C%25(=O)[C@@H]%26CC(=O)O.C%58(=O)[C@@H]%28CCC%29.[C@H]%33(CCC%34)C%12=O.[C@H]%44(CCC%45)C%19=O.[C@@H]%46(C%21=O)[C@@H](C)CC.[C@H]%31(CC%50)C7=O.[C@@H]1%51CCCN1%58.N1%46CCC[C@H]1%53.N1%10CCC[C@H]1%54.[C@H]%48(CC%52)C(=O)O.C3(=O)[C@@H]%23CO.C%36(=O)[C@@H]%27CO.N19CCC[C@H]1%55.[C@H]%35(C%56)C%17=O.[C@H]%37(CO)C%13=O.[C@H]%38(CO)C%15=O.[C@H]%42(CO)C%18=O.[C@H]%43(CO)C%19=O.[C@H]%30(C)C8=O.[C@H]%42(C)C%16=O.N%29C(=N)N.C%32C5=O.N%31C(=N)N.N%34C(=N)N.C6(=O)CN.N%34C(=N)N.C%43C%20=O.N%45C(=N)N.C%47%52=O.C%49%53=O.C%10%54=O.C%11%55=O.N3%22.N%14%24.N%25%26.N%47%27.N%50%28.N6%30.S%49C.N7%32.N8%33.N%11%35.N%12%37.N%13%38.N%16%39.N%17%41.N%18%42.N%19%43.N%20%44.N%21%46.S%50C	CC[C@H](C)[C@@H](C(N)=O)N1CCC[C@H]1C(=O)SC.CC[C@H](C)[C@@H]1NC1=O.CC[C@H](C)[C@H](NC(=O)CCO)C(=O)C(=O)[C@H](CCN[C@@H](CCCNC(=N)N)C(=O)N1CCCC1)NC(=N)N.CS.C[C@@H](C(N)=O)[C@@H](CO)C(N)=O.C[C@H](NC(=O)CN)C(=O)N[C@@H](CCCNC(=N)N)C(=O)N[C@@H](CO)C(=O)N[C@H](C=O)CO.N.N=C(N)N.N=C(N)NCCC[C@@H]1NC(=O)C[C@@H](CO)C(=O)C1=O.NC(=O)[C@H](Cc1c[nH]c2ccccc12)NC(=O)[C@@H]1CCCN1.NCC=O.O=C(O)C[C@@H]1NC1=O.O=C1[C@@H]2CCCN12.O=C[C@H](CO)NC(=O)CCCC(=O)O
C%13(=O)[C@@H]6CCC(=O)O.C%16(=O)[C@@H](N)CC(=O)O.[C@H]7(CCC8)C%20=O.[C@H]9(CC%15)C%24=O.N1%20CCC[C@H]1%15.[C@H]%10(CO)C%22=O.N1%22CCC[C@H]1%16.N1%23CCC[C@H]1%17.[C@H]%12(C%18)C3=O.[C@H]%14(CO)C(=O)O.C2(=O)[C@@H]5C.c1%18c[nH]cn1.N%15C(=N)N1CC4C%19=O.N8C(=N)N.C%21%15=O.C%23%16=O.N24.N%135.N%246.N%197.N%199.N%21%10.N%22%11.N%25%12.N3%14	C[C@@H]1NC(=O)[C@H](CCC(=O)O)NC(=O)[C@@H](N)CC[C@@H]2CCCN2C(=O)[C@H](CCCNC(=N)N)NC(=O)C(CNC(=N)NC(=O)N[C@@H](CO)C(=O)N2CCC[C@H]2C(=O)[C@@H](N)CC(=O)O)NC1=O.N.N[C@@H](Cc1c[nH]cn1)C(=O)N[C@@H](CO)C(=O)O.O=CN1CCCC1
%18(=O)[C@@H]6CCCCN.[C@H]8(CCC(N)=O)C3=O.[C@H]%11(CCC(N)=O)[C@@H](N)=O.C5C%12=O.C9C%14=O.C1(=O)CN.N1%15.N%125.N%186.N%197.N%208.N%14%10	INVALID
[C@H]%11(CCCCN)C%28=O.[C@H]%14(CCC(=O)O)C%33=O.[C@H]%15(CCCCN)C%36=O.[C@H]%19(CCC(N)=O)C%37=O.CC[C@H](C)[C@H]%10C%24=O.[C@H]%14(CC(=O)O)C%29=O.[C@H]%18(CC(=O)O)C5=O.C%13(=O)[C@@H](N)CC%25.c1%28ccc(O)cc1.[C@@H]%20(C4=O)[C@@H](C)O.[C@H]%21(CC%25)C8=O.[C@@H]%23(C(=O)O)[C@@H](C)O.C2(=O)[C@@H]%11CS.[C@H]%20(C%27)C6=O.[C@H]%11(C)C%30=O.[C@H]%12(C)C%32=O.c1%27%27c[nH]cn1.C%14C%31=O.C%17C4=O.N2%10.N%13%11.N%24%11.N%26C.N%28%13.N%29%14.N%30%15.N%31%16.N%32%17.N3%18.N4%19.N5%20.N6%21.N8%22.S%26C.N9%23	INVALID
[C@H]8(CCC(N)=O)C%13=O.[C@H]%15(CCC(N)=O)C%24=O.[C@H]%16(CCC(N)=O)C5=O.[C@H]7(CC(N)=O)C%18=O.[C@H]%17(CC(C)C)C(=O)O.[C@H]7(CO)C2=O.[C@H]%12(CO)C%21=O.[C@H]9(CO)C%23=O.[C@H]%12(CO)C%27=O.[C@H]%14(CO)C%28=O.N12CCC[C@H]1%19.N13CCC[C@H]1%20.[C@H]%10(C)C%23=O.[C@H]%14(C)C4=O.C9C%22=O.C%23%18=O.C3%19=O.C4%20=O.N26.N%127.N%218.N%229.N%23%10.N%24%11.N%25%12.N%26%14.N3%15.N4%16.N5%17	CC(C)C[C@H](NC(=O)[C@@H](N)CCC(N)=O)C(=O)O.C[C@H](NC(=O)C(=O)[C@H](CC(N)=O)[C@@H](CO)C(=O)N1CCC[C@H]1C(=O)N1CCC[C@H]1C(=O)C(=O)[C@H](C)[C@H](C=O)CO)C(=O)C(=O)[C@H](CO)CC(N)=O.N.N.NC(=O)CC[C@@H](C=O)NC(=O)[C@H](CO)[C@H](C=O)CO.NC(=O)CC[C@H](N)C(N)=O.NN
OC1(=O)[C@@H]4[C@@H]%22CO.C%13(=O)[C@@H]5C%16.C%18(=O)[C@@H]6CO.C%20(=O)[C@@H]8CS.[C@H]%14(C%18)C(=O)O.[C@H]%10(C)C%23=O.c1%16c[nH]cn1.C%21(=O)[C@H](C)N.[C@H]9(C)C%23=O.[C@H]%12(C)C3=O.N1%15.N%124.N%125.N%186.N%197.N%208.N%219.N%22%10.N%23%11.N%24%12.N2%14	INVALID
C%13(=O)[C@@H]%12CCC(=O)O.C%31(=O)[C@@H]%17CCCC(N)=O.[C@H]%19(CCC(=O)O)C%37=O.[C@H]%20(CCCCN)C5=O.C%33(=O)[C@@H](N)CCCN.[C@H]%16(CC(N)=O)C%35=O.[C@H]%22(CC(=O)O)C8=O.C%24(=O)[C@@H]%14CO.C%32(=O)[C@@H]%15CO.C%31(=O)[C@@H]%16C%27.c1%27ccccc1.[C@H]%19(C%28)C%34=O.c1%28ccccc1.[C@H]%21(C%29)C6=O.c1%29ccccc1.[C@H]%23(C%30)C7=O.c1%30ccccc1.N18CCC[C@H]1%26.C2(=O)[C@@H]%11C.[C@H]%19(C)C6=O.[C@H]%25(C)C3=O.C%24C(=O)O.C%33%25=O.C9%26=O.N2%10.N%13%11.N%24%12.N%31%14.N%32%15.N%33%16.N%34%17.N%35%18.N%36%19.N3%20.N4%21.N6%22.N7%23.N9%25	C[C@@H](C(=O)N[C@H](C=O)CCCCN)C(=O)C(=O)[C@@H](N)CCCN.C[C@H](N)C(=O)C(=O)[C@@H](N)Cc1ccccc1.C[C@H](NC(=O)[C@@H](N)CCC(=O)O)C(N)=O.N.NC(=O)CCC[C@H](NC(=O)[C@H](Cc1ccccc1)[C@H](C=O)CCC(=O)O)C(=O)C(=O)[C@H](Cc1ccccc1)[C@@H](CC(N)=O)C(N)=O.NC(=O)[C@@H]1CCCN1C(=O)[C@@H](N)CC(=O)O.N[C@@H](CO)C(=O)CC(=O)O.O=C1N[C@H]1CO.O=C1N[C@H]1Cc1ccccc1
%27=O.N1%27CCC[C@H]1%17.[C@H]%14(CO)C(=O)O.C%24(=O)[C@H](C)N.C%87%16=O.C3%17=O.N29.N%13%10.N%24%12.N%31%14	INVALID
[C@H]%15(CCC(N)=O)C3=O.CC(C)[C@H]4C%21=O.C%12(=O)[C@@H]5CCC6.C%23(=O)[C@@H]8[C@@H](C)CC.[C@H]%12(CCC%14)C%25=O.[C@H]%16(CCC%17)C2=O.[C@H]%18(CC(N)=O)C3=O.C%13(=O)[C@@H]%11[C@@H](C)O.C%18(=O)[C@@H]%10CO.[C@H]%19(CO)C(=O)O.C2(=O)[C@@H]7CO.C%19(=O)[C@@H]9CO.C%20(=O)[C@@H]%14CO.N6C(=N)N.C%21(=O)CN.N%17C(=N)N.N14.N%125.N%156.N%178.N%209.N%21%10.N%22%11.N%23%14.N%24%15.N%25%16.N2%18.N3%19	CC(C)[C@H](N)C(=O)C(=O)CN.CC[C@H](C)[C@H](N)C(N)=O.C[C@@H](O)[C@H](N)C=O.N.N.N.N=C(N)NCCC[C@H](NC(=O)[C@H](CCC[C@@H](CO)C(=O)N[C@@H](CO)C(=O)[C@@H](CO)C(=O)O)C(=O)[C@@H](N)CCCNC(=N)N)C(=O)C(=O)CCO.NC(=O)CC[C@H](N)C(=O)C(=O)[C@H](CC(N)=O)C(=O)[C@@H](N)CO
[C@H]%31(CCC(=O)O)C%35=O.[C@H]%38(CCC(N)=O)C%68=O.[C@H]%32(CCC(=O)O)C%57=O.[C@H]%40(CCCCN)C6=O.[C@H]%47(CCC(=O)O)C%10=O.[C@H]%51(CCCCN)C%20=O.[C@H]%56(CCCCN)C%23=O.[C@H]%58(CCC(N)=O)C%25=O.[C@H]%59(CCC(=O)O)C%25=O.[C@H]%60(CCC(=O)O)C%26=O.[C@H]%33(CC(=O)O)C%73=O.[C@H]%37(CC(=O)O)C4=O.[C@H]%48(CCC%49)C%16=O.[C@H]%52(CC(C)C)C%18=O.C%62C[C@H](N)C2=O.c1%69ccc(O)cc1.[C@@H]%31(C%57=O)[C@@H](C)O.[C@H]%34(CC%63)C%73=O.[C@@H]%41(C8=O)C(C)C.[C@@H]%44(C%11=O)[C@@H](C)O.[C@H]%50(CC%64)C%16=O.[C@@H]%53(C%21=O)C(C)C.[C@H]%27(C%69)C%13=O.[C@H]%29(C%70)C%13=O.[C@H]%37(CC%71)C3=O.c1%71ccccc1.[C@H]%42(CC%66)C7=O.[C@H]%45(C%67)C%12=O.[C@H]%49(C%72)C%14=O.c1%72ccccc1.[C@H]%61(CS)C(=O)O.[C@H]%26(C)C3=O.c1%65c[nH]cn1.c1%66c[nH]cn1.c1%67c[nH]cn1.C%28C%24=O.C%39C5=O.C%54C%19=O.C%54C%20=O.N%49C(=N)N.CS%62.N2%27.N%13%28.N%24%29.N%35%31.N%46%32.N%57%33.N%68%34.S%63C.N%73%36.N%73%37.N3%38.N4%39.N5%40.N6%41.N7%42.N8%43.N9%44.N%10%45.N%11%47.N%63%48.N%14%48.N%14C.N%15%50.S%64C.N%16%51.N%17%52.N%18%53.N%19%55.N%20%56.N%21%58.N%22%58.N%25%61	CC(C)C[C@H](N)C(=O)N[C@H](C(=O)N[C@@H](CCC(N)=O)C(=O)C(=O)CCCC(=O)O)C(C)C.CC(C)[C@H](NC(=O)[C@H](CCCCN)NC(=O)CNC(=O)[C@H](CC(=O)O)[C@@H](CCc1ccccc1)C(=O)C(=O)[C@H](C)C(=O)CCCC(=O)O)C(N)=O.CN.CSCC[C@H](N)C(=O)C(=O)[C@@H](N)CCC[C@@H](Cc1ccccc1)C(N)=O.CSCC[C@H](N)C(=O)N[C@@H](Cc1ccc(O)cc1)C(=O)C(=O)[C@H](C)NC(=O)CN.CSCC[C@H](NC(=O)[C@@H](N)CCC(N)=O)C(=O)C(=O)[C@@H](N)CC(=O)O.C[C@@H](O)[C@@H](C(=O)C(=O)[C@@H](N)CCC(=O)O)[C@@H](CCC(=O)O)C(N)=O.C[C@@H](O)[C@H](N)C(=O)N[C@@H](CCC(=O)O)C(=O)N[C@H](C=O)Cc1c[nH]cn1.N.N=C(N)N.NCCCC[C@H](N)C(=O)C(=O)CCC(N)=O.NCCCC[C@H](N)C=O.NN.N[C@@H](CS)C(=O)O.O=C1N[C@H]1CCc1c[nH]cn1.c1c[nH]cn1
[C@H]4(CCC(N)=O)C%19=O.[C@H]7(CC(C)C)C%20=O.[C@H]6(CC(=O)O)C%25=O.[C@H]%10(CC(=O)O)C2=O.C%15C[C@H](N)C2=O.[C@@H]5(C%21=O)C(C)C.[C@@H]9(C%24=O)[C@@H](C)O.[C@H]8(C%17)C%21=O.[C@H]%12(C%18)C%23=O.c1%18ccccc1.N1%25CCC[C@H]1%16.[C@H]%12(C)C(=O)O.c1%17c[nH]cn1.C7C%22=O.C3%16=O.CS%15.N24.N%135.N%196.N%207.N%218.N%229.N%23%10.N%25%11.N3%14	CC(C)C[C@H](CC(=O)N[C@H](C=O)[C@@H](C)O)C(N)=O.CC(C)[C@H](N)C(=O)C(=O)[C@@H](N)Cc1c[nH]cn1.CSCC[C@H](N)C(=O)C(=O)[C@H](CC(=O)O)NC(=O)[C@H](Cc1ccccc1)[C@@H](C)C(=O)O.N.NC(=O)CC[C@H](N)C(=O)N[C@@H](CC(=O)O)C(=O)N1CCC[C@H]1C(N)=O
C2(=O)[C@@H]%15CCCC)N.C8(=O)[C@@H](N)CCCCN.CC[C@H](C)[C@H]%14C9=O.C%39(=O)[C@@H]%21CC(C)C.C%41(=O)[C@@H]%22CCC%23.C5(=O)[C@@H]%26CCC%27.C6(=O)[C@@H]%29CC(=O)O.[C@H]%30(CC(C)C)C%10=O.[C@H]%31(CCC%32)C%10=O.[C@@H]%33(C%12=O)[C@@H](C)CC.C%24(=O)[C@@H]%17C(C)C.C%41(=O)[C@@H]%18[C@@H](C)C.C%41(=O)[C@@H]%19[C@@H](C)O.c1%40ccc(O)cc1.[C@H]%34(CC%37)C(=O)O.C%42(=O)[C@@H]%20C%39.c1%39ccccc1.N1%10CCC[C@H]1%38.C%13(=O)[C@@H]%16C.N%23C(=N)N.N%27C(=N)N.N%28C(=N)N.N%32C(=N)N.C%11%38=O.N2%14.N%13%15.N%24%16.N%35%17.N%41%18.N%42%19.N%42%20.N%43%21.N%44%22.N4%25.N5%26.N6%28.N7%29.N8%30.N9%31.N%11%33.N%12%34.S%37C	INVALID
C4(=O)[C@@H]%17CCC(=O)O.c1%45c[nH]c2ccccc12.[C@H]%31(CCCCN)C%11=O.[C@H]%32(CCCCN)C%12=O.[C@H]%35(CCC(N)=O)C%13=O.CC[C@H](C)[C@H]%15C%10=O.C3(=O)[C@@H]%16CC(C)C.C%25(=O)[C@@H]%18CCC%19.C%36(=O)[C@@H]%20CC(C)C.C%47(=O)[C@@H]%23CC(C)C.C%50(=O)[C@@H]%24[C@@H](C)CC.C%51(=O)[C@@H]%26CCC%27.C5(=O)[C@@H]%28CC(NO=O.C8(=O)[C@@H]%33CC(=O)O.C9(=O)[C@@H]%34CC(N)=O.[C@H]%37(CCC%38)C%16=O.C7(=O)[C@@H]%30CC%40.C%47(=O)[C@@H]%21C%42.c1%42ccccc1.C%52(=O)[C@@H]%22C%41.C6(=O)[C@@H]%29C%53.c1%53ccccc1.C9(=O)[C@@H](N)C%43.c1%43ccccc1.[C@H]%39(C%44)C(=O)O.c1%44ccccc1.c1%41c[nH]cn1.N%19C(=N)N.N%27C(=N)N.C8(=O)C%33N%38C(=N)N.N3%15.N%14%16.N%25%17.N%36%18.N%46%20.N%49%21.N%50%22.N%51%23.N%52%24.N4%26.N5%28.N6%29.S%40C.N7%30.N8%31.N9%33.N%10%34.N%11%35.N%12%37.N%13%39	INVALID
C%13(=O)[C@@H]%10CCC(N)=O.C%24(=O)[C@@H]%11CCC(N)=O.[C@H]%16(CCC(N)=O)C%32=O.[C@H]%19(CCCCN)C4=O.[C@H]%20(CCCCN)C5=O.[C@H]%14(CCC%15)C%31=O.[C@H]%20(CCC(N)=O)C3=O.[C@H]%21(CCC%22)C7=O.C%25CC[C@H]8C%30=O.C2(=O)[C@@H]9[C@@H](C)O.C%28(=O)[C@@H]%12[C@@H](C)O.C%30(=O)[C@@H](N)CC%26.C%31(=O)[C@@H]7CO.[C@H]%18(C%27)C6=O.[C@H]%23(CO)C(=O)O.c1%27c[nH]cn1.N%15C(=N)N.C%29(=O)C%17.N%22C(=N)N.CS%25.N28.N%139.N%24%10.N%28%11.N%29%12.N%30%14.N%31%16.N%32%17.N3%18.N4%19.N5%20.N6%21.N7%23	CC[C@H](N)C(=O)C(=O)[C@H](CCCSC)NC(=O)[C@@H](NC(=O)[C@H](CCC(N)=O)NC(=O)[C@H](CCC(N)=O)NC(=O)[C@@H](NC(=O)CNC(=O)[C@@H](N)CCC(N)=O)[C@@H](C)O)[C@@H](C)O.N=C(N)NCCC[C@H](NC(=O)[C@H](Cc1c[nH]cn1)NC(=O)[C@H](CCC(N)=O)[C@@H](CCCCN)C(N)=O)C(=O)[C@@H](CO)C(=O)C(=O)[C@@H](N)CCCNC(=N)N.NCCCC[C@@H]1NC1=O.N[C@@H](CO)C(=O)O
C%13(=O)[C@@H]6CCC(=O)O.C%24(=O)[C@@H]7CCC(=O)O.C%23(=O)[C@@H]9CC(=O)O.C%23(=O)[C@@H]%14CCC(=O)O.C%16C[C@H]5C3=O.C%22(=O)[C@@H]%14CCC%14.N%15C(=O)N.CS%16.N25.N%206.N%217.N%228.N%249.N%25%11.N%26%12.N2%14.N4%15	CSCC[C@@H](C=O)NNCCC[C@@H](C(N)=O)[C@@H](CCC(=O)O)C(=O)C(=O)[C@H](CC(=O)O)NC(=O)[C@@H](N)CCC(=O)O.N.N.NNC(N)=O.N[C@H](C=O)CCC(=O)O
C%31(=O)[C@@H]%17CCC(N)=O.c1%24c[nH]c2ccccc12.c1%25c[nH]c2ccccc12.C4(=O)[C@@H](N)CC(C)C.[C@H]%19(CC(C)C)C6=O.C%21C[C@H]9C5=O.C%14(=O)[C@@H]%10C(C)C.C%27(=O)[C@@H]%13C(C)C.C%27(=O)[C@@H]%13C(C)C.C%28(=O)[C@@H]%15C(C)C.C%29(=O)[C@@H]%16C(C)C.C%30(=O)[C@@H]%17C(C)C.C%16(=O)[C@@H]%11C%22.C%28(=O)[C@@H]%13C%23.c1%23ccccc1.C%32(=O)[C@@H]%18CC%24.[C@H]%20(C%27)C(=O)O.CS%21.N39.N%25%10.N%27%11.N%28%12.N%29%13.N%30%15.N%31%16.N4%17.N6%18.N7%19.N8%20	CC(C)C[C@H](N)C(=O)N[C@H](C=O)CCc1c[nH]c2ccccc12.CC(C)C[C@H](N)C(N)=O.CC(C)[C@@H](C(=O)N[C@@H](Cc1ccccc1)C(=O)C(=O)[C@@H](NC(=O)[C@H](C(C)C)[C@@H](CCC(N)=O)C(N)=O)C(C)C)C(=O)[C@H](C)NC[C@H](N)C(=O)O.CC(C)[C@@H](C=O)Nc1c[nH]c2ccccc12.CC(C)[C@H]1C(=O)C(=O)[C@@H]1C(C)C.CSCC[C@H](N)C=O.N
C%14(=O)[C@@H]%23CCCCN.C%58(=O)[C@@H]%27CCC(N)=O.c1%54c[nH]c2ccccc12.C5(=O)[C@@H]%34CCC(N)=O.CC[C@H](C)[C@H]%20C7=O.C%25(=O)[C@@H]%24CCC%26.C%47(=O)[C@@H]%29CC(N)=O.C%60(=O)[C@@H]%30CC(=O)O.[C@H]%34(CC(C)C)C8=O.[C@H]%37(CCC%38)C%17=O.[C@H]%40(CCC%41)C%18=O.[C@H]%42(CCC%43)C%19=O.C3(=O)[C@@H]%22C(C)C.C4(=O)[C@@H]%33C(C)C.C6(=O)[C@@H](N)CC%50.[C@H]%35(C%55)C9=O.[C@H]%44(C%56)C%12=O.c1%56ccccc1.N1%12CCC[C@H]1%51.N1%13CCC[C@H]1%52.N1%15CCC[C@H]1%53.[C@H]%46(CS)C%22=O.[C@H]%49(CS)C(=O)O.N%26C(=N)N.C5(=O)C%31.N%38C(=N)N.C%39C%10=O.N%41C(=N)N.N%43C(=N)N.C%13%52=O.C%16%53=O.N3%20.N%14%21.N%25%22.N%36%24.N%47%27.N%58%28.N%59%29.N%60%30.N%61%31.N3%32.N4%33.N5%34.N6%35.S%50C.N7%37.N8%39.S%51C.N9%40.N%10%42.N%11%44.N%16%45.N%17%46.N%18%48.N%19%49	CC(C)C[C@@H](C(=O)NCC(=O)N[C@@H](CCCNC(=N)N)C(=O)N[C@@H](CS)C(=O)O)[C@@H](CCC(N)=O)C(=O)C(=O)CN.CC(C)[C@@H]1NC1=O.CC[C@H](C)[C@@H]1NC(=O)[C@H](C(C)C)C(=O)[C@H](CS)NC(=O)[C@H](CCCNC(=N)N)NC1=O.CSCC[C@H](N)C(=O)N[C@@H](C)C(=O)N[C@@H](CCCNC(=N)N)C(N)=O.CS[C@@H]1CCCN1C(=O)[C@@H](N)Cc1ccccc1.N.N.N=C(N)NCCC[C@H](N)C(N)=O.NC(=O)CC[C@H](NC(=O)[C@@H](N)CC(N)=O)C(N)=O.NC(=O)[C@@H]1CCCN1.NCCCCCC(N)=O.O=C(O)C[C@@H]1NC1=O.O=C1[C@@H]2CCCN12.c1ccc2[nH]ccc2c1
[C@H]%39(CCC(N)=O)C%10=O.CC[C@H](C)[C@H]%17C%51=O.C%13(=O)[C@@H]%19CC(=O)O.C%46(=O)[C@@H]%21CC(=O)O.C%49(=O)[C@@H]%23CC(C)C.[C@H]%29(CC(=O)O)C4=O.[C@H]%32(CCC%33)C9=O.[C@H]%36(CC(N)=O)C%14=O.c1%44ccc(O)cc1.C%48(=O)[C@@H]%22[C@@H](C)O.C%50(=O)[C@@H]%25CC%41.C%51(=O)[C@@H](N)C(C)C.[C@@H]%30(C8=O)C(C)C.[C@@H]%34(C%11=O)C(C)C.c1%45ccc(O)cc1.N16CCC[C@H]1%43.[C@H]%26(C%44)C4=O.[C@H]%37(CO)C%15=O.[C@H]%38(C%45)C%17=O.[C@H]%40(C%47)C(=O)O.[C@H]%28(C)C5=O.[C@H]%31(C)C%14=O.C2(=O)C%18.C%24(=O)C%20.N%33C(=N)N.C7%43=O.N2%17.N%13%18.N%24%19.N%35%20.N%47%21.N%48%22.N%49%23.S%41C.N%50%25.N4%27.N5%28.N7%29.N8%30.N9%31.N%10%32.N%11%34.N%12%36.N%14%38.N%15%39.N%16%40	CC(C)C[C@@H]1NC1=O.CC(C)[C@@H]1NC1=O.CC(C)[C@@H]1NC1=O.CC[C@H](C)[C@@H](C(=O)C(=O)[C@@H](N)C(C)C)C(=O)[C@@H](N)Cc1ccc(O)cc1.CSCC[C@@H]1NC1=O.C[C@@H](O)[C@@H]1NC1=O.C[C@@H]1NC1=O.C[C@H](NC(=O)[C@H](CCCNC(=N)N)NC(=O)[C@H](CCC(N)=O)NC(=O)CCO)C(=O)C(=O)[C@@H](N)CC(N)=O.N.NCC(=O)N[C@@H](CC(=O)O)C(=O)NCC(N)=O.N[C@@H](CN[C@H](C=O)CC(=O)O)C(=O)O.O=C(O)C[C@H](NC(=O)[C@@H]1CCCN1)C(=O)C(=O)CCc1ccc(O)cc1
C2(=O)[C@@H]9CCCCN.C%20(=O)[C@@H]%10CCC(N)=O.C%22(=O)[C@@H]%11CCC(=O)O.C%24(=O)[C@@H]%15CCCCN.[C@H]%16(CCCCN)C3=O.C%13(=O)[C@@H]6C(C)C.C%21(=O)[C@@H]8C(C)C.C%25(=O)[C@@H]%14CCCCN.C%27(=O)[C@@H](N)CCCC(=O)O.C%20(=O)[C@@H]%10C.C%22(=O)C7.N%12C(=N)N.C%23(=O)C%13.N%17C(=O)O.C%19%18=O.N24.N%135.N%186.N%197.N%208.N%219.N%22%10.N%23%11.N%24%14.N%25%14.N3%15.N4%16	CC(C)[C@@H]1NC(=O)NCC(=O)C(=O)[C@H](CCC(=O)O)NC(=O)CC1=O.CC(C)[C@H](N)C(=O)N[C@@H](CCCCN)C(=O)NN[C@@H](CCCCN)C(=O)N[C@@H](CCCCN)C(=O)N[C@@H](CCCCN)C(N)=O.C[C@H]1C(=O)C(=O)[C@@H]1CCC(N)=O.N.N.N=C(N)N.NC(=O)O.N[C@H](C=O)CCCC(=O)O
C%36(=O)[C@@H]%38CCCCN.C%58(=O)[C@@H]%40CCCCN.C%69(=O)[C@@H]%41CCC(N)=O.C%84(=O)[C@@H]%42CCC(=O)O.C4(=O)[C@@H]%44CCC(=O)O.C5(=O)[C@@H]%45CCC(N)=O.C7(=O)[C@@H]%48CCCCN.C8(=O)[C@@H]%50CCC(N)=O.C%10(=O)[C@@H]%51CCCCN.[C@H]%59(CCC(N)=O)C%18=O.c1%83c[nH]c2ccccc12.CC[C@H](C)[C@H]%33C%20=O.C%25(=O)[C@@H]%35[C@@H](C)CC.C%58(=O)[C@@H]%39[C@@H](C)CC.C%83(=O)[C@@H]%43CC(C)C.C9(=O)[C@@H]%49[C@@H](C)CC.C%12(=O)[C@@H]%52CCC%53.C%13(=O)[C@@H]%54CCC%55.C%16(=O)[C@@H]%56CC(=O)O.[C@H]%59(CC(N)=O)C%21=O.[C@H]%62(CC(=O)O)C%23=O.[C@H]%65(CCC%66)C%28=O.C%11(=O)[C@@H]%52CCC%75.c1%82ccc(O)cc1.[C@@H]%68(C%29=O)[C@@H](C)O.[C@H]%73(CC%77)C(=O)O.C3(=O)[C@@H][C@@H]CCO.C%25(=O)[C@@H]%37CO.N1%19CCC[C@H]1%78.[C@H]%63(CC%81)C%24=O.c1%81ccccc1.[C@H]%64(CC%82)C%28=O.[C@H]%70(C%83)C%30=O.N1%30CCC[C@H]1%79.[C@H]%72(CO)C%32=O.C6(=O)[C@@H]%46C.[C@H]%61(C)C%22=O.[C@H]%67(C)C%26=O.N%53C(=N)N.C%15(=O)C%57.N%55C(=N)N.N%66C(=N)N.C%20%78=O.C%31%79=O.N3%33.N%14%34.N%25%35.N%36%37.N%47%38.N%58%39.N%69%40.N%80%41.N%84%42.N4%43.N5%44.N6%45.N7%46.N8%48.N9%49.N%10%50.N%11%51.S%75C.N%13%52.N%15%54.N%16%56.N%17%57.N%18%59.N%20%60.S%76C.N%21%61.N%22%62.N%23%63.N%24%65.N%26%67.N%27%68.N%28%70.N%29%71.N%31%72.N%32%73.S%77C	CC[C@H](C)[C@@H]1NC1=O.CC[C@H](C)[C@H](N)C(=O)C(=O)[C@H](CCCCN)NC(=O)[C@@H](N)CCC(N)=O.CC[C@H](C)[C@H](N)C(=O)C(=O)[C@H](CO)NC(=O)[C@@H](N)CCCCN.CC[C@H](C)[C@H](NC(=O)[CH][CH]CCO)C(=O)C(=O)[C@@H]1CCCN1.CS.CSCCC[C@@H](C(=O)N[C@@H](CCCCN)C(=O)N[C@@H](CCC(N)=O)C(=O)N[C@@H](CCCCN)C(=O)N[C@@H](C)C(=O)N[C@@H](CCC(N)=O)C(=O)N[C@@H](CCC(=O)O)C(=O)N[C@@H](CC(C)C)C(=O)c1c[nH]c2ccccc12)[C@H](C=O)CCCNC(=N)N.CSCC[C@H](NC(=O)[C@H](CO)NC(=O)[C@@H]1CCCN1C(=O)[C@H](C)N)C(=O)O.C[C@@H](O)[C@H](N)C(N)=O.C[C@@H]1NC1=O.C[C@H](NC(=O)[C@H](CC(N)=O)[C@@H](CCC(N)=O)C(N)=O)C(=O)N[C@@H](CC(=O)O)C(=O)N[C@@H](CCc1ccccc1)C(=O)N[C@@H](CCCNC(=N)N)C(=O)C(=O)CCCc1ccc(O)cc1.N.N.N=C(N)NCCC[C@H](NC(=O)CN)C(N)=O.O=C(O)CC[C@@H]1NC1=O.O=C(O)C[C@@H]1NC1=O
C%24(=O)[C@@H]%17CCC(=O)O.C%43(=O)[C@@H]%22CCCCN.[C@H]%32(CCCCN)C(=O)O.CC[C@H](C)[C@H]%14C4=O.C%40(=O)[C@@H]%17CC(=O)O.C%41(=O)[C@@H]%18CC(C)C.C%41(=O)[C@@H]%20CC(C)C.C%42(=O)[C@@H]%23[C@@H](C)CC.[C@H]%26(CCC%26)C8=O.[C@H]%30(CC(N)=O)C9=O.[C@H]%31(CC(C)C)C%11=O.c1%38ccc(O)cc1.C8(=O)[C@@H]%21CC%33.C3(=O)[C@@H](N)CC%34.[C@@H]%27(C%11=O)[C@@H](C)O.[C@@H]%28(C%12=O)C(C)C.C2(=O)[C@@H]%15C%37C%13(=O)[C@@H]%16CS.C%35(=O)[C@@H]%19C%38.[C@H]%25(CO)C7=O.N%29C(=N)N.N2%14.N%13%15.N%24%16.N%35%17.N%40%18.N%41%19.N%42%20.S%33C.N%43%21.N3%22.N4%23.S%36C.N5%25.N6%26.N7%27.N8%28.N9%30.N%10%31.N%11%32	INVALID
[C@H]7(CC(C)C)C%20=O.[C@H]9(CC(=O)O)C%24=O.[C@H]%10(CC(C)C)C%21=O.[C@H]%10(CC(=O)O)C%22=O.[C@H]%12(CC(C)C)C%25=O.[C@H]%15(CC(C)C)C3=O.CC(C)[C@H]4C%21=O.C2(=O)[C@@H]5CC%17.c1%19c[nH]cn1.C%13(=O)CN.N%12C(=N)N.C%14C3=O.C%16C(=O)O.C%23%18=O.CS%17.N24.N%135.N%176.N%197.N%208.N%219.N%22%10.N%23%11.N%24%12.N%25%14.N3%15.N3%16	CC(C)C[C@H](NC(=N)N)C(=O)NCC(=O)C(=O)[C@H](CC(C)C)NNCC(=O)O.CC(C)C[C@H](Nc1c[nH]cn1)C(N)=O.CSCC[C@H](NC(=O)CN)C(=O)N[C@H](C(=O)C(=O)[C@H](CC(C)C)[C@@H](CC(=O)O)C(N)=O)C(C)C.N.NC(=O)[C@@H](N)CC(=O)O.NC=O
[C@H]%28(CCC(N)=O)C%12=O.CC[C@H](C)[C@H]%16C%13=O.[C@H]%18(CCC%19)C%35=O.[C@H]%20(CC(N)=O)C%43=O.[C@H]%30(CC(C)C)C8=O.[C@H]%31(CC(C)C)C%14=O.[C@H]%34(CC(N)=O)C%15=O.[C@H]%38(CCC(N)=O)C(=O)O.[C@H]%16(CCC%17)C%42=O.[C@H]%21(CC(N)=O)C%43=O.[C@H]%22(CCC%23)C%44=O.[C@H]%25(CC(=O)O)C%48=O.[C@H]%26(CC(N)=O)C5=O.C2(=O)[C@@H](N)CCC%39.[C@@H]%28(C5=O)[C@@H](C)O.[C@@H]%32(C%11=O)C(C)C.[C@@H]%33(C%11=O)[C@@H](C)O.N1%35CCC[C@H]1%40.[C@H]%27(CCO)C2=O.[C@H]%29(CS)C7=O.N15CCC[C@H]1%41.[C@H]%37(CS)C%16=O.[C@H]%36(C)C%10=O.N%19C(=N)N.N%23C(=N)N.C%37%40=O.C6%41=O.N2%15.S%39C.N%13%16.N%24%17.N%42%18.N%43%20.N%44%21.N%46%22.N%47%25.N3%26.N4%27.N6%28.N7%29.N8%30.N9%32.N%10%33.N%11%34.N%12%36.N%14%37.N%15%38	CC(C)CCC(N)=O.CC(C)C[C@@H]1NC1=O.CC(C)[C@H](N)C(=O)C(=O)[C@@H](NC(=O)[C@H](C)NC(=O)[C@H](CCC(N)=O)[C@H](C(=O)C(=O)[C@@H](N)CC(N)=O)[C@@H](C)O)[C@@H](C)O.CC[C@H](C)[C@H]1C(=O)NC(=O)[C@H](CS)C(=O)[C@@H]2CCCN2C(=O)[C@H](CCCNC(=N)N)NC(=O)[C@@H]1CCCN.CSCCC[C@H](N)C(=O)C(=O)[C@@H](N)CCO.N=C(N)NCCC[C@H](N)C(=O)N[C@@H](CC(N)=O)C(=O)C(=O)[C@@H](N)CC(N)=O.NC(=O)CC[C@H](N)C(=O)O.NC(=O)C[C@H](N)C(N)=O.NC(=O)[C@@H]1CCCN1.N[C@H](C=O)CC(=O)O.O=C1N[C@H]1CS
C3(=O)[C@@H]%15CCC(=)=O.C%14(=O)[C@@H]%16CCC(N)=O.C%25(=O)[C@@H]%17CCC(N)=O.C%37(=O)[C@@H]%19CCC(N)=O.c1%38c[nH]c2ccccc12.[C@H]%29(CCC(N)=O)C8=O.[C@H]%30(CCC(N)=O)C9=O.[C@H]%20(CC(C)C)C%45=O.[C@H]%23(CCC%24)C%105=O.[C@H]%26(CC(=O)O)C%35=O.CC[C@H](C)[C@H]%13C%44=O.C%43(=O)[C@@H](N)CC%33%33.[C@H]%26(CC%34)C6=O.c1%39ccc(O)cc1.C%36(=O)[C@@H]%18CO.[C@H]%22(C%38)C4=O.[C@H]%27(C%39)C5=O.N1%10CCC[C@H]1%37.C%28C%12=O.N%32C(=N)N.C%11%37=O.N3%13.N%14%15.N%25%16.N%36%17.S%33C.N%44%18.S%44%19.N%45%20.N%46%21.N2%22.N4%23.N5%26.S%35C.N6%27.N7%28.N8%29.N9%30.N%11%31.N%12%32	INVALID
c1%27c[nH]c2ccccc12.CC[C@H](C)[C@H]9C%14=O.[C@H]%10(CCC%11)C%28=O.[C@H]%15(CC(N)=O)C%29=O.[C@H]%17(CCC%18)C%36=O.[C@H]%21(CCC%22)C6=O.[C@H]%10(CC%24)C%31=O.[C@H]%13(CC%25)C4=O.[C@H]5(CCC6)C4=O.[C@@H]8(CC%26.C3(=O)[C@@H](C)O.N%11C(=N)N.C%12C%25=O.N%14C(=N)N.C%16C%30=O.N%18C(=N)N.C%19C%32=O.C%20C9=O.N%22C(=N)N.N%23C(=N)N.C%24C(=O)O.N39.S%27C.N%14%10.N%28%12.N%29%13.N%30%15.N%31%16.N%32%17.N5%19.N6%20.N7%21.N8%24	INVALID
[C@H]%24(CCCCN)C%52=O.c1%48c[nH]c2ccccc12.CC[C@H](C)[C@H]%16C%51=O.C%14(=O)[C@@H]%18CC(C)C.C%36(=O)[C@@H]%19CC(C)C.C%47(=O)[C@@H]%22CCC%23.[C@H]%26(CCC%27)C%52=O.[C@H]%29(CCC%30)C4=O.[C@H]%32(CC(C)C)C7=O.[C@H]%34(CC%35)C%10=O.[C@@H]%37(C%11=O)[C@@H](C)CC.[C@H]%38(CC(C)C)C%13=O.C%50(=O)[C@@H]%20C(C)C.C%51(=O)[C@@H](N)CC%44.[C@@H]%28(C8=O)C(C)C.[C@@H]%33(C%12=O)[C@@H](C)O.[C@@H]%39(C%15=O)C(C)C.C3(=O)[C@@H]%17C%45.[C@H]%27(C%48)C6=O.c1%45c[nH]cn1.[C@H]%31(C)C5=O.N%23C(=N)N.N%27C(=N)N.N%30C(=N)N.C%38C%16=O.N%41C(=N)N.C%43C(=O)O.N3%16.N%14%17.N%25%18.N%36%19.N%47%20.N%49%21.N%50%24.S%44C.N%51%26.N%52%28.N4%29.N5%31.N6%32.N7%33.N8%34.N9%37.N%10%38.N%11%39.N%12%40.N%13%42.N%15%43	CC(C)C[C@@H]1NC1=O.CC(C)C[C@H](N)C(=O)N[C@@H](Cc1c[nH]cn1)C(N)=O.CC(C)C[C@H](NC(=O)[C@@H](CCC[C@H](N)C(=O)C(=O)[C@H](CCCCN)NC(=O)[C@@H](NC(=O)CCCCNC(=N)N)C(C)C)Cc1c[nH]c2ccccc12)C(=O)N[C@H](C(N)=O)[C@@H](C)O.CC[C@H](C)[C@H](C(=O)C[C@@H](CC(C)C)C(N)=O)C(=O)C(=O)[C@@H](N)CCSC.CC[C@H](C)[C@H](N)C(=O)N[C@H](C(=O)NCC(=O)O)C(C)C.CC[C@H](NC(=O)[C@@H](N)C(C)C)C(N)=O.C[C@@H]1NC1=O.N.N=C(N)N.N=C(N)N.N=C(N)NCCC[C@@H]1NC1=O
[C@H]6(CC(=O)O)C%18=O.C%15C[C@H](N)C2=O.[C@@H]5(C%18=O)C(C)C.[C@@H]%11(C1%18=O)C(C)C.[C@@H]%12(C%22=O)C(C)C.[C@@H]%14(C(=O)O)C(C)C.[C@H]8(CO)C%20=O.[C@H]%10(C)C%21=O.C7C%20=O.C9C%23=O.N%15C(=N)N.C1%16.N%135.N%136.N%177.N%188.N%199.N%21%10.N%22%11.N%23%12.N3%14	INVALID
[C@H]%15(CCCCN)C%24=O.[C@H]%16(CCCCN)C%35=O.[C@H]%19(CCCCN)C%42=O.[C@H]%21(CCC(=O)O)C%45=O.[C@H]%28(CCCCN)C6=O.[C@H]%29(CCC(N)=O)C%10=O.[C@H]%34(CCCCN)C%14=O.[C@H]%36(CCC(N)=O)C(=O)O.[C@H]%23(CCC(N)=O)C%13=O.[C@H]%19(CCCCN)C%46=O.[C@@H]%22(C%55=O)[C@@H](C)CC.[C@H]%27(CC(=O)O)C5=O.[C@H]%30(CC(=O)O)C8=O.[C@H]%32(CCC%33)C%12=O.C%37C[C@H](N)C2=O.[C@@H]%25(C6=O)[C@@H](C)O.[C@@H]%26(C3=O)[C@@H](C)O.N13CCC[C@H]1%38.N1%33CCC[C@H]1%39.N%17C(=N)N.C%24C2=O.C%31C%11=O.N%33C(=N)N.C4%39=O.CS%37.N%13%15.N%24%16.N%35%18.N%41%18.N%43%20.N%44%21.N%45%22.N%45%23.N2%25.N4%26.N5%27.N6%28.N7%29.N8%30.N9%31.N%11%32.N%12%34.N%14%36	CC[C@H](C)[C@@H](C=O)NC(=O)[C@@H](N)CCC(=O)O.CSCC[C@H](N)C(=O)C(=O)CC(=O)[C@H](CCCCN)NC(=O)[C@@H](N)CCC(N)=O.C[C@@H](O)[C@H](N)C(=O)C(=O)[C@@H](N)CCCCN.C[C@@H](O)[C@H](NC(=O)[C@@H]1CCCN1CCC[C@H](NC(=O)CN)C(=O)N[C@@H](CCCCN)C(=O)N[C@@H](CCC(N)=O)C(=O)O)C(=O)N1CCCC1.N.N=C(N)N.N=C(N)N.NC(=O)CC[C@H](N)C=O.NCCCC[C@@H](C=O)[C@H](C=O)CCCCN.NCCCC[C@H](N)C(=O)NN.O=C(O)C[C@@H]1NC1=O.O=C(O)C[C@@H]1NC1=O
CC[C@H](C)[C@H]7C%27=O.C2(=O)[C@@H]8CC(C)C.[C@H]%13(CC(=O)O)C%28=O.C%24(=O)[C@@H]9C(C)C.[C@@H]%14(C%30=O)C(C)C.[C@@H]1%19CCCN1%13.[C@@H]1%20CCCN1%23.C%25(=O)[C@@H]%10C%22.[C@H]%11(C%25)C%28=O.cc1%25ccccc1.[C@H]%12(CO)C%29=O.[C@H]%17(CO)C6=O.[C@H]%18(CO)C(=O)O.c1%21c[nH]cn1.c1%22c[nH]cn1.C%26(=O)[C@@H]%14C.[C@H]%17(C)C5=O.C%28(=O)C%10.C%14C%30=O.C%16C3=O..C%20%19=O.C%23%20=O.N27.N%248.N%269.N%27%10.N%28%11.N%29%12.N%30%14.N3%15.N4%16.N5%17.N6%18	INVALID
C%46(=O)[C@@H]%29CCC(=O)O.C7(=O)[C@@H]%38CCC(=O)O.[C@H]%51(CCC(=O)O)C%21=O.CC[C@H](C)[C@H]%23C%17=O.C2(=O)[C@@H]%23CC(C)C.C%13(=O)[C@@H]%25CCC%26.C%57(=O)[C@@H]%30CC(N)=O.C%61(=O)[C@@H]%31CC(N)=O.C%63(=O)[C@@H]%32CC(C)C.C%64(=O)[C@@H]%33CC(=O)O.C4(=O)[C@@H]%34CC(N)=O.C8(=O)[C@@H]%39CCC%40.c1%61ccc(O)cc1.C%10(=O)[C@@H]%42CCC%43.C%12(=O)[C@@H]%44CCC%44.C%15(=O)[C@@H]%48C(C)C.C%16(=O)[C@@H](N)CC(C)C.[C@@H]%50(C%18=O)[C@@H](C)CC.C7(=O)[C@@H]%39C(C)C.[C@@H]%54(C(=O)O)C(C)C.C%35(=O)[C@@H]%27C%58.c1%58ccccc1.C6(=O)[C@@H]%37C%59.c1%59cccccc1.[C@@H]1%55CCCN16.[C@H]%51(C%56)C%22=O.[C@H]%54(C%60)C(=O)O.c1%60ccccc1.c1%56c[nH]cn1.C%46(=O)C%28.C%63(=O)C%36.N%40C(=N)N.N%43C(=N)N.CC%49C%19=O.C%11(=O)C%45.C%14(=O)C%47.C%52C%21=O.C5%55=O.N2%22.N%13%23.N%24%25.N%35%27.N%46%28.N%57%29.N%62%30.N%63%31.N%64%32.N3%33.N4%34.N5%36.N7%37.N8%38.N9%39.N%10%41.N%11%42.N%12%44.N%14%47.N%15%48.S%55C.N%16%49.N%18%50.N%19%51.N%20%52.N%21%53.N%22%54	INVALID
[C@H]%15(CCC(N)=O)C%28=O.[C@H]%19(CCC(=O)O)C(=O)O.CC[C@H](C)[C@H]6C%24=O.C%24(=O)[C@@H](N)CCC8.[C@H]%16(CC(C)C)C%28=O.[C@H]%17(CC(C)C)C4=O.C2(=O)[C@@H]7C(C)C.c1%21ccc(O)cc1.[C@@H]%12(C%26=O)C(C)O.[C@@H]%10(C%27=O)C(C)C.[C@@H]%18(C%103=O)C(C)C.C%13(=O)[C@@H]9C%21.N1%22CCC[C@H]1%20.C%23(=O)[C@@H]%11C.N8C(=N)N.N26.N%137.N%229.N%23%10.N%24%11.N%25%12.N%26%14.N%27%15.N%28%16.N3%17.N4%18.N5%19	INVALID
%77=O.[C@@H]1%106CCCN1%25.[C@H]%95(C%20)C%45=O.c1%21ccccc1.N1%92CCC[C@H]1%14.C%529=O.C%65%11=O.C%81%13==.	INVALID
C2(=O)[C@@H]%19CCC(=O)O.[C@H]%30(CCC(N)=O)C%55=O.[C@H]%20(CC(=O)O)C%35=O.[C@H]%22(CCC%23)C%35=O.[C@H]%19(CC(C)C)C%35=O.[C@H]%21(CC(C)C)C%46=O.[C@H]%26(CCC%27)C3=O.[C@@H]%29(C6=O)[C@@H](C)CC.[C@H]%29(CC(C)C)C6=O.[C@H]%32(CC(C)C)C8=O.[C@H]%33(CC(=O)O)C9=O.[C@H]%34(CC(=O)O)C%11=O.[C@H]%37(CC(C)C)C%12=O.[C@H]%37(CC(C)C)C%14=O.[C@H]%39(CC(C)C)C%16=O.[C@H]%40(CCC%41)C%18=O.[C@H]%44(CC(C)C)C%17=O.[C@H]%47(CC(N)=O)C%19=O.[C@@H]%21(C%54=O)[C@@H](C)O.[C@@H]%22(C3=O)[C@@H](C)C.[C@@H]%45(C(=O)O)C(C)O.N1%35CCC[C@H]1%48.[C@H]%31(C%49)C%10=O.[C@H]%31(C)C5=O.[C@H]%38(C)C%10=O.c1%49c[nH]cn1.N%23C(=N)N.N%27C(=N)N.N%41C(=N)N.C%43C%15=O.N2%18.N%13%19.N%24%20.N%35%20.N%46%21.N%46%22.N%52%25.N%53%26.N%54%27.N%54%28.N3%29.N4%30.N5%31.N6%32.N7%33.N8%34.N9%36.N%10%37.S%47C.N%12%38.N%14%39.N%15%40.N%16%42.N%17%44.N%17%45	CC(=O)N[C@@H](CCCNC(=N)N)C(=O)NC(=O)[C@H](CCC(=O)O)[C@@H](CC(C)C)C(=O)N1CCCC1.CC(C)C[C@@H](C(N)=O)[C@H](C(N)=O)[C@@H](C)O.CC(C)C[C@@H]1NC1=O.CC(C)C[C@H](N)C(=O)N[C@H](C=O)CC(=O)O.CC(C)C[C@H](NC(=O)[C@H](CC(C)C)[C@@H](CC(C)C)C(=O)N[C@@H](C)C(=O)C(=O)[C@H](Cc1c[nH]cn1)[C@@H](C)C(N)=O)C(N)=O.CC(C)[C@@H](C(=O)C(=O)[C@@H](N)CCCNC(=N)N)[C@@H](CCCNC(=N)N)C(=O)C(=O)[C@@H](N)CC(=O)O.CC(O)[C@H](N)C(=O)O.CC[C@H](C)[C@H]1C(=O)C(=O)[C@@H]1CC(C)C.CS[C@@H](CC(N)=O)C(N)=O.N.N.N.N.N.N.NC(=O)CC[C@H](N)C=O.NC(=O)[C@@H](N)CC(=O)O
[C@H]%10(CCC(=O)O)C%24=O.c1%19c[nH]c2ccccc12.C%20(=O)[C@@H]8CC(N)=O.c1%18cccc(O)cc1.[C@H]%15(CCO)C%25=O.N1%24CCC[C@H]1%18.[C@H]%16(C%19)C6=O.C3(=O)[C@@H]7C.C%21(=O)[C@H](C)N.[C@H]%11(C)C3=O.[C@H]%17(CO)C(=O)O.[C@H]%10(C)C%27=O.C%14(=O)C6.C%13C4=O.C%25%18=O.N35.N%146.N%177.N%208.N%209.N%21%10.N%22%11.N%23%12.N%25%13.N3%15.N4%16.N5%17	INVALID
[C@H]9(CCC(=O)O)C%27=O.[C@H]%11(CCC(=O)O)C%28=O.[C@H]%12(CC(N)=O)C%30=O.[C@H]%26(CCC%27)C5=O.C7(CC%21)C%21=O.[C@H]9(C%23)C%31=O.N1%23CCC[C@H]1%21.[C@H]%15(C%22)C%34=O.[C@H]%16(C%26)C4=O.[C@H]%20(C%28)C(=O)O.c1%28ccccc1.[C@H]8(C)C%24=O.[C@H]%14(C)C%31=O.[C@H]%17(C)C%33=O.c1%22c[nH]cn1.[C@H]%18(C)C(=O)N.C%10C%35=O.C%13(=O)CN.N%27C(=N)N.N26.N%137.N%248.N%299.N%30%10.N%31%11.N%32%12.N%33%14.N%34%15.N%36%16.N3%17.N4%18.N5%19	C[C@@H]1NC1=O.C[C@H](N)C(=O)N[C@@H](C)C(=O)C(=O)[C@H](CN1CCCC1)[C@@H](CCC(=O)O)C(=O)CCC[C@H](C[C@H](N)C(=O)N[C@@H](C)C(N)=O)C(N)=O.N.N.N=C(N)N.NC(=O)C[C@H](N)C(=O)NCC=O.NCC(=O)NC1CCC1=O.N[C@@H](CCC(=O)O)C(=O)CCC(=O)O.O=C1N[C@H]1Cc1c[nH]cn1.c1ccccc1
CC[C@H](C)[C@H]%11C7=O.C%24(=O)[C@@H]%16CC(=O)O.C%45(=O)[C@@H]%18CC(N)=O.C%39(=O)[C@@H]%19CC(=O)O.C%41(=O)[C@@H]%20CCC%21..C3(=O)[C@@H]%24CC(=O)O.C6(=O)[C@@H](N)CC(=O)O.c1%37ccc(O)cc1.[C@H]%26(CC%32)C8=O.[C@@H]%30(C(=O)O)C(C)C.C%13(=O)[C@@H]%14C%34.C%38(=O)[C@@H]%15CS.C%40(=O)[C@@H]%23C%36.C%41(=O)[C@@H]%26CO.C5(=O)[C@@H]%27CS.[C@H]%29(C%35)C%10=O.c1%34c[nH]cn1.C%35(=O)[C@@H]%17C.[C@H]%22(C)C8=O.C4(=O)[C@@H]%25C..[C@H]%26(C)C9=O.c1%35c[nH]cn1.N%21C(=N)N.C%41(=O)C%22.C5%33=O.N2%11.N%13%12.N%24%14.N%37%15.N%39%16.N%40%17.N%41%18.N%42%19.N%43%20.N%44%22.N3%22.N4%23.N5%25.N6%26.S7C.N7%27.N8%28.N9%29.N%10%30	INVALID
C%46(=O)[C@@H]%26CCC(N)=O.C%47(=O)[C@@H]%28CCC(=O)O.C%52(=O)[C@@H]%29CCC(N)=O.c1%48c[nH]c2ccccc12.[C@H]%42(CCC(N)=O)C(=O)O.CC(C)[C@H]%19C%11=O.C%25(=O)[C@@H]%21CCC%21.[C@H]%37(CCC%37)C%16=O.C%43C[C@H]%18C%12=O.C3(=O)[C@@H]%20C(C)C.C%53(=O)[C@@H]%27C(C)C.C8(=O)[C@@H]%35CC%44.C6(=O)[C@@H]%32CO.c1%50ccc(O)cc1.c1%51ccc(O)cc1.C%47(=O)[C@@H]%24CO.C5(=O)[C@@H]%31C%46.[C@H]%37(C%48)C%13=O.c1%49ccccc1.[C@@H]%39(C%17=O)[C@@H](C)O.[C@@H]1%45CCCN1%45.[C@H]%38(C%49)C%15=O.[C@H]%41(C%51)C%15=O.C%14(=O)C%22.C%10(=O)C%30.N%21C(=N)N.C4(=O)C%30.C8(=O)C%33.C9(=O)C%34.N%37C(=N)N.C%44%45=O.CS%43.N3%19.N%14%20.N%25%22.N%47%23.N%53%24.N%54%26.N%55%27.N%56%28.N4%29.N5%30.N6%31.N7%32.N8%33.N9%34.S%44C.N%10%35.N%12%37.N%13%39.N%15%40.N%16%41.N%17%42	INVALID
CC(C)C[C@H]3C%22=O.C%19(=O)[C@@H]%10CCC%11.C%21(=O)[C@@H](N)CC(C)C.[C@H]%23(CCC%25)C(=O)O.C%16(=O)[C@@H]4C(C)C.C%18(=O)[C@@H]5C(C)C.C%23(=O)[C@@H]9C(C)C.C2(=O)[C@@H]4CC%14.C%17(=O)C6.N%11C(=N)N.C%20(=O)C7.C%21(=O)C%12.N%14C(=N)N.N23.N%124.N%155.N%176.N%187.S%14C.N%198.N%219.N%22%11	CC(C)C[C@H](N)C(=O)C(=O)CN.CC(C)C[C@H](NC(=O)[C@H](CCNC(=N)N)[C@H](C=O)C(C)C)C(N)=O.CC(C)[C@H](N)C(=O)NCC=O.CCC[C@@H](C(=O)O)C(=O)[C@@H](N)C(C)C.CS.N=C(N)NCCCCC(N)=O.O=C1CN1
C%25(=O)[C@@H]%16CCCCN.C%36(=O)[C@@H]%21CCCCN.C%43(=O)[C@@H]%23CCC(=O)O.[C@H]%32(CCCCN)C(=O)O.c1%38c[nH]c2ccccc12.[C@H]%29(CCC(=O)O)C%11=O.[C@H]%24(CCC%26)C%10=O.C%38(=O)[C@@H]%19CCC%20.C%40(=O)[C@@H]%27CC(=O)O.C7(=O)[C@@H](N)CC(=O)O.[C@H]%32(CC(=O)O)C(=O)O.C%33C[C@H]%13C7=O.C%41(=O)[C@@H]%22C(C)C.C4(=O)[C@@H]%24C%37.c1%37ccccc1.[C@@H]1%35CCCN1%41.[C@H]%27(C%38)C9=O.C3(=O)[C@@H]%15C.C%39(=O)[C@@H]%19C.[C@H]%31(C)C%12=O.N%20C(=N)N.C%40%35=O.CS%33.N3%13.N%14%15.N%25%16.N%36%17.N%39%18.N%40%19.N%34%20.N%42%21.N%43%22.N5%23.N6%24.N7%26.N8%27.N9%29.N%10%30.N%11%31.N%12%32	CC(C)[C@H](NC(=O)[C@@H](N)CCC(=O)O)C(=O)N1CCC[C@H]1C(=O)C(=O)[C@H](CC(=O)O)[C@@H](C)C(=O)N[C@@H](CCC(=O)O)C(=O)N[C@@H](C)C(N)=O.CSCC[C@H](NC(=O)[C@H](C)N)C(=O)C(=O)[C@@H](N)CC(=O)O.C[C@@H](C(N)=O)[C@@H](CCCNC(=N)N)C(=O)c1c[nH]c2ccccc12.N.N.N.N.NCCCC[C@@H](C(=O)O)[C@@H](CC(=O)O)C(=O)O.NCCCC[C@@H]1NC1=O.NCCCC[C@H](N)C(N)=O.NCCC[C@@H](C(N)=O)[C@H](C=O)Cc1ccccc1
C3(=O)[C@@H](N)CC(N)=O.[C@H]%22(CCC%23)C6=O.C%32(=O)[C@@H]%11CCC%13.C%31(=O)[C@@H]%15CCC%15.C%33(=O)[C@@H]%18CC(N)=O.[C@H]%22(CCC%23)C7=O.C%26C[C@H]8C4=O.[C@H]%21(CC(=)=O)C5=O.C2(=O)[C@@H]9[C@@H](C)O.C%29(=O)[C@@H]%17[C@@H](C)O.C%30(=O)[C@@H]%19[C@@H](C)O.c1%29ccc(O)cc1.N1%27CCCN1%25.[C@H]%20(C%29)C6=O.C%24(=O)C%10.N%14C(=N)N.C%29(=O)C%16.C3(=O)C%19.N%23C(=N)N.N%25C(=N)N.C%25C(=O)O.C%25%28=O.CS%26.N28.N%139.N%28%10.N%30%11.N%31%12.N%32%16.N%33%17.N%35%18.N4%19.N5%20.N6%21.N7%22.N8%25	INVALID
C%46(=O)[C@@H]%25CCC(=O)O.C%49(=O)[C@@H](N)CCC(N)=O.C%49(=O)[C@@H](N)CCCCN.[C@H]%30(CCCCN)C6=O.[C@H]%31(CCCCN)C7=O.[C@H]%34(CCC(N)=O)C9=O.[C@H]%41(CCCCN)C%15=O.[C@H]%45(CCCCN)C(=O)O.C%13(=O)[C@@H]%20CC(C)C.[C@H]%27(CC(N)=O)C%10=O.[C@H]%38(CCC%39)C%11=O.C%47C[C@H]%19C)=O)CC%47.[C@H]%23(CC%48)C%54=O.[C@@H]%33(C4=O)[C@@H](C)O.[C@@H]%42(C%18=O)[C@@H](C)C.C%24(=O)[C@@H]%22C%52.c1%52ccccc1.[C@@H]1%49CCCN1%46.[C@H]%38(CO)C%12=O.[C@H]%40(C%51)C%13=O.[C@H]%43(CO)C%16=O.C2(=O)[C@@H]%21C.c1%51c[nH]cn1.[C@H]%21(C)C5=O.[C@H]%36(C)C%17=O.N%38C(=N)N.C%45%50=O.CS%47.N2%19.N%13%19.N%24%20.N%35%21.S%48C.N%46%23.N%53%25.N%54%26.N%55%27.N%56%28.N3%29.N3%30.N4%31.N5%32.N6%33.N7%34.N8%36.N9%37.N%10%39.N%12%40.N%14%41.N%15%42.N%16%43.N%17%44.N%18%45	INVALID
C2(=O)[C@@H]%21CCCCN.C%13(=O)[C@@H]%22CC(=O)O.C3(=O)[C@@H](N)CCC(=O)O.[C@H]%30(CCCCN)C5=O.[C@H]%43(CCCCN)C%17=O.CC[C@H](C)[C@H]%20C4=O.C%35(=O)[C@@H]%23CC(=O)O.C3(=O)[C@@H]%30CC(=O)O.C5(=O)[C@@H]%31[C@@H](C)CC.[C@H]%32(CCC%33)C9=O.[C@H]%37(CC(C)C)C%10=O.[C@H]%38(CC(C)C)C%12=O.[C@H]%39(CC(N)=O)C%15=O.[C@H]%40(CC(N)=O)C%16=O.[C@H]%44(CC(N)=O)C%18=O.[C@H]%45(CC(N)=O)C%19=O.c1%51ccc(O)cc1.[C@H]%36(CC%48)C8=O.[C@H]%39(CC%49)C%11=O.c1%52ccc(O)cc1.C%55(=O)[C@@H]%26C%50.C%57(=O)[C@@H]%27CO.[C@H]%31(C%52)C9=O.C%46(=O)[C@@H]%25C.C%53(=O)[C@@H]%26C.[C@H]%37(C)C6=O.[C@H]%47(C)C(=O)O.[C@H]%34(C)C7=O.C%54(=O)C%28.N%33C(=N)N.N2%20.N%13%21.N%24%22.N%35%23.N%46%25.N%53%25.N%54%26.N%55%27.N%55%28.N3%29.N4%30.N5%31.N6%32.N7%34.S%48C.N8%36.N9%37.N%10%38.S%49C.N%12%39.N%14%40.N%15%41.N%16%43.N%17%44.N%18%45.N%19%47	CC[C@H](C)[C@@H](C(=O)C(=O)[C@H](CCCCN)[C@@H](CC(=O)O)C(=O)C(=O)[C@@H](N)CCC(=O)O)[C@@H](Cc1ccc(O)cc1)C(=O)C(=O)[C@H](CCCNC(=N)N)NC(=O)[C@H](C)[C@@H](CC(C)C)C(=O)N[C@@H](CC(C)C)C(N)=O.CC[C@H](C)[C@H](NC(=O)[C@H](CCCCN)NC(=O)[C@@H](N)CC(=O)O)C(N)=O.CSCC[C@@H](C=O)[C@@H](CC(N)=O)C(N)=O.CSCC[C@@H]1NC1=O.C[C@@H](C(N)=O)[C@@H](C)C(=O)N[C@H](C=O)CO.C[C@@H]1NC1=O.C[C@@H]1NC1=O.C[C@H](NC(=O)[C@H](CC(N)=O)NC(=O)[C@H](CC(N)=O)NC(=O)[C@H](CCCCN)NC(=O)[C@@H](N)CC(N)=O)C(=O)O.N.N.N.NCC(N)=O.O=C(O)C[C@@H]1NC1=O.Oc1ccccc1
C%24(=O)[C@@H]%14CCC(N)=O.C%32(=O)[C@@H](N)CCCCN.[C@H]%22(CCCCN)C9=O.CC[C@H](C)[C@H]%10C%34=O.C%13(=O)[C@@H]%11CC(C)C.C%29(=O)[C@@H]%12[C@@H](C)CC.C%31(=O)[C@@H]%14CC(N)=O.C%32(=O)[C@@H]%16CC(N)=O.C3(=O)C%34=O.c1%28ccc(O)cc1.[C@@H]%19(C3=O)C(C)C.[C@@H]%20(C7=O)C(C)C.C2(=O)[C@@H]%11CO.C%30(=O)[C@@H]%15CS.C%31(=O)[C@@H]%17C%28.[C@H]%21(C%29)C5=O.c11%29ccccc1.N15CCC[C@H]1%26.N17CCC[C@H]1%27.[C@H]%23(CO)C(=O)O.C%31%26=O.C8%27=O.CS%25.N2%10.N%13%11.N%24%12.N%30%14.N%31%14.N%32%16.N%33%17.N%34%18.N%35%19.N2%19.N4%20.N5%21.N6%22.N9%23	INVALID
[C@H]6(CCC(=O)O)C%19=O.[C@H]%10(CCC(N)=O)C%22=O.[C@H]9(CC(C)C)C%20=O.[C@H]%14(CO)C2=O.N2C(=O)N.C%12C2=O.C%13%15=O.N14.N%125.S%14C.N%176.N%187.N%198.N%199.N%20%11.N%21%11	C=O.CC(C)C[C@H](N)C(=O)NN.CS[C@@H](CO)C(=O)NC(N)=O.N.N.NC(=O)CCCC=O.NC(=O)[C@@H](N)CCC(=O)O.NCC=O
[C@H]%39(CCC(N)=O)C%35=O.[C@H]%42(CCCCN)C%68=O.[C@H]%47(CCCCN)C3=O.[C@H]%50(CCCCN)C6=O.[C@H]%65(CCCCN)C%20=O.[C@H]%67(CCCCN.C%21(=O)[C@@H](N)CCCCN.[C@H]%51(CCCCCN)C7=O.[C@H]%62(CCCCN)C%16=O.[C@H]%63(CCC(=O)O)C%19=O.[C@H]%64(CCCCN)C%21=O.[C@H]%72(CCC(=O)O)C%27=O.[C@H]%75(CCC(N)=O)C%31=O.[C@H]%76(CCC(N)=O)C%33=O.[C@H]%40(CCC%41)C%57=O.[C@H]%43(CCC%44)C%79=O.[C@H]%49(CC(C)C)C5=O.[C@H]%53(CC(C)C)C7=O.[C@H]%52(CC(C)C)C9=O.[C@H]%52(CC(C)C)C%10=O.[C@H]%54(CCC%55)C%11=O.[C@H]%56(CCC%58)C%12=O.[C@H]%66(CC(N)=O)C%22=O.[C@H]%67(CCC%69)C%26=O.[C@H]%70(CCC%71)C%29=O.[C@H]%75(CC(=O)O)C(=O)O.CCCC[C@H]%37C%24=O.C2(=O)[C@@H]%38C%80.[C@H]%37(C%82)C%35=O.c11%82ccccc1.[C@H]%60(CO)C%68=O.[C@H]%61(C%81)C%16=O.[C@H]%65(CO)C%18=O.N1%31CCC[C@H]1%78.c1%80c[nH]cn1.[C@H]%45(C)C%84=O.c1%81c[nH]cn1.[C@H]%74(C)C%31=O.N%41C(=N)N)N.C%48C%104=O.N%44C(=N)N.N%55C(=N)N.N%58C(=N)N.C%65C%23=O.N%69C(=N)N.N%71C(=N)N.C%73C%28=O.C%32%78=O.CS%77.N2%36.N%13%38.N%35%39.N%46%40.N%57%42.N%68%43.N%79%45.N%84%47.N3%48.N4%49.N5%50.N6%51.N7%52.N8%53.N9%54.N%10%56.N%11%59.N%12%60.N%14%61.N%15%62.N%16%63.N%17%65.N%18%66.N%19%67.N%20%70.N%21%72.N%22%73.N%23%74.N%25%75.N%26%76.N%27%77.N%28%67.N%29%70.N%30%72.N%32%73.N%33%74.N%34%76	INVALID
C2(=O)[C@@H]%11CCCCN.C%31(=O)[C@@H](N)CCCCN.CC[C@H](C)[C@H]9C3=O.C%29(=O)[C@@H]%10CC(C)C.C%31(=O)[C@@H]%17CC(=O)O.C%26(=O)[C@@H]%12[C@@H](C)O.c1%26ccc(O)cc1.C%29(=O)[C@@H]%15C(C)C.[C@@H]%16(C6=O)C(C)C.[C@@H]%17(C7=O)C(C)C.[C@@H]%18(C8=O)C(C)C.[C@@H]1%21CCCN1%25.[C@@H]1%22CCCN1%27.[C@@H]1%23CCCN1%31.[C@H]%19(C%25)C(=O)O.[C@H]%15(C)C5=O.C%28(=O)C%14.C%24%21=O.C%26%22=O.C%27%23=O.C%30%25=O.N29.N%30%10.N%26%11.N%28%12.N%29%14.N3%15.N4%16.N6%17.N7%18.N8%19	CC(C)C[C@H](NC=O)C(=O)C(=O)[C@H](C(C)C)[C@@H](C)C=O.CC(C)[C@H](N)C(N)=O.CC(C)[C@H](NC(=O)[C@H](C(C)C)[C@@H](CC(=O)O)C(=O)C(=O)[C@@H](N)CCCCN)C(=O)N[C@@H](CN1CCC[C@H]1C=O)C(=O)O.CC[C@H](C)[C@H](NC(=O)[C@H](CCCCN)NC(=O)[C@@H]1CCCN1C(=O)[C@@H]1CCCN1)C(N)=O.C[C@@H](O)[C@H](NC(=O)CN)C(=O)c1ccc(O)cc1
[C@H]%17(CCCCCN)C(=O)O.CC[C@H](C)[C@H]6C%24=O.[C@H]%13(CCC%15)C%29=O.[C@H]%17(CC(N)=O)C3=O.c1%21ccc(O)cc1.[C@@H]9(C%28=O)C(C)C.N1%23CCC[C@H]1%18.N1%24CCC[C@H]1%19.N1%26CCC[C@H]1%20.[C@H]%10(C%20)C%28=O.c1%20ccccc1.[C@H]%11(C%21)C4=O.[C@H]%12(C%22)C5=O.[C@H]%16(CO)C5=O.C2(=O)CN.N%15C(=N)N.C%24%18=O.C%26%19=O.N26.N%137.N%248.N%259.N%26%10.N%27%11.N%28%12.N%29%14.N3%15.N4%16.N5%17	CC[C@H](C)[C@H](NC(=O)CN)C(=O)N1CCC[C@H]1C(=O)N1CCC[C@H]1C[C@H](N)C(=O)C(=O)[C@@H](N)C(C)C.C[C@H](N)C(=O)C(=O)[C@H](CO)NC(=O)[C@@H](N)Cc1ccc(O)cc1.N.N=C(N)NCCC[C@H](N)C(N)=O.NC(=O)[C@@H]1CCCN1.NCCCCC[C@@H](C(=O)O)[C@@H](CC(N)=O)C(N)=O.c1ccccc1
[C@H]8(CCCCN)C%21=O.[C@H]9(CCCCN)C%23=O.[C@H]%11(CCC(=O)O)C%24=O.[C@H]%15(CCC(=O)O)C%26=O.[C@H]%10(CC(=O)O)C%26=O.[C@H]9(CC(C)C)C%27=O.[C@H]%17(CC(C)C)C%28=O.[C@H]%18(CC(C)C)C(=O)O.C3C[C@H](N)C2=O.[C@H]7(C%20)C%22=O.c1%20ccccc1.[C@H]%10(CO)C%29=O.[C@H]%17(CO)C4=O.C%13C%23=O.C%15C%25=O.CS6.N27.N%138.N%219.N%22%10.N%23%11.N%24%12.N%25%14.N%26%15.N3%16.N4%17.N6%18.S7C	CC(C)C[C@@H](C=O)[C@@H](CCCCN)C(=O)C(=O)CN[C@@H](CCCCN)C(N)=O.CC(C)C[C@@H](C=O)[C@@H](CO)C(N)=O.CS.CSN[C@@H](CC(C)C)C(=O)O.N.NC(=O)C[C@@H](CCC(=O)O)C(=O)C(=O)[C@H](CC(=O)O)[C@H](C=O)CO.NC(=O)[C@@H](N)CCC(=O)O.NCC[C@H](N)C(=O)N[C@@H](Cc1ccccc1)C(N)=O
C%13(=O)[C@@H]%18CCC(N)=O.C%24(=O)[C@@H]%19CCC(=O)O.C%46(=O)[C@@H]%23CCC(=O)O.[C@H]%28(CCC(=O)O)C6=O.[C@H]%31(CCCCN)C9=O.[C@H]%32(CCCCN)C%10=O.[C@H]%34(CCCCN)C%11=O.C%44(=O)[C@@H]%21CC(=O)O.[C@H]%26(CCC%27)C5=O.[C@H]%38(CC(C)C)C(=O)O.C%39C[C@H]%16C%46=O.[C@@H]%22(C%47=O)C(C)C.C%46(=O)[C@@H]%21CC%40.N13CCC[C@H]11%40.[C@H]%25(CO)C3=O.[C@H]%26(C%42)C4=O.[C@H]%29(C%42)C7=O.[C@H]%33(C%43)C%12=O.c1%43ccccc1.[C@H]%36(CS)C%14=O.c1%41c[nH]cn1.c1%42c[nH]cn1.C%13(=O)C%17.C%45(=O)CN.N2%16.N%13%17.N%24%18.N%35%20.N%45%21.N%46%22.N%47%23.S%40C.N%47%25.N4%26.N5%27.N6%28.N7%29.N8%30.N9%31.N%10%32.N%11%33.N%12%34.N%14%36.N%15%38	INVALID
C%24(=O)[C@@H]%34CCC(N)=O.C%57(=O)[C@@H]%38CCCCN.C5(=O)[C@@H]%48CCCCN.[C@H]%70(CCCCN)C%28=O.C2(=O)[C@@H]%30CC(=O)O.C%13(=O)[C@@H]%33CC(=O)O.C%76(=O)[C@@H]%42CC(=O)O.C6(=O)[C@@H]%43CCC%44%44.C2(=O)[C@@H]%31CCC%32.C%75(=O)[C@@H]%40CC(=O)O.C%76(=O)[C@@H]%40CC(C)C.C7(=O)[C@@H]%47CC(C)C.C9(=O)[C@@H]%49CCC%50.C%10(=O)[C@@H]%51CC(=O)O.C%11(=O)[C@@H]%52CCC%53.C%17(=O)[C@@H]%55CCC%56.[C@H]%61(CC(C)C)C%20=O.[C@H]%64(CC(=O)O)C%25=O.[C@H]%67(CC(C)C)C%28=O.C%75(=O)[C@@H]%41CC(N)=O.[C@H]%63(CC(N)=O)C%26=O.[C@H]%66(CCC%67)C%29=O.C%14(=O)[C@@H]%36[C@@H](C)O.C%16(=O)[C@@H]%60CC(C)C.C%46(=O)[C@@H]%37C(C)C.C3(=O)[C@@H]%59C(C)C.C%15(=O)[C@@H]%59CCC%71.C%18(=O)[C@@H](N)CC%72.[C@@H]%58(C%21=O)C(C)C.c1%74ccc(O)cc1.c1%75ccc(O)cc1.C%68(=O)[C@@H]%39C.C5(=O)[C@@H]%54C.N%44C(=N)N.C%14(=O)[C@@H]%58C.N%44C(=N)N.N%50C(=N)N.N%53C(=N)N.N%56C(=N)N.C%62C%22=O.C%69C%27=O.N2%29.N%13%30.N%24%33.N%35%34.N%46%36.N%57%37.N%68%38.N%76%39.N%76%40.N3%41.N4%42.N5%43.N6%45.N7%47.N8%48.N9%49.N%10%51.N%11%52.N%12%54.N%14%55.N%15%58.S%71C.N%16%59.N%18%60.S%72C.N%19%61.N%20%62.N%21%63.N%22%64.N%25%65.N%26%66.N%27%69.N%28%70	INVALID
C2(=O)[C@@H]7CCC(N)=O.C%27(=O)[C@@H]%11CCCCN.C%28(=O)[C@@H]9CCC%10.C%29(=O)[C@@H]%16CC(C)C.C%31(=O)[C@@H]%17CCC%18.C%21C[C@H][C@H]7C3=O.C%13(=O)[C@@H]%14C(C)C.C%28(=O)[C@@H]%17C(C)C.[C@H]%18(CC%22)C5=O.c1%25ccc(O)cc1.C%26(=O)[C@@H]%12CS.C%29(=O)[C@@H]%14C%23.c1%23ccccc1.C%30(=O)[C@@H]%15C%24.c1%24ccccc1.[C@H]%19(C%25)C6=O.[C@H]%20(C)C6=O.N%10C(=N)N.N%25C(=N)N.CS%21.N27.N%138.N%249.N%27%11.N%28%12.N%29%14.N%30%15.N%31%16.N3%17.N4%18.S%22C.N5C.N6%20	CNC(=O)[C@@H](CCC[C@@H](C(=O)N[C@@H](CC(C)C)C(=O)C(=O)[C@H](Cc1ccccc1)[C@H](C(N)=O)C(C)C)[C@H](C(=O)C(=O)[C@@H](N)CCCNC(=N)N)C(C)C)CCSC.CSCC[CH][C@@H](C(N)=O)[C@@H](CCC(N)=O)C(N)=O.C[C@H](N)C(=O)C(=O)CCc1ccc(O)cc1.N.N.N=C(N)N.NCCCC[C@@H]1NC1=O.N[C@H](C=O)CS.O=C1N[C@H]1Cc1ccccc1
C5(=O)[C@@H]9CCC(=O)O.c1%19c[nH]c2ccccc12.C%27(=O)[C@@H]%12CC(N)=O.CC(C)[C@H]6C4=O.C%24(=O)[C@@H]7C(C)C.C%18(=O)[C@@H]8CO.C%23(=O)[C@@H]%11CO.[C@@H]1%23CCC[C@H]1%24.N1%24CCC[C@H]1%18.[C@H]%16(C%19)C(=O)O.C%15(=O)C%10.C%21(=O)C%11.C4(=O)CN.C%25%17=O.C%26%18=O.CS%17.N36.N%187.N%208.N%219.N%22%10.N%24%11.N%26%12.N%27%13.N4%15.N5%16	CC(C)[C@H](N)C(=O)C(=O)CN.CC(C)[C@H](NC(=O)N[C@@H](CC(N)=O)C(N)=O)C(=O)[C@@H]1CCC[C@H]1C(=O)[C@H](CO)CC(=O)N[C@@H](CCC(=O)O)C(=O)N[C@@H](Cc1c[nH]c2ccccc12)C(=O)O.CSC=O.NCC(N)=O.N[C@@H](CO)C(=O)[C@@H]1CCCN1N
C2(=O)[C@@H]%34CCC(=O)O.C%35(=O)[C@@H]%38CCC(=O)O.C%83(=O)[C@@H]%42CCC(=O)O.C%83(=O)[C@@H]%43CCC(=O)O.C3(=O)[C@@H]%44CCCCN.C%10(=O)[C@@H]%52CCCCN.[C@H]%59(CCC(=O)O)C%21=O.[C@H]%70(CCC(=O)O)C%31=O.C%68(=O)[C@@H]%41CC(C)C.C4(=O)[C@@H]%45CC(N)=O.C7(=O)[C@@H]%48CCC%49.C8(=O)[C@@H]%50CC(=O)O.C%11(=O)[C@@H]%53CC(C)C.C%15(=O)[C@@H](N)CC(C)C.[C@H]%59(CC(C)C)C%23=O.[C@H]%64(CC(C)C)C%25=O.[C@H]%67(CC(=O)O)C%28=O.[C@H]%73(C(N)=O)C(=O)O.C%74C[C@H]%33C%17=O.C%24(=O)[C@@H]%37CCC%75.C%84(=O)[C@@H]%42C(C)C.C9(=O)[C@@H]%51[C@@H](C)O.[C@@H]%55(C%18=O)[C@@H](C)O.[C@H]%69(CC%77)C%30=O.C%46(=O)[C@@H]%39C%81.[C@H]%56(C%82)C%17=O.c1%82ccccc1.c1%82ccccc1.N1%19CCC[C@H]1%78.[C@H]%63(CO)C%26=O.[C@H]%65(C%83)C%28=O.c1%83ccccc1.N1%28CCC[C@H]1%80.[C@H]%71(CS)C%32=O.C%24(=O)[C@@H]%36C.C%57(=O)[C@@H]%40C.c1%81c[nH]cn1.[C@H]%60(C)C%19=O.N%49C(=N)N.C%12(=O)C%54.C%14(=O)C%58.C%20%78=O.C%29%80=O.CS%74.N2%33.N%13%34.N%24%36.S%75C.N%35%37.N%46%38.N%57%39.N%68%40.N%79%41.N%84%41.N3%42.N4%43.N5%44.N6%45.N7%47.N8%48.N9%50.N%10%51.N%11%52.N%12%53.N%14%54.N%15%55.N%16%56.N%17%58.N%18%59.N%20%60.N%21%61.S%76C.N%22%62.N%23%63.N%25%64.N%26%65.N%27%67.N%29%69.S%77C.N%30%70.N%31%71.N%32%72.N%33%73	CC(C)C[C@@H](C(=O)N[C@@H](CO)C(=O)N[C@@H](Cc1ccccc1)C(=O)C(=O)[C@@H](N)CC(=O)O)[C@@H](CCC(=O)O)C(N)=O.CC(C)C[C@@H]1NC1=O.CC(C)C[C@H](N)C(=O)N[C@H](C(N)=O)[C@@H](C)O.CC(C)C[C@H](NC(=O)CNC(=O)CN)C(=O)N[C@@H](CCCCN)C(=O)N[C@H](C(=O)N[C@@H](CC(=O)O)C(=O)N[C@@H](CCCNC(=N)N)C(N)=O)[C@@H](C)O.CC(C)[C@@H](C(N)=O)[C@@H](CCC(=O)O)C(=O)C(=O)[C@H](CCC(=O)O)NC(=O)[C@@H](N)CC(N)=O.CS.CSCCC[C@H](NC(=O)[C@H](CCC(=O)O)NC(=O)[C@H](Cc1c[nH]cn1)NC(=O)[C@H](C)NC(=O)[C@@H](N)CC(C)C)C(=O)C(=O)[C@H](C)N.CSCC[C@H](NC(=O)[C@@H](N)CCC(=O)O)C(=O)C(=O)[C@@H](N)Cc1ccccc1.CSCC[C@H](NC(=O)[C@@H]1CCCN1)C(=O)N[C@@H](CCC(=O)O)C(=O)N[C@@H](CS)C(N)=O.C[C@@H]1NC(=O)[C@@H]2CCCN2C1=O.N.NC(=O)[C@H](N)C(=O)O.NCCCC[C@H](N)C(N)=O.c1ccccc1
C%44(=O)[C@@H]%19CCCCN.C%45(=O)[C@@H]%21CCC(N)=O.C%45(=O)[C@@H]%24CCCCN.C4(=O)[C@@H](N)CCCN.CC[C@H](C)[C@H]%15C5=O.c1%39c[nH]c2ccccc12.[C@H]%30(CCC%31)C8=O.[C@@H]%24(C%11=O)[C@@H](C)CC.C%47(=O)[C@@H]%23[C@@H](C)O.[C@@H]%32(C(=O)O)C(C)C.C3(=O)[C@@H]%15CO.C%14(=O)[C@@H]%16CS.C%25(=O)[C@@H]%17C%41.c1%41ccccc1.C%36(=O)[C@@H]%22(CO.C%38(=O)[C@@H]%15C%38.[C@@H]1%33CCCN1%43.N16CCC[C@H]1%34.[C@H]%26(C%39)C9=O.[C@H]%27(CO)C%10=O.[C@H]%29(CO)C%12=O.N19CCC[C@H]1%37.c1%38c[nH]cn1.N%31C(=N)N.C7%35=O.C9%37=O.N3%13.N%14%15.N%25%16.N%36%17.N%45%18.N%45%19.N%46%20.N%49%21.N%50%22.N%32%23.N5%24.N7%26.N9%27.N%10%28.N%11%29.N%12%32	INVALID
C8(=O)[C@@H](N)CC(CNN.[C@H]%30(CCCCN)C%12=O.[C@H]%41(CCC(=O)O)C%17=O.CC[C@H](C)[C@H]%19C9=O.C%13(=O)[C@@H]%21[C@@H](C)CC.C%46(=O)[C@@H]%23[C@@H](C)CC.C%53(=O)[C@@H]%27CC(N)=O.C7(=O)[C@@H]%38CCC%39.[C@@H]%33(C%15=O)[C@@H](C)CC.C%51(=O)[C@@H]%29[C@@H](C)O.[C@@H]%32(C%12=O)C(C)C.[C@@H]%34(C%14=O)C(C)C.C2(=O)[C@@H]%20CO.C%24(=O)[C@@H]%22C%47.c1%47ccccc1.C%35(=O)[C@@H]%22CO.C%49(=O)[C@@H]%25C%45.[C@H]%37(C%49)C%11=O.c1%49ccccc1.N1%15CCC[C@H]1%44.[C@H]%37(CO)C%19=O.[C@H]%42(CO)C%21=O.[C@H]%43(CO)C(=O)O.c1%45c[nH]cn1.C3(=O)[C@@H]%30C.C5(=O)[C@@H]%33C.N%39C(=N)N.C6(=O)C%31.C%16%44=O.N2%19.N%13%20.N%24%21.N%35%22.N%46%23.N%50%25.N%51%26.N%52%27.N%53%27.N3%28.N4%29.N5%30.N6%31.N7%32.N8%33.N9%34.N%10%36.N%11%37.N%12%38.N%14%40.N%16%41.N%17%42.N%18%43	INVALID
1%27.[C@@H]1%10CCCN1%47.[C@@H]1%11CCCN1%60.C%63(=O)[C@@H]5C%34.C%77(=O)[C@@H]%123C%38.C%78(=O)[C@@H]%16CO.[C@@H]1%20CCCN1%89.c1%24c[nH]cn1.c1%28c[nH]cn1.c1%30c[nH]cn1.[C@@H]1%17CCCN1%10C%377=O.C%858=O.C%110C(=O)O.C%82%102=O.C%44%104=O.C%46%115=O.C%51%110=O.C%594=O.C	INVALID
[C@H]%10(CCC(N)=O)C%13=O.[C@H]%15(CCC(N)=O)C%29=O.[C@H]%18(CCC(N)=O)C3=O.CC[C@H](C)[C@H]9C%13=O.[C@H]%11(CC(C)C)C%24=O.[C@H]%25(CC(C)C)C%30=O.[C@H]%16(CC(C)C)C%32=O.[C@H]%17(CC(=O)O)C5=O.[C@H]%20(CC(=O)O)C7=O.C2(=O)[C@@H]%10CO.[C@H]%19(CC%23)C%29=O.[C@H]9(CO)C(=O)O.C%27%25=O.C%19C3=O.C%22C(=O)N.N29.N%13%10.N%24%11.N%26%12.N%27%14.N%28%15.N%29%16.N%30%17.N%31%18.N4%19.N5%20.N6%21.N8%22	CC(C)C[C@@H]1NC1=O.CC(C)C[C@H](C(N)=O)C(=O)N[C@@H](CC(=O)O)C(=O)N[C@H](C=O)CC(=O)O.CC(C)C[C@H](N)C=O.CC[C@H](C)[C@@H](C(=O)C(=O)[C@H](CCC(N)=O)[C@@H](CO)C(N)=O)[C@@H](CO)C(=O)O.CC[C@H](CC(=O)C(=O)[C@@H](N)CCC(N)=O)C(=O)C(=O)[C@@H](N)CCC(N)=O.N.N.N.N.NCC(N)=O
[C@H]%24(CCCCCN)C%53=O.[C@H]%29(CCCCN)C%56=O.[C@H]%37(CCC(N)=O)C%10=O.c1%53c[nH]c2ccccc12.[C@H]%42(CCC(=)=O)C%19=O.CC[C@H](C)[C@H]%21C%14=O.[C@H]%26(CCC(N)=O)C%54=O.[C@@H]%28(C%55=O)[C@@H](C)CC.[C@H]%32(CC(C)C)C7=O.[C@H]%35(CC(=O)O)C9=O.[C@H]%38(CC(N)=O)C%12=O.[C@H]%40(CCC%41)C%15=O.[C@H]%44(CC(N)=O)C%20=O.C3(=O)[C@@H](N)CC%46.[C@@H]%23(C%25=O)C(C)C.[C@H]%27(C%51)C%54=O.c1%51ccccc1.[C@H]%30(CO)C4=O.[C@H]%33(CO)C8=O.[C@H]%34(C%52)C%13=O.c1%52ccccc1.N1%13CCC[C@H]1%48.[C@H]%39(CO)C%16=O.N1%16CCC[C@H]1%49.[C@H]%45(C%50)C(=O)O.c1%50c[nH]cn1.C%22C%36=O.C%31C6=O.C%38C%11=O.C%17%49=O.N3%21.S%46C.N%14%22.N%25%23.N%36%24.N%47%26.N%53%27.N%54%28.N%55%29.N4%30.N5%31.N6%32.N7%33.N8%34.N9%35.N%10%37.N%11%38.N%12%39.N%15%40.N%17%42.N%18%43.N%19%44.N%20%45	INVALID
[C@H]4(CCC5)C%13=O.[C@H]%10(CCC%11)C%18=O.[C@H]8(CC(N)=O)C%19=O.[C@H]%12(CCC%14)C%21=O.[C@H]%14(CC(N)=O)C%22=O.[C@H]%15(CC(N)=O)C3=O.[C@H]%16(CCC%17)C(=O)O.C(C)[C@H]4C2=O.N5C(=N)N.N%11C(=N)N.C%55C%20=O.C%12C%23=O.N%17C(=N)N.CS%18.N14.N%134.N%187.N%198.N%209.N%22%10.N%23%12.N%24%15.N2%16	CC(N)=O.CC[C@@H](C(=O)N[C@@H](CCCNC(=N)N)C(=O)O)[C@@H](CCCNC(=N)N)C(=O)NN.CSC(=O)[C@H](CCCNC(=N)N)NC(=O)[C@@H](CCC[C@@H](C=O)CC(N)=O)CC(N)=O.N.NC(=O)C[C@@H]1NC1=O.NC(=O)C[C@H](N)C=O
[C@H]%44(CCC(=O)O)C%16=O.CC[C@H](C)[C@H]%21C%59=O.[C@H]%30(CC(=O)O)C3=O.[C@@H]%48(C%17=O)[C@@H](C)CC.[C@H]%45(CCC%47)C%18=O.[C@H]%48(CC(N)=O)C%18=O.[C@@H]%49(C%20=O)[C@@H](C)CC.C%35(=O)[C@@H]%27CC%51.[C@@H]%38(C9=O)[C@@H](C)CC.[C@@H]%40(C%10=O)[C@@H](C)O.[C@@H]%39((C%12=O)[C@@H](C)O.[C@@H]%42%42(C%16=O)C(C)C.C2(=O)[C@@H]%22CS.C%57(=O)[C@@H](N)C%53.c1%53ccccc1.[C@H]%29(CO)C%60=O.[C@H]%33(CO)C5=O.[C@H]%35(CO)C7=O.[C@H]%36(C%54)C8=O.c1%54ccccc1.[C@H]%41(CO)C%12=O.[C@H]%43(C%55)C%14=O.c1%55ccccc1.[C@H]%43(CO)C%15=O.[C@H]%50(C%52)C(=O)O.C%24(=O)[C@@H]%25C.c1%52c[nH]cn1.C%13(=O)C%23.C%46(=O)C%28.C%31C4=O.C%32C4=O.C%34C6=O.C%40C%10=O.N%47C(=N)N.N2%21.N%13%22.N%24%23.N%35%25.S%51C.N%46%27.N%57%28.N%59%29.N%60%30.N%61%31.N3%32.N4%33.N5%34.N6%36.N7%37.N8%38.N9%39.N%10%40.N%11%41.N%12%42.N%14%43.N%15%44.N%16%45.N%17%48.N%18%49.N%19%50	INVALID
c1%27c[nH]c2ccccc12.CC[C@H](C)[C@H]%10C%25=O.[C@H]%12(CC(=O)O)C%28=O.C3(=O)[C@@H]%11CC(C)C.C%13(=O)[C@@H]%10CC(C)C.C%14(=O)[C@@H](N)CC%19.N1%25CCC[C@H]1%21.[C@H]%13(C%22)C%29=O.[C@H]%13(CS)C%30=O.[C@H]%14(CO)C5=O.[C@H]%16(CS)C8=O.[C@H]%17(CO)C9=O.[C@H]%18(C%24)C7=O.c1%22c[nH]cn1.[C@H]%15(C)C6=O.C%25%20=O.C%27%21=O.N3%10.N%14%11.S%19C.N%26%12.N%28%13.N%30%15.N%31%16.N7%17.N8%18	C=O.CC(C)C[C@H](N)C(N)=O.CC[C@H](C)[C@@H](C(=O)N1CCC[C@H]1C(=O)c1c[nH]c2ccccc12)[C@@H](CC(C)C)C(=O)[C@H](C=O)Cc1c[nH]cn1.CSCC[C@H](N)C(=O)[C@H](C=O)CO.C[C@@H](C=O)NC(=O)[C@H](CS)NC(=O)[C@@H](N)CC(=O)O.C[C@H](NC(=O)[C@@H](N)CS)C(=O)N[C@H](C=O)CO
[C@H]%17(CCC(N)=O)C4=O.CC(C)C[C@H]6C%27=O.C%21(=O)[C@@H]%10CCC%11.C%13(=O)[C@@H]%12CCC%14.[C@H]%15(CCC%16)C%28=O.C2(=O)[C@@H]7CO.N1%22CCC[C@H]1%19.N1%29CCC[C@H]1%20.N15CCC[C@H]1%21.[C@H]%12(CS)C%26=O.[C@H]%15(CO)C5=O.[C@H]%18(CO)C(=O)O.C9C%25=O.N%11C(=N)N.C%21(=O)CN.N%16C(=N)N.C%16C3=O.C%23%19=O.C5%20=O.N26.N%137.N%248.N%249.N%25%10.N%26%12.N%27%14.N3%15.N4%17.N5%18	CC(C)C[C@@H]1NC(=O)[C@H](CO)NC(=O)[C@@H]([C@@H](CS)C(N)=O)CCCNC1=O.CC(N)=O.N=C(N)NCCC[C@H](NC(=O)CNN)C(=O)[C@@H]1CCCN1C(=O)[C@H](CO)[C@H](C=O)CCCNC(=N)N.NC(=O)CC[C@@H]1NC1=O.NCC=O.O=C(O)[C@H](CO)NC(=O)[C@@H]1CCCN1.O=C[C@@H]1CCCN1
C2(=O)[C@@H](N)CC(C)C.[C@H]%113(CCC(=O)O)C%15=O.[C@H]6(CC%19)C%24=O.c1%19ccccc1.N1%21CCC[C@H]1%12.[C@H]6(C%20)C%24=O.c1%20ccccc1.N1%18CCC[C@H]1%15.[C@H]7(C%17)C3=O.[C@H]%10(C%17)C4=O.[C@H]6(C)C%23=O.c1%17c[nH]cn1.[C@H]%11(C)C%28=O.C%24%12=O.C%21%14=O.C%16(=O)O.N24.N%135.N%216.N%257.N%268.N%279.N3%11	INVALID
C%24(=O)[C@@H]%16CCCCN.[C@H]%26(CCCCN)C6=O.[C@H]%28(CCCCN)C(=O)O.CC[C@H](C)[C@H]%10C%39=O.C%13(=O)[C@@H]%12[C@@H](C)CC.C%30(=O)[C@@H]%15CC(C)C.C%36(=O)[C@@H]%19CC(N)=O.[C@H]%23(CC(N)=O)C9=O.C%34(=O)[C@@H]%17CC(C)C.C%34(=O)[C@@H]%18CC(C)C.C%36(=O)[C@@H]%20[C@@H](C)CC.[C@H]%21(CCC%22)C4=O.C%38(=O)[C@@H](N)CO.N1%29CCC[C@H]1%34.C2(=O)[C@@H]%11C.[C@H]%26(C)C8=O.N%22C(=N)N.C%25C7=O.C%27C9=O.C%33%29=O.N2%10.N%13%11.N%24%14.N%31%15.N%32%16.N%33%17.N%35%18.N%36%19.N%37%20.N3%21.S%29C.N5%23.N6%25.N8%27.N9%28	CC(C)C[C@H](N)C=O.CC(C)C[C@H](NC(=O)N1CCCC1)C(=O)C(=O)[C@@H](N)CC(C)C.CC[C@H](C)CC(=O)N[C@@H](C)C(=O)N[C@H](C=O)[C@@H](C)CC.CC[C@H](C)[C@H](N)C(=O)C(=O)[C@@H](N)CC(N)=O.CS.C[C@@H](C(=O)NCC(=O)C(=O)[C@@H](N)CC(N)=O)[C@@H](CCCCN)C(=O)NCC=O.N=C(N)NCCC[C@H](N)C=O.NCCCC[C@H](N)C(=O)O.NCCCC[C@H](N)C(N)=O.N[C@H](C=O)CO
[C@H]%30(CCC(=O)O)C%11=O.[C@H]%11(CC(C)C)C%13=O.[C@H]%14(CC(N)=O)C%32=O.[C@H]%15(CC(N)=O)C%34=O.[C@H]%16(CC(C)C)C%35=O.[C@H]%17(CC(C)C)C%36=O.[C@H]%18(CC(=O)O)C3=O.[C@H]%19(CC(C)C)C%35=O.[C@H]%20(CC(C)C)C8=O.[C@H]%27(CCC%28)C(=O)O.CC(C)[C@H](N)C2=O.[C@@H]%19(C%33=O)[C@@H](C)O.N15CCC[C@H]1%30.N18CCC[C@H]1%31.[C@H]%26(CO)C%10=O.[C@H]%12(C)C%32=O.[C@H]%22(C)C3=O.C%14C%24=O.C%21C3=O.C%25C5=O.N%28C(=N)N.C6%30=O.C6%31=O.CS%29.N2%12.N%13%14.N%24%15.N%28%16.N%32%17.N%33%18.N%34%19.N%36%20.N4%21.N6%22.N7%23.N8%25.N9%26.N%10%27	CC(C)C[C@@H](C(N)=O)C(=O)[C@H](CCC(=O)O)[C@@H]1CCCN1C(=O)CN.CC(C)C[C@H](N)C(=O)C(=O)[C@H](CC(C)C)[C@H](C(=O)N[C@@H](CC(=O)O)C(=O)C(=O)[C@H](C)N)[C@@H](C)O.CC(C)C[C@H](NC(=O)[C@@H](N)CC(C)C)C(=O)N1CCC[C@H]1C(=O)C=O.CC(C)[C@H](N)C(=O)N[C@@H](C)C(=O)C(=O)[C@H](CC(N)=O)CC(=O)N[C@@H](CC(N)=O)C(N)=O.CS.N.N=C(N)NCCC[C@H](NC(=O)[C@@H](N)CO)C(=O)O.NCC=O
[C@H]%11(CCCCN)C%25=O.[C@H]%18(CCCCN)C%37=O.[C@H]%25(CCCCN)C%39=O.[C@H]%13(CCC%14)C%34=O.[C@H]%16(CC(N)=O)C%36=O.[C@H]%17(CC(C)C)C%35=O.[C@H]%23(CCC%25)C7=O.[C@H]%25(CC(N))O)C8=O.C%28C[C@H]%10C%24=O.C2(=O)[C@@H](N)CC%29.[C@@H]%15(C%30=O)[C@@H](C)O.c1%32ccc(O)cc1.[C@@H]%22(C6=O)C(C)C.N1%35CCC[C@H]1%30.[C@H]%21(C%32)C5=O.[C@H]%23(C%34)C8=O.c1%34ccccc1.c1%31c[nH]cn1.N%14C(=N)N.C%35%31=O.N%26C(=N)N.C%20C3=O.C%36%30=O.CS%28.N2%10.S%29C.N%13%11.N%24%12.N%33%14.N%35%16.N%36%17.N%37%18.N%38%19.N3%20.N4%21.N5%22.N6%23.N7%26.N8%27	INVALID
C%25(=O)[C@@H]%19CCCN.C%47(=O)[C@@H]%24CCCCN.[C@H]%26(CCCCN)C8=O.c1%43c[nH]c2ccccc12.[C@H]%32(CCCCN)C%15=O.[C@H]%37(CCCCN)C(=O)O.CC[C@H](C)[C@H]%13C4=O.C3(=O)[C@@H]%15CCC%16.C%45(=O)[C@@H]%22CC(=O)O.[C@@H]%27(C7=O)[C@@H](C)CC.[C@H]%29(CCC%30)C%105=O.[C@H]%31(CCC%32)C%12=O.[C@@H]%35(C9=O)[C@@H](C)CC.C%47(=O)[C@@H]%21CC%38.C%50(=O)[C@@H]%23CC%39.c11%41ccc(O)cc1.[C@@H]%34(C%12=O)[C@@H](C)O.C%14(=O)[C@@H]%18CO.C%36(=O)[C@@H]%20C%42.C%49(=O)[C@@H]%25C%42.[C@H]%33(C%43)C6=O.[C@H]%28(C)C%10=O.N%16C(=N)N.N%30C(=N)N.N%32C(=N)N.N3%13.N%14%15.N%25%17.N%36%19.N%47%20.S%38C.N%48%21.N%49%22.S%50C.N%50%23.N4%24.S%41C.N5%26.N6%27.N7%28.N8%29.S%39C.N9%31.N%10%33.N%11%34.N%12%35	INVALID
C2(=O)[C@@H]%10CCC(=))O.C%22(=O)[C@@H]%14CCCCN.C%23(=O)[C@@H]%12CCC(=O)O.C%24(=O)[C@@H]%14CCCCN.C%26(=O)[C@@H]%16CCCCN.C2(=O)[C@@H]%16CC(=O)O.[C@H]%20(CCC%21)C4=O.[C@H]%23(CC(N)=O)C(=O)O.C%30(=O)[C@@H]%18CC(C)C.[C@H]%26(CCC%27)C5=O.[C@@H]%23(C8=O)[C@@H](C)CC.C%31(=O)[C@@H](N)C(C)O.[C@H]%15(CO)C6=O.[C@H]%19(CO)C7=O.C%30(=O)[C@@H]%12C.[C@H]%17(C)C3=O.[C@H]%18(C)C3=O.[C@H]%21(C)C9=O.N%27C(=N)N.C%29%26=O.N2%10.N%13%10.N%24%11.N%28%11.N%29%12.N%30%14.N%31%15.N%32%16.N2%17.N4%18.N4%19.N5%19.N7%20.N8%22.N9%23	INVALID
c1%57c[nH]c2ccccc12.[C@H]%48(CCCCN)C%18=O.CC[C@H](C)[C@H]%24C%17=O.C%14(=O)[C@@H]%27CC(N)=O.C%25(=O)[C@@H]%28CCC%29.C%58(=O)[C@@H]%32CC(N)=O.C%59(=O)[C@@H]%34CCC%35.C4(=O)[C@@H]%37CC(=O)O.C6(=O)[C@@H]%39CC(C)C.C%13(=O)[C@@H]%43CC(C)C.C%15(=O)[C@@H]%44CC(C)C.[C@H]%50(CC(C)C)C%16=O.[C@H]%45(CCC%46)C%21=O.[C@H]%50(CCC%51)C%23=O..C7(=O)[C@@H]%41[C@@H](C)O.C%10(=O)[C@@H]%42C(C)C.C%36(=O)[C@@H]%30CO.C8(=O)[C@@H]%43CO.[C@@H]1%55CCCN1%12.[C@H]%49(C%57)C%19=O.N1%19CCC[C@H]1%56.C9(=O)[C@@H]%40C.[C@H]%52(C)C%22=O.C3(=O)C%26.N%29C(=N)N.C%59(=O)C%32.C%61(=O)C%33.N%35C(=N)N.N%46C(=N)N.C%16(=O)CN.N%51C(=N)N.C%54C(=O)O.C%11%55=O.C%20%56=O.N3%24.N%14%26.N%25%27.N%36%28.N%47%30.N%58%31.N%59%32.N%60%33.N5%37.N6%38.N7%39.N8%40.N9%41.N%10%42.N%13%43.N%15%44.N%16%45.N%15%48.N%17%49.N%18%50.N%20%52.N%21%53.N%22%54	INVALID
[C@H]%16(CCC(=O)O)C%12=O.[C@H]%20(CCC(=O)O)C%33=O.[C@H]%15(CCC%16)C%34=O.[C@H]%18(CC(C)C)C3=O.[C@H]%25(CC(N)=O)C(=O)O.C%27C[C@H](N)C2=O.[C@@H]%14(C%33=O)[C@@H](C)CC.c1%29ccc(O)cc1.[C@@H]%20(C5=O)C(C)C.c1%30ccc(O)cc1.[C@@H]%23(C9=O)[C@@H](C)O.[C@@H]%26(C(=O)O)[C@@H](C)O.[C@H]%11(C%29)C%35=O.N1%34CCC[C@H]1%28.[C@H]%22(C%30)C6=O.[C@H]%15(C)C%31=O.N%15C(=N)N.C%17C%32=O.C%19C%35=O.C%21C4=O.C%35%28=O.CS%27.N2%11.N%24%12.N%31%15.N%32%16.N%33%17.N%35%18.N%35%19.N3%20.N5%21.N6%22.N7%23.N8%25.N9%26	CC(C)C[C@H](NC(=O)[C@@H]1CCCN1C(=O)[C@H](CCC[C@@H](CCC(=O)O)C(N)=O)[C@@H](C)C(=O)NNC(=N)N)C(N)=O.CC[C@H](C)CC(=O)C(=O)[C@H](CCC(=O)O)[C@H](C(=O)NCC=O)C(C)C.CSCC[C@H](N)C(=O)N[C@@H](Cc1ccc(O)cc1)C(=O)C(=O)CN.C[C@@H](O)[C@H](N)C(=O)N[C@H](C(=O)O)[C@@H](C)O.NC(=O)C[C@H](N)C(=O)O.NCC(N)=O.O=C1N[C@H]1Cc1ccc(O)cc1
[C@H]%38(CCCCN)C5=O.c1%72c[nH]c2ccccc12.[C@H]%54(CCC(N)=O)C%16=O.CC[C@H](C)[C@H]%29C%14=O.[C@H]%31(CCC%32)C%36=O.[C@H]%34(CC(C)C)C%58=O.[C@H]%40(CCC%41)C6=O.[C@H]%44(CC(N)=O)C%11=O.[C@H]%46(CC(C)C)C%12=O.[C@H]%48(CC(C)C)C%13=O.[C@H]%49(CC(C)C)C%15=O.[C@H]%51(CCC%52)C%17=O.[C@H]%55(CCC%56)C%21=O.[C@H]%57(CCC%59)C%23=O.[C@H]%63(CCC%64)C%26=O.[C@H]%64(CC(=O)O)C%28=O.C3(=O)[C@@H](N)CC%66.[C@@H]%30(C%25=O)C(C)C.[C@@H]%62(C%28=O)C(C)O.[C@H]%34(C%71)C%58=O.[C@H]%34(CS)C%69=O.N1%64CCC[C@H]1%67.[C@H]%42(CO)C8=O.[C@H]%45(C%72)C%13=O.N1%20CCC[C@H]1%68.[C@H]%50(CS)C%18=O.[C@H]%61(CO)C%24=O.[C@H]%65(C%73)C%24=O.c1%73ccccc1.[C@H]%65(CS)C%27=O.N1%28CCC[C@H]1%70.c1%71c[nH]cn1.[C@H]%39(C)C7=O.[C@H]%53(C)C%19=O.[C@H]%60(C)C%20=O.C%37(C4=O.N%41C(=N)N.C%43C9=O.N%52C(=N)N.N%56C(=N)N.N%59C(=N)N.N%63C(=N)N.C%76%67=O.C%21%68=O.C%70(=O)O.N3%29.S%66C.N%14%30.N%25%31.N%36%33.N%47%34.N%58%35.N%69%35.N%71%37.N4%38.N5%39.N6%40.N7%42.N8%43.N9%44.N%10%45.N%11%46.N%12%48.N%13%49.N%15%50.N%16%51.N%18%53.N%18%54.N%19%55.N%20%57.N%22%60.N%23%61.N%24%62.N%26%63.N%27%65	INVALID
C%24(=O)[C@@H](N)CCC(N)=O)C%37=O.C2(=O)[C@@H]%14CCC%15.[C@H]%18(CC(C)C)C%40=O.[C@H]%20(CCC(=O)O)C5=O.[C@H]%17(CC(C)C)C%41=O.[C@H]%21(CC(=O)O)C%42=O.[C@H]%23(CC(=O)O)C3=O.[C@H]%26(CC(=O)O)C7=O.[C@H]%28(CC(N)=O)C8=O.[C@H]%30(CC(=O)O)C9=O.[C@H]%30(CC(=O)O)C%10=O.[C@H]%32(CC(C)C)C%11=O.[C@H]%28(CC(C)C)C%12=O.[C@H]%29(CC(=O)O)C%11=O.[C@H]%32(CC%33)C(=O)O.N1%35CCC[C@H]1%36.N1%38CCC[C@H]1%37.[C@H]%25(CS)C4=O.[C@H]%27(C%38)C6=O.C%13(=O)[C@@H]%16C.[C@H]%18(C)C6=O.N%15C(=N)N.C%40%36=O.N2%12.N%13%14.N%24%15.N%35%16.N%36%17.N%39%18.N%40%19.N%41%20.N%42%21.N3%22.N4%25.N5%25.N6%27.N7%28.N8%29.N9%30.N%10%31.N%11%32.S%33C	INVALID
9(CCCCN)C%20=O.[C@H]%10(CCC(=O)O)C(=O)O.CC[C@H](C)[C@H](N)C2=O.[C@H]5(CC(=O)O)C%17=O.c1%15ccc(O)cc1.[C@H]4(CO)C%16=O.[C@H]6(C%15)C%19=O.N1%19CCC[C@H]1%12.[C@H]7(C%16)C%22=O.C%20%14=O.CS%11.N24.N%185.N%206.N%217.N%228.N2%10	INVALID
[C@H]%22(CCC(=O)O)C7=O.[C@H]%26(CCCCN)C(=O)O.CC(C)C[C@H]%12C%35=O.C%35(=O)[C@@H]%15CC(=)=O.[C@H]%18(CC(=O)O)C6=O.[C@H]%25(CC(=O)O)C%11=O.C%34(=O)[C@@H]%19C(C)C.C%34(=O)[C@@H](N)CC(C)C.[C@@H]%23(C7=O)C(C)C.[C@@H]1%27CCCN1%24.C%32(=O)[C@@H]%17C%33.c1%33ccccc1.[C@H]%21(CO)C4=O.N18CCC[C@H]1%29.N19CCC[C@H]1%30.C%33(=O)[C@@H]%16C.C%14C%37=O.C%17C%38=O.C%21C5=O.C2%28=O.C9%29=O.C%10%30=O.N2%12.N%13%14.N%32%15.N%34%16.N%36%17.N%37%18.N%38%19.N4%20.N5%21.N6%22.N7%23.N%10%25.N%11%26	INVALID
[C@H]%18(CCC(=O)O)C%34=O.[C@H]%20(CCC(=O)O)C4=O.[C@H]%26(CCCCN)C%10=O.CC[C@H](C)[C@H]%11C%24=O.C2(=O)[C@@H]%14[C@@H](C)CC.C%13(=O)[C@@H]%14CC(C)C.[C@H]%15(CC(=O)O)C%35=O.[C@H]%16(CC(C)C)C%36=O.[C@H]%22(CC(C)C)C3=O.[C@H]%26(CC(=O)O)C9=O.[C@@H]%17(C%33=O)[C@@H](C)O.[C@@H]%21(C5=O)C(C)C.[C@@H]%23(C6=O)[C@@H](C)O.[C@H]%25(CC%30)C7=O.N1%34CCC[C@H]1%32.[C@H]%20(C)C8=O.[C@H]%21(C)C%12=O.[C@H]%29(C)C(=O)O.C%11%32=O.N2%11.N%13%12.N%24%14.N%32%15.N%33%16.N%35%17.N%36%18.N%36%19.N%37%20.N3%21.N4%22.N5%23.N6%25.S%31C.N7%26.N8%27.N9%28.N%10%29	CC(C)C[C@H](NC(=O)[C@H](CCC(=O)O)[C@@H](C)C(N)=O)C(N)=O.CC[C@H](C)[C@@H](C(N)=O)C(=O)[C@@H]1CCCN1C(=O)[C@H](CCC(=O)O)NC(=O)[C@H](CC(C)C)NC(=O)[C@@H](NC(=O)[C@@H](N)CC(=O)O)[C@@H](C)O.CC[C@H](NC(=O)[C@@H](NC(=O)[C@H](C(C)C)[C@@H](C)C(=O)NC(=O)[C@H](CC(C)C)[C@H](C(N)=O)[C@@H](C)CC)[C@@H](C)O)C(N)=O.CS.C[C@H](NC(=O)[C@H](CCCCN)[C@@H](CC(=O)O)C(N)=O)C(=O)O.N.N
C3(=O)[C@@H]%42CCCCN.CC[C@H](C)[C@H]%31C8=O.C%35(=O)[C@@H]%36[C@@H](C)CC.C%57(=O)[C@@H]%39CC(C)C.C4(=O)[C@@H]%43CC(C)C.[C@H]%48(CC(C)C)C%10=O.[C@H]%49(CC(C)C)C%12=O.[C@H]%51(CC(=O)O)C%15=O.[C@H]%50(CC(C)C)C%17=O.[C@H]%54(CC(C)C)C%19=O.[C@H]%58(CC(C)C)C%21=O.[C@@H]%59(C%22=O)[C@@H](C)CC.[C@H]%61(CC(C)C)C%25=O.[C@H]%62(CC(=O)O)C%27=O.[C@H]%64(CC(NO)O)C%29=O.[C@H]%65(CCC%66)C%30=O.[C@@H]%67(C%31=O)[C@@H](C)CC.C%68(=O)[C@@H]%38[C@@H](C)CC.[C@H]%53(CC(N)=O)C%17=O.[C@@H]%50(C%12=O)C(C)C.[C@@H]%55(C%19=O)[C@@H](C)CC.[C@H]%60(CCC%61)C%23=O.[C@@H]%63(C%26=O)[C@@H](C)CC.[C@H]%67(CC(=O)O)C%28=O.C%78(=O)[C@@H]%40CC%70.C5(=O)[C@@H]%45CCC%71.C6(=O)[C@@H]%48CC%72.C7(=O)[C@@H]%47C(C)C.[C@@H]%69(C(=O)O)C(C)C.C%24(=O)[C@@H]%34C%75.N1%10CCC[C@H]1%74.C%13(=O)[C@@H]%33C.C%46(=O)[C@@H]%37C.c1%75c[nH]cn1.c1%76c[nH]cn1.[C@H]%44(C)C7=O.C2(=O)C%32.C%52C%16=O.N%61C(=N)N.N%66C(=N)N.N2%31.N%13%32.N%24%33.N%35%34.N%46%36.N%57%37.N%68%38.N%78%39.S%71C.N3%40.N4%41.N5%42.N6%43.S%72C.N7%45.N8%47.S%73C.N9%48.N%10%49.N%11%50.N%12%51.N%14%52.N%15%53.N%16%54.N%17%55.N%18%56.N%19%58.N%20%59.N%21%60.N%23%62.N%25%63.N%26%63.N%27%64.N%28%65.N%29%67.N%30%69	CC(C)C[C@H](N)C(=O)C(=O)[C@H](C(C)C)[C@@H](CC(C)C)C(=O)C(=O)[C@H](CC(N)=O)NC(=O)[C@@H](N)CC(=O)O.CCC(=O)C(=O)[C@@H](NC(=O)[C@@H](C(=O)[C@H]([C@@H](C)CC)[C@@H](CC(=O)O)C(=O)N[C@@H](CCCNC(=N)N)C(=O)N[C@H](C(=O)O)C(C)C)[C@@H](C)CC)C(C)C.CC[C@H](C)[C@@H]1NC1=O.CC[C@H](C)[C@H](N)C(=O)C(=O)[C@H](CC(C)C)NC(=O)CN.CC[C@H](C)[C@H](N)C=O.CC[C@H](C)[C@H](NC(=O)[C@@H](CCC[C@H](NC(=O)[C@@H](N)CC(C)C)C(=O)N[C@@H](CC(=O)O)C(=O)N[C@@H](CC(O)NO)C(N)=O)CC(C)C)C(N)=O.CC[C@H](NC(=O)[C@H](CCCCN)NC(=O)[C@@H](N)CCCSC)C(=O)N[C@@H](CC(C)C)C(=O)N[C@@H](C)C(=O)N[C@H](C(=O)N[C@@H](Cc1c[nH]cn1)C(=O)N[C@@H](C)C(=O)NCC(N)=O)[C@@H](C)CC.CS.CSCC[C@@H](C(=O)N[C@@H](CC(C)C)C(N)=O)[C@@H](CC(C)C)C(=O)N1CCCC1.N.N.N.N=C(N)N.c1c[nH]cn1
C%18(=O)[C@@H]8CC(=O)O.[C@H]%13(CC(=O)O)C(=O)O.C%14CC[C@H]4C%19=O.C%13(=O)[C@@H]5[C@@H](C)O.C%20(=O)[C@@H]%10[C@@H](C)O.C%21(=O)[C@@H]%10[C@@H](C)O.C%20(=O)[C@@H]7C%16.c1%16ccccc1.N1%22CCC[C@H]1%14.C%19(=O)[C@@H](N)CO.N4C(=N)N.C%18(=O)C9.C%12C3=O.C%23%15=O.CS%15.N24.N%135.N%176.N%187.N%198.N%20%10.N%21%11.N3%13	CC(=O)C(=O)[C@@H](N)CC(=O)O.CC(=O)NN[C@H](C(=O)[C@@H](CC(=O)O)C(=O)O)[C@@H](C)O.CSC=O.C[C@@H](O)[C@@H](C(N)=O)[C@H](C(=O)C(=O)[C@@H](N)Cc1ccccc1)[C@@H](C)O.N.N.N.N=C(N)N[C@@H](CCC[C@@H]1CCCN1)C(=O)C(=O)[C@@H](N)CO
[C@H]%30(CCC(=O)O)C(=O)O.CC[C@H](C)[C@H]%11C8=O.C%13(=O)[C@@H]%11CC(N)=O.C%36(=O)[C@@H]%15CC(N)=O.C%38(=O)[C@@H]%17CC(=O)O.C%39(=O)[C@@H]%21CC(C)C.C6(=O)[C@@H]%28CCC%29.C4(=O)[C@@H]%30CC(C)C.C%24(=O)[C@@H]%12C(C)C.C%35(=O)[C@@H]%19[C@@H](C)C.C%39(=O)[C@@H]%20CC%31.C7(=O)[C@@H]%22[C@@H](C)O.C7(=O)[C@@H](N)CC%32.C%33(=O)[C@@H]%16CO.C%37(=O)[C@@H]%17CO.C3(=O)[C@@H]%20CO.C3(=O)[C@@H]%23C%33.c1%33ccccc1.C5(=O)[C@@H]%26CO.C8(=O)[C@@H]%27C.N%29C(=N)N.C%27C%10=O.N1%10.N%13%11.N%24%12.N%35%14.N%37%16.N%38%17.N%39%18.S%31C.N%40%19.N%41%20.N3%21.N4%22.N5%23.N6%25.S%32C.N7%26.N8%27.N9%28.N%10%30	CC(C)[C@@H]1NC1=O.CC(C)[C@H](N)C(N)=O.CC[C@H](C)[C@@H](C(=O)C(=O)[C@H](C)CC(N)=O)[C@@H](CC(N)=O)C(N)=O.CSCC[C@@H](C(=O)C(=O)[C@@H](N)CC(C)C)[C@@H](CO)C(=O)C(=O)[C@H](CC(=O)[C@H](CO)NC(=O)[C@H](CO)[C@@H](CC(=O)O)C(N)=O)NC(=O)[C@@H](N)CO.CSCC[C@H](N)C(=O)C(=O)[C@@H](NC(=O)[C@H](CC(C)C)[C@@H](CCC(=O)O)C(=O)O)[C@@H](C)O.N.N.N.N.N=C(N)NCCC[C@H](N)C(N)=O.NC(=O)CCC=O.c1ccccc1
C%44(=O)[C@@H]%22CCC(=O)O.[C@H]%37(CCCCN)C%17=O.[C@H]%39(CCCCN)C(=O)O.CC[C@H](C)[C@H]%18C%14=O.C%35(=O)[C@@H]%21CC(N)=O.C%48(=O)[C@@H]%25CC(=O)O.C%47(=O)[C@@H]%28CC(=O)O.C6(=O)[C@@H]%29CC(=O)O.[C@H]%33(CC(=O)O)C%12=O.C%43(=O)[C@@H]%23CC%40.C8(=O)[C@@H]%32C(C)C.C%11(=O)[C@@H](N)CC%41.C1(=O)[C@@H]%19C%42.c1%42ccccc1.C%47(=O)[C@@H]%27CO.C4(=O)[C@@H]%28CO.C5(=O)[C@@H]%30CO.C7(=O)[C@@H]%31CO.C%13(=O)[C@@H]%20C.C%10(=O)[C@@H]%36C.[C@H]%38(C)C%15=O.N2%18.N%13%19.N%24%20.N%44%21.N%45%22.S%40C.N%46%23.N%47%25.N%48%26.N4%27.N5%28.N6%30.N7%31.S%41C.N8%32.N%10%33.N%11%34.N%12%36.N%14%37.N%16%38.N%17%39	INVALID
C%63(=O)[C@@H]%31CCCCN.C%65(=O)[C@@H]%35CCCCN.c1%63c[nH]c2ccccc12.CC[C@H](C)[C@H]%22C%16=O.C%14(=O)[C@@H]%24CC(C)C.C%36(=O)[C@@H]%28CCC%29.C%25(=O)[C@@H]%26[C@@H](C)CC.C%66(=O)[C@@H]%32CCC%33..C%58(=O)[C@@H]%33CCC%34.C%65(=O)[C@@H]%37[C@@H](C)CC.C4(=O)[C@@H]%38CC(C)C.C5(=O)[C@@H]%39CC(C)C.C6(=O)[C@@H]%41CCC%42.C8(=O)[C@@H]%42CCC%109.[C@H]%53(CCC%52)C%17=O.[C@H]%51(CCC%52)C%19=O.[C@H]%53(CCC%54)C%21=O.[C@H]%54(CC(N)=O)C%20=O.c1%62ccc(O)cc1.C%10(=O)[C@@H]%45C(C)C.C%15(=O)[C@@H](N)CC%60.C%47(=O)[C@@H]%27C%62.C7(=O)[C@@H]%40CO.C%11(=O)[C@@H]%46CS.[C@H]%50(C%63)C%18=O.[C@H]%59(CO)C(=O)O.C%12(=O)[C@@H]%48C.C3(=O)C%23.N%29C(=N)N.C%64(=O)C%30.N%33C(=N)N.N%42C(=N)N.N%44C(=N)N.C%10(=O)C%49.N%52C(=N)N.C%13(=O)C%50.N%54C(=N)N.C%57C%21=O.N3%22.N%14%23.N%25%24.N%36%26.N%47%27.N%58%28.N%64%30.N%65%32.N%66%35.N4%38.N5%39.N6%40.N7%41.N9%43.N%10%45.N%11%46.N%12%48.N%13%49.N%15%50.S%60C.N%16%51.N%17%53.N%18%55.N%19%56.N%20%57.N%21%59	INVALID
C2(=O)[C@@H]%10CCCCN.C%13(=O)[C@@H]%11CCC(=O)O.C%29(=O)[C@@H]%12CCCCN.C%31(=O)[C@@H]%17CCCCN.C%33(=O)[C@@H]%13CCCCCN.[C@H]%19(CCCCN)C6=O.[C@H]%20(CCC(N)=O)C8=O.CC(C)[C@H]9C3=O.c1%27cccc(O)cc1.[C@@H]1%23CCCN1%29.C%30(=O)[C@@H]%15C%24.C%31(=O)[C@@H]%16C%26.[C@H]%22(CO)C(=O)O.c1%25c[nH]cn1.C%32(=O)[C@@H]%12C.c1%26c[nH]cn1.C%34(=O)CN.C%18C5=O.C%18C7=O.C%28%23=O.N29.N%13%10.N%24%11.N%28%12.N%30%14.N%31%15.N%31%16.N%32%17.N4%18.N5%19.N6%20.N7%21.N8%22	INVALID
C%14(=O)[C@@H]%21CCC(=O)O.C%36(=O)[C@@H]%23CCCCN.C%47(=O)[C@@H]%27CCC(=O)O.c1%51c[nH]c2ccccc12.C7(=O)[C@@H](N)CCCCN.C8(=O)[C@@H](N)CCC(=O)O.[C@H]%43(CCC(=O)O)C%19=O.C(C)[C@H]%20C8=O.[C@H]%26(CC(C)C)C%55=O.C%25(=O)[C@@H]%24CC(=O)O.[C@H]%40(CC(=O)O)C%15=O.[C@H]%41(CC(C)C)C%13=O.[C@H]%42(CC(N)=O)C%16=O.c1%51ccc(O)cc1.C%55(=O)[C@@H]%29C(C)C.C5(=O)[C@@H]%32C(C)C.C6(=O)[C@@H]%34[C@@H](C)O.[C@@H]%35(C%12=O)C(C)C.[C@@H]%37(C%16=O)C(C)C.[C@@H]%39(C%17=O)C(C)C.[C@@H]%45(C%18=O)C(C)C.[C@H]%46(CCC%48)C(=O)O.C%47(=O)[C@@H]%28C%51.C%54(=O)[C@@H]%30C.[C@H]%38(C)C%11=O.C%53(=O)C%31.CS%49.N3%20.N%14%21.N%25%22.N%36%23.N%47%24.N%52%26.N%53%27.N%54%28.N%54%29.N%55%30.N4%31.N5%32.N6%33.N7%34.N8%35.N9%37.N%10%38.N%11%39.N%12%40.N%13%41.N%15%42.N%16%43.N%17%44.N%18%46.S%50C	CC(C)C[C@@H]1NC1=O.CC(C)C[C@H](N)C(=O)C(=O)[C@@H](N)C(C)C.CC(C)[C@@H]1NC1=O.CC(C)[C@H](N)C(=O)N[C@@H](CC(=O)O)C(=O)N[C@@H](CC(N)=O)C(=O)C(=O)[C@@H](N)C(C)C.CC(C)[C@H](NC(=O)[C@H](C)N)C(N)=O.CCC[C@H](NC(=O)CC(C)C)C(=O)O.CC[C@H](N)C(=O)C(=O)[C@@H](N)CCC(=O)O.CS.CS.C[C@@H](O)[C@H](NC(=O)[C@@H](N)CCCCN)C(N)=O.C[C@H](N)C(=O)N[C@@H](C)C(=O)C(=O)[C@H](CCC(=O)O)NC(=O)CN.NC(=O)[C@@H](N)CC(=O)O.NCCCC[C@@H]1NC1=O.N[C@H](C=O)CCC(=O)O.O=C(O)CC[C@@H]1NC1=O.Oc1ccc(-c2c[nH]c3ccccc23)cc1
C%14(=O)[C@@H]%20CCC(=O)O.[C@H]%37(CCC(N)=O)C%11=O.[C@H]%40(CCC(=O)O)C%13=O.c1%53c[nH]c2ccccc12.C%25(=O)[C@@H]%21CCC%22.C%36(=O)[C@@H]%24CCC%26.C%36(=O)[C@@H]%28CC(C)C.C%56(=O)[C@@H]%27CC(C)C.C%56(=O)[C@@H]%29CCC%30.C%58(=O)[C@@H]%31CC(C)C.[C@H]%33(CC(C)C)C6=O.[C@H]%39(CC(C)C)C%10=O.[C@H]%43(CC(C)C)C%15=O.[C@H]%45(CC(C)C)C(=O)O.C%46C[C@H]%19C6=O.C%14(=O)[C@@H]%23CC%48.C5(=O)[C@@H](N)CC%49.[C@@H]%34(C7=O)C(C)C.[C@@H]%35(C%12=O)C(C)C.[C@H]%38(CC%51)C%17=O.C4(=O)[C@@H]%32C%53.[C@@H]1%55CCCN1%59.[C@H]%38(C%54)C%16=O.[C@H]%44(C%55)C%18=O.c1%55ccccc1.N%22C(=N)N.N%26C(=N)N.N%30C(=N)N.C%41C8=O.C3%52=O.CS%46.N3%19.N%14%20.N%25%21.N%36%23.N%47%24.N%56%28.S%48C.N%57%29.N%58%31.N4%32.S%50C.N5%33.N6%34.N7%35.N8%37.N9%38.N%10%39.N%11%40.S%51C.N%13%41.N%15%42.N%16%43.N%17%44.N%18%45	CC(C)CCC(=O)C(=O)[C@@H](N)CCCNC(=N)N.CC(C)C[C@@H]1NC1=O.CC(C)C[C@@H]1NC1=O.CC(C)C[C@H](N)C(=O)C(=O)[C@@H](N)CCCNC(=N)N.CC(C)[C@H](N)C(=O)N[C@H](C=O)C(C)C.CC[C@H](N)C(=O)N[C@@H](CC(C)C)C(=O)C(=O)[C@H](CCSC)NC=O.CS.CSCC[C@@H](C(=O)N[C@@H](C[C@@H]1CCCN1)C(=O)N[C@@H](CC(C)C)C(=O)O)[C@@H](C)C(=O)N[C@@H](CC(C)C)C(N)=O.CSCC[C@H](N)C(=O)C(=O)[C@@H](N)CCC(=O)O.N.N=C(N)NCCC[C@@H]1NC1=O.NC(=O)CC[C@@H]1NC(=O)CNC(=O)[C@H](CCC(=O)O)NC1=O.O=C1N[C@H]1Cc1c[nH]c2ccccc12.c1ccccc1
[C@H]%48(CCCCN)C%17=O.C%13(=O)[C@@H]%22CCC%23.C%13(=O)[C@@H]%25CCC%26.C%46(=O)[C@@H]%29CCC%30.C%59(=O)[C@@H]%31CC(=O)O.C%60(=O)[C@@H]%32CCC%33.[C@H]%37(CC(=O)O)C6=O.[C@H]%40(CC(=O)O)C%10=O.[C@H]%42(CC(=O)O)C%11=O.[C@H]%47(CCC%48)C%16=O.[C@H]%50(CCC%51)C%17=O.C%53C[C@H]%20C5=O.C%57(=O)[C@@H]%28C(C)C.C%60(=O)[C@@H]%31[C@@H](C)O.C3(=O)[C@@H]%34[C@@H](C)O.C4(=O)[C@@H](N)CC%54.C2(=O)[C@@H]%21CO.C%24(=O)[C@@H]%27CS.[C@@H]1%55CCCN14.[C@H]%45(C%58)C%14=O.[C@H]%49(CS)C%18=O.[C@H]%52(CO)C%19=O.NN1%19CCC[C@H]1%56.[C@H]%39(C)C8=O.[C@H]%41(C)C8=O.[C@H]%43(C)C%12=O.c1%58c[nH]cn1.N%23C(=N)N.N%26C(=N)N.N%30C(=N)N.N%33C(=N)N.C%38C9=O.N%39C(=N)N.C%44C%18=O.N%51C(=N)N.C%55%55=O.C%56(=O)O.CS%52.N2%20.N%13%21.N%24%25.N%35%27.N%46%28.N%59%29.N%60%31.N%61%32.N3%34.S%53C.N5%36.N6%37.S%54C.N7%38.N8%40.N9%41.N%10%42.N%11%43.N%12%44.N%14%45.N%15%47.N%16%49.N%17%50.N%18%52	INVALID
C%12(=O)[C@@H]%10CCC(=O)O.C%24(=O)[C@@H]%12CCCCN.C%36(=O)[C@@H]%14CCC(=O)O.[C@H]%22(CCCCN)C7=O.[C@H]%28(CCCCN)C(=O)O.CC[C@H](C)[C@H]9C%39=O.[C@H]%16(CCC%17)C%38=O.[C@H]%18(CCC%19)C4=O.[C@H]%21(CC(=O)O)C6=O.[C@H]%23(CCCC%25)C7=O.[C@H]%25(CCC%26)C3=O.[C@H]%28(CCC%29)C8=O.C2(=O)[C@@H]%11CC%30.C%38(=O)[C@@H](N)[C@@H](C)C.NN%17C(=N)N.C%31(=O)C%15.N%19C(=N)N.C%20C5=O.N%25C(=N)N.N%29C(=N)N.C%37%33=O.N29.N%13%10.S%31C.N%24%11.N%35%11.N%36%13.N%36%15.N%37%16.N%38%18.S%32C.N3%20.N4%21.N5%22.N6%23.N7%27.N8%28	CC(C)[C@H](N)C(=O)C(=O)[C@H](CCCN(N)C(=N)N)NC=O.CCC[C@@H]1CCCC[C@H](NC(=O)[C@H](CC(=O)O)NC(=O)[C@@H](N)CCCNC(=N)N)C(=O)C(=O)[C@H](CCCCN)NC(=O)CNC1=O.CC[C@H](NC(=O)[C@H](CCCCN)C(=O)[C@H](CCC(=O)O)NNC(=O)CCCC(=O)O)C(=O)N[C@H](C=O)[C@@H](C)CC.CS.CSC(=O)CN.N.N.N=C(N)N.N=C(N)NCCC[C@@H](C(N)=O)[C@@H](CCCCN)C(=O)O
=O.c1%80ccccc1.[C@@H]19CCCN1%14.C%37(=O)[C@@H]%114CO.[C@H]%128(C%26)C%87=O.c1%29ccccc1.[C@H]5(CO))	INVALID
.[C@H]%122(CO)C%49=O.N1%103CCC1%127.N1%74CCC[C@H]1%21.N1%83CCC[C@H]1%10.N1%86CCC[C@H]1%111.C%121C%30=O.C%325=O.C%646=O.C%697=O.C%818=O.C	INVALID
C%25(=O)[C@@H]%18CCC(=O)O.C%44(=O)[C@@H][C@@H]%24CCC(=O)O.[C@H]%29(CCCCN)C9=O.c1%40c[nH]c2ccccc12.[C@H]%31(CCC(N)=O)C%12=O.CC[C@H](C)[C@H]%13C8=O.C%14(=O)[C@@H]%15CC(C)C.C%41(=O)[C@@H]%20CCC%21.C%44(=O)[C@@H]%22CCC%23.C5(=O)[C@@H]%26CC(C)C.C6(=O)[C@@H]%27CC(=O)O.C7(=O)[C@@H](N)CC(C)C.[C@H]%32(CC%35)C%12=O.C3(=O)[C@@H]%15CC%37.C%42(=O)[C@@H]%20CC%38.[C@H]%33(C%40)C(=O)O.C%36(=O)[C@@H]%17C.C4(=O)[C@@H]%28C.[C@H]%30(C)C%11=O.N%21C(=N)N.N%23C(=N)N.N3%13.N%14%15.N%25%15.S%35C.N%36%16.N%46%17.N%42%18.N%43%19.S%38C.N%44%21.N%45%22.N4%24.N5%26.N6%27.N7%28.N8%29.N9%30.S%39%31.N%11%32.N%12%33	CC(C)C[C@@H]1NC1=O.CC(C)C[C@H](N)C(=O)N[C@@H](C)C(=O)N[C@H]([CH]C(=O)C(=O)[C@@H](N)CCCNC(=N)N)CCC(=O)O.CC[C@H](C)[C@H](NC(=O)[C@H](CC)[C@@H](CC(C)C)C(=O)NNC(=O)[C@H](CCC(=O)O)NC(=O)[C@H](CCSC)[C@H](C=O)CCCNC(=N)N)C(=O)N[C@@H](CCCCN)C(=O)N[C@@H](C)C(=O)N[C@@H](CCSC)C(=O)C(=O)[C@@H](S)CCC(N)=O.C[C@H](N)C(N)=O.N.N.N[C@@H](Cc1c[nH]c2ccccc12)C(=O)O.O=C(O)C[C@@H]1NC1=O
C%13(=O)[C@@H]9CCC(=O)O.[C@H]%14(CCC(=O)O)C4=O.CC[C@H](C)[C@H]5C%24=O.C%21(=O)[C@@H]7CC(=O)O.[C@H]%12(CC(=O)O)C%26=O.[C@H]%16(CC(C)C)C3=O.[C@H]%17(CC(C)C)C(=O)O.C2(=O)[C@@H]6[C@@H](C)O.C%22(=O)[C@@H](N)CC%18.C%20(=O)[C@@H]8C%19.C%23(=O)[C@@H]%10CS.N1%26CCC[C@H]1%19.c1%19c[nH]cn1.N25.N%136.N%207.N%208.N%219.N%22%10.S%18%11.N%25%12.N%25%14.N2%15.N4%16.N5%17	CC(C)C[C@H](N)C(=O)O.CC[C@H](C)[C@@H](C=O)NC(=O)[C@@H](NC(=O)[C@H](CCC(=O)O)NC(=O)[C@H](CC(=O)O)NC(=O)[C@@H](N)C[C@@H]1CCCN1C(=O)[C@H](CC(=O)O)NN[C@@H](CCC(=O)O)C(=O)N[C@H](C=O)CC(C)C)[C@@H](C)O.N.N[C@@H](CCS)C(=O)N[C@H](C=O)CS.c1c[nH]cn1
C%24(=O)[C@@H]%23CCC(=O)O.C%46(=O)[C@@H]%26CCC(=O)O.C%46(=O)[C@@H]%27CCC(N)=O.C%54(=O)[C@@H]%28CCC(=O)O.C%54(=O)[C@@H]%30CCCCN.[C@H]%38(CCC(N)=O)C%10=O.[C@H]%40(CCCCN)C%14=O.[C@H]%42(CCC(=O)O)C%15=O.[C@H]%44(CCCCN)C%18=O.[C@H]%45(CCC(=O)O)C%19=O.CC[C@H](C)[C@H]%20C4=O.C%55(=O)[C@@H]%29CCC%30.[C@H]%32(CCC%33)C5=O.[C@H]%36(CC(C)C)C9=O.C6(=O)[C@@H]%37[C@@H](C)O.C3(=O)[C@@H](N)[C@@H](C)O.[C@@H]%43(C%15=O)C(C)C.C%13(=O)[C@@H]%25C%51.[C@H]%39(CO)C%11=O.[C@H]%41(CO)C%12=O.N1%16CCC[C@H]1%50.[C@H]%47(C%52)C%20=O.C2(=O)[C@@H]%22C.c1%51c[nH]cn1.C%52(=O)[C@@H]%29C.C5(=O)[C@@H]%31C.c1%52c[nH]cn1.C%34C7=O.N%33C(=N)N.C%43C%16=O.C%17%50=O.N2%21.N%13%22.N%24%23.N%35%25.N%46%26.N%53%27.N%54%28.N%55%29.N%56%30.N3%31.N4%32.N5%34.N6%36.N7%37.N8%38.N9%39.N%10%40.N%11%41.N%12%42.N%14%43.N%15%44.N%17%45.N%18%47.N%20%48	CC(C)C[C@H](NC(=O)[C@@H](NC(=O)CN)[C@@H](C)O)C(=O)N[C@@H](CO)C(=O)N[C@@H](CO)C(=O)N[C@@H](CCC(=O)O)C(=O)C(=O)[C@@H](CC(=O)N1CCC[C@H]1C(=O)N[C@H](C=O)CCC(=O)O)C(C)C.CC[C@H](C)[C@@H](C(=O)N[C@@H](CCCNC(=N)N)C(=O)C(=O)[C@H](C)NC(=O)[C@@H](N)[C@@H](C)O)C(=O)[C@H](CC(=O)[C@H](C)[C@@H](CCC[C@@H](CCCCN)C(=O)C(=O)[C@@H](N)CCC(=O)O)C(N)=O)NC(=O)[C@@H](N)CCCCN.C[C@H](NC(=O)[C@@H](N)Cc1c[nH]cn1)C(N)=O.N.N.NC(=O)CC[C@H](N)C(=O)C(=O)[C@@H](N)CCC(=O)O.NCCCC[C@H](NC(=O)[C@@H](N)CCC(N)=O)C(N)=O.O=C(O)CC[C@@H]1NC1=O.c1c[nH]cn1
=O.N1%21CCC[C@H]%19.C2(=O.N%156=	INVALID
[C@H]%11(CCC(=O)O)C%21=O.[C@H]%12(CCCCN)C%26=O.CC(C)[C@H]4C%20=O.C2(=O)[C@@H]5CO.C%18(=O)[C@@H](N)CC%17.[C@@H]9(C%22=O)C(C)C.[C@@H]%10(C%26=O)C(C)C.C%13(=O)[C@@H]6C%19.c1%19ccccc1.[C@H]%14(C)C%23=O.c1%18c[nH]cn1.[C@H]9(C)C%25=O.[C@H]%15(C)C3=O.C%16C(=O)O.N24.N%135.N%186.N%187.S%17C.N%208.N%219.N%22%10.N%23%11.N%24%13.N%25%14.N2%15.N3%16	CC(C)[C@H](NC(=O)[C@H](C(C)C)[C@@H](C)C(=O)N[C@@H](C)C(=O)N[C@@H](CCC(=O)O)C(N)=O)C(=O)C(=O)CCCCCN.CC(C)[C@H](NC(=O)[C@H](CO)NC(=O)[C@H](Cc1ccccc1)NN)C(N)=O.CSCC[C@H](N)C(=O)c1c[nH]cn1.C[C@H](N)C(=O)NCC(=O)O.N
c1%19c[nH]c2ccccc12.CC(=O)[C@H]6C(=O)O.C2(=O)[C@@H]7CS.[C@@H]1%16CCCN1%21.C%22(=O)[C@@H]8CS.[C@@H]11%18CCCN1%25.C%26(=O)[C@@H]%11C%19.C%27(=O)[C@@H]%12CS.C%28(=O)[C@@H]%14C%20.c1%20ccccc1.C%23(=O)C9.C%27(=O)[C@@H]%15C.C5(=O)C%10.C%21%17=O.C%24%18%18=O.N36.N%137.N%228.N%239.N%24%10.N%26%11.N%28%12.N%29%14.N5%15	INVALID
C%31=O.c1%23c[nH]c2ccccc12.[C@H]9(CC(=O)O)C%24=O.[C@H]9(CC(=O)O)C%27=O.[C@H]%11(CC(=O)O)C%28=O.[C@H]%12(CC(C)C)C%30=O.[C@H]%13(CC(C)C)C%32=O.C%18C[C@H](N)C3=O.[C@@H]%10(C%25=O)C(C)C.[C@@H]%16(C6=O)C(C)C.N1%14CCC[C@H]1%20.N1%25CCC[C@H]1%21.[C@H]%15(C%23)C%93=O.N14CCC[C@H]1%22.C%25%20=O.C4%21=O.C5%22=O.CS%18.N%148.N%259.N%26%10.N%27%11.N%28%12.N%30%13.N%31%15.N7%17	CC(C)CC=O.CC(C)C[C@@H](C=O)NC(=O)[C@H](CC(C)C)NC(=O)[C@H](CC(=O)O)NC(=O)[C@H](CC(=O)O)[C@H](C=O)CC(=O)O.CC(C)[C@H](N)C(=O)N1CCC[C@H]1C(=O)N1CCC[C@H]1C=O.CSCC[C@H](N)C=O.N.NC(=O)[C@@H]1CCCN1N.O=CN[C@H](C=O)Cc1c[nH]c2ccccc12
C%24(=O)[C@@H](N)CCCCN.[C@H]%16(CCCC(N)=O)C%27=O.CC[C@H](C)[C@H]6C%25=O.C%11(=O)[C@@H]%14CC(N)=O.[C@H]%19(CC(C)C)C(=O)O.C2(=O)[C@@H]7CO.C%13(=O)[C@@H]9CS.C%22(=O)[C@@H]%10CS.[C@H]%28(=O)[C@@H]%28CO.[C@H]%15(CO)C%30=O.N1%31CCC[C@H]1%20.[C@H]%17(CO)C4=O.[C@H]%18(CO)C5=O.N18CCC[C@H]1%21.C%14C%28=O.C%24(=O)C%13.C%32%20=O.C9%21=O.N26.N%137.N%228.N%239.N%25%10.N%26%11.N%27%14.N%28%14.N%29%15.N2%16.N3%17.N4%18.N5%19	INVALID
C6(=O)[C@@H]%33CCC(=O)O.[C@H]%37(CCC(=O)O)C%15=O.[C@H]%41(CCC(=O)O)C%16=O.[C@H]%44(CCCCN)C(=O)O.CC[C@H](C)[C@H]%18C5=O.C%53(=O)[C@@H]%20CC(=O)O.C%55(=O)[C@@H]%25CC(=O)O.C%56(=O)[C@@H]%27CC(=O)O.C4(=O)[C@@H]%30CCC%31.C7(=O)[C@@H]%34CCC%36.C8(=O)[C@@H]%38[C@@H](C)CC.C%52(=O)[C@@H]%26CC%45.c1%49ccc(O)cc1.C9(=O)[C@@H](N)CC%47.[C@@H]%39(C%12=O)C(C)C.[C@@H]%42(C%16=O)C(C)C.C%24(=O)[C@@H]%21CO.C%53(=O)[C@@H]%28C%49%48.C3(=O)[C@@H]%29CO.C%46(=O)[C@@H]%23C.[C@H]%33(C)C%10=O.[C@H]%38(C)C%14=O.[C@H]%40(C)C%17=O.C2(=O)C%19.C%13(=O)C%20.N%31C(=N)N.N%36C(=N)N.N2%18.N%13%19.N%24%20.N%35%21.N%46%23.N%53%25.S%45C.N%54%26.N%55%27.N%56%28.N3%29.N5%30.S%47C.N6%32.N7%33.N8%34.N9%37.N%10%38.N%11%39.N%12%40.N%14%41.N%15%42.N%16%43.N%17%44	CC(C)[C@H](N)C(=O)N[C@@H](C)C(=O)N[C@@H](CCCCN)C(=O)O.CC[C@H](C)[C@@H](C(=O)N[C@@H](CCCNC(=N)N)C(N)=O)[C@@H](C)C(=O)N[C@@H](CCC(=O)O)C(=O)C(=O)[C@@H](NC(=O)[C@H](CCC(=O)O)NC(=O)[C@@H](N)CCSC)C(C)C.CC[C@H](C)[C@H](NC(=O)CNC(=O)C[C@@H](CC(=O)O)C(=O)C(=O)[C@H](Cc1ccc(O)cc1)NC(=O)[C@H](CC(=O)O)NC(=O)[C@@H](N)CC(=O)O)C(=O)N[C@H](C=O)CCCNC(=N)N.CSCC[C@H](N)C=O.C[C@@H](C(N)=O)[C@@H](CCC(=O)O)C(N)=O.C[C@@H]1NC1=O.N.NC(=O)[C@@H](N)CO.O=C1N[C@H]1CO
[C@H]%19(CCC(N)=O)C4=O.[C@H]%20(CCC(N)=O)C8=O.CC(C)C[C@H]8C%27=O.[C@H]9(CCC%10)C%29=O.[C@H]%20(CC(C)C)C(=O)O.C%24(=O)[C@@H]%14CC%21.[C@@H]%18(C5=O)C(C)C.C2(=O)[C@@H]9CO.C%13(=O)[C@@H]%11CO.[C@H]%12(C%25)C%28=O.[C@H]%16(CO)C%32=O.N1%30CCC[C@H]1%23.[C@H]%17(CO)C7=O.[C@@H]1%22CCCN1.c1%25c[nH]cn1.N%10C(=N)N.C%15C3=O.C%30%22=O.C6%23=O.N28.N%139.N%26%11.N%27%12.N%28%14.S%21C.N%29%15.N%30%16.N4%17.N5%18.N6%19.N7%20	CC(C)[C@@H]1NC1=O.CSCC[C@@H](C=O)NC(=O)[C@H](Cc1c[nH]cn1)NC(=O)[C@H](CC(C)C)C(=O)[C@H](CCC(N)=O)[C@@H](CC(C)C)C(=O)O.N=C(N)NCCC[C@@H](C(=O)NCC=O)[C@@H](CO)C(N)=O.NC(=O)CC[C@H](NC(=O)[C@@H]1CCCN1C(=O)[C@@H]1CCCN1)C(=O)N[C@@H](CO)C(N)=O.NC(=O)[C@@H](N)CO.N[C@H](C=O)CO
C%38(=O)[C@@H]%18CCC(=O)O.C%38(=O)[C@@H]%19CCC(=O)O.CC[C@H](C)[C@H]%12C(=5)O.C%37(=O)[C@@H]%17CC(C)C.C%39(=O)[C@@H]%21CC(C)C.[C@H]%22(CC(C)C)C7=O.[C@H]%23(CC(C)C)C9=O.[C@H]%25(CC(C)C)C%10=O.[C@H]%27(CCC%28)C%11=O.C6(=O)[C@@H]%16CC%31.C%41(=O)[C@@H]%18[C@@H](C)O.C4(=O)[C@@H](N)[C@@H](C)O.[C@H]%26(CC%32)[C@@H](C)O.[C@@H]1%33CCCN1%37.C%40(=O)[C@@H]%20C%36.c1%36ccccc1.[C@H]%29(C%37)C(=O)O.c1%37ccccc1.c1%34c[nH]cn1.C2(=O)C%14.C3(=O)C%20.N%28C(=N)N.N2%12.N%13%14.N%24%15.S%31C.N%37%16.N%39%17.N%40%18.N%41%19.N3%20.N4%21.N5%22.N6%23.N7%24.S%32C.N8%26.N9%27.N%10%28.N%11%29	INVALID
c1%26c[nH]c2ccccc12.[C@H]%18(CCCCN)C(=O)O.CC[C@H](C)[C@H]7C4=O.c1%24cccc(Occc1.c1%29ccc(O)cc1.C3(=O)[C@@H]9CC%19.C%14(=O)[C@@H]%16[C@@H](C)C.C%25(=O)[C@@H](N)C(C)C.[C@H]%11(C%24)C%30=O.N1%30CCC[C@H]1%20.[C@H]%13(C%23)C%32=O.[C@H]%15(CO)C%33=O.N1%38CCC[C@H]1%22.[C@H]%16(C%27)C4=O.c1%27ccccc1.N14CCC[C@H]1%23.[C@H]%17(C)C6=O.N%18C(=N)N.C%36%20=O.C%38%21=O.C5%22=O.N37.S%19C.N%148.N%259.N%28%10.N%31%11.N%32%12.N%33%13.N3%15.N5%16.N6%17.N7%18	INVALID
C%31(=O)[C@@H]%15CCC(N)=O.[C@H]%21(CC(N)=O)C5=O.[C@H]%22(CC(=O)O)C4=O.CC(C)[C@H]%10C%38=O.C2(=O)[C@@H]%11CO.C%13(=O)[C@@H]%12CS.C%26(=O)[C@@H]%14C%28.C%28(=O)[C@@H]%17C%28.C%30(=O)[C@@H]%18CO.C%34(=O)[C@@H]%19CS.N15CCC[C@H]1%25.[C@H]%20(CS)C7=O.N18CCC[C@H]1%27.c1%28c[nH]cn1.C%29(=O)[C@@H]%16C.C%37(=O)[C@H](C)N.C%33(=O)C%17.C%32%25=O.C6%26=O.C9%27=O.CS%24.N2%11.N%13%12.N%24%14.N%29%15.N%30%16.N%31%17.N%33%18.N%35%19.N4%20.N6%21.N7%22.N9%23	CC(C)CC=O.CSN[C@@H](CC(=O)[C@@H](CC(=O)N[C@@H](CO)C(=O)N[C@@H](C)C(=O)N[C@@H](CCC(N)=O)C(N)=O)Cc1c[nH]cn1)C(=O)C(=O)N[C@@H](CC(N)=O)C(=O)N1CCC[C@H]1C=O.C[C@H](N)C=O.NC(=O)[C@@H]1CCCN1.N[C@H](C=O)CS.O=C(O)C[C@@H]1NC(=O)[C@H](CS)NC1=O.O=C1N[C@H]1CO.O=C1N[C@H]1CS
[C@H]%12(CCC(N)=O)C2=O.[C@H]%17(CCC(N)=O)C4=O.[C@H]6(CC(C)C)C%13=O.[C@H]7(CC(N)=O)C%26=O.[C@H]%14(CCC%15)C3=O.[C@H]%15(CC(C)C)C3=O.[C@H]%18(CC(C)C)C5=O.C%20C[C@H](N)C2=O.[C@@H]8(C%21=O)[C@@H](C)O.[C@@H]9(C%25=O)[C@@H](C)O.[C@H]%10(CO)C%25=O.[C@H]%11(CO)C%27=O.[C@H]%19(C)C(=O)O.N%14C(=N)N.C%15C%24=O.N%16C(=N)N.C%23%21=O.CS%20.N26.N%137.N%198.N%209.N%22%10.N%23%11.N%24%14.N%26%15.N3%16.N4%17.N5%18	CC(C)C[C@@H]1CCC[C@H](NC(=N)N)C(=O)C1=O.CC(C)C[C@@H]1NC1=O.CC(C)C[C@H](N)C(=O)N[C@@H](CC(N)=O)C(=O)NCC(N)=O.CSCC[C@H](N)C(=O)C(=O)CCCC(N)=O.C[C@@H](O)[C@H](N)C(=O)C(=O)[C@@H](N)CO.C[C@H](N[C@H](C(=O)C(=O)N[C@H](C=O)CO)[C@@H](C)O)C(=O)O.N=C(N)NN.NC(=O)CC[C@@H]1NC1=O
CN)C%19=O.[C@H]%10(CCC(=O)O)C(=O)O.[C@H]%14(CC%22)C%23=O.[C@H]8(CS)C3=O.[C@@H]1%20CO.N1%12.N%136.N%247.S%18C.N%258.N39	INVALID
C3(=O)[C@@H]%16CCC(=O)O.C%14(=O)[C@@H]%17CCCCN.C%36(=O)[C@@H]%18CCC(=O)O.C%38(=O)[C@@H]%19CCC(N)=O.C%41(=O)[C@@H]%23CCC(N)=O.C%42(=O)[C@@H](N)CCCN.c1%35c[nH]c2ccccc12.[C@H]%26(CC(=O)O)C5=O.[C@H]%30(CC(C)C)C(=O)O.C%31C[C@H]%15C%43=O.c1%37ccc(O)cc1.C%40(=O)[C@@H]%21CC%32.c1%38ccc(O)cc1.[C@@H]%28(C%10=O)[C@@H](C)O.C%24(=O)[C@@H]%19C%37.[C@H]%27(C%38)C4=O.CC%41(=O)[C@@H]%20C.c1%34c[nH]cn1.[C@H]%29(C)C%11=O.[C@H]%31(C)C%12=O.N%30C(=N)N.CS%31.N3%13.N%14%15.N%25%17.N%40%18.N%41%19.S%32C.N%42%21.N%43%22.N4%23.N5%24.N6%26.N8%27.N9%28.N%10%29.N%11%30	INVALID
[C@H]%12(CCC(N)=O)C%29=O.[C@H]%17(CCC(N)=O)C%36=O.[C@H]%23(CCC(=O)O)C7=O.[C@H]%25(CCC(N)=O)C8=O.[C@H]%16(CC(C)C)C%33=O.[C@H]%27(CC(C)C)C(=O)O.C%28C[C@H](N)C2=O.[C@@H]%11(C%32=O)C(C)C.[C@@H]%19(C3=O)C(C)C.[C@@H]%22(C5=O)C(C)C.[C@H]%14(C%30)C%31=O.[C@H]%15(CO)C%34=O.[C@H]%21(C%31)C6=O.c1%31ccccc1.N1%10CCC[C@H]1%29.c1%30c[nH]cn1.[C@H]%22(C)C9=O.C%12C%35=O.C%20CC4=O.C%26C8=O.CS%28.N2%10.N%13%11.N%24%14.N%33%15.N%34%16.N%35%17.N%36%18.N%38%19.N4%20.N5%21.N6%23.N7%25.N8%26.N9%27	CC(C)C[C@@H]1NC(=O)[C@H](CO)NC1=O.CC(C)C[C@H](NC(=O)[C@H](C)[C@H](C(=O)N[C@@H](CC(=O)[C@@H](N)Cc1c[nH]cn1)C(=O)N[C@@H](CCC(=O)O)C(=O)N[C@@H](CCC(N)=O)C(=O)C(=O)CN)C(C)C)C(=O)O.CC(C)[C@H](N)C=O.CC(C)[C@H](N)C=O.CSCC[C@H](N)C(=O)NN1CCC[C@H]1C(=O)[C@H](CCC(N)=O)CC(=O)N[C@@H](CCC(N)=O)C(N)=O.O=C1CCN1.c1ccccc1
C2(=O)[C@@H]%25CCCCN.C%13(=O)[C@@H](N)CCC(=O)O.[C@H]%23(CCCCN)C%24=O.C%46(=O)[C@@H](N)CCC(=O)O.[C@H]%29(CCCCN)C%61=O.[C@H]%32(CCC(N)=O)C4=O.[C@H]%50(CCC(=O)O)C%21=O.C%57(=O)[C@@H]%30[C@@H](C)CC.[C@H]%31(CC(=O)O)C%62=O.[C@H]%33(CC(=O)O)C9=O.[C@H]%34(CCC%36)C%11=O.[C@H]%42(CCCC%43)C%15=O.[C@H]%49(CC(=O)O)C%20=O.[C@H]%31(CC%53)C%60=O.[C@H]%39(CCC%54)C%10=O.[C@@H]%37(C%12=O)[C@@H](C)O.[C@@H]%48(C%18=O)[C@@H](C)O.[C@@H]%51(C%22=O)C(C)C.C%13(=O)[C@@H]%26C%56.N14CCC[C@H]1%55.[C@H]%37(CO)C7=O.[C@H]%44(C%58)C%16=O.c1%58ccccc1.[C@H]%52(CO)C(=O)O.c1%56c[nH]cn1.C%35(=O)[C@@H]%28C.[C@H]%38(C)C8=O.N%36C(=N)N.C%40C%14=O.C%45C%17=O.C%47C%19=O.N%43C(=N)N.C5%55=O.N2%23.N%13%25.N%24%26.N%35%27.N%46%28.N%57%29.N%59%30.S%53C.N%60%31.N%61%32.N3%33.N5%34.N6%36.N7%37.N8%38.N9%39.S%54C.N%10%40.N%11%41.N%12%42.N%14%44.N%15%45.N%16%47.N%17%48.N%18%49.N%19%50.N%20%51.N%21%52	CC(C)[C@@H](C=O)NC(=O)[C@H](CC(=O)O)NC(=O)[C@@H](NC(=O)CNC(=O)[C@H](CCCCNC(=N)N)NC(=O)[C@H]([C@@H](C)O)[C@@H](CO)C(N)=O)[C@@H](C)O.CC[C@H](C)[C@H](N)C(=O)N[C@@H](CCCCN)C(=O)N[C@@H](CCC(N)=O)C(=O)N1CCC[C@H]1C(=O)N[C@@H](CCCNC(=N)N)C(N)=O.CSCCC[C@H](NC(=O)[C@@H](N)CC(=O)O)C(=O)NCC(=O)N[C@@H](Cc1ccccc1)C(=O)NCC(=O)N[C@@H](CCC(=O)O)C(=O)N[C@@H](CO)C(=O)O.CSCC[C@@H](C(N)=O)[C@H](C=O)CC(=O)O.C[C@@H]1NC1=O.C[C@H](NC(=O)[C@@H](N)CCC(=O)O)C(N)=O.N.NCCCC[C@H](NC(=O)[C@@H](N)CCCCN)C(=O)N[C@@H](Cc1c[nH]cn1)C(=O)C(=O)[C@@H](N)CCC(=O)O
[C@H]9(CC(=O)O)C%21=O.[C@H]%12(CCC%14)C(=O)O.[C@@H]7(C%19=O)[C@@H](C)O.N1%13CCC[C@H]1%15.N1%18CCC[C@H]1%16.C[C@H]4C2=O.[C@H]5(C)C3=O.C6C%17=O.C8C%23=O.C%10C%24=O.N%14C(=N)N.C%19%15=O.N24.N%136.N%187.N%198.N%219.N%22%10.N3%11	CCC(N)=O.C[C@@H](O)[C@H](NN1CCCC1)C(=O)C(=O)[C@@H]1CCCN1NCC=O.C[C@@H]1NC1=O.N=C(N)NCCCCC(=O)O.NCC=O.NCC=O.O=C(O)C[C@@H]1NC1=O
c1%42c[nH]c2ccccc12.C%36(=O)[C@@H]%20CCC(N)=O.C%47(=O)[C@@H]%22CCCCN.CC[C@H](C)[C@H]%16C%45=O.C%14(=O)[C@@H]%18CC(NO=O.[C@H]%27(CCC%28)C5=O.[C@H]%30(CCC%31)C8=O.[C@H]%34(CC(N)=O)C%13=O.[C@H]%27(CC(C)C)C%15=O.[C@H]%30(CCC%31)C%16=O.[C@@H]%21(C%47=O)C(C)C.[C@H]%32(CC%39)C%10=O.c1%43ccc(O)cc1.C3(=O)[C@@H]%17C%42..N1%40CCCN1%36.[C@H]%23(C%43)C%46=O.[C@H]%24(CO)C4=O.N18CCC[C@H]1%41.[C@H]%38(CO)C(=O)O.N%28C(=N)N.C%26C6=O.C%29C7=O.N%31C(=N)N.C%33C%12=O.C%25%40=O.C9%41=O.N3%16.N%14%17.N%25%18.N%36%19.N%45%20.N%46%21.N%47%22.N%48%23.N4%24.N5%26.N6%27.N7%29.N8%30.N9%32.S%39C.N%10%33.N%11%34.N%12%35.N%15%38	INVALID
C%42(=O)[C@@H]%23CCC(=O)O.C%49(=O)[C@@H]%25CCC(=O)O.[C@H]%36(CCC(=O)O)C%14=O.[C@H]%32(CCC(=O)O)C%17=O.CC[C@H](C)[C@H]%18C7=O.C%24(=O)[C@@H]%20CC(=O)O.C%51(=O)[C@@H]%22CC(=O)O.C5(=O)[C@@H](N)CC(=O)O.[C@H]%29(CCC%30)C9=O.[C@H]%33(CCC%34)C%10=O.[C@H]%37(CC(C)C)C%12=O.[C@@H]%39(C%15=O)[C@@H](C)CC.c1%45ccc(O)cc1.C%46(=O)[C@@H]%21[C@@H](C)O.c1%47ccc(O)cc1.[C@@H]1%44CCCN1%46.C%48(=O)[C@@H]%27CO.C%50(=O)[C@@H]%26C%45.[C@H]%38(C%47)C%17=O.[C@H]%43(C%48)C(=O)O.[C@H]%28(C)C6=O.[C@H]%41(C)C%16=O.C2(=O)C%19.N%30C(=N)N.C5(=O)C%31.C%31C8=O.N%34C(=N)N.N2%18.N%13%19.N%24%20.N%46%21.N%48%22.N%49%23.N%50%25.N%51%26.N%52%27.N4%28.N5%29.N6%31.N7%32.N8%33.N9%36.N%10%37.N%12%38.N%14%40.N%15%41.N%16%42.N%17%43	CC[C@H](C)CC(=O)N[C@@H](C)C(=O)NC(=O)[C@H](CCC(=O)O)NC(=O)[C@H](CCC(=O)O)NC(=O)[C@H](Cc1ccc(O)cc1)NC(=O)[C@@H](N)CC(=O)O.CC[C@H](C)[C@H](NC(=O)CN)C(=O)N[C@@H](CCC(=O)O)C(=O)C(=O)[C@H](Cc1ccc(O)cc1)NC(=O)[C@H](CC(C)C)NC(=O)[C@H](CCCNC(=N)N)NC(=O)CCC(=O)C(=O)[C@@H](N)CC(=O)O.C[C@@H](O)[C@H](N)C(=O)N1CCCC1.C[C@H](N)C(N)=O.N=C(N)NCCC[C@H](N)C(=O)N[C@@H](CCC(=O)O)C(N)=O.N[C@@H](CC(=O)[C@@H](N)CO)C(=O)O.O=C(O)C[C@@H]1NC1=O
[C@H]9(CCCCN)C%21=O.c1%20c[nH]c2ccccc12.C3(=O)[C@@H](N)CC(=O)O.[C@H]%16(CCC(N)=O)C(=O)O.[C@H]%11(CCC9)C%24=O.[C@@H]%14(C%25=O)[C@@H](C)CC.[C@H]%12(CC%17)C(=O)O.[C@H]%13(CC%18)C%27=O.[C@@H]%16(C5=O)C(C)C.N1%25CCC[C@H]1%19.[C@H]%13(CO)C%28=O.[C@H]%15(C%20)C4=O.C%11C%22=O.C%10C%23=O.N%18C(=N)N.C%26%19=O.N3%10.N%14%11.N%17%13.N%21%15.N%22%17.N%23%20.N%249.N%25%22.S%18C.N%28%11.N4%13.N6%15.N7%16	CC(C)[C@@H](C=O)[C@@H](CCC(N)=O)C(=O)O.CC[C@H](C)[C@H](NNC(=O)[C@H](CO)[C@H](C=O)CCNC(=N)N)C(=O)N1CCC[C@H]1C=O.CS.N.N.N.NC(=O)CNC(=O)[C@@H](N)CC(=O)O.NCCCC[C@H](CCC[C@H](CC(N)=O)C(N)=O)C(=O)N[C@@H](Cc1c[nH]c2ccccc12)C(=O)NNCCCC(=O)O
CC[C@H](C)[C@H]6C(=O)O.[C@@H]8(C%21=O)[C@@H](C)CC.[C@H]%10(CCC%11)C%26=O.[C@H]%13(CC(N)=O)C%28=O.[C@H]%14(CC(=O)O)C%30=O.[C@H]%16(CC(C)C)C4=O.N1%22CCC[C@H]1%19.[C@H]%17(C%20)C%27=O.[C@H]%18(CO)C5=O.C2(=O)[C@@H](N)CN.[C@H]7(C)C%22=O.c1%20c[nH]cn1.N%11C(=N)N.C%12C%25=O.C%15C4=O.C%23%18=O.C%23%19=O.N26.N%137.N%238.N%249.N%25%10.N%26%12.N%27%14.N3%15.N4%16.N5%17	CC(C)C[C@H](N)C(=O)C(=O)CN.CC[C@H](C)[C@H](N)C=O.CC[C@H](C)[C@H](NC(=O)[C@@H](N)CN)C(=O)O.C[C@H](N[C@H](C=O)CC(N)=O)C(=O)N1CCC[C@H]1C(=O)C(=O)[C@@H](CO)C(=O)N[C@@H](Cc1c[nH]cn1)C(=O)N[C@H](C=O)CC(=O)O.N.N=C(N)NCCC[C@@H]1NC(=O)CNC1=O
[C@H]8(CCCCN)C%22=O.[C@H]%11(CCC(N)=O)C3=O.[C@H]C(C)C[C@H]4C%21=O.c1%17ccc(O)cc1.C2(=O)[C@@H]5CCO.C%13(=O)[C@@H]6C%18.c1%18ccccc1.[C@H]9(C%16)C%24=O.[C@H]%14(C%17)C(=O)O.C%19(=O)[C@@H]7C.c1%16c[nH]cn1.[C@H]%12(C)C%25=O.C%20(=O.CS%15.N24.N%125.N%196.N%207.N%218.N%229.N%23%10.N%24%11.N%25%12.N3%14	INVALID
C2(=O)[C@@H]%27CCC(=O)O.C%24(=O)[C@@H](N)CCCCN.C%13(=O)[C@@H]%28CCCC(N)=O.[C@H]%32(CCCCN)C%65=O.[C@H]%38(CCC(=O)O)C6=O.C%35(=O)[C@@H]%29CC(C)C.[C@H]%30(CC(N)=O)C%46=O.[C@H]%36(CCC%10N)C5=O.[C@H]%41(CCC(N)=O)C7=O.[C@H]%42(CCC%43)C8=O.[C@H]%44(CC(N)=O)C9=O.[C@H]%48(CC(C)C)C%15=O.[C@H]%47(CC(C)C)C%16=O.[C@H]%50(CC(C)C)C%19=O.[C@H]%51(CC(=O)O)C%20=O.[C@H]%53(CC(C)C)C%22=O.[C@H]%55(CC(C)C)C(=O)O.[C@@H]%32(C%63=O)C(C)C.[C@@H]%33(C%64=O)C(C)C.[C@@H]%34(C3=O)C(C)C.[C@@H]%40(C%10=O)C(C)C.[C@@H]%45(C%18=O)C(C)C.N1%57CCC[C@H]1%59.c1%59ccccc1.[C@H]%44(C%60)C%14=O.c1%60ccccc1.[C@H]%47(C%61)C%17=O.c1%61ccccc1.[C@H]%52(C%62)C%21=O.c1%62ccccc1.N1%22CCC[C@H]1%58.N%37C(=N)N.C%38C1=O.C%41C%11=O.N%43C(=N)N.C%65%58=O.N2%26.N%13%27.N%24%28.N%35%30.N%50%31.N%63%32.N%64%33.N%65%34.N3%36.N4%38.N6%39.N7%40.N8%41.N9%42.N%10%44.N%11%45.N%12%47.N%14%48.N%15%49.N%16%50.N%18%51.N%19%52.N%20%53.N%21%54.N%23%55	CC(C)CCC(=O)N[C@H](C=O)CC(N)=O.CC(C)C[C@@H](C(N)=O)[C@H](C=O)Cc1ccccc1.CC(C)C[C@H](N)C(=O)N[C@@H](Cc1ccccc1)C(N)=O.CC(C)C[C@H](N)C(=O)O.CC(C)C[C@H](NC(=O)[C@H](CC(=O)O)NC(=O)[C@@H](NC(=O)C[C@@H](CCC(N)=O)C(=O)N[C@H](C(=O)C(N)CC[C@@H](C=O)NC(=O)[C@@H](N)C(C)C)C(C)C)C(C)C)C(=O)N1CCC[C@H]1C(=O)C(=O)[C@H](CCCCN)[C@H](C(N)=O)C(C)C.CC(C)C[C@H](NC(=O)[C@H](Cc1ccccc1)[C@@H](CC(N)=O)C(=O)N[C@@H](CCCNC(=N)N)C(N)=O)C(N)=O.CC(C)[C@@H]1NC1=O.N.N.N.N=C(N)N.NC(=O)[C@@H](CC=O)CCC(=O)O.NCCCC[C@H](N)C(=O)N[C@@H](CCCC(N)=O)C(=O)N[C@@H](CCC(=O)O)C(N)=O.c1ccc([C@@H]2CCCN2)cc1
C%21(=O)[C@@H]%11CCC(=O)O.C%23(=O)[C@@H]%12CCC(=O)O.CC(C)C[C@H]6C%26=O.C%21(=O)[C@@H]7CC(C)C.C%22(=O)[C@@H]9CC(=O)O.C%24(=O)[C@@H]%14CC(=O)O.c1%17ccc(O)cc1.C%21(=O)[C@@H]%15C(C)C.[C@H]%16(C%17)C(=O)O.c1%17ccccc1.C%13(=O)[C@@H]8C.C%24(=O)[C@@H]9C.[C@H]3(N)C3=O.c1%18cc[nH]cn1.[C@H]%14(C)C4=O.c1%19c[nH]cn1.N%14C(=N)N.C%15C5=O.N26.N%137.N%218.N%229.N%23%10.N%24%11.N%25%12.N3%14.N4%15.N5%16	INVALID
[C@H]%11(CCC%12)C%31=O.CC(C[C@H]6C%35=O.C2(=O)[C@@H]7CC%19.C%24(=O)[C@@H]8CCC%20.C%33(=O)[C@@H]%10C(C)C.[C@@H]%15(C%100=O)C(C)C.[C@H]%10(C%23)C%25=O.[C@H]%14(C%25)C%26=O.c1%25ccccc1.N1%28CCC[C@H]1%21.N1%27CCC[C@H]1%22.[C@H]%14(CS)C4=O.c1%23c[nH]cn1.[C@H]%15(C)C%17=O.[C@H]%17(C)C(=O)O.C%34(=O)CN.N%12C(=N)N.C%29C%21=O.C%28%22=O.CS%18.N26.S%19C.N%247.N%268.S%20C.N%299.N%30%10.N%33%11.N%34%14.N%35%15.N4%16.N5%17	INVALID
CCN.[C@H]%12(CCC(N)=O)C3=O.[C@H]%14(CC(C)C)C(=O)O.C%14C[C@H]4C%19=O.C%13(=O)[C@@H]6CO.C2(=O)[C@@H]5C%16(=O)[C@@H]7C.C%17(=O)[C@@H]9C.C%19(=O)[C@@H]%11C.N3C(=N)N.C8C%20=O.CS%14.N24.N%136.N%167.N%178.N%189.N%19%10.N%20%11.N3%14	INVALID
[C@H]%20(CCC(=O)O)C%36=O.[C@H]%21(CCCCN)C%47=O.[C@H]%23(CCC(=O)O)C%53=O.[C@H]%28(CCC(=O)OO)C%55=O.[C@H]%31(CCC(=O)O)C8=O.[C@H]%40(CCCCN)C%13=O.c1%46c[nH]c2ccccc12.[C@H]%42(CCCCN)C(=O)O.CC[C@H](C)[C@H]%18C%25=O.C3(=O)[C@@H]%19CC(=O)O.[C@H]%32(CCC%29)C9=O.[C@H]%33(CCC%34)C%17=O.[C@H]%22(CC%43)C%54=O.[C@@H]%24(C%49=O)[C@@H](C)O.[C@@H]%27(C4=O)[C@@H](C)O.c1%45ccc(O)cc1.[C@@H]%39(C%16=O)C(C)C.[C@H]%24(CO)C%51=O.[C@H]%30(C%45)C7=O.N14CCC[C@H]1%44.[C@H]%40(C%46)C%12=O.[C@H]%41(C)C%15=O.C%26C6=O.N%34C(=N)N.C%35C%11=O.C%38C%17=O.C5%44=O.N3%18.N%14%19.S%43C.N%25%19.N%36%20.N%47%21.N%50%22.N%52%23.N%45%24.N%54%24.N%55%26.N3%27.N5%28.N6%29.N7%30.N8%32.N9%33.N%10%35.N%11%37.N%12%38.N%13%39.N%15%40.N%16%41.N%17%42	CC(C)[C@H](NC(=O)[C@H](CCCCN)[C@@H](Cc1c[nH]c2ccccc12)C(=O)NCC(=O)C(=O)[C@H](CCCNC(=N)N)NC(=O)[C@H](CCCNC(=O)CNC(=O)[C@H](CCC(=O)OO)NC(=O)[C@@H]1CCCN1C(=O)[C@@H](N)[C@@H](C)O)NC(=O)CCCC(=O)O)C(=O)N[C@@H](C)C(N)=O.CC[C@H](C)[C@H](NC(=O)[C@@H](N)CC(=O)O)C(N)=O.CSCC[C@H](N)C(=O)NN.C[C@@H](O)[C@@H](C=O)[C@H](C=O)CO.NCC(N)=O.NCCCC[C@@H]1NC1=O.NCCCC[C@H](N)C(=O)O.N[C@H](C=O)CCC(=O)O.O=C(O)CC[C@@H]1NC1=O.O=C1N[C@H]1Cc1ccc(O)cc1
C2(=O)[C@@H](N)CCCN.[C@H]8(CC(C)C)C%21=O.[C@H]%11(CC(C)C)C2=O.[C@@H]7(C%23=O)C(C)C.[C@@H]%11(C%25=O)C(C)C.[C@@H]%14C(=O)O)C(C)C.c1%18ccc(O)c1.N14CCC[C@H]1%17.[C@H]%12(C%18)C4=O.C%13(=O)[C@H](C)N.C%106C%22=O.C9C3=O.C%20%16=O.C4%17=O.N26.N%137.N%218.N%229.N%23%10.N%24%11.N3%12.N5%14	INVALID
[C@H]%11(CCC(N)=O)C%26=O.[C@H]5(CC(N)=O)C%20=O.[C@H]4(C%16)C2=O.c1%16ccccc1.[C@H]4(CO)C%13=O.[C@H][C@H]%17(CO)C%19=O.N1%19CCC[C@H]1%12.N1%20CCC[C@H]1%14.N1%22CCC[C@H]1%15.[C@H]7(CO)C%24=O.[C@H]8(CO)C%26=O.[C@H]9(C%17)C(=O)O.c1%17ccccc11.C6C%20=O.C%21%11=O.C%23%14=O.N23.N%134.N%215.N%226.N%237.N%248.N29	INVALID
C%46(=O)[C@@H]%27CCC(=O)O.C%57(=O)[C@@H]%28CCCCN.C%59(=O)[C@@H]%31CCC(=O)O.C9(=O)[C@@H]%40CCCCN.C%11(=O)[C@@H]%45CCCCN.[C@H]%47(CCCCN)C%17=O.[C@H]%51(CCCCN)C%19=O.CC[C@H](C)[C@H]%21C%15=O.C%35(=O)[C@@H]%26CC(N)=O.C%57(=O)[C@@H]%29CC(N)=O.C%59(=O)[C@@H]%30[C@@H](C)CC.C3(=O)[C@@H]%32CCC%33.C5(=O)[C@@H]%34CCC%36.C7(=O)[C@@H]%38CC(C)C.C8(=O)[C@@H]%39CC(=O)O.C%10(=O)[C@@H]%41CCC%42.C%12(=O)[C@@H]%43CC(C)C.C%14(=O)[C@@H]%47CC(C)C.[C@H]%50(CC(N)=O)C%18=O.[C@@H]%53(C%20=O)[C@@H](C)CC.C2(=O)[C@@H]%22CCC%54.C%13(=O)[C@@H]%23CC%55.C6(=O)[C@@H]%37[C@@H](C)O.C%14(=O)[C@@H](N)CC%56.C%24(=O)[C@@H]%25CO.[C@H]%48(CO)C%22=O.N%33C(=N)N.C%44C%15=O.N%36C(=N)N.N%42C(=N)N.C%49C%16=O.N2%21.N%13%23.S%54C.N%24%23.N%35%25.N%46%26.N%57%27.N%58%28.N%59%29.N%60%30.N3%31.N4%32.N5%34.N6%37.N7%38.N8%39.N9%40.N%10%41.N%11%43.N%12%44.N%14%45.S%55C.N%15%47.N%16%48.N%17%49.N%18%50.N%19%51.N%20%52	CC(C)C[C@@H]1NC1=O.CC[C@H](C)CC(N)=O.CC[C@H](C)[C@H](N)C(=O)C(=O)[C@H](CCC(=O)O)NC(=O)[C@@H](N)CCCNC(=N)N.CC[C@H](N)C(=O)C(=O)[C@H](CC(C)C)[C@@H](CCCCN)C(=O)NCC(=O)N[C@@H](CO)C(=O)[C@@H](CCCSC)C(=O)N[C@H](C(=O)C(=O)CNC(=O)[C@H](CC(C)C)NC(=O)[C@@H](N)CCCCN)[C@@H](C)CC.CSCC[C@@H]1NC1=O.C[C@@H](O)[C@@H]1NC1=O.N.N=C(N)NCCC[C@@H]1NC1=O.N=C(N)NCCC[C@@H]1NC1=O.NC(=O)C[C@@H]1NC1=O.NC(=O)C[C@H](NC(=O)[C@@H](N)CCC(=O)O)C(=O)N[C@@H](CO)C(N)=O.NCCCC[C@@H]1NC1=O.NCCCC[C@@H]1NC1=O.NCCCC[C@H](N)C(=O)C(=O)[C@@H](N)CC(N)=O.O=C(O)C[C@@H]1NC1=O
CC=O)[C@@H])[C@@H](C)O.[C@H]%10(CCC%11)C%20=O.[C@H]%12(CCC%14)C%21=O.[C@H]3(CCC4)C%22=O.[C@@H]8(C%21=O)C(C)C.[C@H]8(CO)C%22=O.C%17(=O)C5.C%13(=O)C6.N%11C(=N)N.N%15C(=N)N.C%14C3=O.C%16C(=O)O.N13.N%124.N%165.N%186.S%17C.N%207.N%218.N%22%10.N%23%12.N%24%14	INVALID
C2(=O)[C@@H]%15CCC(=O)O.C%29(=O)[C@@H]%20CCCCN.[C@H]%20(CCCCN)C(=O)O.CC(C)C[C@H]6C3=O.C%13(=O)[C@@H]7CC(C)C.C%22(=O)[C@@H]9CC(C)C.C%25(=O)[C@@H]%10CC(C)C.C%27(=O)[C@@H]%14CCC%15.C%28(=O)[C@@H]%17CC(C)C.C%29(=O)[C@@H]%16CC(N)=O.[C@@H]%18(C5=O)C(C)C.N%15C(=N)N.C%24(=O)C%10.N%25C(=N)N.C3(=O)CN.C%19C4=O.N26.N%127.N%238.N%249.N%26%10.N%27%11.N%28%13.N%29%15.N%30%16.N3%17.N4%18.N5%19.N6%20	CC(C)C[C@H](CC(=O)N[C@H](C=O)CC(C)C)C(=O)NC(=N)N.CC(C)C[C@H](N)C(=O)NC(=O)[C@@H](N)CC(C)C.CC(C)C[C@H](NC(=O)[C@@H](CCCCC(N)=O)CCC(=O)O)C(=O)C(=O)CN.CC(C)[C@@H]1NC(=O)CNC1=O.N.N.N.N=C(N)NN.NCCCC[C@@H](C(=O)O)[C@@H](CCCCN)C(=O)C(=O)[C@@H](N)CC(N)=O
C2(=O)[C@@H]%15CCC(=O)O.C%37(=O)[C@@H]%22CCC(=O)O.[C@H]%27(CCC(=O)O)C6=O.[C@H]%28(CCCCN)C%11=O.C3(=O)[C@@H]%13CCC%14.C%13(=O)[C@@H]%16CCC%17.C%24(=O)[C@@H]%18CC(C)C.[C@H]%25(CCC%26)C4=O.[C@H]%30(CC(C)C)C%12=O.C%32[C@H]%12C3=O.C%41(=O)[C@@H](N)CC%33.[C@H]%27(CC%34)C9=O.[C@@H]%29(C%10=O)C(C)C.[C@@H]%31(C(=O)O)[C@@H](C)O.C%40(=O)[C@@H]%20C%38.c1%15ccccc1.[C@H]%27(CO)C5=O.[C@H]%31(CO)C5=O.N16CCC[C@H]1%36.[C@H]%21(C)C8=O.N%15C(=N)N.N%26C(=N)N.C7%36=O.CS%32.N2%13.N%13%15.N%24%16.N%35%18.N%37%19.N%39%21.N%40%22.N%41%23.N3%25.S%33C.N4%26.N7%27.N8%28.S%34C.N9%29.N%10%30.N%11%31	CCC(=O)N[C@@H](CCC(=O)O)C(N)=O.CCC[C@@H](C(=O)C(=O)[C@H](CSC)C(=O)[C@H](CC(C)C)NC(=O)[C@@H](NC(=O)[C@H](CCSC)[C@@H](CCC(=O)O)C(=O)N1CCC[C@H]1C(=O)N[C@@H](CO)C(=O)C(=O)[C@H](CO)[C@H](C(=O)O)[C@@H](C)O)C(C)C)C(=O)[C@H](CCC)NC(=O)[C@@H](N)CC(C)C.CSCC[C@H](N)C(N)=O.C[C@H](N)C(=O)N[C@@H](CCCCN)C(N)=O.N=C(N)NCCC[C@H](N)C(N)=O.N=C(N)NNNC(=O)[C@H](CCC(=O)O)c1ccccc1
[C@H]5(CCC(=O)O)C%10=O.[C@H]7(CCC(=O)O)C%16=O.CC[C@H](C)[C@H]4C2=O.[C@H]%11(CCC%12)C%19=O.C6C%13=O.C9C%12=O.N%12C(=N)N.C%101C%18=O.C8C%20=O.N%11C(=N)N.N14.N%135.N%176.N%187.N%198.N%209.N%22%10	CC[C@H](C)[C@@H](C=O)NC(C(=O)N[C@H](C=O)CCC(=O)O)C(=O)[C@H](CCC(=O)O)NC(=O)CN.N.N=C(N)N.N=C(N)N[C@H]1CCCC(=O)CNC(=O)CNC1=O
c1%83c[nH]c2ccccc12.C%36(=O)[C@@H]%34CCC(=O)O.c1%84c[nH]c2ccccc12.C%10(=O)[C@@H](N)CCC(N)OCC(N)=O.C%25(=O)[C@@H]%33CC(=O)O.C%58(=O)[C@@H]%37CC(C)C.C%80(=O)[C@@H]%39CCC%40.[C@H]%51(CCC%52)C%13=O.[C@H]%57(CCC%59)C%18=O.CC5(=O)[C@@H]%43CC(C)C.[C@H]%55(CC(C)C)C%17=O.[C@H]%57(CCC%59)C%19=O.[C@H]%67(CC(N)=O)C%23=O.C%73C[C@H]%31C%11=O.c1%80ccc(O)cc1.C8(=O)[C@@H]%45[C@@H](C)O.[C@@H]%48(C%10=O)[C@@H](C)O.[C@H]%49(CC%74)C%13=O.[C@@H]%56(C%20=O)[C@@H](C)O.[C@@H]%63(C%22=O)[C@@H](C)O.[C@H]%71(CC%76)C%30=O.c1%85ccc(O)cc1.C3(=O)[C@@H]%32C%83.C%47(=O)[C@@H]%35C%84.C4(=O)[C@@H]%42C%80.[C@H]%53(C%10%78)C%15=O.[C@H]%60(C%81)C%16=O.[C@H]%62(C%86)C%21=O.c1%86ccccc1.[C@H]%64(CO)C%24=O.N1%24CCC[C@H]1%77.[C@H]%66(C%82)C%27=O.[C@H]%68(CO)C%28=O.[C@H]%70(C%81)C%29=O.[C@H]%72(C%85)C(=O)O.c1%78c[nH]cn1.c1%79c[nH]cn1.c1%81c[nH]cn1.c1%82c[nH]cn1.N%40C(=N)N.C%69(=O)C%38.C%88(=O)C%41.C6(=O)C%44.N%52C(=N)N.C7(=O)C%46.N%52C(=N)N.N%59C(=N)N.C%26%77=O.CS%73.N3%31.N%14%32.N%25%32.N%36%33.N%47%34.N%58%35.N%69%37.N%80%38.N%88%39.N4%41.N5%42.N6%43.N7%44.N8%45.N9%46.N%10%48.N%11%49.S%74C.N%12%50.S%75C.N%13%54.N%15%55.N%16%56.N%17%57.N%18%61.N%19%62.N%20%63.N%21%64.N%22%65.N%23%66.N%26%67.N%27%68.N%28%70.N%29%71.S%76C.N%30%72	INVALID
[C@H]%12(CCC(N)=O)C%21=O.C%16C[C@H](N)C2=O.[C@@H]6(C%22=O)[C@@H](C)O.c1%20ccc(O)cc1.[C@H]7(CO)C%13=O.N1%13CCC[C@H]1%17.[C@H]8(CO)C%23=O.[C@H]9(CO)C%25=O.[C@H]%10(C%19)C%27=O.[C@H]%11(C%21)C%26=O.c1%21ccccc1.[C@H]%14(CO)C%28=O.N1%29CCC[C@H]1%18.[C@H]%14(C%20)C3=O.[C@H]%15(C)C(=O)O.C5%17=O.CS%16.N27.N%238.N%249.N%25%10.N%26%11.N%28%12.N%30%14.N6%15	C1CCNC1.CSCC[C@H](N)C(=O)N[C@@H](CO)C(=O)N1CCC[C@H]1C=O.C[C@@H](C=O)NC(=O)[C@@H](N)CO.C[C@H](N[C@H](C=O)[C@@H](C)O)C(=O)O.N.NC(=O)CC[C@H](NC(=O)[C@H](CO)[C@H](C=O)Cc1ccc(O)cc1)C(=O)C[C@@H]1NC1=O.O=C1N[C@H]1CO.c1ccccc1
CC[C@H](C)[C@H]%17C%12=O.C%13(=O)[C@@H]%19CC(N)=O.C%44(=O)[C@@H]%23CC(N)=O.C3(=O)[C@@H]%27CC(C)C.C5(=O)[C@@H]%30[C@@H](C)CC.[C@@H]%37(C%14=O)[C@@H](C)CC.[C@H]%38(CC(C)C)C%15=O.[C@H]%38(CC(C)C)C(=O)O.c1%43ccc(O)cc1.[C@@H]%36(C%16=O)C(C)C.[C@@H]1%39CCCN1%35.C%35(=O)[C@@H]%21CO.C%46(=O)[C@@H]%25CO.C%47(=O)[C@@H]%28CS.C4(=O)[C@@H]%29C%43.C6(=O)[C@@H]%31CO.[C@@H]1%40CCCN19.C8(=O)[C@@H]%32CS.C9(=O)[C@@H]%33CO.C%10(=O)[C@@H]%34C%42.N1%15CCC[C@H]1%41.C2(=O)[C@@H]%18C.C%35(=O)[C@@H]%22C.c1%42c[nH]cn1.C%47(=O)[C@@H]%26C.C%11(=O)CN.C%24%39=O.C8%40=O.C%16%41=O.N2%17.N%13%18.N%24%19.N%35%20.N%45%21.N%46%22.N%46%23.N%47%25.N3%26.N4%27.N5%28.N6%29.N7%30.N8%31.N%10%32.N%11%33.N%12%34.N%14%36.N%16%37.N%17%38	CC[C@H](C)[C@H](N)C(=O)N[C@@H](CS)C(=O)C(=O)[C@H](C)NC(=O)[C@H](CC(C)C)NC(=O)[C@H](Cc1ccc(O)cc1)NC(=O)[C@@H](N)CO.CC[C@H](C)[C@H](N)C(=O)N[C@H](C(=O)C(=O)[C@@H]1CCCN1C(=O)[C@H](CC(C)C)[C@@H](CC(C)C)C(=O)O)C(C)C.CC[C@H](C)[C@H](NC(=O)[C@H](C)NC(=O)[C@H](CC(N)=O)NC(=O)[C@@H]1CCCN1C(=O)[C@@H](N)CO)C(=O)N[C@@H](Cc1c[nH]cn1)C(=O)N[C@@H](CS)C(=O)C(=O)[C@@H]1CCCN1C(=O)[C@H](CO)NC(=O)CN.C[C@H](NC(=O)[C@@H](N)CO)C(N)=O.N.NC(=O)C[C@H](N)C=O
[C@H]%18(CCC(=O)O)C%40=O.CC[C@H](C)[C@H]%10C%37=O.C%35(=O)[C@@H]%13CCC%14.[C@H]%18(CC(N)=O)C%39=O.[C@H]%20(CCC%21)C3=O.[C@H]%18(CC(C)C)C4=O.[C@H]%22(CC(C)C)C6=O.[C@H]%23(CC(=O)O)C7=O.[C@H]%24(CC(=O)O)C9=O.C%35(=O)[C@@H](N)C%27.c1%32cccc(O)cc1.[C@H]%22(CC%28)C7=O.C2(=O)[C@@H]%11C%30.C%24(=O)[C@@H]%12C%32.[C@H]%17(C%33)C%37=O.N14CCC[C@H]1%29.[C@H]%25(C%36)C8=O.c1%36ccccc1.c1%30c[nH]cn1.C%34(=O)[C@@H]%15C.[C@H]%19(C)C3=O.c1%31c[nH]cn1.N%14C(=N)N.N%21C(=N)N.C%26C(=O)O.C5%29=O.N2%10.N%13%11.N%24%12.S%27C.N%34%14.N%37%15.N%38%16.N%39%17.N%40%18.N3%19.N3%20.N5%22.S6C.N7%23.N8%25.N9%26	INVALID
[C@H]%14(CCC(=O)O)C%29=O.[C@H]%19(CCC(=O)O)C5=O.[C@H]%23(CCC(=O)O)C(=O)O.CC(C[C@H](N)C2=O.[C@H]%10(CC(N)=O)C1=O.[C@H]%12(CC(=O)O)C%27=O.[C@H]%14(CC(=O)O)C%30=O.[C@@H]9(C%13=O)[C@@H](C)O.[C@@H]%15(C%32=O)[C@@H](C)O.[C@@H]%20(C8=O)C(C)O.[C@H]%11(CO)C%28=O.[C@H]%17(CS)C%31=O.N1%33CCC[C@H]1%25.[C@H]%18(CO)C6=O.[C@H]%21(C)C5=O.C%22C7=O.C%34%26=O.N29.N%13%10.N%24%11.N%27%12.N%29%14.N%30%15.N%31%16.N%32%17.N2%18.N4%19.N5%20.N6%21.N7%22.N8%23	INVALID
C%13(=O)[C@@H]9CC(N)=O.[C@H]%19(CCC(N)=O)C4=O.[C@H]%15(CC(N)=O)C%29=O.[C@H]%21(CCC%22)C7=O.CC(C)[C@H]8C%24=O.[C@@H]%12(C%27=O)[C@@H](C)O.[C@@H]%16(C3=O)[C@@H](C)O.C%13(=O)[C@@H]%10CO.C%21(=O)[C@@H](N)CC%25.[C@H]%13(CO)C%29=O.[C@H]%18(CO)C%30=O.N1%30CCC[C@H]1%25.[C@H]%20(CO)C7=O.C%24(=O)[C@H](C)N.N%22C(=N)N.C%11C%30=O.C%15C%31=O.C%17C7=O.C%22C(=O)O.C%31%25=O.CS%23.N28.N%139.N%26%10.N%27%11.N%28%12.N%29%14.N%30%15.N%31%16.N3%17.N4%18.N5%19.N6%20.N7%21	CC(=O)O.CC(C)[C@H](N)C(=O)C(=O)[C@H](C)N.CS.C[C@@H](O)[C@H](N)C(=O)NCC(N)=O.C[C@@H](O)[C@H](N)C(=O)NCC(N)=O.N.N=C(N)NCCC[C@@H](C(=O)C(=O)[C@@H](N)CO)C(=O)[C@@H](N)CC[C@@H]1CCCN1C(=O)[C@H](CO)NC(=O)[C@@H](N)CCC(N)=O.NC(=O)C[C@H](CC(=O)C=O)C(=O)C(=O)[C@H](CO)N[C@@H](CC(N)=O)C(=O)C(=O)[C@@H](N)CO
)CCO.C2(=O)[C@@H]5CO.C%13(=O)[C@@H]6CO.[C@@H]1%12CCC[C@H]1%14.[C@H]7(CO)C%22=O.[C@H]7(CS)C%23=O.N1%23CCC[C@H]1%16.[C@H]9(COO)C%26=O.[C@H]%10(C%18)C5=O.c1%18ccccc1.N1%10CCC[C@H]1%17.C%13%13=O.C%19%15=O.C%26%16=O.C3%17=O.N24.N%135.N%216.N%227.N%238.N%259.N%27%10.N3%11	INVALID
[C@H]%17(CCCCN)C(=O)O.C)[C@H]5C%23=O.C2(=O)[C@@H]8CC(C)C.[C@H]%10(CC(N)=O)C%24=O.[C@H]%12(CC(C)C)C2=O.[C@H]%14(CCC%15)C3=O.C2(=O)[C@@H]7C(C)C.C%22(=O)[C@@H](N)C(C)C.C%21(=O)[C@@H]9CC%19.N1%26CCC[C@H]1%18.c1%19c[nH]cn1.C%19(=O)C8.C%22(=O)C9.N%15C(=N)N.C%21(=O)C%17.C%25%18=O.N24.N%135.N%176.N%207.N%218.N%229.N%23%10.N%24%11.N%25%13.N%26%14.N3%16.N4%17	INVALID
C%30(=O)[C@@H]%15CCC(N)=O.[C@H]%20(CCC(N)=O)C7=O.CC(C)C[C@H]%10C4=O.C2(=O)[C@@H]%10CC(C)C.C2(=O)[C@@H]%14CC(C)C.C%24(=O)[C@@H]%16CC(=O)O.C%31(=O)[C@@H]%17CC(C)C.C%32(=O)[C@@H]%18CC(=O)O.C3(=O)[C@@H](N)CC(NO)O.[C@H]%21(CC(C)C)C5=O.c1%28ccc(O)cc1.N17CCC[C@H]1%26.C%13(=O)[C@@H]%12C.C%29(=O)[C@@H]%14C.C%23C(=O)O.C%33%26=O.C8%27=O.N2%10.N%13%11.N%24%12.N%28%14.N%30%15.N%31%16.N%32%17.N%33%18.N3%19.N4%20.N5C.N6%21.N8%22.N9%23	CC(C)C[C@H](NC(=O)[C@H](CC(=O)O)NC(=O)[C@@H]1CCCN1C(=O)[C@H](CCC(N)=O)NC(=O)[C@H](CC(C)C)[C@@H](CC(C)C)C(=O)C(=O)[C@H](CC(C)C)[C@@H](C)C=O)C(=O)N[C@@H](CC(=O)O)C(=O)N[C@@H](C)C(N)=O.CNC(=O)[C@@H](N)CC(C)C.N.NC(=O)CC[C@@H]1NC1=O.NC(=O)[C@@H](N)CC(O)NO.NC=O.NCC(=O)O.Nc1ccc(O)cc1
C%26(=O)[C@@H]%12CCC(=O)O.[C@H]%16(CCCCN)C5=O.[C@H]%14(CC(=O)O)C%29=O.[C@H]%19(CC(C)C)C%31=O.C%13(=O)[C@@H]%10CC(N)=O)[C@@H]%30(CO.C2(=O)[C@@H]9CS.C%13(=O)[C@@H]%10C%22.C%24(=O)[C@@H]%11C%26.c1%26ccccc1.[C@H]%17(C%27)C%32=O.c1%27ccccc1.[C@H]%18(CO)C3=O.[C@H]%22(CS)C(=O)O.c1%23c[nH]cn1.[C@H]%21(CS)C(=O)O.N28.N%139.N%24%10.N%26%11.N%27%12.N%28%13.N%30%15.N%31%16.N%32%17.N3%18.N4%19.N5C.N6%20.N7%22	INVALID
C%13(=O)[C@@H]8CCC9.C%24(=O)[C@@H]%10CCC%11.C%27(=O)[C@@H]%13CC(C)C.C%29(=O)[C@@H]%15CC(C)C.C%30(=O)[C@@H]%16CC(=O)O.C%31(=O)[C@@H]%17CCC%18.C4(=O)[C@@H]%20CC(NO=O.C%22C[C@H]7C6=O.C%30(=O)[C@@H]%21CCC%25.c1%26ccc(O)cc1.C5(=O)[C@@H](N)[C@@H](C)O.C%24(=O)[C@@H]%12C%25.c1%25ccccc1.C%28(=O)[C@@H]%15C%26.[C@@H]1%23CCCN13.N9C(=N)N.N%11C(=N)N.N%25C(=N)N.C%21C(=O)O.C3%23=O.CS%22.N27.N%248.N%27%10.N%28%12.N%29%14.N%30%15.N%30%16.N%31%17.N5%19.N6%20.S%14C.N7%21	INVALID
C2(=O)[C@@H]5CCC(=O)O.C%13(=O)[C@@H]6CCC(=O)O.[C@H]9(CCCCN)C%23=O.[C@H]%10(CCCCN)C%27=O.CC[C@H](C)[C@H]4C%22=O.[C@@H]9(C%24=O)[C@@H](C)CC.[C@H]%12(CCC%14)C%26=O.c1%19ccc(O)cc1.[C@H]%16(CCC%17)C2=O.C%20(=O)CN.N%14C(=N)N.C%15C%25=O.C%14C3=O.NN%17C(=N)N.C%18C(=O)O.N24.N%125.N%206.N%217.S%19C.N%228.N%239.N%24%11.N%25%12.N%26%15.N3%16.N4%18	CC(=O)N[C@@H](CCCN(N)C(=N)N)C(=O)C(=O)[C@H](CCC(=O)O)N[C@@H](CCCNC(=N)N)C(=O)NCC(N)=O.CC[C@H](C)[C@@H](C(N)=O)[C@@H](CCCCN)C(N)=O.CC[C@H](C)[C@H](N)C(N)=O.CSc1ccc(O)cc1.N.NCC(=O)N[C@H](C=O)CCC(=O)O.NCC(=O)O.NCCCCCC=O
[C@H]%48(CCCCN)C(=O)O.CC[C@H](C)[C@H]%18C%12=O.C2(=O)[C@@H]%19CC(C)C.C%46(=O)[C@@H]%25CC(=)=O.C%55(=O)[C@@H]%26CCC%27.C4(=O)[C@@H]%31CC(C)C.C5(=O)[C@@H]%32CC(N)=O.C6(=O)[C@@H]%34CC(N)=O.C8(=O)[C@@H]%36CCC%37.C7(=O)[C@@H]%39CCC%40.C9(=O)[C@@H]%41CCC%42.[C@H]%43(CCC%44)C%17=O.C%13(=O)[C@@H]%19[C@@H](C)O.C%46(=O)[C@@H]%23[C@@H](C)O.C%52(=O)[C@@H]%29[C@@H](C)O.C8(=O)[C@@H]%36C(C)C.C%24(=O)[C@@H]%20C%50.C%56(=O)[C@@H]%28C%53.c1%53ccc(O)cc1.C%11(=O)[C@@H](N)CC%49..c1%52ccccc1.[C@H]%41(C%51)C%16=O.c1%50c[nH]cn1.c1%51c[nH]cn1.[C@H]%45(C)C%14=O.C%35(=O)C%22.N%27C(=N)N.N%27C(=N)N.C8(=O)C%33.N%37C(=N)N.N%40C(=N)N.N%42C(=N)N.N%44C(=N)N.C%47C%14=O.N2%18.N%13%19.N%24%20.N%35%21.N%46%22.N%55%23.N%56%25.N%57%28.N3%29.N4%30.N5%31.N6%32.N7%33.N8%34.N9%36.S%49C.N%10%38.N%11%39.N%12%41.N%14%43.N%15%45.N%16%47.N%17%48	INVALID
N.C%17(=O)[C@@H]8C(C)C.C%18(=O)[C@@H]%10C(C)C.C%23(=O)[C@@H]%11C(C)C.C2(=O)[C@@H]7CS.C%13(=O)[C@@H]6CS.C4(=O)[C@@H](N)C5=O.N26.N%137.N%168.N%189.N%19%10.N%20%11.S%15C.N%22%13	CC(C)[C@H](N)C(N)=O.CC(C)[C@H](N)C=O.CC(C)[C@H](N)C=O.CS.N.N.NC(C=O)C=O.O=C1N[C@@H](CS)C(=O)N[C@H]1CS
C%37(=O)[C@@H]%17CCC(N)=O.C%39(=O)[C@@H]%23CCCCN.C3(=O)[C@@H]%25CCC(=O)O.[C@H]%28(CCC(NO=O)C6=O.C2(=O)[C@@H]%14CCC%15.C%37(=O)[C@@H]%19CCC%20.C%39(=O)[C@@H]%22CC(C)C.C%38(=O)[C@@H]%23CC(C)C.[C@H]%29(CC(=O)O)C5=O.C%32C[C@H]%11C%40=O.C%24(=O)[C@@H]%16C(C)C.C%36(=O)[C@@H]%18[C@@H](C)O.C%38(=O)[C@@H]%25CC%33.C4(=O)[C@@H](N)CO.[C@H]%27(C%36)C9=O.c1%36ccccc1.[C@H]%30(CS)C%10=O.[C@H]%21(C)C7=O.[C@H]%26(C)C8=O.N%15C(=N)N.C%28C%10=O.C%31C(=O)O.CS%32.N2%11.N%13%12.N%24%14.N%35%16.N%37%17.N%38%18.N%39%19.N%40%21.N3%22.N4%23.S%34C.N5%25.N6%26.N7%27.N8%28.N9%29.N%10%31	INVALID
CC[C@H](C)[C@H]%23C%15=O.C2(=O)[C@@H]%26CC(C)C.C%13(=O)[C@@H]%27CC(C)C.C%35(=O)[C@@H]%30CC(C)C.C6(=O)[C@@H]%40CC(N)=O.C%11(=O)[C@@H]%45CC(C)C.C%13(=O)[C@@H]%49CC(N)=O.C%14(=O)[C@@H]%50CC(C)C.C9(=O)[C@@H]%42CCC%43.C%12(=O)[C@@H]%44CC(N)=O.[C@H]%48(CC(C)C)C%17=O.[C@H]%52(CC(C)C)C%18=O.[C@H]%50(CCC%51)C%19=O.[C@H]%54(CC(=O)O)C%21=O.[C@H]%53(CC(C)C)C%22=O.[C@H]%56(CCC%58)C(=O)O.C%13(=O)[C@@H]%37[C@@H](=O)O.C%14(=O)[C@@H](N)C(C)C.C%46(=O)[C@@H]%32C%59.C%57(=O)[C@@H]%33CS.C%65(=O)[C@@H]%34CO.C3(=O)[C@@H]%38C%60.C%10(=O)[C@@H]%41C%61.[C@H]%53(CS)C%20=O.[C@H]%55(C%62)C%22=O.c1%62ccccc1.C%24(=O)[C@@H]%29C.c1%59c[nH]cn1.c1%60c[nH]cn1.N%31C(=N)N.C%64(=O)C%36.C5(=O)C%39.C7(=O)[C@@H]%39C.N%43C(=N)N.N%58C(=N)N.N2%25.N%13%26.N%24%28.N%35%29.N%46%30.N%57%32.N%63%33.N%64%34.N%65%36.N3%37.N4%38.N5%39.N6%40.N7%41.N8%42.N9%44.N%10%45.N%11%47.N%12%48.N%14%49.N%15%50.N%16%52.N%17%53.N%18%54.N%19%54.N%21%55.N%22%56	INVALID
[C@H]9(CCCCN)C%25=O.[C@H]%15(CCC(N)=O)C5=O.[C@H]%19(CCCCN)C(=O)O.[C@@H]%10(C%24=O)[C@@H](C)CC.[C@H]%12(CCC%14)C%27=O.[C@H]%15(CC(=O)O)C%91=O.[C@H]%16(CCC%17)C3=O.[C@H]%18(CC(C)C)C4=O.C%20C6C%23=O.[C@@H]%21C3=O)[C@@H](C)CC.C%13(=O)C7.C%13(=O)C8.C%21(=O)CN.C%11C%23=O.N%17C(=N)N.N%18C(=N)N.N16.N%137.N%198.N%209.N%22%10.N%23%11.N%25%12.N%26%14.N%27%15.N3%16.N4%18.N5%19	INVALID
C2(=O)[C@@H]%12CCCCN.C%24(=O)[C@@H]%15CCCCN.[C@H]%20(CCCCN)C%40=O.[C@H]%22(CCC(=O)O)C6=O.[C@H]%25(CCCCN)C%12=O.[C@H]%45(CCC%23)C%14=O.[C@H]%25(CCC%26)C5=O.[C@H]%28(CCC%29)C5=O.[C@H]%30(CCC%31)C8=O.C%36C[C@H]%10C%39=O.[C@@H]%21(C4=O)[C@@H](C)CC.[C@@H]%34(C(=O)O)[C@@H](C)O.[C@@H]%17(C%41=O)[C@@H](C)O.[C@H]%20(CC%37)C7=O.[C@H]%28(C%37)C9=O.[C@H]%18(C)C%34=O.C%19)C%38=O.N%11C(=N)N.C%13(=O)C%14.C%24(=O)CN.N%23C(=N)N.N%26C(=N)N.N%29C(=N)N.N%31C(=N)N.C%32C3=O.CS%35.N1%10.N%13%12.N%24%14.N%33%15.N%36%16.N%38%17.N%39%18.N%40%19.N%41%20.S%42%21.N3%22.N4%25.N5%27.N6%28.N7%30.N8%32.N9%33	INVALID
[C@H]%26(CCC(=O)O)C%46=O.[C@H]%27(CC(=O)O)C%57=O.[C@H]%28(CCCCN)C%59=O.[C@H]%32(CCC(N)=O)C4=O.[C@H]%37(CCCCN)C7=O.[C@H]%43(CCC(N)=O)C%17=O.[C@H]%21(CCC%22)C%24=O.[C@H]%23(CC(N)=O)C%35=O.[C@H]%25(CC(C)C)C%46=O.[C@H]%29(CCC%30)C%59=O.[C@H]%32(CCC%33)C5=O.[C@H]%38(CCC%39)C%12=O.[C@H]%42(CC(N)=O)C%14=O.[C@H]%44(CC(C)C)C%16=O.[C@H]%47(CCC%48)C%18=O.[C@H]%49(CC(C)C)C%20=O.C%51C[C@H](N)C%13=O.[C@@H]%31(C3=O)[C@@H](C)O.[C@@H]%36(C9=O)[C@@H](C)O.[C@@H]%41(C%11=O)[C@@H](C)O.c1%55ccc(O)cc1.[C@H]%40(CO)C%10=O.N1%14CCC[C@H]1%53.[C@H]%50(C%55)C(=O)O.N%22C(=N)N.C2(=O)CN.N%30C(=N)N.N%36C(=N)N.N%48C(=N)N.C%13%53=O.C%19%54=O.CS%51.N2%21.N%24%23.N%35%25.N%46%26.N%46%27.N%57%28.N%58%29.N%59%31.N3%32.N4%33.N6%36.N7%37.N8%38.N9%39.N%10%40.N%11%41.N%12%42.N%15%43.N%16%44.N%17%45.N%19%47.N%19%49.N%20%50	CC(C)C[C@@H]1NC1=O.CC(C)C[C@H](N)C(=O)N[C@@H](Cc1ccc(O)cc1)C(=O)O.CC(C)C[C@H](NC(=O)[C@H](CC(N)=O)NC(=O)[C@H](CCCNC(=N)N)NC(=O)CN)C(=O)C(=O)[C@H](CCC(=O)O)NN[C@@H](CC(=O)O)C(=O)N[C@@H](CCCCN)C(=O)C(=O)[C@@H](N)CCCNC(=N)N.CSCC[C@H](N)C(=O)C(=O)[C@@H]1CCCN1C(=O)[C@H](CC(N)=O)NC(=O)[C@@H](N)CCCNC(=O)[C@@H](NC(=N)N)[C@@H](C)O.C[C@@H](O)[C@@H]1NC1=O.C[C@@H](O)[C@H](N)C(N)=O.N.N=C(N)NCCC[C@@H](C=O)NC=O.NC(=O)CC[C@H](N)C(N)=O.NC(=O)CC[C@H]1C(=O)NCCC[C@H]1C=O.NCCCC[C@@H]1NC1=O.O=C1N[C@H]1CO
C%20(=O)[C@@H]8CCC(N)=O.C%21(=O)[C@@H]%12CCC(=O)O.C%25(=O)[C@@H]%16CCCCC.CC(C)C[C@H]5C(=O)O.C%26(=O)[C@@H]6CC(N)=O.C%27(=O)[C@@H]%14CC(C)C.c1%19ccc(O)cc1.[C@@H]1%17CCCN16.C%13(=O)[C@@H]7C%18.c1%18c[nH]cn1.C%24(=O)[C@@H]%10C%19.C%24(=O)[C@@H]%14CO.[C@H][C@H](C)C3=O.C%12(=O)[C@@H]9C.C%22(=O)[C@@H]%11C.C%17%17=O.N25.N%136.N%247.N%208.N%219.N%22%10.N%23%11.N%24%12.N%25%14.N3%15.N4%16	CC(C)C[C@@H](C=O)[C@@H](CO)C(=O)C(=O)[C@H](Cc1ccc(O)cc1)NC(=O)[C@H](C)N.CC(C)C[C@H](N)C(=O)O.CCCCC[C@H](N)C(N)=O.C[C@@H]1NC(=O)[C@H](CCC(=O)O)C1=O.NC(=O)CC[C@@H]1NC1=O.NC(=O)C[C@@H](C=O)N1CCC[C@H]1C=O.NN[C@@H](Cc1c[nH]cn1)C(N)=O.[CH][C@H](C)C(N)=O
[C@H]%30(CCC(N)=O)C3=O.[C@H]%34(CCC(=O)O)C8=O.[C@H]%45(CCCCN)C%16=O.[C@H]%27(CC(C)C)C%55=O.[C@H]%29(CC(N)=O)C5=O.[C@H]%27(CC(C)C)C3=O.[C@H]%29(CCC%40)C%12=O.[C@H]%41(CC(NO)O)C%14=O.[C@H]%42(CCC%43)C%15=O.[C@H]%44(CC(=O)O)C%17=O.[C@H]%48(CC(C)C)C%20=O.C%49C[C@H]%20C%46=O.C%35(=O)[C@@H]%23CC%50.C%46(=O)[C@@H](N)CC%51.[C@@H]%37(C6=O)C(C)CC.C%13(=O)[C@@H]%21C%58.c1%58ccccc1.[C@@H]1%53CCCN1%13.C%24(=O)[C@@H]%22C%49.c1%49ccccc1.N13CCC[C@H]1%54.[C@H]%33(CO)C5=O.[C@H]%38(CO)C%11=O.[C@H]%45(CO)C%18=O.N1%18CCC[C@H]1%56.[C@H]%47(CO)C%20=O.[C@H]%32(C)C8=O.N%30C(=N)N.C%33C6=O.N%40C(=N)N.N%43C(=N)N.C2%54=O.C4%55=O.C%56(=O)O.CS%49.N2%20.S%50C.N%24%21.N%35%22.S%51C.N%46%23.N%52%25.N%54%26.N%55%27.N%56%28.N3%29.N4%31.N5%32.N6%33.N7%34.N8%36.N9%37.N%10%38.N%11%39.N%12%41.N%14%42.N%15%44.N%16%45.N%17%47.N%19%48	CC(C)C[C@@H](C(=O)C(N)=O)[C@@H](CC(C)C)C(=O)C(=O)[C@H](CCC(N)=O)NC(=N)N.CCC(C)[C@H](N)C(=O)C(=O)C[C@@H](CO)C(=O)C(=O)[C@H](CC(N)=O)[C@@H](CCCNC(=N)N)C(=O)N[C@@H](CC(O)NO)C(=O)N[C@@H](CCCNC(=N)N)C(=O)N[C@@H](CC(=O)O)C(=O)N[C@@H](CO)C(=O)NC(=O)[C@@H]1CCCN1N.CSCC[C@H](N)C(=O)N[C@@H](CCC[C@@H](C(=O)C(=O)[C@@H](N)CCSC)C(=O)[C@@H](N)CC(C)C)C(=O)N[C@@H](Cc1ccccc1)C(=O)N1CCCC1.CSc1ccccc1.C[C@H](N)C(=O)C(=O)[C@@H](N)CCC(=O)O.N.N.N.N.N.N.NC(=O)[C@@H](N)CO.NCCCC[C@@H](C(N)=O)[C@@H](CO)C(=O)N1CCC[C@H]1C(=O)O
C%13(=O)[C@@H]6CCCCN.C%18(=O)[C@@H]7CCCCN.[C@H]%15(CCCCN)C3=O.CC(C)C[C@H]4C%23=O.C%19(=O)[C@@H]%10CCC%11.C%21(=O)[C@@H]%14CC(C)C.C%20(=O)[C@@H]%12C(C)C.C%20(=O)[C@@H]%14C(C)C.C%20(=O)[C@@H]8[C@@H](C)O.c1%17ccc(O)cc1.C%21(=O)[C@@H]%12[C@@H](C)O.C2(=O)[C@@H]5C%16.c1%16ccccc1.C%19(=O)[C@@H]9C%17.C%22(=O)[C@@H]%13CO.[C@H]%15(CO)C(=O)O.N%11C(=N)N.N24.N%135.N%136.N%187.N%198.N%209.N%21%10.N%22%12.N%23%14.N3%15	CC(C)C[C@H](NC(=O)[C@H](Cc1ccccc1)NN[C@@H](CCCCN)C(=O)[C@@H](CO)C(N)=O)C(N)=O.CC(C)C[C@H]1C(=O)C(=O)[C@H]([C@@H](C)O)[C@@H](C(C)C)C(=O)C(=O)[C@@H]1C(C)C.C[C@@H](O)[C@H](N)C(=O)N[C@@H](Cc1ccc(O)cc1)C(=O)C(=O)[C@@H](N)CCCNC(=N)N.NCCCC[C@@H](C(N)=O)[C@@H](CO)C(=O)O.NCCCC[C@@H]1NC1=O
C2(=O)[C@@H]%18CCCCN.C%35(=O)[C@@H]%22CCC(=O)O.[C@H]%29(CCCCN)C5=O.[C@H]%30(CCC(=O)O)C8=O.[C@H]%31(CCC(=O)O)C7=O.[C@H]%33(CCCCN)C9=O.[C@H]%40(CCC(N)=O)C%15=O.[C@H]%41(CCC(N)=O)C%19=O.[C@H]%23(CC(=O)O)C%51=O.[C@H]%32(CCC%33)C%11=O.[C@H]%38(CCC%39)C%14=O.[C@H]%40(CC(N)=O)C%16=O.[C@H]%42(CC(C)C)C(=O)O.C%43CC[C@H]%17C%49=O.C%44(=O)[C@@H](N)CC%44.[C@H]%25(CC%45)C4=O.[C@H]%34(CC%47)C%10=O.c1%48ccc(O)cc1.[C@H]%27(CO)C4=O.C%13(=O)[C@@H]%20CO.C%24(=O)[C@@H]%21C.C%22)C%50=O.C%26C%50=O.C%31C6=O.N%33C(=N)N.C%37C%12=O.N%39C(=N)N.CS%43.N2%17.N%13%18.N%24%20.N%35%21.N%45%22.S%49C.N%45C.N%50%25.N%51%26.S%47C.N3%27.N4%28.N5%30.N6%31.N7%32.N8%33.N9%34.S%49C.N%10%36.N%11%37.N%12%38.N%14%40.N%15%41.N%16%42	INVALID
[C@H]%16(CCC(N)=O)C%34=O.c1%30c[nH]c2ccccc12.[C@H]%11(CC(N)=O)C%13=O.[C@H]%12(CC(C)C)C%24=O.[C@H]%15(CC(C)C)C%35=O.[C@H]%20(CC(N)=O)C4=O.[C@H]%20(CC(N)=O)C8=O.[C@H]%21(CC(N)=O)C%10=O.C%28C[C@H](N)C3=O.[C@@H]%18(C%38=O)C(C)C.[C@@H]%19(C5=O)[C@@H](C)O.[C@H]%13(CO)C%32=O.[C@H]%16(C%30)C%33=O.[C@H]%17(C%31)C%36=O.c1%31ccccc1.[C@H]%22(CO)C6=O.[C@H]%23(CO)C7=O.[C@H]%24(CS)C9=O.[C@H]%26(CO)C(=O)O.C%36%29=O.CS%28.N3%12.N%14%13.N%24%15.N%33%16.N%34%17.N%35%18.N%36%19.N%38%20.N%39%21.N5%22.N6%23.N7%24.N8%26.N9%27	CC(C)C[C@H](NNC(=O)[C@H](CO)NC(=O)[C@H](CO)NC(=O)[C@@H](N)[C@@H](C)O)C(=O)N[C@H](C(N)=O)C(C)C.CSCC[C@H](N)C(=O)N[C@@H](CC(C)C)C(=O)[C@@H](CS)C(N)=O.N.NC(=O)CCC(=O)[C@H](C=O)CO.NC(=O)CC[C@@H](C(=O)N[C@@H](Cc1ccccc1)C(=O)C=O)[C@@H](Cc1c[nH]c2ccccc12)C(N)=O.NC(=O)C[C@@H](C=O)[C@@H](CC(N)=O)C(=O)N[C@@H](CO)C(=O)O.NC(=O)C[C@H](N)C=O
[C@H]%10(CC(=O)O)C%24=O.CC[C@H](C)[C@H](N)C2=O.[C@H]7(CC(=O)O)C%25=O.[C@H]%12(CC(=O)O)C%31=O.[C@H]%16(CCC%18)C4=O.[C@H]%20(CC(=O)O)C(=O)O.[C@@H]8(C%24=O)[C@@H](C)O.c1%22ccc(O)cc1.[C@@H]%14(C%28=O)C(C)C.[C@@H]%17(C%30=O)C(C)C.[C@H]9(C%22)C%23=O.[C@H]%19(C%21)C3=O.[C@H]%11(C)C%27=O.c1%21c[nH]cn1.N%18C(=N)N.C%265=O.CC%21.N27.N%138.N%249.N%24%10.N%24%11.N%26%13.N%27%14.N%28%15.N3%16.N4%17.N5%19.N6%20	CC.CC(C)[C@@H](C=O)NC(=O)[C@H](CCCNC(=N)N)NC(=O)[C@H](Cc1c[nH]cn1)NC(=O)NN[C@H](C(=O)C(=O)[C@H](CC(=O)O)NN[C@H](C=O)Cc1ccc(O)cc1)[C@@H](C)O.CC(C)[C@H](NC(=O)[C@H](C)N)C(N)=O.CC[C@H](C)[C@H](N)C(=O)N[C@H](C=O)CC(=O)O.N[C@@H](CC(=O)O)C(=O)O.O=CCCC(=O)O
C%66(=O)[C@@H]%37CCCCN.[C@H]%52(CCC(N)=O)C%25=O.CC[C@H](C)[C@H]%26C%23=O.C4(=O)[C@@H]%38CCC%39.C%16(=O)[C@@H]%50CCC%51.[C@H]%55(CC(N)=O)C%25=O.C2(=O)[C@@H]%27CC(C)C.C%57(=O)[C@@H]%32[C@@H](C)O.C%62(=O)[C@@H]%36CC(C)C.[C@H]%56(CC(C)C)C(=O)O.C%71(=O)[C@@H]%33CC%58.C3(=O)[C@@H]%36[C@@H](C)O.C7(=O)[C@@H]%40C(C)C.C%10(=O)[C@@H]%43C(C)O.c1%64ccc(O)cc1.C%15(=O)[C@@H]%48C(C)C.C%17(=O)[C@@H]%49CC%59.C%22(=O)[C@@H](N)CC%60.C%35(=O)[C@@H]%30CO.C%46(=O)[C@@H]%31CO.C%68(=O)[C@@H]%33CO.C%73(=O)[C@@H]%34CO.C6(=O)[C@@H]%40CO.[C@@H]1%61CCCN19.C9(=O)[C@@H]%44CS.C%11(=O)[C@@H]%45C%64.C%12(=O)[C@@H]%47CO.C%15(=O)[C@@H]%52C%65.c1%65cccccc1.C%17(=O)[C@@H]%53CO.C%19(=O)[C@@H]%54C%66.c1%66ccccc1.[C@@H]1%62CCCN1%21.N1%22CCC[C@H]1%63.C%24(=O)[C@@H]%29C.c1%63c[nH]cn1.N%39C(=N)N.N%51C(=N)N.C8%61=O.C%20%62=O.C%23%63=O.N2%26.N%13%27.N%24%28.N%35%29.N%46%30.N%57%31.N%68%32.S%58C.N%72%33.N%73%34.N3%36.N4%37.N5%38.N7%40.N9%41.N%10%42.N%11%43.N%12%44.N%14%45.N%15%47.N%16%48.S%59C.N%17%49.S%60C.N%18%50.N%19%52.N%20%53.N%22%54.S%60C.N%23%55.N%25%56	INVALID
)NC%25(=O)[C@@H](N)CCCCN.C%21(=O)[C@@H]8CCCCN.CC[C@H](C)[C@H]6C%26=O.C2(=O)[C@@H]7CC(C)C.[C@H]%11(CC(C)C)C%29=O.C2(=O)[C@@H]8CC%17.c1%20ccc(O)cc1.[C@@H]%12(C%27=O)C(C)C.[C@@H]%15(C%30=O)C(C)C.[C@H]%10(C%19)C%28=O.c1%19ccccc1.N1%28CCC[C@H]1%18.[C@H]%14(C%20)C3=O.C%14C3=O.C%16C(=O)O.C%23%18=O.N26.N%137.S%17C.N%248.N%279.N%28%10.N%29%11.N2%12.N3%14.N4%15.N5%16	INVALID
[C@H]%12(CCC(N)=O)C%28=O.[C@H]%14(CCC%15)C%30=O.[C@H]%20(CCC%21)C7=O.[C@H]%19(CC(C)C)C(=O)O.C%20C[C@H](N)C2=O.[C@@H]6(C%24=O)[C@@H](C)O.[C@@H]%33(C%10=O)C(C)C.[C@@H]%10(C%26=O)[C@@H](C)O.[C@@H]%18(C%29=O)C(C)C.[C@H]6(CS)C%14=O.[C@H]%100(CO)C%25=O.[C@H]%11(CO)C%26=O.[C@H]%12(C%23)C%27=O.N1%28CCC[C@H]1%22.[C@H]%16(CS)C2=O.[C@H]%16(CO)C3=O.[C@H]%17(CO)C4=O.c1%23c[nH]cn1.[C@H]%16(C)C5=O.N%14C(=N)N.N%21C(=N)N.CS%20.N25.N%136.N%247.N%259.N%26%10.N%27%12.N%29%12.N%30%14.N2%16.N3%17.N4%18.N5%19	INVALID
[C@H]%16(CCCCN)C%36=O.c1%37c[nH]c2ccccc12.[C@H]%19(CCCCN)C%44=O.[C@H]%23(CCC(=O)O)C%11=O.CC[C@H]()[C@H](N)C3=O.[C@H]%13(CC(=O)O)C%14=O.[C@H]%24(CCC%26)C%135=O.[C@H]%28(CC(C)C)C8=O.[C@@H]%17(C%42=O)C(C)C.[C@H]%22(CC%33)C5=O.c1%37c[nH]c=O)C(C)O.[C@H]%27(CC%34)C5=O.[C@@H]%29(C%10=O)C(C)C.[C@H]%15(C%37)C%36=O.[C@H]%19(C%38)C%43=O.c1%38ccccc1.[C@H]%21(CO)C4=O.N15CCC[C@H]1%35.[C@H]%15(C)C%40=O.[C@H]%30(C)C%12=O.[C@H]%31(C)C%10=O.[C@H]%30(C)C%11=O.C%15C%25=O.C%18C%42=O.N%26C(=N)N.C%32C(=O)O.C6%35=O.N3%13.N%14%15.N%25%15.N%36%16.N%39%17.N%40%18.N%41%19.N%42%20.N%43%21.N4%22.S%33C.N4%23.N6%24.N7%27.S%34C.N8%28.N9%29.N%10%30.N%11%31.N%12%32	INVALID
C%24(=O)[C@@H]%18CCCCN.C4(=O)[C@@H](N)CCC(=O)O.CC(C)C[C@H]8C5=O.C2(=O)[C@@H]%15CC(C)C.C%34(=O)[C@@H]%21CC(=O)O.[C@H]%22(CC(=O)O)C(=O)O.C%29(=O)[C@@H]%17C(C)C.C%34(=O)[C@@H]%20[C@@H](C)O.C4(=O)[C@@H](N)[C@@H](C)O.[C@@H]1%25CCCN1%34.N16CCC[C@H]1%27.C2(=O)[C@@H]9C.C%30(=O)[C@@H]%12C.C%32(=O)[C@@H]%16C.c1%28c[nH]cn1.C%31(=O)C%11.C5(=O)C%20.C%33%25=O.C%32%26=O.C6%27=O.N28.N%139.N%13%10.N%24%11.N%30%12.N%31%14.N%32%15.N%33%16.N%34%17.N%36%18.N3%19.N4%20.N5%21.N7%22	CC(C)C[C@H](N)C(=O)C(=O)C[C@H](C(=O)C(=O)[C@@H](N)CC(=O)O)[C@@H](C)O.CC(C)C[C@H](N)C(=O)C(=O)[C@H](C)NN.CC(C)[C@@H](C=O)NN1CCC[C@H]1C(=O)N[C@@H](C)C(=O)C=O.C[C@@H](O)[C@H](N)C(=O)C(=O)[C@@H](N)CCC(=O)O.C[C@@H]1NC1=O.N.N.NCCCC[C@H](N)C(=O)NCC(N)=O.N[C@@H](CC(=O)O)C(=O)O.O=C1[C@@H]2CCCN12.c1c[nH]cn1
c1%42c[nH]c2ccccc12.C%25(=O)[C@@H]%17CCC(=O)O.[C@H]%19(CCCCN)C%44=O.[C@H]%23(CCCCN)C5=O.[C@H]%27(CCC(=O)O)C9=O.[C@H]%32(CCC(N)=O)C%10=O.CC[C@H](C)[C@H]%12C%46=O.[C@@H]%22(C4=O)[C@@H](C)CC.[C@@H]%24(C6=O)[C@@H](C)CC.[C@H]%28(CCC%29)C%11=O.[C@H]%30(CCC%31)C%12=O.[C@H]%34(CC(N)=O)C%15=O.[C@H]%35(CC(C)C)C(=O)O.C3(=O)[C@@H]%15C%37.C%36(=O)[C@@H](N)CC%38.[C@H]%20(C%41)C%47=O.c1%41ccccc1.N1%41CCCN1%39.N1%42CCC[C@H]1%40.N17CCC[C@H]1%40.[C@H]%32(CS)C%11=O.[C@H]%33(CO)C%13=O.C%18C%36=O.N%29C(=N)N.N%31C(=N)N.C%42%39=O.C8%40=O.N3%12.N%14%15.N%25%15.N%36%16.N%44%17.N%43%18.S%37C.N%44%19.N%45%20.N8%21.N9%23.N%10%24.N%11%26.N%12%27.N%15%28.N%16%30.N%18%32.N%20%33.N%21%34.N%22%35	CC[C@H](C)[C@@H](C=O)C(=O)[C@H](CCCNC(=N)N)NN.CC[C@H](C)[C@@H](C=O)NC(=O)[C@H](CCC(N)=O)[C@@H](CS)C(=O)C(=O)[C@@H](N)CCCNC(=N)N.CC[C@H](C)[C@@H](C=O)N[C@@H](CC(C)C)C(=O)O.CC[C@H](N)C(=O)C(=O)CN.CSC[C@@H](C(=O)NN[C@@H](CCC(=O)O)C(=O)N[C@H](C=O)CCCCN)C(=O)[C@H](CC(N)=O)NNC=O.N.N.NCCCC[C@H](N)C(=O)N[C@@H](CCC(=O)O)C(=O)NN.N[C@H](C=O)CO.N[C@H](C=O)Cc1ccccc1.O=CN1CCCN1.c1ccc2c(N3CCC[C@H]3[C@@H]3CCCN3)c[nH]c2c1
C(C)[C@H]6C%30=O.C%24(=O)[C@@H]8CCCCN.C%26(=O)[C@@H]%10CCC%11.C%27(=O)[C@@H]%13CCC%14.[C@H]%20(CCC%22)C(=O)O.[C@H]%17(CCC%18)C3=O.[C@H]%20(CC(=O)O)C5=O.[C@@H]%22(C(=O)O)C(C)C.[C@@H]1%23CCCN1%23.[C@@H]1%25CCCN1%26.C%26(=O)[C@@H]7CO.C%27(=O)[C@@H]%12CO.C%28(=O)[C@@H]%16CO.C%29(=O)[C@@H]%16CO.[C@H]%21(CO)C3=O.[C@H]%19(C)C4=O.N9C(=N)N.N%15C(=N)N.C%30(=O)CN.N%11C(=N)N.N%18C(=N)N.C%13%23=O.C%24%25=O.N26.N%137.N%278.N%28%10.N%28%12.N%29%14.N%30%16.N%31%17.N3%19.N4%20.N5%21	INVALID
[C@H]%26(CCC(=))O)C%50=O.[C@H]%27(CCCCCN)C3=O.[C@H]%30(CCC(=O)O)C7=O.[C@H]%37(CCC(=O)O)C9=O.CC[C@H](C)[C@H][C@H]%18C%48=O.C%13(=O)[C@@H]%20CCC%21.[C@H]%25(CC(N)=O)C%49=O.[C@H]%33(CC(C)C)C%10=O.[C@H]%34(CC(C)C)C%11=O.[C@H]%40(CCC%41)C(=O)O.C%24(=O)[C@@H]%19CC%42.C%46(=O)[C@@H](N)CC%43.[C@@H]%22(C%49=O)C(C)C.[C@@H]%29(C6=O)C(C)C.[C@@H]%36(C%17=O)[C@@H](C)O.[C@H]%29(CO)C%55=O.[C@H]%37(CO)C%14=O.N1%14CCC[C@H]1%45.[C@H]%37(CS)C%16=O.C%46(=O)[C@@H]%23C.[C@H]%31(C)C8=O.[C@H]%32(C)C8=O.[C@H]%38(C)C%17=O.C2(=O)C%19.N%21C(=N)N.C%34C%50=O.C%39C%12=O.C%28%44=O.C%15%45=O.N2%18.N%13%19.S%19C.N%24%20.N%35%21.N%46%22.S%43C.N%48%23.N%49%25.N%50%26.N%51%27.N4%28.N5%29.N6%30.N7%31.N8%32.N9%33.N%10%34.N%11%36.N%12%37.N%15%38.N%16%39.N%17%40	INVALID
[C@H]%21(CCC(=O)O)C3=O.[C@H]%18(CCC(=O)O)C5=O.[C@H]9(CC(N)=O)C%24=O.[C@H]%16(CCC%17)C%26=O.[C@@H]%15(C%30=O)[C@@H](C)CC.C%20(=O)[C@@H](N)CC%21.[C@@H]%12(C%23=O)[C@@H](C)O.[C@H]%10(CO)C%26=O.N1%26CCC[C@H]1%22.[C@H]%18(CS)C3=O.C2(=O)[C@@H]8C.[C@H]%11(C)C%25=O.[C@H]%15(C)C%29=O.[C@H]%20(C)C(=O)O.N%17C(=N)N.C%19C4=O.C%18C6=O.C%27%22=O.N27.N%138.S%21C.N%229.N%23%10.N%24%11.N%25%12.N%27%14.N%28%15.N%29%16.N5%18.N6%19.N7%20	CC[C@H](C)[C@@H](C=O)[C@@H](C)C(=O)N[C@@H](CCCNC(=N)N)C(=O)C(=O)[C@H](CO)NC(=O)[C@@H](NC(=O)[C@H](C)NC(=O)[C@@H](N)CC(N)=O)[C@@H](C)O.CS.C[C@@H](C(=O)O)C(=O)[C@@H](N)CC[C@@H](CCC(=O)O)C(=O)C(=O)[C@H](CS)[C@@H](CCC(=O)O)C(=O)NCC(=O)NCC=O.C[C@H](N)C(=O)NN.N.NC(=O)[C@@H]1CCCN1
C%24(=O)[C@@H]%10CCC(=O)O.c1%21c[nH]c2ccccc12.C%29(=O)[C@@H]9CC(C)C.CC(C)[C@H]6C(=O)O.C%14(=O)[C@@H]%11CC%19.C%29(=O)[C@@H]%12C(C)C.C2(=O)[C@@H]8CO.C%26(=O)[C@@H]%11CC%22.c1%22ccccc1.C%27(=O)[C@@H]%14CO.C%28(=O)[C@@H]%17CC%23.c1%23ccccc1.C3(=O)[C@@H]7CO.C%28(=O)[C@@H]9C.C%30(=O)[C@@H]%16C.C5(=O)C%15.C%25%20=O.CS%19.N37.N%148.N%259.S%20C.N%25%11.N%24%12.N%26%13.N%28%15.N%28%16.N4%17.N5%18	CC(C)CC(=O)O.CC(C)C[C@@H](C(=O)C(=O)[C@@H](NC(=O)CCCC(=O)O)C(C)C)[C@@H](C)C(=O)C(=O)[C@@H](N)CCc1ccccc1.CSC(N)=O.CSCC[C@@H](C(=O)[C@H](C=O)CO)[C@@H](CCc1ccccc1)C(N)=O.C[C@@H](C=O)NNCC(N)=O.N.N[C@H](C=O)CO.O=C1N[C@H]1CO.c1ccc2[nH]ccc2c1
C3(=O)[C@@H]%21CCC(N)=O.C%49(=O)[C@@H]%29CCC(N)=O.[C@H]%30(CCC(N)=O)C7=O.[C@H]%31(CCC(N)=O)C6=O.c1%46c[nH]c2ccccc12.[C@H]%38(CCC(N)=O)C%13=O.[C@H]%37(CCC(=O)O)C%17=O.[C@H]%39(CCC(=O)O)C%19=O.[C@H]%41(CCCCN)C%16=O.CC(C)C[C@H]%20C5=O.C4(=O)[C@@H]%23CC(=O)O.C5(=O)[C@@H](N)CC(=O)O.C%47(=O)[C@@H]%26CC(N)=O.C%50(=O)[C@@H]%28CCC(N)=O.[C@H]%34(CC(=O)O)C%10=O.C%25(=O)[C@@H]%23C(C)C.C%47(=O)[C@@H]%27C(C)O.[C@@H]%32(C8=O)C(C)C.[C@@H]%33(C%12=O)C(C)C.c1%48ccc(O)cc1.C%14(=O)[C@@H]%22C%45.c1%45ccccc1.C%51(=O)[C@@H](N)CC%43.N1%13CCC[C@H]1%44.[C@H]%40(C%46)C%18=O.[C@H]%42(C)C(=O)O.N%23C(=N)N.C%35C%11=O.C%15%44=O.N3%20.N%14%21.N%25%22.N%36%24.N%47%26.N%49%27.N%50%28.N%51%29.N4%30.N6%31.N7%32.N8%33.N9%34.N%10%35.N%11%37.N%12%38.N%15%39.N%16%40.N%18%41.N%19%42	CC(C)C[C@H](NC(=O)[C@H](CCC(N)=O)NC(=O)[C@H](Cc1ccccc1)NC(=O)[C@H](C(C)C)[C@@H](CC(=O)O)C(=O)N[C@@H](CCC(N)=O)C(=O)N[C@H](C(=O)N[C@H](C(=O)N[C@@H](CCC(N)=O)C(=O)N1CCC[C@H]1C(=O)N[C@@H](CCC(=O)O)C(=O)N[C@@H](C)C(=O)O)C(C)C)C(C)C)C(=O)C(=O)[C@@H](N)CC(=O)O.CC[C@H](N)C(=O)N[C@@H](CCC(N)=O)C(=O)N[C@H](C(=O)C(=O)[C@@H](N)CC(N)=O)C(C)O.N.N=C(N)N.NC(=O)CC[C@@H]1NC1=O.NC(=O)CC[C@@H]1NC1=O.NCCCC[C@@H]1NC(=O)[C@H](Cc2c[nH]c3ccccc23)NC1=O.N[C@@H](CC(=O)O)C(=O)NCC(=O)N[C@H](C=O)CCC(=O)O.Oc1ccccc1
C%31(=O)[C@@H]%14CCCCN.[C@H]%16(CC(N)=O)C5=O.C%23C[C@H]9C%33=O.C2(=O)[C@@H]%10[C@@H](C)O.C%24(=O)[C@@H]%12C(C)C.C%32(=O)[C@@H](N)CC%25.c1%29ccc(O)cc1.[C@@H]%22(C(=O)O)C(C)C.C%13(=O)[C@@H]%11CS.C%30(=O)[C@@H]%15C%28.c1%28ccccc1.[C@H]%17(C%29)C3=O.[C@H]%18(CS)C4=O.C%19C6=O.CS%23.N29.N%13%10.N%24%11.N%31%12.N%32%14.S%25C.N%33%16.N%34%17.N3%18.N4%19.N5%20.N6%21.N8%22	CC(C)[C@H](N)C(=O)O.CSCC[C@H](NC(=O)[C@@H](NC(=O)[C@H](CS)NC(=O)[C@@H](NC(=O)[C@H](CCCCN)NC(=O)[C@@H](N)CCSC)C(C)C)[C@@H](C)O)C(=O)N[C@@H](CC(N)=O)C(N)=O.NC(=O)CNC(=O)[C@H](CS)NC(=O)[C@@H](N)Cc1ccc(O)cc1.O=CCCc1ccccc1
c1%35c[nH]c2ccccc12.c1%37c[nH]c2ccccc12.c1%38c[nH]c2ccccc12.CC[C@H](C)[C@H]%11C8=O.C3(=O)[C@@H]%12CCC%19.C%13(=O)[C@@H]%13C(C)C.C%41(=O)[C@@H]%22C(C)C.C%42(=O)[C@@H]%23C(C)C.C5(=O)[C@@H]%15C%31.C7(=O)[C@@H]%18C%32.C%41(=O)[C@@H]%21C%33.C7(=O)[C@@H](N)C%37.[C@H]%27(C%38)C%10=O.[C@H]%28(C%34)C%11=O.[C@H]%29(C%38)C%12=O.[C@H]%30(CS)C(=O)O.c1%32c[nH]cn1.c1%33c[nH]cn1.C%41(=O)[C@@H]%24C.c1%34c[nH]cn1.C%25(=O)C%16.C%39(=O)C%17.C%40(=O)C%18.N%19C(=N)N.N3%11.N%14%12.N%25%15.N%36%16.N%38%17.N%39%18.N%40%20.N%41%21.N%42%22.N4%23.N5%24.N6%26.N7%27.N8%28.N9%29.N%10%30	INVALID
[C@H]%19(CCC(N)=O)C%52=O.C%36(=O)[C@@H](N)CCC(N)=O.[C@H]%28(CCCCN)C8=O.CC[C@H](C)[C@H]9C%37=O.C%13(=O)[C@@H]%12CCC%13.C%34(=O)[C@@H]%15CC(=O)O.C%35(=O)[C@@H]%17CCC%18.[C@H]%24(CCC%25)C3=O.[C@H]%26(CCC%27)C9=O.[C@@H]%20(C%38=O)[C@@H](C)O.[C@@H]%22(C%39=O)[C@@H](C)O.[C@H]%15(CC%32)C5=O.[C@@H]%30(C7=O)[C@@H](C)O.C2(=O)[C@@H]%11CS.C%24(=O)[C@@H]%14C%33.[C@H]%23(CO)C5=O.[C@H]%31(CO)C(=O)O.c1%33c[nH]cn1.[C@H]%23(C)C6=O.C%21C4=O.N%25C(=N)N.N%27C(=N)N.N1%10.N%13%11.N%24%12.N%34%14.N%36%15.N%37%16.N%39%17.N%40%19.N%41%20.N%41%21.N3%22.N4%23.N5%26.N6%28.N7%29.S%32C.N8%31	CCC[C@@H](C=O)NC(=O)[C@@H](NC(=O)[C@H](CCCNC(=N)N)C(=O)[C@H](Cc1c[nH]cn1)NC(=O)[C@H](CC(=O)O)[C@@H](CCSC)C(=O)C(=O)[C@H](CO)[C@@H](C)C(=O)N[C@@H](CCCCN)C(=O)N[C@@H](CO)C(=O)O)[C@@H](C)O.CC[C@H](C)[C@@H](C(N)=O)C(=O)[C@@H](N)CCCNC(=N)N.C[C@@H](O)CC(N)=O.C[C@@H](O)[C@@H](C=O)NNCC(N)=O.N.NC(=O)CC[C@H](N)C(N)=O.NC(=O)CC[C@H](N)C=O.N[C@H](C=O)CS.N[C@H]1CCCC1=O
[C@H]%22(CCC(=O)O)C7=O.[C@H]%16(CCC%17)C%33=O.[C@H]%13(CC(=O)O)C%32=O.[C@H]%12(CC(C)C)C%32=O.[C@H]%14(CC(C)C)C%33=O.[C@H]%16(CCC%17)C%35=O.[C@H]%20(CC(N)=O)C%36=O.[C@H]%21(CC(C)C)C4=O.[C@H]%26(CC(=O)O)C9=O.C%28C[C@H](N)C%24=O.[C@@H]%11(C%32=O)C(C)C.[C@@H]%25(C5=O)C(C)C.C%13(=O)[C@@H]%11C%29.c1%29ccccc1.C2(=O)[C@@H]%11C.N%17C(=N)N.C%21C7=O.N%17C(=N)N.C%27C(=O)O.CS%28.N1%10.N%13%11.N%24%12.N%31%14.N%32%15.N%33%16.N%34%18.N%35%19.N%37%21.N4%22.N5%23.N6%25.N7%26.N8%27	CC(C)C[C@@H]1CC(=O)C(=O)[C@H](CCC(=O)O)NC1=O.CC(C)C[C@H](N)C(=O)C(=O)[C@@H]1CCCCCC[C@H]1C(N)=O.CC(C)[C@H](N)C(N)=O.CSCC[C@H](N)C(=O)N[C@@H](CC(C)C)C(=O)C(=O)[C@H](CC(=O)O)C(=O)[C@H](Cc1ccccc1)[C@H](C(N)=O)C(C)C.C[C@H](N)C=O.N.N.N.N.N=C(N)NNC(=N)N.NC(=O)CCC=O.NCC(=O)O.N[C@H](C=O)CC(=O)O
CN=O.N1%39CCC[C@H]1%23.[C@H]%113(CO)C%53=O.N1%78CCC[C@H]1%24.N1%60CCC[C@H]1%16.C%28%125=O.C%76%18=O.C%867=O.C%99%438=O.C%46	INVALID
C%38(=O)[C@@H]%22CCCCN.C%50(=O)[C@@H]%26CCC(N)=O.C9(=O)[C@@H]%33CCC(N)=O.CC[C@H](C)[C@H]%17C%14=O.C%24(=O)[C@@H]%19CCC%20.C%35(=O)[C@@H]%22CC(C)C.C%46(=O)[C@@H]%23CC(C)C.C%49(=O)[C@@H]%25CC(=O)O.C%50(=O)[C@@H]%27CC(N)=O.C6(=O)[C@@H]%29CC(=O)O.C7(=O)[C@@H]%30CC(=O)O.C2(=O)[C@@H]%18CC%42.c1%47ccc(O)cc1.C8(=O)[C@@H]%31[C@@H](C)O.C%14(=O)[C@@H](N)CC%43.[C@@H]%37(C%15=O)C(C)C.[C@H]%39(CCC%41)C(=O)O.C%10(=O)[C@@H]%34CC%44.C7(=O)[C@@H]%25C%47.N%20C(=N)N.C%49(=O)C%28.N%38C(=N)N.N2%17.S%41C.N%13%18.N%24%19.N%35%21.N%46%22.N%49%23.N%50%25.N%51%26.N4%27.N5%28.N6%29.N7%30.N8%31.N9%32.N%10%33.S%43C.N%11%34.N%12%36.N%14%37.N%15%39.S%45C	CC(C)C[C@@H](C(N)=O)[C@@H](CCCCN)C(=O)NC(=N)N.CC(C)C[C@H](N)C(N)=O.CC[C@H](N)C(=O)N[C@@H](CCC(N)=O)C(N)=O.CC[C@H](N)C(=O)N[C@H](C(=O)C(=O)[C@@H](N)CCSC)[C@@H](C)CC.CS.CSCCC[C@H](NC(=O)[C@@H](N)C(C)C)C(=O)O.C[C@@H](O)[C@@H]1NC1=O.N.N.N=C(N)NCCC[C@@H]1NC1=O.NC(=O)CC[C@H](N)C(=O)C(=O)[C@@H](N)CC(N)=O.NCC(=O)C(=O)[C@H](CC(=O)O)[C@@H](Cc1ccc(O)cc1)C(=O)C(=O)[C@@H](N)CC(=O)O.O=C(O)C[C@@H]1NC1=O
C2(=O)[C@@H]%20CCC(N)=O.C%45(=O)[C@@H]%25CCC(=O)O.C%51(=O)[C@@H]%30CCC(=O)O.C%52(=O)[C@@H]%27CCC(=O)O.C%52(=O)[C@@H]%28CCCCN.C8(=O)[C@@H](N)CC(N)=O.[C@H]%41(CC(C)C)C%15=O.[C@H]%43(CCCCN)C(=O)O.[C@H]%36(CC(C)C)C%10=O.[C@H]%36(CC(C)C)C%11=O.[C@H]%42(CC(N)=O)C%18=O.C%44C[C@H]%19C9=O.[C@@H][C@@H]%38(C%12=O)[C@@H](C)O.C%13(=O)[C@@H]%21CO.C%35(=O)[C@@H]%23C%49.c1%49ccccc1.C%52(=O)[C@@H]%26CS.C%53((O)[C@@H][C@@H]%29C%50.c1%50ccccc1.[C@@H]1%47CCCN1%54.C5(=O)[C@@H]%31CS.C6(=O)[C@@H]%32CS.[C@H]%36(CO)C%14=O.[C@H]%37(CO)C%15=O.[C@H]%39(CO)C%17=O.C%53%47=O.C%53%48=O.C%14%48=O.CS%45.N2%19.N%13%20.N%24%21.N%35%22.N%46%25.N%51%26.N%52%27.N%53%28.N3%29.N4%30.N5%31.N6%32.N7%33.N8%34.N9%36.N%10%37.N%11%38.N%14%39.N%15%40.N%16%41.N%17%42.N%18%43	INVALID
C%44(=O)[C@@H]%21CCCCN.C%47(=O)[C@@H]%23CCCCN.C%48(=O)[C@@H]%25CCCCN.C4(=O)[C@@H]%28CCCCN.CC[C@H](C)[C@H]%15C9=O.C%13(=O)[C@@H]%17CC(N)=O.C%44(=O)[C@@H]%19CCC%20.C%46(=O)[C@@H]%22CC(C)C.C5(=O)[C@@H]%30CCC%31.C7(=O)[C@@H]%32CCC%33.C8(=O)[C@@H](N)CCC%37.C%24(=O)[C@@H]%18CC%39.c1%43ccc(O)cc1.[C@@H]%27(C%12=O)[C@@H](C)O.[C@@H]%38(C%14=O)[C@@H](C)O.C2(=O)[C@@H]%16C%43.[C@@H]1%40CCCN1%44.C3(=O)[C@@H]%26CO.C7(=O)[C@@H]%29CO.N1%10CCC[C@H]1%42.N%20C(=N)N.C6(=O)C%29.N%31C(=N)N.N%33C(=N)N.C%37C(=O)O.C%35%40=O.C%43%41=O.C%11%42=O.N2%15.N%13%16.N%24%17.S%38C.N%35%18.N%45%19.N%46%21.N%47%22.N3%23.N4%25.N5%27.N6%28.N7%29.N9%30.S%39C.N%11%32.N%11%34.N%14%38	C=O.CC(C)C[C@H](NC(=O)[C@H](CCCCN)NC(=O)CCO)C(=O)N[C@@H](CCCCN)C(=O)C(=O)[C@@H](N)CCCNC(=N)N.CC[C@H](C)[C@H](NC(=O)[C@H](Cc1ccc(O)cc1)NC(=O)[C@H](CC(N)=O)NC(=O)[C@H](CCSC)NC(=O)[C@@H]1CCCN1)C(=O)N[C@@H](CCCNC(=N)N)C(=O)N[C@H](C=O)[C@@H](C)O.CS[C@H](C(N)=O)[C@@H](C)O.N.N.N=C(N)NCCC[C@H](NC(=O)[C@@H]1CCCN1)C(=O)C(=O)[C@H](CO)CC(=O)N[C@@H](CCCCN)C(=O)N[C@H](C=O)CCCCN.N[C@H](C=O)CCCCC(=O)O
CC[C@H](C)[C@H]5C%16=O.C2(=O)[C@@H]7CC(N)=O.C%13(=O)(N)CC(=O)O.[C@H]%14(CC(N)=O)C(=O)O.C%13(=O)[C@@H]6C(C)C.[C@@H]7(C%21=O)C(C)C.[C@@H]9(C%22=O)[C@@H](C)O.[C@H]%10(CC%15)C%25=O.c1%18ccc(O)cc1.[C@@H]%11(C3=O)C(C)C.[C@@H]%12(C4=O)[C@@H](C)O.[C@H]%10(CC%16)C7=O.[C@H]8(C%18)C%20=O.N1%24CCC[C@H]1%17.C%23%16=O.C%26%17=O.N25.N%136.N%197.N%208.N%219.N%22%10.S%23C.N%25%11.N3%12.N4%14	INVALID
[C@H]%19(CC(N)=O)C%42=O.[C@H]%22(CCC(N))O)C8=O.CC[C@H](C)[C@H]%13C%41=O.C%13=O)[C@@H]%15CC(N)=O.[C@H]%25(CCC%25)C5=O.[C@H]%26(CCC%27)C6=O.C%35(=O)[C@@H]%18CC%33.C%36(=O)[C@@H](N)CC%36.[C@@H]%17(C%40=O)C(C)C.C2(=O)[C@@H]%15CO.C%24(=O)[C@@H]%17C%37.c1%37ccccc1.[C@H]%20(=O)[C@@H]%19CO.[C@H]%23(CS)C3=O.[C@H]%30(CS)C6=O.[C@H]%30(CS)C7=O.[C@H]%33(C%38)C%10=O.c1%38ccccc1.[C@H]%32(CO)C(=O)O.N%26C(=N)N.C%21C7=O.C%28C9=O.[C@H]%30(C)C%11=O.N%27C(=N)N.N2%13.N%13%15.N%24%16.N%35%17.S%34C.N%45%18.N%39%19.N%40%20.S%41%21.N%42%22.N4%23.N5%25.N6%27.N7%28.N8%29.N9%30.N%10%31.N%11%32	INVALID
[C@H]%17(CCC(=O)O)C5=O.C2(=O)[C@@H]%10CC(C)C.C%24(=O)[C@@H](N)CCC%20.[C@@H]%12(C%26=O)C(C)C.[C@H]%15(CO)C%26=O.C%14C%29=O.N28.N%139.N%22%11.N%23%13.N%25%14.N%25%15.N%27%16.N3%17.N4%18.N6%19	CC(C)CC(=O)C(=O)[C@H](CO)NNCC=O.CC(C)CCC(N)=O.CCC[C@H](N)C=O.N.N.N.N.NN.N[C@H](C=O)CCC(=O)O
C%13(=O)[C@@H]%25CCC(N)=O.C%57(=O)[C@@H]%29CCC(N)=O.C%59(=O)[C@@H]%30CCC(N)=O.C%61(=O)[C@@H]%32CCCN.C6(=O)[C@@H]%36CCCCN.C%10(=O)[C@@H]%39CCCCCN.CC[C@H](C)[C@H]%22C%12=O.C2(=O)[C@@H]%23CC(=O)O.N%26CC(C)C.C3(=O)[C@@H]%33CC(N)=O.C%11(=O)[C@@H](N)CCC%43.[C@H]%44(CC(C)C)C%15=O.[C@H]%48(CCC%49)C%19=O.c1%58ccc(O)cc1.C9(=O)[C@@H]%40C(C)C.[C@H]%47(CC%54)C%17=O.C%46(=O)[C@@H]%28CO.C%60(=O)[C@@H]%31CO.C4(=O)[C@@H]%34C%58.[C@@H]1%55CCCN16.C6(=O)[C@@H]%37CC%55.C7(=O)[C@@H]%38C%58.C8(=O)[C@@H]%41CO.[C@H]%42(CO)C%14=O.[C@H]%50(CS)C%16=O.[C@H]%51(CO)C%22=O.[C@H]%52(CO)C(=O)O.C%24(=O)C%27.c1%56c[nH]cn1.N%36C(=N)N.N%49C(=N)N.C%43C%20=O.C%51C%21=O.N2%22.N%13%23.N%24%26.N%35%27.N%46%28.N%59%29.N%60%30.N%61%31.N3%32.N4%33.N5%34.N7%36.N8%37.N9%38.N%10%39.N%11%40.N%12%41.N%14%42.N%15%44.N%16%45.S%53C.N%17%47.S%54C.N%18%48.N%19%50.N%20%51.N%21%52	CC(C)CNNC(=O)CN.CC(C)C[C@@H]1NC1=O.CC(C)[C@H](NC(=O)[C@@H](N)CCCCC(N)=O)C(=O)N[C@@H](C)C(N)=O.CC[C@H](C)[C@@H](C(=O)N[C@@H](CO)C(=O)N[C@H](C=O)CC[C@@H]1CCCN1C(=O)[C@H](CCCCN)NC(=N)N)C(=O)[C@H](CO)CC(=O)N[C@@H](CO)C(=O)O.CS.CSCC[C@@H]1NC1=O.N=C(N)NCCC[C@H](N)C(=O)N[C@@H](CS)C(N)=O.NC(=O)CCCC(=O)N[C@@H](CC(=O)O)C(N)=O.NCCCCC[C@@H]1NC1=O.NCCC[C@H](NC(=O)[C@H](CC(N)=O)NC(=O)[C@@H](N)Cc1ccc(O)cc1)C(=O)N[C@@H](CO)C(=O)N[C@@H](CCC(N)=O)C(=O)N[C@H](C=O)CCC(N)=O.O=C1N[C@H]1CO.O=C1N[C@H]1CO.c1c[nH]cn1
[C@H]%15(CC(C)C)C%28=O.[C@H]9(CCC%22)C%29=O.[C@H]%14(CC(N)=O)C5=O.CC(C)[C@H]7C%13=O.[C@H]%11(CC%22)C%25=O.[C@@H]%17(C%29=O)[C@@H](C)O.N1%25CCC[C@H]1%23.[C@H]%13(CO)C%27=O.[C@H]%16(C%26)C%28=O.c1%26ccccc1.N1%30CCC[C@H]1%25.[C@H]%19(CO)C(=O)O.N%10C(=N)N.C2(=O)[C@H]8CN.[C@H]%16(C)C3=O.C%31%24=O.C2%20.N27.N%138.S%21C.N%269.N%28%11.N%29%12.N%30%14.N%31%15.N3%16.N4%17.N5%18.N6%19	CC(=O)[C@H](N)CN.CC(C)C[C@H](NC=O)C(=O)C(=O)[C@H](Cc1ccccc1)[C@@H](C)C(N)=O.CC(C)[C@H](N)C(=O)[C@H](C=O)CO.CS.C[C@@H](O)[C@H](N)C(=O)C(=O)[C@@H](N)CCCCC[C@H](N)C(=O)N1CCCC1.N.N=C(N)N.NC(=O)C[C@H](NN1CCCC1)C(N)=O.N[C@@H](CO)C(=O)O
[C@H]6(CCCCN)C%21=O.[C@H]8(CCCCN)C%22=O.[C@H]9(CCCCN)C%23=O.[C@H]%10(CCCCN)C%26=O.[C@H]%18(CCCCN)C(=O)O.C5C[C@H](N)C2=O.[C@H]%12(CCC%12)C%24=O.c1%20ccc(O)cc1.[C@@H]%16(C4=O)C(C)C.N1%13CCC[C@H]1%19.[C@H]%13(C)C%22=O.C%15C3=O.C%15C6=O.C%17C%19=O.N26.N%127.N%208.N%219.N%22%10.N%23%11.N%24%12.N%25%14.N%25%15.N3%16.N4%17.N5%18	CC(C)[C@H](NC(=O)CCC(=O)[C@@H](CCCCN)C(=O)N[C@@H](CCCCN)C(N)=O)C(=O)NCC(=O)[C@@H]1CCCN1[C@@H](C)C(=O)C(=O)[C@H](CCCCN)Nc1ccc(O)cc1.NCCCC[C@H](N)C=O.NCCCC[C@H](NCC[C@H](N)C(N)=O)C(=O)O.NN.NNC(=O)C1CCC1
c1%40c[nH]c2ccccc12.[C@H]%19(CCCCN)C%36=O.[C@H]%21(CCCCN)C%40=O.c11%41c[nH]c2ccccc12.[C@H]%27(CCCCN)C5=O.[C@H]%29(CCCCN)C%12=O.[C@H]%30(CCCCN)C%16=O.[C@H]%38(CCCCNN)C(=O)O.CC[C@H](C)[C@H]%17C%14=O.[C@H]%18(CC(C)C)C%14=O.[C@H]%20(CC(=O)O)C%23=O.[C@H]%18(CC(C)C)C%25=O.[C@H]%22(CC(=))O)C%43=O.[C@H]%24(CC(C)C)C%45=O.[C@H]%32(CC(N)=O)C7=O.[C@H]%37(CC(=O)O)C%16=O.[C@@H]%28(C4=O)[C@@H](C)O.[C@@H]%29(C8=O)[C@@H](C)O.[C@@H]%33(C%13=O)C(C)C.[C@@H]%35(C%15=O)[C@@H](C)O.[C@H]%24(C%41)C%47=O.N15CCC[C@H]1%39.C%20C%47=O.C%23C%55=O.C%32C%10=O.C6%39=O.N3%17.N%14%18.N%25%19.N%36%20.N%43%21.N%47%22.N%46%23.N%49%24.N4%26.N4%27.N6%28.N7%29.N8%30.N9%31.N%10%32.N%11%33.N%12%34.N%13%35.N%15%37.N%16%38	INVALID
c1%22c[nH]c2ccccc11.[C@@H]1%18CCCN1%37.C%29(=O)[C@@H]%12CS.C4(=O)[C@@H]%15CS.C5(=O)[C@@H]%16C%22.C8(=O)[C@@H](N)CO.C2(=O)[C@@H]%11C.C%24(=O)[C@@H]%14C.C%25%21=O.N%25%10.N2%11.N%29%12.N5%13.N6%15.N7%16	CCC=O.C[C@H](N)C(=O)c1ccccc(CCCCN)c(C[C@H](N)C(N)=O)c[nH]1.NC=O.N[C@H](C=O)CO.N[C@H](C=O)CS.O=C1N[C@H]1CS
NC9(=O)[C@@H]%22CCC(N)=O.C4(=O)[C@@H]%26CCCCCN.C6(=O)[C@@H]%27CCCCN.CC(C)C[C@H]%12C(=O)O.C%37(=O)[C@@H]%28C(C)C.C%13(=O)[C@@H]%15CO.C%23(=O)[C@@H]%16CO.C%34(=O)[C@@H]%17CS.C%35(=O)[C@@H]%19CO.C%34(=O)[C@@H]%20C%33.C%34(=O)[C@@H]%20CO.C3(=O)[C@@H]%23CS.[C@@H]1%30CCCN1%38.[C@@H]1%31CCCN1%39.C7(=O)[C@@H]%30CS.[C@@H]1%32CCCN19.C%10(=O)[C@@H]%27CS.C%11(=O)[C@@H](N)CO.C%13(=O)[C@@H]%21C.c1%33c[nH]cn1.C%35(=O)C%18.C%37%30=O.C%38%31=O.C8%32=O.N2%13.N%13%14.N%24%15.N%34%16.N%35%17.N%36%18.N%36%19.N%37%20.N3%21.N4%23.S%30C.N6%25.N7%26.N8%27.N%10%28.N%11%29	INVALID
C%12(=O)[C@@H]7CC(C)C.[C@H]%14(CCC%15)C(=O)O.[C@H]%13(CCC%14)C%23=O.C%15C[C@H]4C%22=O.C%13(=O)[C@@H]8CC%16.C%19(=O)[C@@H]9C(C)C.C%20(=O)[C@@H]%10[C@@H](C)O.C%21(=O)[C@@H](N)CCO.[C@H]%12((C%17)C%26=O.C2(=O)[C@@H]4CO.N%15C(=N)N.CS%17.N13.N%124.N%125.N%176.N%197.S%18C.N%218.N%229.N%23%10.N%24%12.S%19C.N%25%14	INVALID
[C@H]%14(CCCCN)C%21=O.[C@H]%15(CCCCN)C(=O)O.[C@H]8(CCC9)C%22=O.[C@H]%10(CCC%11)C%23=O.[C@H]%26(CCC%27)C3=O.C%16C[C@H](N)C2=O.[C@@H]4(C%22=O)[C@@H](C)O.c1%17ccc(O)cc1.[C@H]5(CO)C%13=O.[C@H]7(CO)C%24=O.[C@H]%12(C%18)C%20=O.c1%18ccccc1.[C@H]6(C)C%19=O.N9C(=N)N.N%11C(=N)N.N%27C(=N)N.CS%17.N24.N%135.N%196.N%207.N%219.N%22%10.N%23%12.N%24%14.N3%15	CC[C@H](N)C(=O)N[C@H](C(=O)C(=O)CCCCNC(=N)N)[C@@H](C)O.CSc1ccc(O)cc1.C[C@@H]1NC1=O.N=C(N)NCCCCC(=O)N[C@@H](CCCCN)C(=O)O.N=C(N)NCCC[C@H](N)C(=O)N[C@@H](Cc1ccccc1)C(=O)N[C@@H](CO)C(=O)N[C@@H](CCCCN)C(N)=O.O=C1N[C@H]1CO
C%14(=O)[C@@H]%19CCCCN.[C@H]%26(CCC(N)=O)C4=O.[C@H]%27(CCC(N)=O)C5=O.[C@H]%30(CCCCN)C8=O.[C@H]%31(CCCCN)C%12=O.c1%49c[nH]c2ccccc12.[C@H]%56(CCCCN)C%23=O.[C@H]%57(CCC(=)=O)C%29=O.[C@H]%23(CC(=O)O)C%54=O.[C@H]%33(CC(C)C)C5=O.C%37C[C@H][C@H]%15C%54=O.[C@H]%34(CCC%35)C9=O.c1%50ccc(O)cc1.C3(=O)[C@@H]%16CS.C%25(=O)[C@@H]%18C%45.c1%45ccccc1.C%47(=O)[C@@H]%21CC%46.c1%46cccccc1.[C@@H]1%38CCCN1%47.C%47(=O)[C@@H]%22C%44.C%53(=O)[C@@H](N)C%48.c1%48ccccc1.[C@H]%27(C%49)C5=O.N16CCC[C@H]1%39.[C@H]%29(C%49)C%10=O.N1%10CCC[C@H]1%40.N1%12CCC[C@H]1%41.[C@H]%28(C%50)C%13=O.N1%13CCC[C@H]1%42.N1%26CCC[C@H]1%43.c1%44c[nH]cn1.[C@H]%29(C)C6=O.C%51(=O)C%24.C%32C9=O.C%36%38=O.C7%39=O.C%12%40=O.C%15%41%41=O.C%13%42=O.C(=O)O.CS%37.N3%15.N%14%16.N%25%17.N%36%18.N%36%19.N%50%20.N%49%21.N%51%22.N%53%23.N%54%24.N%55%26.N4%27.N5%28.N7%29.N8%30.N9%31.N%10%32.N%11%33.N%12%34	INVALID
c1%41c[nH]c2ccccc12.C%43(=O)[C@@H]%22CCCCN.C%45(=O)[C@@H]%23CCC(=O)O.C%46(=O)[C@@H]%26CCCC(N)=O.C6(=O)[C@@H]%27CCC%31.C6(=O)[C@@H](N)CCCN.[C@H]%32(CCCCN)C%12=O.CC[C@H](C)[C@H]%16C7=O.[C@H]%28(CC(C)C)C8=O.[C@H]%33(CC(N)=O)C%15=O.C%25(=O)[C@@H]%19[C@@H](C)O.c1%42ccc(O)cc1.[C@H]%30(CC%35)C%10=O.C4(=O)[C@@H]%20C%39.C%14(=O)[C@@H]%18CO.[C@@H]1%37CCCN1%38.C%40(=O)[C@@H]%24C%40.[C@H]%29(CC%41)C9=O.c1%39c[nH]cn1.c1%40c[nH]cn1.C%44(=O)[C@@H]%23C.[C@H]%34(C)C(=O)O.C3(=O)C%17.N%31C(=N)N.C%36%37=O.C%35%38=O.N3%16.N%14%17.N%25%18.N%36%19.N%43%20.N%44%22.N%45%23.N4%24.N5%26.N6%27.N7%28.N8%29.N9%30.S%35C.N%10%31.N%11%32.N%12%33.N%15%34	CC[C@H](C)[C@@H]1NC(=O)CNC(=O)[C@H](CO)NC(=O)[C@H]([C@@H](C)O)NC(=O)[C@@H]2CCCN2C(=O)CC[C@@H](C(N)=O)NC(=O)[C@H](CCc2c[nH]c3ccccc23)NC(=O)[C@H](CC(C)C)NC1=O.CS.C[C@@H](C(=O)N[C@@H](CCCCN)C(=O)N[C@@H](Cc1c[nH]cn1)C(=O)N[C@H]1CC1=O)[C@@H](CCC(=O)O)C(N)=O.C[C@H](NC(=O)[C@H](CC(N)=O)NC(=O)[C@@H](N)CCCCN)C(=O)O.N=C(N)NCCC[C@H](N)C(=O)C(=O)[C@@H](N)CCCN.NC(=O)CCC[C@H](N)C=O.Oc1ccccc1.c1c[nH]cn1
c1%19c[nH]c2ccccc12.[C@H]%13(CCC(=O)O)C%27=O.C%14(=O)[C@@H](N)CC(C)C.C%16CC[C@H]6C3=O.[C@@H]9(C%22=O)[C@@H](C)O.[C@@H]%10(C%26=O)[C@@H](C)O.[C@H]8(C%18)C%22=O.c1%18ccccc1.[C@H]%15(C%19)C(=O)O.[C@H]%13(C%20)C4=O.c1%20ccccc1.[C@H]%15(C%21)C6=O.[C@H]7(C)C%23=O.[C@H]%12(C)C%25=O.C5%17=O.CS%16.N36.N%147.N%218.N%229.N%23%10.N%24%11.N%25%13.N3%14.N4%15	C=O.CC(C)C[C@H](N)C(=O)N[C@@H](C)C(=O)N[C@H](C=O)[C@@H](C)O.CCC(N)=O.CSCCC[C@@H](C(N)=O)C(=O)[C@H](CN[C@@H](Cc1ccccc1)C(=O)C(=O)[C@@H](N)[C@@H](C)O)[C@@H](Cc1c[nH]c2ccccc12)C(=O)O.N.N.NC(=O)[C@H](Cc1ccccc1)[C@H](C=O)CCC(=O)O
CN.C%18C[C@H](N)C2=O.[C@@H]%10(CC2=O)[C@@H](C)O.[C@@H]%14(C%31=O)[C@@H](C)O.[C@H]9(CO)C%24=O.[C@H]9(C%19)C%28=O.c1%19ccccc1.[C@H]%15(CO)C%29=O.[C@H]%16(CS)C5=O.N18.N%129.N%22%10.N%23%11.N%26%13.N3%14.N4%16.N6%17	CC[C@H](N)C(=O)C(=O)C[C@@H](N)[C@@H](C)O.CN.C[C@@H](O)[C@H](N)C=O.N.N.N.N.N.N[C@H](C=O)CS.O=CCCO.O=C[C@H](CO)[C@H](C=O)Cc1ccccc1
CC[C@H](C)[C@H]%11C(=O)O.C%12(=O)[C@@H]%12CC(C)C.C%13(=O)[C@@H]%15CC(C)C.C%39(=O)[C@@H]%17CCC%18.C%40(=O)[C@@H]%19CCC%20.C%41(=O)[C@@H]%22CC(C)C.C%13(=O)[C@@H]%14C(C)C.C%42(=O)[C@@H]%15C(C)C.C3(=O)[C@@H]%25C(C)C.C6(=O)[C@@H]%29C(C)C.C7(=O)[C@@H](N)CC%32.[C@H]%30(CC%36)C9=O.C%24(=O)[C@@H]%14CO.C%35(=O)[C@@H]%25C%37.C4(=O)[C@@H]%28C%38.c1%38ccccc1.C7(=O)[C@@H]%29CO.c1%37c[nH]cn1.C3(=O)[C@@H]%26C.C6(=O)[C@@H]%27C.N%18C(=N)N.C%44(=O)C%21.N%20C(=N)N.N2%11.N%13%12.N%24%14.N%35%15.N%40%16.N%41%17.N%42%19.N%43%21.N%44%22.N%45%23.N3%25.N4%26.N5%27.N6%28.N7%29.S%33C.N9%30.S%36C	INVALID
C3(=O)[C@@H]9CCCCN.C%30(=O)[C@@H]%15CCCCN.c1%28c[nH]c2ccccc12.C%34(=O)[C@@H]%17CCC(N)=O.c1%29c[nH]c2ccccc12.[C@H]%22(CCC(=O)O)C(=O)O.CC(C)[C@H]8C5=O.c1%27ccc(O)cc1.C%32(=O)[C@@H]%12C(C)C.C%33(=O)[C@@H]%16C(C)C.C%25(=O)[C@@H]%11C%28.[C@@H]1%24CCCN1%34.C%35(=O)[C@@H]%18C%29.C4(=O)[C@@H](N)C%30.c1%30ccccc1.[C@H]%20(CO)C6=O.N16CCC[C@H]1%26.C%31(=O)[C@@H]%16C.C%34(=O)C%15.C%19C6=O.C%33%24=O.C%25%26=O)O.N38.N%149.S%23%10.N%25%11.N%31%12.N%32%13.N%33%15.N%34%16.N%35%17.N2%18.N4%19.N5%20.N6%21.N7%22	INVALID
C%13(=O)[C@@H](N)CCC(=O)O.[C@H]%16(CC(=O)O)C%39=O.[C@H]%19(CC(=O)O)C3=O.[C@H]%25(CC(C)C)C7=O.[C@H]%26(CC(N)=O)C8=O.C%29C[C@H](N)C%35=O.[C@@H]%17(C%37=O)C(C)C.[C@@H]%18(C%41=O)C(C)C.[C@@H]%20(C9=O)C(C)C.[C@@H]1%33CCCN1%35.N1%34CCC[C@H]1%30.N17CCC[C@H]1%31.[C@H]%27(C%33)C%10=O.c1%33ccccc1.N1%10CCC[C@H]1%32.[C@H]%21(C)C6=O.[C@H]%22(C)C%12=O.C2(=O)C%15.C%22C4=O.C%25C5=O.C%28C(=O)O.C%34%29=O.C%35%30=O.C6%31=O.C%11%32=O.CS%29.N2%14.N%13%15.N%35%16.N%37%17.N%38%18.N%39%19.N%40%20.N4%21.N5%22.N6%23.N7%25.N8%26.N%11%27.N%12%28	CC(C)C[C@H](CC(N)=O)C(=O)N1CCC[C@H]1C(=O)C(=O)[C@H](C)NC(=O)C[C@@H](C)C(=O)NCC(=O)O.CC(C)[C@@H]1NC1=O.CC(C)[C@H](N)C=O.CC(C)[C@H](N)C=O.CS.N.N.NC(=O)CNC(=O)[C@@H](N)CCC(=O)O.NC(=O)C[C@@H]1NC1=O.N[C@@H](CCC(=O)N1CCC[C@H]1C(=O)N[C@@H](CC(=O)O)C(=O)N[C@H](C=O)CC(=O)O)C(=O)N1CCC[C@H]1C[C@@H]1NC(=O)[C@@H]2CCCN2C1=O.c1ccccc1
c1%27c[nH]c2ccccc12.C%25(=O)[C@@H](N)CCCCN.[C@H]%13(CCCCN)C%33=O.[C@H]%17(CCCCN)C%34=O.c1%29c[nH]c2ccccc12.[C@H]%16(CC(C)C)C%35=O.[C@H]%26(CC(C)C)C7=O.C%23C[C@H]9C%32=O.C%14(=O)[C@@H]%10CC%24.c1%29ccc(O)cc1.N1%29CCC[C@H]1%25.[C@H]%18(C%28)C%32=O.c1%28ccccc1.[C@H]%19(C%29)C5=O.[C@H]%22(C%30)C(=O)O.[C@H]%20(CO)C6=O.[C@H]%18(C)C7=O.N%21C(=N)N.C%30%26=O.CS%23.N39.N%14%10.N%25%11.N%30%12.N%31%13.N%33%15.N%34%16.N%35%17.N4%18.N5%19.N6%20.N7%21.N8%22	CC(C)C[C@@H]1NC(=O)[C@H](CCCCN)NC1=O.CC[C@@H]1NC1=O.CSCC[C@H](N)C(=O)C(=O)[C@H](Cc1ccccc1)[C@@H](C)C(=O)C(=O)[C@H](CC(C)C)C(=O)C[C@H](N)C(=O)O.N.N.N.N=C(N)NN.NCCCC[C@H](N)C(=O)[C@@H]1CCCN1C[C@@H]1NC1=O.NCCCC[C@H](N)C(N)=O.O=C1N[C@H]1CO.Oc1ccc(-c2c[nH]c3ccccc23)cc1.c1ccc2[nH]ccc2c1
[C@H]%34(CCCCN)C7=O.[C@H]%37(CCCCN)C%12=O.C%14(=O)[C@@H]%24CCC(N)=O.C%25(=O)[C@@H]%26CC(=O)O.C%54(=O)[C@@H]%30CCCCCN.[C@H]%32(CCCCN)C5=O.c1%53c[nH]c2ccccc12.[C@H]%46(CCC(N)=O)C%19=O.CC[C@H](C)[C@H]%22C4=O.[C@@H]%22(C%14(=O)[C@@H](C)CC.[C@H]%46(CC(=O)O)C%22=O.C%36(=O)[C@@H]%27[C@@H](C)O.C%47(=O)[C@@H]%28C(C)C.C%55(=O)[C@@H]%29[C@@H](C)O.C%56(=O)[C@@H](N)[C@@H](C)O.[C@@H]%35(C9=O)[C@@H](C)O.[C@@H]%41(C%12=O)C(C)C.[C@@H]%43(C%19=O)C(C)C.[C@H]%31(CO)C5=O.[C@H]%33(CS)C8=O.[C@H]%37(C%53)C%10=O.N1%15CCC[C@H]1%49.N1%16CCC[C@H]1%50.[C@H]%41(C%52)C%19=O.[C@H]%44(C%53)C%20=O.N1%20CCC[C@H]1%51.c1%52c[nH]cn1.C%47(=O)C%23.C%17%49=O.C%51(=O)O.N3%22.N%14%23.N%25%24.N%36%26.N%47%27.N%54%28.N%55%29.N%56%30.N%57%31.N4%32.N5%33.N6%34.N7%35.N8%38.N9%39.N%10%40.N%11%41.N%12%42.N%13%43.N%17%44.N%18%45.N%21%46	INVALID
c1%50c[nH]c2ccccc12.[C@H]%33(CCC(N)=O)C7=O.[C@H]%26(CC(=O)O)C%25=O.[C@H]%28(CC(N)=O)C%58=O.[C@H]%29(CC(C)C)C%46=O.[C@H]%42(CC(C)C)C%17=O.C%48C[C@H](N)C3=O.[C@@H]%24(C%47=O)C(C)C.[C@@H]%29(C%56=O)[C@@H](C)O.[C@@H]%31(C4=O)C(C)C.[C@@H]%34(C8=O)C(C)C.c1%55ccc(O)cc1.[C@@H]%46(C%20=O)C(C)O.c1%56ccc(O)cc1.[C@H]%21(C%51)C%14=O.c1%51ccccc1.[C@H]%26(C%52)C%56=O.c1%52ccccc1.N1%48CCC[C@H]1%49.[C@H]%32(CO)C6=O.[C@H]%35(C%54)C%12=O.[C@H]%37(C%53)C%13=O.c1%53ccccc1.[C@H]%40(CO)C%15=O.[C@H]%42(C%55)C%19=O.[C@H]%45(C%56)C%18=O.[C@H]%30(C)C5=O.[C@H]%44(C)C%20=O.C%23C%36=O.C%38C9=O.C%43C%16=O.C%46C(=O)O.C%49%49=O.CS%48.N3%20.N%14%22.N%25%23.N%36%24.N%47%27.N%47%28.N%56%29.N%57%30.N4%31.N5%32.N6%33.N7%34.N8%35.N9%37.N%10%38.N%11%39.N%12%40.N%13%41.N%15%42.N%16%43.N%17%44.N%18%45.N%19%46	CC(C)C[C@@H](C(=O)[C@H](C(=O)C(=O)[C@H](C)NC(=O)[C@H](CC(C)C)[C@@H](Cc1ccc(O)cc1)C(=O)NCC(=O)O)C(C)O)[C@H](C(=O)c1ccc(O)cc1)[C@@H](C)O.CC(C)[C@@H]1NC1=O.CC(C)[C@H](NC(=O)CNC(=O)[C@H](CC(=O)O)[C@@H](Cc1ccccc1)C(=O)C[C@@H]1NC1=O)C(N)=O.CC(C)[C@H](NC(=O)[C@H](CCC(N)=O)NC(=O)[C@H](CO)NC(=O)[C@H](C)N)C(=O)N[C@@H](C)C(=O)N[C@@H](CO)C(N)=O.CS.N.N.NC(=O)CCc1ccccc1.NC(=O)C[C@H](N)C=O.NC(=O)[C@@H](N)CCN1CCC[C@H]1C=O.NCC(=O)N[C@@H](Cc1ccccc1)C(N)=O.O=C1CN1.c1ccc2[nH]ccc2c1
[C@H]%14(CCCCN)C%37=O.[C@H]%20(CCC(N)=O)C%39=O.[C@H]%21(CCC(=O)O)C3=O.[C@H]%23(CCCCN)C5=O.[C@H]%28(CCC(N)=O)C9=O.CC[C@H](C)[C@H]%10C%35=O.C2(=O)[C@@H]%12CCC%14.[C@H]%18(CC(=O)O)C%36=O.[C@H]%29(CCC%30)C%102=O.CC[C@H](C)[C@H]%11C%35=O.[C@H]%16(CCC%17)C%38=O.[C@H]%19(CC(C)C)C%39=O.[C@H]%22(CC(=O)O)C5=O.[C@H]%32(CC%33)C(=O)O.C%24(=O)[C@@H](N)CC%34.[C@@H]%26(C8=O)C(C)C.[C@H]%23(CO)C5=O.[C@H]%26(C)C7=O.N%14C(=N)N.N%17C(=N)N.N%30C(=N)N.N%33C(=N)N.N2%11.N%13%12.N%24%15.S%34C.N%35%16.N%37%18.N%38%19.N%38%20.N%39%21.N3%22.N4%23.N5%25.N6%26.N8%28.N9%29.N%10%31	INVALID
[C@H]%12(CCC(=O)O)C%34=O.[C@H]%17(CCC(=O)O)C%35=O.[C@H]%22(CCC(=O)O)C7=O.[C@H]%25(CCCCN)C9=O.[C@H]%12(CCC%14)C%24=O.[C@H]%15(CC(=O)O)C%32=O.[C@H]%14(CC(C)C)C%33=O.[C@H]%20(CC(C)C)C%39=O.[C@H]%21(CC(=O)O)C7=O.C%27C[C@H]%10C2=O.[C@@H]%11(C%24=O)C(C)O.[C@@H]%23(C5=O)[C@@H](C)O.[C@H]%19(C%30)CC3=O.[C@H]%21(C%31)C%34=O.N1%10CCC[C@H]1%29.c1%30c[nH]cn1.[C@H]%18(C)C2=O.c1%31c[nH]cn1.C%12C%39=O.C%21C7=O.C%26C(=O)O.C%36%28=O.C%11%29=O.CS%27.N2%10.N%13%11.N%32%12.N%33%15.N%34%16.N%36%17.N%37%18.N%38%19.N3%20.N4%21.N5%22.N6%23.N7%25.N8%26	CSCC[C@@H](C(=O)C(=O)[C@H](C)N)N1CCC[C@H]1C(=O)[C@H](C(=O)C(=O)[C@H](CCC[C@@H](CC(C)C)C(=O)N[C@@H](CC(=O)O)C(=O)NCC(=O)C(=O)[C@H](CC(C)C)NC(=O)C[C@@H](N)Cc1c[nH]cn1)[C@@H](CCC(=O)O)C(=O)C(=O)[C@H](Cc1c[nH]cn1)[C@@H](CC(=O)O)C(=O)C(=O)[C@H](CCC(=O)O)NC(=O)[C@@H](N)[C@@H](C)O)C(C)O.N.N.N.NCC(=O)O.NCCCC[C@@H](C=O)NC(=O)CN.O=CN[C@H](C=O)CCC(=O)O
[C@H]8(CCC(N)=O)C%25=O.[C@H]%13(CCC(=O)O)C%27=O.CC(C)C[C@H]4C%24=O.C2(=O)[C@@H]6CC%17.c1%18ccc(O)cc1.C%22(=O)[C@@H]9[C@@H](C)O.C%23(=O)[C@@H](N)C%19.[C@H]%15(C%18)C(=O)O.[C@H]%14(CCO)C%100=O.C%11C%25=O.C%11C%28=O.N%16C(=N)N.CS%17.N24.N%135.S%18C.N%246.N%197.N%198.N%219.N%22%10.N%23%11.N%24%12.N%25%14.N3%15.N3%16	INVALID
C%24(=O)[C@@H]%10CCC(=O)O.[C@H]%14(CCCCN)C%27=O.[C@H]%16(CCCCN)C5=O.CC(C)C[C@H]6C%26=O.C%13(=O)[C@@H]9[C@@H](C)O.C%22(=O)[C@@H]%13[C@@H](C)O.[C@@H]%16(C4=O)[C@@H](C)O.C2(=O)[C@@H]7C%19.c1%19ccccc1.C%25(=O)[C@@H](N)C%20.c1%20ccccc1.[C@H]%15(C%19)C%26=O.N16CCC[C@H]1%18.[C@H]%17(CO)C(=O)O.C%13(=O)[C@@H]8C.c1%19c[nH]cn1.C%23(=O)[C@@H]%12C.C7%18=O.N26.N%137.N%209.N%21%10.N%22%11.N%23%12.N%24%14.N%25%15.N3%16.N5%17	CC(C)C[C@@H](C(=O)C(=O)[C@H](Cc1c[nH]cn1)NC(=O)[C@@H](N)Cc1ccccc1)N1CCC[C@H]1C(=O)[C@@H](Cc1ccccc1)C(N)=O.CCC(N)=O.C[C@@H](O)[C@@H](C(N)=O)C(=O)[C@@H](N)[C@@H](C)O.C[C@@H](O)[C@@H](C=O)[C@@H](CCCCN)C(=O)N[C@@H](CO)C(=O)O.C[C@@H]1NC1=O.N.NCCCC[C@@H](C=O)NC(=O)[C@@H](N)CCC(=O)O
c1%35c[nH]c2ccccc12.c1%37c[nH]c2ccccc12.[C@H]%25(CCCCN)C5=O.[C@H]%27(CCC(N)=O)C%10=O.[C@H]%30(CCC(=O)O)C%11=O.C%36(=O)[C@@H]%18CC(=O)O.[C@H]%20(CC(C)C)C%41=O.[C@H]%21(CCC%22)C5=O.[C@H]%28(CC(C)C)C%11=O.[C@H]%29(CC(N)=O)C%12=O.C%32(C[C@H]%13C(=O)O.C%36(=O)[C@@H](N)CC%33.[C@@H]%24(C7=O)C(C)C.c1%40ccc(O)cc1.C%14(=O)[C@@H]%15C%38.c1%38ccccc1.N1%34CCC[C@H]1%34.[C@H]%18(C%39)C4=O.c1%39ccccc1.[C@H]%29(C%40)C9=O.C3(=O)[C@@H]%15C.C%25(=O)[C@@H]%16C.[C@H]%19(C)C%41=O.[C@H]%26(C)C8=O.N%22C(=N)N.C%35%34=O.CS%32%32.N3%13.N%14%15.N%25%16.N%36%17.S%33C.N%37%18.N%41%19.N%42%20.N4%21.N5%23.N6%24.N7%26.N8%27.N9%28.N%10%29.N%11%31	INVALID
[C@H]%49(CC(C)C)C(=O)O.[C@H]8(CC(=O)O)C%28=O.C%13C[C@H](N)C2=O.c1%18ccc(O)cc1.N12CCC[C@H]1%14.[C@H]5(C%18)C%17=O.[C@H]%106(C%19)C%19=O.[C@H]7(C%20)C%25=O.c1%20ccccc1.[C@H]9(C9)C%26=O.[C@H]%10(C%22)C%28=O.c1%22ccccc1.N1%27CCC[C@H]1%16.[C@H]%11(C%23)C4=O.c1%23ccccc1.N1%10CCC[C@H]1%17.c1%12cc[nH]cn1.N%12C(=N)N.C%13%14=O.C%28%16=O.C%100%17=O.CS%102.N25.N%136.N%247.N%268.N%279.N%29%10.N4%11	INVALID
[C@H]%22(CCC(=O)O)C6=O.CC(C)C[C@H]8C%33=O.C%24(=O)[C@@H]%11CC(N)=O.C%31(=O)[C@@H]%11CC(N)=O.[C@H]%16(CCC%17)C%33=O.[C@H]%25(CCC%26)C(=O)O.C%30(=O)[C@@H]%12[C@@H](C)O.C%30(=O)[C@@H]%15C(C)C.[C@H]%21(CC%28)C5=O.C2(=O)[C@@H]9CS.C%32(=O)[C@@H](N)CS.C%31(=O)[C@@H]%14CS.[C@H]%18(CS)C%34=O.[C@H]%19(CO)C3=O.[C@H]%20(CS)C5=O.[C@H]%21(C%29)C7=O.c1%29c[nH]cn1.C%13(=O)C%10.N%17C(=N)N.N%25C(=N)N.C%23C3=O.C%26C7=O.N28.N%139.N%24%10.N%30%11.N%31%12.N%32%14.N%33%15.N%34%16.N%35%18.N%37%19.N3%20.N4%21.S%28C.N6%23.N7%25	CC(C)C[C@H](NC(=O)[C@H](CS)NC(=O)CNC(=O)[C@H](CC(N)=O)[C@@H](CC(N)=O)C(=O)C(=O)[C@H](CS)NC(=O)[C@@H](N)CS)C(=O)C(=O)[C@H](CCCNC(=N)N)NC(=O)[C@@H](N)CS.CC(C)[C@H](N)C(=O)C(=O)[C@@H](N)[C@@H](C)O.CSCC[C@@H](C(=O)C(=O)[C@@H](N)CS)[C@@H](Cc1c[nH]cn1)C(=O)C(=O)CCCC[C@H](NC(=N)N)C(=O)O.N.N.N.N[C@@H](CO)C(=O)C(=O)CNC(=O)CCCC(=O)O
C2(=O)[C@@H]%21CCCCN.C%35(=O)[C@@H]%27CCC(=O)O.C%46(=O)[C@@H]%28CCC(=O)O.C%55(=O)[C@@H]%29CCCCN.C%56(=O)[C@@H]%30CCC(N)=O.C%56(=O)[C@@H]%31CCC(=O)O.C4(=O)[C@@H]%33CCCCN.CC[C@H](C)[C@H]%20C3=O.C%13(=O)[C@@H]%22CC(C)C.C%13(=O)[C@@H]%23CC(C)C.[C@H]%36(CC(C)C)C7=O.[C@H]%34(CC(C)C)C9=O.[C@H]%43(CCCCN)C%15=O.[C@H]%44(CCC%45)C%18=O.C%24(=O)[C@@H]%25CCC%26.[C@H]%36(CC(=O)O)C8=O.[C@H]%39(CCC%39)C%10=O.[C@@H]%42(C%16=O)[C@@H](C)CC.[C@H]%40(CCC%41)C%19=O.C%56(=O)[C@@H]%32[C@@H](C)O.C5(=O)[C@@H](N)CC%50.[C@@H]%37(C%12=O)[C@@H](C)O.[C@H]%37(CC%51)C%12=O.[C@H]%47(CC%53)C%14=O.c1%54ccccc1.[C@H]%48(C%52)C%19=O.[C@H]%49(CO)C(=O)O.c1%52c[nH]n1.N%39C(=N)N.N%45C(=N)N.C%43C%17=O.N2%20.N%13%21.N%24%22.N%35%25.N%46%27.N%55%28.N%56%29.N%57%30.S%50C.N3%32.N5%33.N6%34.N7%36.S8C.N9%38.N%10%38.S%51C.N%11%40.N%12%41.N%14%42.N%15%43.N%16%44.N%17%47.N%18%49	INVALID
C%53(=O)[C@@H]%30CCCCN.C1(=O)[C@@H]%23CC(C)C.C%49(=O)[C@@H]%25CC(NO=O.C%51(=O)[C@@H]%27CC(N)=O.C%52(=O)[C@@H]%28CC(C)C.C7(=O)[C@@H]%32CC(C)C.C%10(=O)[C@@H]%39CC(C)C.C%13(=O)[C@@H]%20C(C)C.C5(=O)[C@@H]%31C(C)C.C9(=O)[C@@H]%34C(C)C.C%11(=O)[C@@H]%36CC%42.C%14(=O)[C@@H]%38CC(C)C.[C@H]%40(CC(C)C)C%18=O.c1%47ccc(O)cc1.C%15(=O)[C@@H](N)CC%43.[C@@H]%41(C(=O)O)C(C)C.C%24(=O)[C@@H]%21C%44.c1%44ccccc1.C%35(=O)[C@@H]%22CO.C%52(=O)[C@@H]%26C%45.c1%45ccccc1.C4(=O)[C@@H]%30CO.C8(=O)[C@@H]%33CO.C%12(=O)[C@@H]%34CS.C%16(=O)[C@@H]%37C%47.C%13(=O)[C@@H]%20C.C5(=O)[C@@H]%29C%48.N2%19.N%13%20.N%24%21.N%35%22.N%46%23.N%50%25.S%42C.N%51%26.N%52%27.N3%28.N4C.N5%29.N6%30.N7%31.N8%32.N9%33.N%10%34.S%42C.N%11%36.N%12%37.N%14%38.N%15%39.S%43C.N%16%40.N%17%41.N%18%41	INVALID
C%13(=O)[C@@H]%17CCCCN.C%41(=O)[C@@H]%22CCC(N)=O.C%43(=O)[C@@H]%25CCC(N)=O.C3(=O)[C@@H]%28CCCCN.C6(=O)[C@@H]%31CCCCN.C2(=O)[C@@H]%18CC(N)=O.C%43(=O)[C@@H]%23CC(C)C.C%44(=O)[C@@H]%26CC(=O)O.C%45(=O)[C@@H]%27CCC(N)=O.[C@H]%34(CC(=O)O)C%12=O.[C@H]%36(CC(N)=O)C%15=O.C%37C[C@H]%16C%10=O.C%24(=O)[C@@H]%19CO.C%46(=O)[C@@H]%21C%39.c1%39ccccc1.C7(=O)[C@@H]%29CO.C9(=O)[C@@H](N)C%40.c1%40ccccc1.C%35(=O)[C@@H]%20C.[C@H]%33(C)C%11=O.[C@H]%37(C)C(=O)O.C%32C%14=O.CS%38.N2%16.N%13%17.N%24%18.N%35%19.N%42%20.N%43%22.N%44%23.N%45%25.N3%26.N5%27.N6%28.N7%29.N8%30.N9%31.N%10%32.N%11%33.N%12%34.N%14%36.N%15%37	CC(C)C[C@H](NC(=O)[C@H](CC(=O)O)NC(=O)[C@H](CCCCN)NC(=O)[C@H](CCCCN)NC(=O)[C@@H](N)Cc1ccccc1)C(=O)C(=O)[C@H](CCC(N)=O)NC(=O)[C@@H](N)CCC(N)=O.CS.C[C@@H]1NC1=O.C[C@H](N)C(=O)N[C@@H](CO)C(=O)N[C@@H](CC(N)=O)C(=O)N[C@@H](CC[C@@H](C)C(=O)O)C(=O)NCC(=O)N[C@@H](CC(N)=O)C(N)=O.N.NC(=O)CC[C@H](N)C=O.NCCCC[C@@H]1NC1=O.O=C(O)C[C@@H]1NC1=O.O=C1N[C@H]1CO.O=CCCc1ccccc1
C2(=O)[C@@H]%32CCCCN.C%24(=O)[C@@H]%34CCCCN.[C@H]%43(CCCCN)C8=O.C%35(=O)[C@@H]%37CCC(=O)O.C3(=O)[C@@H](N)CC(N)=O)[C@H]%32C4=O.[C@H]%41(CC(C)C)C6=O.[C@@H]%42(C8=O)[C@@H](C)CC.[C@H]%45(CC(C)C)C%10=O.[C@H]%47(CC(N)=O)C%12=O.[C@H]%49(CC(N)=O)C%14=O.[C@@H]%55(C%16=O)[C@@H](C)CC.[C@H]%56(CC(=O)O)C%25=O.[C@@H]%44(C9=O)C(C)C.c1%71ccc(O)cc1.[C@H]%58(CC%63)C%27=O.c1%72ccc(O)cc1.[C@@H]%62(C(=O)O)[C@@H](C)O.C%35(=O)[C@@H]%36C%70.[C@@H]1%64CCCN1%68.C%75(=O)[C@@H]%40CO.[C@H]%47(CS)C%11=O.[C@H]%52(C%71)C%18=O.N1%18CCC[C@H]1%65.[C@H]%53(C%72)C%20=O.[C@H]%54(CO)C%20=O.N1%21CCC[C@H]1%66.[C@H]%59(CO)C%26=O.N1%27CCC[C@H]1%67.N1%28CCC[C@H]1%69.[C@H]%61(CS)C%31=O.c1%70c[nH]cn1.C%46(=O)[C@@H]%36C.C%68(=O)C%39.C%68(=O)C%39.C5(=O)C%42.C%48C%15=O.C%51C%17=O.C%57%64=O.C%19%65=O.C%22%66=O.C%28%67=O.C%29%69=O.N2%32.N%13%33.N%24%34.N%35%36.N%46%37.N%63%38.N%75%39.N3%40.N4%41.N5%42.N6%43.N8%44.N9%45.N%10%47.N%11%48.N%12%49.N%14%50.N%16%51.N%17%52.N%19%53.N%20%54.N%22%55.N%23%56.N%26%58.S%63C.N%29%59.N%30%61.N%31%62	INVALID
C%39(=O)[C@@H]%18CCC(=O)O.[C@H]%28(CCCCN)C6=O.[C@H]%33(CCCCN)C(=O)O.C%24(=O)[C@@H]%15CC(C)C.[C@H]%32(CCC)C3=O.[C@H]%22(CC(=O)O)C5=O.[C@H]%26(CC(C)C)C%11=O.[C@H]%29(CCC%30)C%11=O.C%34C[C@H]%14C%42=O.C%35(=O)[C@@H]%16C(C)C.C%40(=O)[C@@H]%17CC(C)C.C%38(=O)[C@@H]%19CC(=O)O.[C@@H]%31()C9=O)C(C)C.[C@@H]1%36CCCN1%13.C%34(=O)[C@@H]%22CO.[C@H]%23(CO)C4=O.C%39(=O)[C@@H]%25C%38.c1%38ccccc1.[C@H]%27(CO)C7=O.[C@H]%25(C)C%10=O.N%20C(=N)N.C%41(=O)CN.N%30C(=N)N.N%30C(=N)N.C2%36=O.CS%34.N2%14.N%24%14.N%35%15.N%39%15.N%40%16.N%41%17.N%42%18.N3%19.N4%20.N5%22.N6%23.N7%25.N8%26.N9%27.N%10%28.N%11%29.N%12%31.N%13%32	INVALID
C%33(=O)[C@@H](N)CC(=O)O.[C@H]%19(CCC(=O)O)C3=O.[C@H]%22(CCCCN)C9=O.CC[C@H](C)[C@H]%10C%34=O.C%13(=O)[C@@H]%14[C@@H](C)CC.C%24(=O)[C@@H]%12CC(N)=O.C%32(=O)[C@@H]%16CC(N)=O.C%31(=O)[C@@H]%16C(C)C.c1%28ccc(O)cc1.[C@@H]%21(C%12(=O)C(C)C.c1%29ccc(O)cc1.[C@H]%21(CC%27)C5=O.C2(=O)[C@@H]%11CO.C%30(=O)[C@@H]%15CO.[C@H]%18(CS)C2=O.[C@H]%20(C%28)C7=O.[C@H]%25(C%29)C8=O.[C@H]%26(CO)C(=O)O.C%18C3=O.N2%10.N%13%11.N%24%12.N%24%14.N%30%15.N%31%16.N%32%17.N%33%18.N%34%19.N%35%20.N4%21.S%27C.N5%22.N6%23.N8%25.N9%26	INVALID
.N14CCC[C@H]1%18.[C@H]%103(CS)C7=O.C2(=O)[C@@H]9C.C3%16=O.C%39%17=O.N26=.N%138.N%239.N2%11.S%14C.N	INVALID
C%14(=O)[C@@H]%22CCCCN.C%25(=O)[C@@H]%23CCC(=O)O.C%47(=O)[C@@H]%26CCCCN.C%52(=O)[C@@H]%29CCCCN.C8(=O)[C@@H]%34CCC(=O)O.c1%49c[nH]c2ccccc12.c1%50c[nH]c2ccccc12.C%16(=O)[C@@H](N)CCCCN.c1%51c[nH]c2ccccc12.CC[C@H](C)[C@H]%20C%17=O.C3(=O)[C@@H]%20CCC%21.[C@@H]%43(C%18=O)[C@@H](C)CC.C7(=O)[C@@H]%33[C@@H](C)CC.C%12(=O)[C@@H]%35CCC%37.[C@H]%45(C%51)C(=O)O.C%47(=O)[C@@H]%26C.C%54(=O)[C@@H]%28C.C4(=O)[C@@H]%30C.C5(=O)[C@@H]%31C.C6(=O)[C@@H]%32C.C%10(=O)[C@@H]%38C.C%13(=O)[C@@H]%40C.C%15(=O)[C@@H]%42C.N%21C(=N)N.C5(=O)C%34.N%37C(=N)N.C%11(=O)C%39.N3%20.N%14%22.N%36%23.N%47%24.N%52%26.N%53%27.N%54%28.N4%29.N5%30.N6%31.N7%32.N8%33.N9%34.N%10%35.N%11%38.N%12%39.N%13%40.N%15%41.N%46%42.N%17%43.N%18%44.N%19%45	CC[C@H](C)[C@@H](C(=O)N[C@H](C(N)=O)[C@@H](C)CC)[C@@H](CCCNC(=N)N)C(N)=O.CC[C@H](C)[C@@H]1NC(=O)[C@H](CCC(=O)O)CC(=O)C(=O)[C@H](C)NC(=O)[C@H](C)NC1=O.C[C@@H]1NC(=O)CNC(=O)[C@H](CCCNC(=N)N)NC1=O.C[C@@H]1NC1=O.C[C@@H]1NC1=O.C[C@H](N)C(=O)N[C@@H](CCCCN)C(N)=O.C[C@H](N)C(N)=O.C[C@H]1C(=O)C(=O)[C@@H]1CCCCN.N.N.N.NCCCC[C@@H]1NC1=O.NCCCC[C@H](N)C=O.N[C@@H](Cc1c[nH]c2ccccc12)C(=O)O.N[C@H](C=O)CCC(=O)O.c1ccc2[nH]ccc2c1.c1ccc2[nH]ccc2c1
CN1%16.C%19(=O)[C@@H](N)CS.[C@H]7(CO)C%21=O.[C@H]8(CS)C%22=O.N1%25CCC[C@H]1%11.C2(=O)C4.C%12(=O)C6.C%15(=O)C%10.C%16%10=O.C%11(=O)O.N23.N%134.N%175.N%196.N%207.N%218	CN(NCCCCC(=O)O)C(=O)CC=O.N.NCC(N)=O.N[C@@H](CO)C(=O)N[C@H](C=O)CS.N[C@@H](CS)C(=O)NCC=O
C%33(=O)[C@@H]%16CCC(N)=O.C%30(=O)[C@@H]%17CCCCN.[C@H]%22(CCC(=O)O)C8=O.CC[C@H](C)[C@H]%10C%37=O.C%32(=O)[C@@H]%12CCC%14.C%31(=O)[C@@H]%18CC(C)C.[C@H]%25(CC(=O)O)C(=O)O.C%36(=O)[C@@H](N)CC%26.[C@@H]%19(C%103=O)C(C)C.C%13(=O)[C@@H]%11CO.[C@@H]1%27CCCN1%34.C%34(=O)[C@@H]%18C%29.c1%29ccccc1.C%35(=O)[C@@H]%15CO.N13CCC[C@H]1%28.[C@H]%20(CO)C6=O.[C@H]%23(CO)C7=O.[C@H]%23(C)C9=O.N%14C(=N)N.C%32(=O)C%21.C4%28=O.N2%10.N%13%11.N%30%12.N%32%15.N%33%16.N%35%17.N%36%18.N%26%18.N%37%19.N4%20.N5%21.N6%22.N7%23.N9%25	INVALID
C%22(=O)[C@@H]8CC(=O)O.C%24(=O)[C@@H]%12CCC(N)=O.CC[C@H](C)[C@H]6C%25=O.C2(=O)[C@@H]6[C@@H](C)CC.C%24(=O)[C@@H](N)CCC.c1%18ccc(O)cc1.[C@@H]%11(C%27=O)C(C)C.c1%20ccc(O)cc1.C%13(=O)[C@@H]7CO.C%21(=O)[C@@H]9C%18.C%22(=O)[C@@H]%15C%19.c1%19ccccc1.[C@H]%14(C)C3=O.[C@H]%15(C)C5=O.C%17C(=O)O.C%16C3=O.N26.N%137.N%218.S%18C.N%22%10.N%23%11.N%19%12.N%27%14.N3%14.N4%16.N5%17	CC(C)[C@H](N)C(=O)N[C@@H](C)C(=O)C(=O)CN.CCC[C@H](N)C(=O)C(=O)[C@@H](N)CCC(N)=O.CC[C@H](C)[C@@H](C=O)[C@H](C(N)=O)[C@@H](C)CC.CS.C[C@@H](C(=O)NCC(=O)O)[C@@H](Cc1ccccc1)C(=O)C(=O)[C@H](CC(=O)O)NC(=O)CCc1ccc(O)cc1.N.N.O=C1N[C@H]1CO.Oc1ccccc1
c1%33c[nH]c2ccccc12.c1%37c[nH]c2ccccc12.c1%38c[nH]c2ccccc12.[C@H]%32(CCCCN)C(=O)O.CC[C@H](C)[C@H]%13C%42=O.C3(=O)[C@@H]%15CC(=O)O.[C@H]%24(CCC%25)C6=O.[C@H]%26(CC(=O)O)C7=O.[C@H]%29(CC(C)C)C8=O.[C@H]%31(CC(C)C)C%10=O.C3(=O)[C@@H]%16[C@@H](C)O.C%14(=O)[C@@H]%16C(C)C.C%25(=O)[C@@H]%17C(C)C.C%36(=O)[C@@H]%18C(C)C.C%41(=O)[C@@H](N)C(C)C.[C@@H]%19(C%43=O)C(C)C.[C@@H]%20(C4=O)C(C)C.c1%39ccc(O)cc1.[C@H]%30(C%34)C9=O.c1%35ccccc1.[C@H]%30(C%37)C%11=O.[C@H]%31(C%39)C%12=O.c1%39ccccc1.C%22C6=O.N%24C(=N)N.C%27C7=O.N3%13.N%14%15.N%25%16.N%36%17.N%38%18.N%40%19.N%41%20.N%42%21.N%43%22.N4%23.N5%26.N6%27.N7%28.N8%29.N9%30.N%10%31.N%11%32	CC(C)C[C@@H](C(N)=O)[C@H](C=O)Cc1ccc(O)cc1.CC(C)C[C@@H]1NC1=O.CC(C)[C@H](N)C(=O)NCC(=O)C(=O)[C@H](CCCC(=O)[C@@H](NC(=O)[C@@H](Nc1c[nH]c2ccccc12)C(C)C)C(C)C)NC(=N)N.CC(C)[C@H](N)C(=O)N[C@H](C(N)=O)C(C)C.CC(C)[C@H]1C(=O)N[C@@H](CC(=O)O)C(=O)C(=O)[C@@H]1[C@@H](C)O.CC[C@H](C)[C@H](N)C(N)=O.C[C@@H](C(N)=O)[C@@H](Cc1c[nH]c2ccccc12)C(=O)N[C@@H](CCCCN)C(=O)O.N.N.NCC(=O)C(=O)[C@@H](N)CC(=O)O.c1ccc2[nH]ccc2c1.c1ccccc1.c1ccccc1
[C@H]%23(CCC(N)=O)C%52=O.[C@H]%27(CCC(=O)O)C6=O.CC[C@H](C)[C@H]%17C%46=O.[C@H]%21(CCC%22)C%50=O.[C@H]%31(CCC%32)C%10=O.[C@H]%33(CC(=O)O)C%11=O.[C@H]%34(CCC%36)C%14=O.[C@H]%41(CCC%42)C%15=O.C%13(=O)[C@@H]%20[C@@H](C)O.C%41(=O)[C@@H](N)CC%44.[C@@H]%20(C%53=O)C(C)C.[C@@H]%37(C%12=O)C(C)C.[C@@H]%37(C%15=O)C(C)C.c1%48ccc(O)cc1.[C@@H]%43(C(=O)O)C(C)C.C%35(=O)[C@@H]%19C%47.c1%47ccccc1.[C@H]%28(C%48)C5=O.[C@H]%25(C)C%50=O.[C@H]%29(C)C8=O.C2(=O)C%18.N%22C(=N)N.C%30C7=O.N%36C(=N)N.N%42C(=N)N.N2%17.N%13%18.S%44C.N%24%18.N%35%19.S%44C.N%46%20.N%50%21.N%51%23.N%52%25.N%53%26.N3%27.N4%28.N5%29.N6%30.N7%31.N8%33.N9%34.N%10%37.N%11%38.N%12%39.N%14%40.N%15%41.N%16%43	CC(C)[C@H](N)C(=O)O.CCC[C@H](NC(=O)CNC(=O)[C@@H](N)CCC(=O)O)C(N)=O.CC[C@H](C)[C@H](NC(=O)CNC(=O)[C@@H]([C@H](C(N)=O)C(C)C)[C@@H](C)O)C(N)=O.CS.CSCC[C@H](N)C(=O)[C@@H](CCCNC(=N)N)C(=O)C(=O)[C@H](C(C)C)[C@H](C(N)=O)C(C)C.C[C@H](NC(=O)[C@@H](N)CCC(N)=O)C(=O)C(=O)[C@@H](N)CCCNC(=N)N.C[C@H](NC(=O)[C@@H](N)Cc1ccc(O)cc1)C(=O)N[C@@H](CC(=O)O)C(N)=O.N.N.N=C(N)NCCC[C@H](N)C(N)=O.O=C1N[C@H]1Cc1ccccc1
c1%31c[nH]c2ccccc12.C%33(=O)[C@@H]%16CCC(=O)O.[C@H]%19(CCC(=O)O)C5=O.CC[C@H](C)[C@H]%10C%37=O.[C@H]%21(CCC%22)C4=O.[C@H]%28(CC(C)C)C7=O.C%25(=O)[C@@H]%15C(C)C.C%35(=O)[C@@H](N)CC%29.c1%32ccc(O)cc1.C3(=O)[C@@H]%11CO.C%33(=O)[C@@H]%16C%31.[C@H]%20(C%32)C%39=O.N1%38CCC[C@H]1%30.[C@H]%25(C%32)C8=O.[C@H]%27(CO)C9=O.[C@H]%23(C)C6=O.[C@H]%26(C)C%12=O.C%14(=O)C%13.C%28C(=O)O.N3%10.N%14%11.N%25%12.N%33%13.N%35%15.N%36%16.S%29C.N%37%17.N%38%18.N%39%20.N4%21.N5%23.N6%24.N7%26.N8%27.N9%28	CC(C)C[C@H](CC(=O)O)C(=O)N[C@@H](C)C(N)=O.CCC[C@@H]1NC1=O.CC[C@H](C)[C@H](NC(=O)[C@H](CO)NC(=O)CN)C(N)=O.CSCC[C@H](N)C(=O)N[C@H](C(=O)[C@@H](C)C(=O)N[C@@H](CO)C(N)=O)C(C)C.C[C@H](NC(=O)CCCC(=O)O)C(N)=O.N.NN1CCCC1.O=C(O)CC[C@H]1C(=O)C(=O)[C@@H]1Cc1c[nH]c2ccccc12.O=C1N[C@H]1Cc1ccc(O)cc1
C%23(=O)[C@@H]%10CCC(=O)O.C%25(=O)[C@@H]%15CCC(N)=O.C%27(=O)[C@@H]%16CCCCN.CC[C@H](C)[C@H]6C(=O)O.C%13(=O)[C@@H]9[C@@H](C)O.C%22(=O)[C@@H]%11[C@@H](C)O.C4(=O)[C@@H](N)CC%18.C2(=O)[C@@H]7CS.C%20(=O)[C@@H]%10CO.C%21(=O)[C@@H]%12CO.C%23(=O)[C@@H]%13C%19.c1%19ccccc1.C3(=O)[C@@H]%17CS.N4C(=N)N.N26.N%127.N%138.N%209.N%21%11.N%22%12.N%24%14.N%25%15.N%26%16.N3%17.N4%17.S%18C	CC[C@H](C)[C@H](NC(=O)[C@H](CS)N[C@@H](CO)C(=O)N[C@H](C(N)=O)[C@@H](C)O)C(=O)O.CSCC[C@H](N)C(=O)NC(=N)N.C[C@@H](O)[C@@H]1NC(=O)[C@H](CO)[C@@H](CCC(=O)O)C(=O)C(=O)[C@H](Cc2ccccc2)C1=O.N.N.N.NC(=O)CC[C@@H]1NC1=O.NCCCC[C@H](N)C=O.O=C1N[C@H]1CS
c1%26c[nH]c2ccccc12.[C@H]%15(CCC(=O)O)C%32=O.[C@H]%17(CCC(=O)O)C7=O.C%25(=O)[C@@H](N)CC%19.[C@H]%10(CC(N)=O)C%27=O.[C@@H]%11(C%29=O)C(C)C.[C@H]%12(CC%21)C%30=O.[C@@H]%13(C%30=O)C(C)C.c1%27ccc(O)cc1.[C@@H]%16(C4=O)C(C)C.C3(=O)[C@@H]9C%24.c1%24ccccc1.C%14(=O)[C@@H]%10CO.N1%25CCC[C@H]1%22.[C@H]%18(C%26)C3=O.[C@H]%20(C%27)C(=O)O.N15CCC[C@H]1%23.N%19C(=N)N.C4%22=O.C6%23=O.N38.N%259.N%36%10.N%28%11.N%29%12.S%21C.N%30%13.N%31%15.N4%16.N6%17.N6%18.N8%20	CC(C)[C@H](N)C(=O)C(=O)[C@@H]1CCCN1C(=O)[C@@H](N)CCNC(=N)N.CSCC[C@H](NC(=O)[C@@H](N)C(C)C)C(=O)C(=O)[C@@H](N)C(C)C.C[C@H](NN)C(=O)O.N.NC(=O)C[C@@H](C(=O)c1ccc(O)cc1)[C@H](C=O)CO.N[C@@H](Cc1ccccc1)C(=O)C(=O)[C@@H](N)Cc1c[nH]c2ccccc12.N[C@H](C=O)CCC(=O)O.O=C[C@H](CCC(=O)O)NC(=O)[C@@H]1CCCN1
CC(C)[C@H]%19C%49=O.C%47(=O)[C@@H](N)CC(=O)O.C3(=O)[C@@H]%20CC(=O)O.C%25(=O)[C@@H]%22CC(N)=O.[C@H]%23(CC(N)=O)C%50=O.[C@H]%24(CC(C)C)C%52=O.[C@H]%30(CCC%31)C7=O.c1%46c[nH]c2ccccc12.[C@H]%32(CC(=O)O)C9=O.[C@H]%34(CC(C)C)C%13=O.[C@H]%38(CC(C)C)C%17=O.C%48(=O)[C@@H](N)[C@@H](C)O.[C@@H]%33(C%10=O)[C@@H](C)O.[C@@H]%35(C%18=O)[C@@H](C)O.[C@@H]1%44CCCN1%47.[C@H]%26(CO)C%51=O.[C@H]%30(CO)C4=O.[C@H]%40(CO)C%15=O.N1%13CCC[C@H]1%45.[C@H]%39(C%46)C%16=O.[C@H]%43(C)C(=O)O.C%28C5=O.C%29C5=O.N%31C(=N)N.C%41C%12=O.C3%44=O.C%15%45=O.N3%19.N%14%20.N%25%21.N%39%23.N%49%24.N%50%26.N%51%27.N%52%28.N4%29.N6%30.N7%32.N8%33.N9%34.N%10%35.N%11%37.N%12%38.N%13%39.N%15%40.N%16%41.N%18%43	CC(C)C[C@@H](C=O)NC(=O)CNC(=O)[C@H](Cc1c[nH]c2ccccc12)N[C@@H](CC(N)=O)C(=O)N[C@@H](CO)C(N)=O.CC(C)C[C@H](NC(=O)[C@@H](N)C(C)C)C(=O)NCC(=O)C(=O)CNC(=O)[C@H](CO)[C@@H](CCCNC(=N)N)C(=O)N[C@@H](CC(=O)O)C(=O)N[C@@H](CC(C)C)C(=O)N1CCC[C@H]1C(=O)C(=O)[C@@H](N)CO.C[C@@H](O)[C@H](N)C=O.C[C@H](NC(=O)[C@@H](NC(=O)[C@@H](N)[C@@H](C)O)[C@@H](C)O)C(=O)O.N.N.N.NC(=O)CCC(N)=O.N[C@@H](CC(=O)O)C(=O)C(=O)[C@@H]1CCCN1C(=O)[C@@H](N)CC(=O)O
[C@H]%109(CCC(N)=O)C%51=O.[C@H]%110(CCC(=O)O)C%53=O.[C@H]%114(CCCCN)C%56=O.[C@H]%115(CCCCN)C%58=O.[C@H]%131(CCC(=O)O)C%73=O.[C@H]%12(CCCCN)C%83=O.c1%39c[nH]c2ccccc12.CC[C@H](C)[C@H]%85C%26=O.C%79(=O)[C@@H]%89CC(N)=O.C%79(=O)[C@@H]%91CC(C)C.C%90(=O)[C@@H]%92CCC%93.C%123(=O)[C@@H]%96CC(C)C.C4(=O)[C@@H]%97CC(C)C.[C@H]%104(CC(C)C)C%45=O.[C@H]%106(CC(C)C)C%48=O.[C@H]%107(CC(C)C)C%49=O.[C@@H]%113(C%55=O)[C@@H](C)CC.[C@H]%116(CCC%117)C%59=O.[C@H]%125(CC(C)C)C%64=O.[C@H]%127(CC(C)C)C%69=O.[C@@H]%130(C%72=O)[C@@H](C)CC.[C@H]9(CCC%10)C%81=O.C%57(=O)[C@@H]%88CC%14.C%112(=O)[C@@H]%95CC%16.c1%30ccc(O)cc1.[C@H]%118(CC%17)C%60=O.[C@@H]%119(C%61=O)[C@@H](C)O.c1%32ccc(O)cc1.[C@@H]%122(C%63=O)[C@@H](C)O.[C@@H]%124(C%64=O)C(C)C.c1%33ccc(O)cc1.[C@@H]%128(C%69=O)C(C)C.c1%34ccc(O)cc1.[C@@H]%129(C%70=O)[C@@H](C)O.[C@H]%133(CC%18)C%75=O.[C@@H]5(C%76=O)[C@@H](C)O.[C@@H]6(C%77=O)C(C)O.c1%35ccc(O)cc1.c1%36ccc(O)cc1.[C@H]%11(CC%19)C%82=O.[C@@H]1%20CCCN1%46.C%46(=O)[C@@H]%86C%25.C%46(=O)[C@@H]%87CS.C%15(=O)[C@@H](N)C%27.c1%25ccccc1.N1%37CCC[C@H]1%21.[C@H]%98(C%27)C%40=O.c1%27ccccc1.[C@H]%99(C%28)C%42=O.c1%28ccccc1.[C@H]%102(C%29)C%43=O.c1%29ccccc1.N1%51CCC[C@H]1%22.[C@H]%120(C%30)C%62=O.[C@H]%126(C%31)C%66=O.c1%31ccccc1.[C@H]%127(C%32)C%67=O.N1%70CCC[C@H]1%23.[C@H]%132(C%34)C%74=O.[C@H]7(C%35)C%78=O.[C@H]8(C%36)C%80=O.c1%38ccccc1.N1%83CCC[C@H]1%24.[C@H]%13(C%39)C(=O)O.c1%25c[nH]cn1.C%102(=O)[C@@H]%95C.N%93C(=N)N.C%101(=O)C%94.C%103C%44=O.C%105C%47=O.C%111C%54=O.N%117C(=N)N.N%10C(=N)N.C3%20=O.C%41%21=O.C%52%22=O.C%71%23=O.C%84%24=O.N3%85.N%57%86.N%68%87.S%14C.N%79%88.N%90%89.N%10%91.N%101%92.N%112%94.N%123%95.S4%96.N%15%97.N%26%98.N%40%99.N%41%100.N%42%102.N%43%103.N%44%104.N%45%105.N%47%106.N%48%107.N%49%108.N%50%109.N%52%110.N%53%111.N%54%113.N%55%114.N%56%115.N%58%116.N%59%118.S%17C.N%60%119.N%61%120.N%62%122.N%63%124.N%64%125.N%65%126.N%66%127.N%67%128.N%69%129.N%71%130.N%72%131.N%73%132.N%74%133.S%18C.N%755.N%766.N%777.N%788.N%809.N%81%11.S%19C.N%82%12.N%84%13	INVALID
c1%24c[nH]c2ccccc12.CC(C)C[C@H]6C%29=O.C%13(=O)[C@@H]7[C@@H](C)O.C%24(=O)[C@@H]8[C@@H](C)C.C%26(=O)[C@@H]%11C(C)C.C%28(=O)[C@@H](N)CC%17.[C@H]%15(CC%18)C5=O.C3(=O)[C@@H]7C%22.c1%22ccccc1.C%14(=O)[C@@H]%10C%20.[C@H]%16(C%21)C%30=O.N15CCC[C@H]1%19.c1%20cc[nH]cn1.C%25(=O)[C@@H]9C.[C@H]%13(C)C3=O.c1%21c[nH]cn1.C%19(=O)O.N36.N%147.N%258.N%259.N%27%10.N%27%11.S%17C.N%28%12.N%28%13.N4%15.S%18C.N4%16	INVALID
c1%55c[nH]c2ccccc12.C%58(=O)[C@@H]%28CCCCN.C%60(=O)[C@@H]%31CCCCN.[C@H]%48(CCCCN)C%20=O.C%14(=O)[C@@H]%23CC(C)C.C7(=O)[C@@H](N)CCC(=O)O.C5(=O)[C@@H]%33CCC%34.[C@H]%35(CC(C)C)C6=O.[C@H]%38(CCC(=O)O)C7=O.[C@H]%41(CC(=O)O)C%13=O.[C@H]%42(CCCC%44)C%18=O.[C@H]%46(CC(=O=O)C%19=O.C%49C[C@H]%21C8=O.[C@@H]%38(C%10=O)[C@@H](C)CC.[C@H]%45(CC%51)C%12=O.[C@@H]%42(C%15=O)C(C)C.c1%56ccc(O)cc1.C%36(=O)[C@@H]%26C%54.c1%54ccccc1.C%58(=O)[C@@H]%28C%55.N1%10CCC[C@H]1%52.[C@H]%38(C%57)C%13=O.c1%57ccccc1.[C@H]%43(CO)C%17=O.N1%20CCC[C@H]1%53.C%25(=O)[C@@H]%24C.C%59(=O)[C@@H]%29C.C6(=O)[C@@H]%32C.C3(=O)C%22.N%34C(=N)N.N%44C(=N)N.C%11%52=O.C%53(=O)O.CS%49.N3%21.N%14%22.N%25%23.N%36%24.N%47%26.N%58%27.N%59%28.N%60%29.N%61%30.N3%31.N4%32.N5%33.N6%35.N7%37.N8%37.N9%38.N%11%39.N%12%40.N%13%41.N%15%42.N%16%43.N%17%45.N%18%46.S%51C.N%19%48	INVALID
CC(N)=O)C%23=O.[C@H]9(CC(=O)O)C%24=O.C%18(=O)[C@@H]5CC%12.C%19(=O)[C@@H](N)CC%14.C2(=O)[C@@H]4C%16.[C@H]8(CO)C%21=O.[C@H]%10(CO)C(=O)O.[C@H]6(C)C%22=O.C%20%16=O.N12.N%123.N%184.S%11C.N%195.S%15C.N%206.N%217.N%239.N%25%10	INVALID
C%25(=O)[C@@H]%16CCC(=O)O.C%38(=O)[C@@H]%21CCC(=O)O.c1%38c[nH]c2ccccc12.[C@H]%27(CCC(N)=O)C%10=O.CC[C@H](C)[C@H]%12C5=O.C%36(=O)[C@@H]%18CCC%19.C4(=O)[C@@H](N)CC(N)=O.[C@H]%30(CCC%31)C%11=O.[C@H]%34(CC(N)=O)C(=O)O.C%14(=O)[C@@H]%15C(C)C.C%41(=O)[C@@H]%20[C@@H](C)O.C%43(=O)[C@@H]%23CC%35..C%44(=O)[C@@H]%23C%38.C%43(=O)[C@@H]%24CO.[C@H]%28(C%39)C6=O.c1%39ccccc1.N1%31CCC[C@H]1%37.[C@H]%33(CO)C(=O)O.[C@H]%29(CO)C9=O.[C@H]%32(C)C%11=O.C3(=O)C%13.N%19C(=N)N.C%43(=O)C%26.N%31C(=N)N.C7%37=O.N3%12.N%14%13.N%25%15.N%37%16.N%40%17.N%40%18.N%42%20.N%43%21.S%34C.N%44%23.N%45%24.N4%26.N5%27.N7%28.N8%29.N9%30.N%10%32.N%11%33	INVALID
c1%19c[nH]c2ccccc12.[C@H]%10(CCC%11)C%25=O.[C@H]%10(C)C%114C3=O.C%22(=O)[C@@H](N)CC%14.[C@@H]8(C%24=O)C(C)C.C%20(=O)[C@@H]7CO.[C@H]9(CC%16)C%25=O.C3(=O)[C@@H]6C%17.c1%17ccccc1.[C@H]%13(C%19)C(=O)O.N%11C(=N)N.C7C%16=O.N34.N%145.N%216.N%227.S%15C.N%238.N%249.N%26%12	CC(C)[C@H](N)C(=O)N[C@@H](CCC(=O)C[C@H](C=O)CO)C(=O)C(=O)[C@@H]1CCCC(N)(C(=O)C(=O)[C@@H](N)Cc2ccccc2)[C@@H]1C.CS.N.N=C(N)N.NCC[C@H](N)C(N)=O.O=C(O)CCc1c[nH]c2ccccc12
[C@H]%104(CCC(=O)O)C%16=O.[C@H]5(CCCCN)C%18=O.[C@H]6(CC(=O)O)C%19=O.[C@H]%11(CCCCN)C%21=O.[C@H]7(CCC%10)C%22=O.[C@H]%12(CC(N)=O)C%23=O.[C@H]%12(CCC%14)C%26=O.[C@H]%16(CCC%17)C3=O.C%19C[C@H](N)C1=O.[C@H]5(CO)C%21=O.[C@H]8(CO)C%22=O.[C@H]9(C%20)C%24=O.c1%20ccccc1.[C@H]%18(CO)C(=O)O.[C@H]%15(C)C%13=O.N%10C(=N)N.N%15C(=N)N.N%17C(=N)N.CS%19.N24.N%135.N%186.N%217.N%228.N%239.N%24%11.N%26%13.N3%16.N4%18	INVALID
C(C)[C@H]4C%20=O.C%13(=O)[C@@H]5CC(C)C.C%16(=O)[C@@H]6C(C)C.C%13(=O)[C@@H]8CO.C%17(=O)[C@@H]%10CO.[C@H]6(C%16)C%21=O.[C@H]9(C%18)C%22=O.c1%18ccccc1.[C@H]%11(CO)C(=O)O.C%19(=O)[C@@H]7C.c1%14c[nH]cn1.C2%12.N%124.N%135.N%176.N%197.N%208.N%219.N%22%10.N%23%11	CC(C)[C@H]1C(=O)C[C@H]1C(=O)N[C@@H](Cc1ccccc1)C(=O)N[C@@H](CO)C(N)=O.CC[C@H](NC)C(=O)N[C@@H](CO)C(=O)C(=O)[C@@H](N)CC(C)C.C[C@@H]1NC1=O.N[C@@H](CO)C(=O)O.c1c[nH]cn1
C%13(=O)[C@@H]%39CCCCN.C%89(=O)[C@@H]%48CCC(N)=O.[C@H]%66(CCCCN)C%22=O.[C@H]%70(CCCCN)C%26=O.[C@H]%73(CCCCN)C%30=O.[C@H]%76(CCC(=O=O)C%32=O.C2(=O)[C@@H]%36CCC%37.C%24(=O)[C@@H]%40CCC%41.C%68(=O)[C@@H]%44CC(C)C.C%90(=O)[C@@H]%48CC(C)C.C7(=O)[C@@H]%52CC(=O)O.[C@H]%56(CCC%56)C%14=O.[C@H]%58(CC(C)C)C%15=O.[C@H]%59(CC(=O)O)C%16=O.[C@H]%60(CC(=O)O)C%17=O.[C@H]%62(CCC%63)C%21=O.[C@H]%67(CCC%69)C%25=O.[C@H]%70(CC(C)C)C%27=O.[C@H]%78(CC(C)C)C(=O)O.[C@H]%71(CCC%72)C%28=O.C%80C[C@H]%33C%10=O.C%35(=O)[C@@H]%42CC%81.c1%86cccc(O)cc1.C6(=O)[C@@H]%50CCC%82.[C@H]%54(CC%83)C%12=O.[C@H]%64(CC%84)C%20=O.c1%88ccc(O)cc1.C%57(=O)[C@@H]%44CO.C3(=O)[C@@H]%49CS.C5(=O)[C@@H]%49CO.[C@H]%55(CO)C%14=O.[C@H]%65(CC%87)C%25=O.c11%87ccccc1.[C@H]%74(C%88)C%29=O.[C@H]%75(C%85)C%31=O.[C@H]%61(C)C%18=O.[C@H]%60(C)C%19=O.c1%85c[nH]cn1.N%37C(=N)N.N%38C(=N)N.N%41C(=N)N.C%57(=O)[C@@H]%43C.C%79(=O)C%45.C8==O)[C@@H]%53C.C8(=O)C%51.C9(=O)CN.N%69C(=N)N.N%72C(=N)N.S%80.N2%34.N%13%36.N%24%39.N%35%40.S%81C.N%46%42.N%57%43.N%68%44.N%79%45.N%89%47.N3%48.N5%49.S%82C.N6%50.N7%51.N8%52.S%82C.N%10%53.N%11%54.S%83C.N%12%55.N%14%58.N%15%59.N%16%60.N%17%61.N%18%62.N%19%64.S%84C.N%20%65.N%21%66.N%22%67.N%25%70.N%26%71.N%27%73.N%28%74.N%29%75.N%30%76.N%31%77.N%32%78	INVALID
C%13(=O)[C@@H]5CCC(=O)O.C%17(=O)[C@@H]%13CCC(=O)O.C%22(=O)[C@@H](N)CC(=O)O.C%16(=O)[C@@H]6CC(=O)O.C%18(=O)[C@@H]9CCC%10.C%21(=O)[C@@H]%12CC(N)=O.C%19(=O)[C@@H]7[C@@H](C)O.C%20(=O)[C@@H]4C.c1%15c[nH]cn1.[C@H]%14(C)C(=O)O.C%18(=O)C8.N%10C(=N)N.N13.N%124.N%175.N%186.N%197.N%208.N%219.N%22%12.N%24%14	C[C@@H](O)[C@@H]1NC1=O.C[C@@H]1N[C@@H](CC(N)=O)C(=O)N[C@@H](CCCNC(=N)N)C(=O)C(=O)CNC1=O.C[C@H](N)C(=O)O.N.NC(=O)[C@@H](N)CC(=O)O.N[C@H](C=O)CC(=O)O.O=C(O)CC[C@H]1C(=O)N[C@@H](CCC(=O)O)C1=O.c1c[nH]cn1
C%13(=O)[C@@H]7CCCCN.C%24(=O)[C@@H]%12CCCCN.C%29(=O)[C@@H]%15CCCCN.C2(=O)[C@@H]%13CC(N)=O.C%29(=O)[C@@H]8CCC9.C%30(=O)[C@@H]%10CCC%11.[C@H]%18(CC(C)C)C(=O)O.C%19C[C@H]6C3=O.C%31(=O)[C@@H]%16[C@@H](C)C.C%26(=O)[C@@H]%14C%22.c1%22ccccc1.C%28(=O)[C@@H]%17C%23.c1%23ccccc1.C%31(=O)[C@@H](N)C%21.c1%21c[nH]cn1.C%26(=O)[C@@H]9C.c1%25c[nH]cn1.N%11C(=N)N.C%27%20=O.N26.N%137.N%248.N%269.N%27%10.N%28%12.N%29%14.N%30%15.N%31%16.N4%17.N5%18.S%19C	CC(C)C[C@H](N)C(=O)O.CC(C)[C@H](N)C(=O)C(=O)[C@@H](N)Cc1c[nH]cn1.CSCC[C@@H](C=O)NC(=O)[C@H](CC(N)=O)C(=O)[C@@H](N)CCCCN.C[C@H](CCC[C@H](NC(=O)[C@H](CCCCN)NC(=O)[C@@H](N)Cc1ccccc1)C(=O)C(=O)[C@H](CCCCN)NC(=O)[C@H](CCCNC(=N)N)NC=O)C(=O)C(=O)[C@@H](N)Cc1ccccc1.N.c1c[nH]cn1
[C@H]%17(CCC(N)=O)C(=O)O.[C@H]9(CC(N)=O)C%20=O.[C@H]%14(CCC(N))O)C%25=O.C2(=O)[C@@H](N)[C@@H](C)C.[C@@H]%10(C%21=O)[C@@H](C)O.[C@@H]%12(C2=O)[C@@H](C)O.[C@H]8(C%19)C%24=O.[C@H]%15(CO)C%26=O.N1%23CCC[C@H]1%18.[C@H]%16(CO)C5=O.[C@H]%10(C)C%22=O.C%25%18=O.N26.N%127.N%208.N%219.N%22%10.N%25%11.N%25%13.N%25%14.N3%15.N4%16.N5%17	INVALID
c1%42c[nH]c2ccccc12.C%45(=O)[C@@H]%22CCC(=O)O.C%11(=O)[C@@H]%28CCC(=O)O.[C@H]%31(CCC(=O)O)C%15=O.CC[C@H](C)[C@H]%16C%12=O.C3(=O)[C@@H]%17CC(C)C.C%36(=O)[C@@H]%22CC(=O)O.C%47(=O)[C@@H]%24CCC%26.C%51(=O)[C@@H]%27CC(C)C.C7(=O)[C@@H]%29CC(=O)O.C7(=O)[C@@H]%32CC(=O)O.[C@H]%33(CC(=O)O)C%13=O.C%44(=O)[C@@H]%21CC(C)C.C6(=O)[C@@H]%31C(C)C.C%12(=O)[C@@H](N)CC%37..[C@@H]1%38CCCN1%36.C4(=O)[C@@H]%30C%42.[C@@H]1%39CCCN19.[C@@H]1%40CCCN19.N1%15CCC[C@H]1%41.C%14(=O)C%18.C%25(=O)C%19.C5(=O)C%23.N%26C(=N)N.C9(=O)C%30.C%35C(=O)O.C%25%38=O.C8%39=O.C8%40=O.C%16%41=O.N3%16.N%14%17.N%25%18.N%44%19.N%45%20.N%46%21.N%48%22.N%50%24.N4%27.N5%28.N7%29.N8%30.N%10%31.N%11%32.S%37C.N%12%33.N%13%34.N%15%35	INVALID
C%14(=O)[C@@H]%42CCC(N)=O.[C@H]%44(CCC(N)=O)C%58=O.[C@H]%49(CCCCN)C%10=O.c1%100c[nH]c2ccccc12.c1%92c[nH]c2ccccc12.c1%93c[nH]c2ccccc12.c1%94c[nH]c2ccccc12.c1%95c[nH]c2ccccc12.CC[C@H](C)[C@H]%40C%36=O.[C@@H]%53(C8=O)[C@@H](C)CC.[C@H]%55(CC(N)=O)C%12=O.[C@H]%61(CC(N)=O)C%17=O.[C@H]%63(CC(=O)O)C%19=O.[C@H]%66(CCC%67)C%21=O.[C@H]%70(CC(=O)O)C%24=O.[C@@H]%74(C%31=O)[C@@H](C)CC.[C@H]%77(CCC%78)C%33=O.[C@H]%81(CC(N)=O)C%38=O.[C@H]%82(CC(C)C)C%39=O.C3(=O)[C@@H]%41C(C)C.c1%89ccc(O)cc1.C%25(=O)[C@@H](N)CC%84.[C@@H]%49(C4=O)[C@@H](C)O.[C@H]%59(CC%85)C%13=O.c1%90ccc(O)cc1.[C@H]%79(CC%86)C%35=O.[C@H]%43(CC%88)C%47=O.[C@H]%46(CCO)C%69=O.[C@H]%46(C%89)C6=O.[C@H]%50(C6)C5=O.[C@H]%52(C%96)C7=O.N18CCC[C@H]1%88.[C@H]%53(CS)C%10=O.[C@H]%56(C%100)C%15=O.[C@H]%57(CC%90)C%17=O.[C@H]%62(C%92)C%18=O.[C@H]%72(C%93)C%29=O.[C@H]%76(CS)C%32=O.[C@H]%83(C%94)C(=O)O.[C@H]%48(C)C%91=O.[C@H]%54(C)C%11=O.[C@H]%60(C)C%16=O.[C@H]%64(C)C%22=O.[C@H]%68(C)C%26=O.[C@H]%73(C)C%28=O.[C@H]%79(C)C%34=O.C%45C%80=O.C%65C%20=O.N%67C(=N)N.C%71C%27=O.C%75C%30=O.C9%87=O.C9%88=O.N3%40.N%14%41.N%25%42.S%84C.N%36%43.N%47%44.N%58%45.N%69%46.N%80%48.N%91%49.N4%50.N5%51.N6%52.N7%53.N9%54.N%10%55.N%11%56.N%13%59.S%85C.N%15%60.N%16%61.N%17%62.N%18%63.N%19%64.N%20%65.N%21%66.N%22%68.N%23%70.N%24%71.N%26%72.N%27%73.N%28%74.N%29%75.N%30%76.N%32%77.N%33%78.N%34%79.S%86%87C.N%37%81.N%38%82.N%39%83	INVALID
C3(=O)[C@@H]4CCC(=O)O.c1%15c[nH]c2ccccc12.C%18(=O)[C@@H]%11CCCCN.C%13C[C@H]4C%20=O.C%18(=O)[C@@H]7CC(=O)O.C%17(=O)[C@@H]8C(C)C.C%19(=O)[C@@H]9CO.C%20(=O)[C@@H](N)C%15.C%12)C(=O)O.CS%13.N34.N%145.N%177.N%188.N%199.N%20%10.N%21%11	INVALID
C%57(=O)[C@@H]%32CCC(N)=O.[C@H]%44(CC(C)C)C%17=O.[C@H]%52(CCCCN)C(=O)O.CC[C@H](C)[C@H]%22C%14=O.C%13(=O)[C@@H]%23CCC%25.C%24(=O)[C@@H]%26CCC%28.C3(=O)[C@@H]%34CCC%36.C8(=O)[C@@H]%36CC(C)C.[C@H]%44(CCC%49)C%18=O.C%14(=O)[C@@H]%48CCC%49.C%57(=O)[C@@H]%30C(C)C.c1%60ccc(O)cc1.C%62(=O)[C@@H]%31CC%53.C%10(=O)[C@@H]%40C(C)C.C2(=O)[C@@H]%22CS.C%35(=O)[C@@H]%27CS.C%60(=O)[C@@H]%31CO.C4(=O)[C@@H]%34CS.C%63(=O)[C@@H]%38C%56.c1%56ccccc1.C6(=O)[C@@H]%39C%56.c1%58ccccc1.C7(=O)[C@@H]%41C%58.c1%58ccccc1.C%12(=O)[C@@H](N)C%59.c1%59ccccc1.[C@@H]1%54CCCN16.C9(=O)[C@@H]%42CS.C%11(=O)[C@@H]%43CO.[C@H]%45(CO)C%16=O.[C@H]%50(CO)C%19=O.[C@H]%51(CS)C%20=O.N1%20CCC[C@H]1%55.N%25C(=N)N.N%28C(=N)N.N%36C(=N)N.N%49C(=N)N.C5%54=O.C%21%55=O.N2%22.N%13%22.N%24%26.N%35%26.N%46%27.N%57%29.N%61%30.N%61%31.N%63%32.N4%33.N5%37.N7%38.N8%39.N9%40.N%10%41.N%12%42.N%14%43.S%53C.N%15%44.N%16%45.N%17%47.N%18%48.N%19%51.N%21%52	CC(C)C[C@H](CCC[C@@H](C=O)[C@@H](CS)C(N)=O)C(=O)N[C@@H](C)C(=O)N1CCC[C@H]1C(N)=O.CC(C)[C@H](NC(=O)[C@H](CS)NC(=O)[C@@H](N)Cc1ccccc1)C(=O)N[C@@H](Cc1ccccc1)C(=O)N[C@@H](Cc1ccccc1)C(=O)N[C@@H](CCC(N)=O)C(=O)C(=O)[C@@H](NN)C(C)C.CC[C@H](C)[C@@H](C(=O)C(=O)[C@@H]1CCCCCC[C@H]([C@@H](CC(C)C)C(N)=O)C(=O)N1)[C@@H](CS)C(=O)NNC(=O)CCCCNC(=N)N.CSCC[C@@H](C=O)[C@@H](CO)C(=O)c1ccc(O)cc1.N.N.N=C(N)N.N=C(N)N.N=C(N)NCCC[C@@H]1NC1=O.NC(=O)[C@@H](N)CS.NCCCC[C@H](NC(=O)[C@@H]1CCCN1C(=O)[C@H](CS)NC(=O)CCO)C(=O)O.N[C@H](C=O)CO.O=C1N[C@H]1CO.c1ccccc1
C%13(=O)[C@@H]%18CCC(=O)O.C%35(=O)[C@@H]%20CCCCN.C%45(=O)[C@@H]%23CCC(=O)O.[C@H]%29(CCC(=O)O)C%11=O.[C@H]%32(CCC(=O)O)C%12=O.CC(C)C[C@H]%15C9=O.C%42(=O)[C@@H]%21CCC%22.c1%39ccc(O)cc1.C%44(=O)[C@@H]%25CC(C)C.C%52(=O)[C@@H]%19[C@@H](C)O.[C@@H]%33(C%14=O)C(C)C.[C@@H]1%36CCCN13.C5(=O)[C@@H]%28C%39.C8(=O)[C@@H](N)C%38.[C@H]%33(C%40)C%12=O.c1%40ccccc1.[C@H]%34(C%41)C(=O)O.c1%41ccccc1.C2(=O)[C@@H]%17C.c1%37c[nH]cn1.c1%38c[nH]cn1.N%22C(=N)N.C%44(=O)C%26.C3(=O)C%27.C7(=O)C%30.C%31C%10=O.N2%15.N%13%16.N%35%18.N%42%19.N%43%20.N%44%23.N%45%25.N4%26.N5%27.N6%28.N7%29.N8%30.N9%31.N%11%32.N%11%33.N%14%34	CC(C)C[C@H](NC(=O)[C@@H](N)CCC(=O)O)C(=O)C(=O)CN.CC(C)[C@@H](C(=O)N[C@@H](Cc1ccccc1)C(=O)O)[C@@H](Cc1ccccc1)C(=O)C(=O)[C@H](CCC(=O)O)NC(=O)[C@H](CCC(=O)O)NC(=O)CNC(=O)[C@@H](N)Cc1c[nH]cn1.CCC(=O)N[C@@H](CC(C)C)C(=O)NCC=O.C[C@@H](O)[C@@H](C=O)NC(=O)CCCCNC(=N)N.N.NCCCC[C@H](N)C(=O)N[C@@H](CCC(=O)O)C(N)=O.N[C@@H](Cc1ccc(O)cc1)C(=O)NCC(=O)N1CCCC1.c1c[nH]cn1
.c1%18ccccc1.C2(=O)[C@@H]7CO.C%13(=O)[C@@H]N8CS.[C@H]9(CS)C%26=O.N1%21CCC[C@H]1%17.[C@H]%11(C%19)C3=O.[C@H]%16(C%22)C(=O)O.c1%22ccccc1.[C@H]9(C)C%24=O.[C@H]%12(C)C%25=O.C%10C%27=O.C%12C%29=O.C%22%17=O.N26.N%137.N%248.N%259.N%26%10.N%27%11.N%28%12.N4%14.N5%16	INVALID
c1%43c[nH]c2ccccc12.C%87(=O)[C@@H]%102CCCCN.C%120(=O)[C@@H]%104CCC(N)=O.c1%44c[nH]c2ccccc12.C%15(=O)[C@@H]%107CCC(N)=O.[C@H]%134(CCC(=O)O)C%75=O.[C@H]%10(CCC(=O)O)C%89=O.[C@H]%14(CCC(=O)O)C%93=O.c1%47c[nH]c2ccccc12.[C@H]%116(CCC%117)C%59=O.[C@H]%119(CCC%121)C%61=O.[C@H]%125(CCC%126)C%67=O.[C@H]%135(CCC%136)C%78=O.[C@H]%141(CCC5)C%83=O.[C@H]6(CCC(=O)O)C%84=O.[C@H]7(CC(=O)O)C%85=O.[C@H]%12(CCC%13)C%91=O.[C@H]%17(CCC%18)CC%95=O.[C@H]%20(CC(N)=O)C%97=O.CC(C)C[C@H]%99C%37=O.C%109(=O)[C@@H]%103C(C)C.[C@@H]%112(C%55=O)C(C)C.[C@@H]%113(C%56==O)C(C)O.[C@@H]%118(C%60=O)C(C)C.c1%45ccc(O)cc1.c1%46ccc(O)cc1.[C@@H]%138(C%79=O)C(C)C.[C@@H]%21(C(=O)O)[C@@H](C)O.C3(=O)[C@@H]%100C%43.[C@@H]1%23CCCN1%65.[C@@H]1%24CCCN1%109.C%131(=O)[C@@H]%105C%35.C4(=O)[C@@H]%106C%44.[C@H]%108(CO)C%48=O.[C@H]%110(CO)C%49=O.N1%49CCC[C@H]1%25.[C@H]%111(CS)C%51=O.N1%51CCC[C@H]1%27.N1%52CCC[C@H]1%28.[C@H]%114(C%38)C%57=O.[C@H]%115(C%39)C%58=O.[C@H]%122(C%45)C%62=O.N1%63CCC[C@H]1%29.[C@H]%127(C%40)C%68=O.[C@H]%128(C%46)C%69=O.N1%69CCC[C@H]1%30.N1%69CCC[C@H]1%31.[C@H]%129(C%41)C%71=O.N1%71CCC[C@H]1%32.[C@H]%134(C%42)C%75=O.[C@H]%139(CO)C%80=O.[C@H]%140(CO)C%81=O.N1%81CCC[C@H]1%33.[C@H]8(CS)C%86=O.[C@H]%11(CO)C%90=O.N1%91CCC[C@H]1%34.[C@H]%16(C%47)C%94=O.C%65(=O)[C@@H]%101C.c1%35c[nH]cn1.[C@@H]1%25CCCN1.c1%36c[nH]cn1.c1%38c[nH]cn1.c1%39c[nH]cn1.c1%40c[nH]cn1.c1%41c[nH]cn1.c1%42c[nH]cn1.[C@H]9(C)C%88=O.[C@H]%19(C)C%96=O.C%76(=O)C%101.N%117C(=N)N.N%121C(=N)N.C%124C%66=O.N%126C(=N)N.C%132C%73=O.C%133C%74=O.N%136C(=N)N.N%137C(=N)N.N5C(=N)N.N%13C(=N)N.N%18C(=N)N.C%54%23=O.C%98%24=O.C%26%25=O.C%50%27=O.C%52%28=O.C%53%29=O.C%64%30=O.C%70%31=O.C%72%32=O.C%82%33=O.C%92%34=O.CS%22.N33%99.N%54%100.N%76%101.N%98%98%102.N%120%103.N%131%104.N4%105.N%15%106.N%26%107.N%37%108.N%48%110.N%50%111.N%53%112.N%55%113.N%56%114.N%57%115.N%58%116.N%59%118.N%60%119.N%61%122.N%62%123.N%64%124.N%66%125.N%67%127.N%68%128.N%70%130.N%72%132.N%73%133.N%74%134.N%75%135.N%77%137.N%78%138.N%79%140.N%80%141.N%825.N%836.N%847.N%858.N%869.N%88%10.N%89%11.N%90%12.N%92%14.N%93%16.N%94%17.N%95%19.N%96%20.N%97%21	INVALID
[C@H]7(CCC8)C%12=O.[C@H]9(CCC%10)C%24=O.[C@H]%11(CC%23)C%30=O.[C@H]%16(CC%25)C%31=O.[C@H]%18(CC%26)C3=O.[C@H]%20(C)C6=O.N%14C(=N)N.N%15C(=N)N.C%22C(=O)O.C1%31=O.N29.N%13%11.N%29%12.N%30%14.N3%16.S%27C.N5%17.S%28C.N6%18.N7%19.N8%21	CC(=O)O.CCC(=O)N[C@@H](CC)C(=O)N[C@@H](CC)C(=O)C=O.CCC[C@H](N)C=O.CC[C@H](N)C(=O)NNC(=N)N.CS.CS.N.N=C(N)N.NCCC[C@H](N)C(N)=O
CC[C@H](C)[C@H]7C(=O)O.C%13(=O)[C@@H]9CC(C)C.C%26(=O)[C@@H]%13CCC%14.C%27(=O)[C@@H]%16CC(=O)O.C%28(=O)[C@@H]%17CC(N)=O.C%29(=O)[C@@H]%21CC(C)C.C%30(=O)[C@@H]%18CC%22.C4(=O)[C@@H]%20[C@@H](C)CC.C3(=O)[C@@H]%19C(C)C.C%24(=O)[C@@H]%11C.c1%23c[nH]cn1.N%14C(=N)N.C%30(=O)C%12.C%31(=O)C%15.CC7(=O)C%18.N28.N%139.N%24%10.N%26%11.N%27%14.N%28%15.N%30%16.N%31%17.N%32%18.N4%19.N5%20.N6%21	INVALID
[C@H]%32(CCC(=O)O)C%10=O.[C@H]%36(CCCCN)C%12=O.[C@H]%37(CCCCN)C%14=O.CC[C@H](C)[C@H]%16C5=O.C%13(=O)[C@@H]%18CC(NO=O.C%46(=O)[C@@H]%21CCC%22.[C@H]%29(CCC%30)C6=O.[C@H]%34(CC(C)C)C7=O.[C@H]%39(CC(C)C)C%15=O.C2(=O)[C@@H]%17[C@@H](C)O.C%51(=O)[C@@H]%26[C@@H](C)O.C4(=O)[C@@H](N)CC%41.c1%43ccc(O)cc1.C%24(=O)[C@@H]%19C%42.C%48(=O)[C@@H]%25CS..C3(=O)[C@@H]%28CO.[C@H]%31(CS)C8=O.[C@H]%33(C%43)C9=O.[C@H]%40(C%44)C(=O)O.c1%44ccccc1.c1%42c[nH]cn1.C%35(=O)C%20.N%22C(=N)N.C%49(=O)C%26.C%50(=O)C%27.N%30C(=N)N.C%38C%15=O.N2%16.N%13%17.N%24%18.N%35%19.N%46%20.N%48%21.N%49%23.N%50%25.N%50%26.N%51%26.N3%27.N4%28.S%41C.N5%29.N6%31.N7%32.N8%33.N9%34.N%10%36.N%11%37.N%12%38.N%14%39.N%15%40	INVALID
[C@H]%128(C7)C%58=O.c1%79ccccc1.N1%64CCCC[C@H]1%23.N1%69CCC[C@H]1%31.[C@H]9(C9)C%84=O.c1%98ccccc1.[C@H]%103CC)C%79=O.C%14(C)C[C@H].N.C%52%24=O.C%65%25=O.C%67%29=O.C%71%94=	INVALID
O)[C@@H](C)O.[C@@H]9(C%23=O)[C@@H](C))C.[C@H]5(CO)C%19=O.[C@H]6(CO)C%20=O.[C@H]7(CO)C%22=O.[C@H]8(CO)C%24=O.N13CCC[C@H]1%15.C2%15=O.C4%16=O.N25.N%136.N%187.S%19C.N%208.N%219.N%22%10.N%23%14	INVALID
[C@H]%11(CCCCN)C%13=O.[C@H]%13(CCC(=O)O)C%38=O.c1%35c[nH]c2ccccc12.[C@H]%21(CCC(=O)O)C5=O.c1%37c[nH]c2ccccc12.[C@H]%28(CCC%29)C8=O.[C@H]%28(CC%29)C%10=O.[C@H]%32(CCC(=O)O)C(=O)O.C%25(=O)[C@@H](N)CCC%13.[C@H]%17(CCC%18)C%38=O.[C@H]%21(CCC%22)C5=O.[C@H]%23(CC(=O)O)C%41=O.[C@H]%30(CCC%33)C9=O.[C@H]%20(C%35)C%43=O.[C@H]%23(C%37)C%46=O.[C@H]%24(CO)C6=O.N16CCC[C@H]1%34.C3(=O)C%12.C%16C%41=O.N%18C(=N)N.C%26C7=O.N%29C(=N)N.N%31C(=N)N.N%33C(=N)N.C9%34=O.N3%11.N%14%12.N%25%13.N%36%15.N%38%16.N%39%17.N%40%19.N%41%20.N%42%21.N%43%23.N4%24.N5%26.N6%27.N7%28.N9%30.N%10%32	CCC[C@H]1C(=O)C(=O)[C@@H]1CCC(=O)O.N.N.N.N.N=C(N)N.N=C(N)N.N=C(N)NCCC[C@H](N)C(=O)C(=O)[C@@H]1CCCN1C(=O)[C@@H](N)CO.N=C(N)NCCC[C@H](N)C(=O)C(=O)[C@H](CCC(=O)O)C(=O)[C@H](CCCCN)NC(=O)CN.NC(=O)[C@@H](N)Cc1c[nH]c2ccccc12.NCC(=O)C(=O)[C@H](CC(=O)O)[C@H](C=O)Cc1c[nH]c2ccccc12.NCC(N)=O.N[C@H]1CCCNC1=O.O=C[C@@H]1CCCCC[C@H]1C(=O)N[C@@H](CCC(=O)O)C(=O)O
C2(=O)[C@@H]%11CCCCN.C%30(=O)[C@@H]%16CCC(N)=O.C%34(=O)[C@@H]%18CCCCN.C%36(=O)[C@@H]%20CCC(=O)O.C3(=O))[C@@H](N)CCC(N)=O.CC(C)C[C@H]%10C4=O.C%24(=O)[C@@H]%12CC(N)=O.C%32(=O)[C@@H]%15CC(N)=O.C%34(=O)[C@@H]%17CC(C)C.C%36(=O)[C@@H]%19CC(N)=O.C6(=O)[C@@H]%21CC%27.C5(=O)[C@@H]%23CCC(=O)O)C8=O.C%33(=O)[C@@H]%14C%28.c1%28ccccc1.[C@H]%26(C%29)C(=O)O.c1%29ccccc1.[C@H]%23(C)C7=O.N%22C(=N)N.N2%10.N%13%11.N%24%12.N%31%14.N%31%15.N%32%16.N%33%17.N%34%18.N%36%19.N4%20.N5%21.N6%23.N7%25.N8%26	INVALID
C%11(=O)[C@@H]%41CCCCN.C%15(=O)[C@@H]%51CCC(=O)O.[C@H]%58(CCC(N)=O)C%26=O.CC[C@H](C)[C@H]%28C%20=O.C2(=O)[C@@H]%29CC(C)C.C%35(=O)[C@@H]%31CC(N)=O.C%68(=O)[C@@H]%34CCC%36.C%67(=O)[C@@H]%37CC(N)=O.C4(=O)[C@@H]%38[C@@H](C)CC.C8(=O)[C@@H]%39CC(N)=O.C9(=O)[C@@H]%42[C@@H](C)CC.C%12(=O)[C@@H]%48CC(N)=O.C%16(=O)[C@@H]%50[C@@H](C)CC.C%18(=O)[C@@H]%52[C@@H](C)CC.[C@H]%54(CC(C)C)C%25=O.[C@@H]%59(C%27=O)[C@@H](C)CC.[C@H]%60(CCC%61)C(=O)O.C%35(=O)[C@@H]%30C(C)C.C%68(=O)[C@@H]%38CC%62.C9(=O)[C@@H]%44C(C)C.c1%66ccc(O)cc1.C%19(=O)[C@@H](N)CC%63.C%24(=O)[C@@H]%32CO.[C@@H]1%64CCCN1%72.C%11(=O)[C@@H]%47C%67.[C@@H]1%65CCCN1%18.[C@H]%56(C%69)C%23=O.c1%69ccccc1.C%70(=O)[C@@H]%33C.C7(=O)[C@@H]%41C.C8(=O)[C@@H]%43C%66.C%18(=O)[C@@H]%49C.[C@H]%53(C)C%22=O.N%36C(=N)N.N%61C(=N)N.C%60%64=O.C%17%65=O.N2%28.N%13%29.N%24%30.N%35%31.N%46%32.S%62C.N%68%33.N%71%34.S%63C.N3%37.N4%38.N5%39.N7%40.N8%41.N9%42.N%10%43.N%11%44.N%12%47.N%14%48.N%15%49.N%16%50.N%17%51.N%19%52.S%63C.N%20%53.N%21%54.N%22%55.N%23%56.N%25%58.N%26%59.N%27%60	CC(C)[C@H](NC(=O)[C@@H](N)CO)C(=O)C(=O)[C@@H](N)CC(N)=O.CC[C@H](C)[C@@H](C(N)=O)[C@@H](CCSC)C(=O)C(=O)[C@@H](N)CCCNC(=N)N.CC[C@H](C)[C@@H]1NC1=O.CC[C@H](C)[C@H](N)C(=O)C(=O)[C@@H](N)C(C)C.CC[C@H](C)[C@H](NC(=O)[C@@H](N)CC(C)C)C(=O)N[C@@H](C)C(N)=O.CC[C@H](C)[C@H](NC(=O)[C@@H](N)CCSC)C(=O)N1CCC[C@H]1C(=O)N[C@@H](CCC(=O)O)C(=O)N[C@@H](C)C=O.CC[C@H](C)[C@H](NC(=O)[C@H](CCC(N)=O)NC(=O)[C@@H](N)CC(C)C)C(N)=O.CS.C[C@@H](C(N)=O)[C@@H](CCCCN)C(=O)C(=O)[C@H](CC(=O)[C@@H](N)CC(N)=O)NC(=O)[C@@H](N)CC(N)=O.C[C@H](N)C=O.N.N=C(N)NCCC[C@@H](C(=O)O)C(=O)[C@@H]1CCCN1.NC(=O)C[C@H](N)C(=O)C(=O)[C@@H](N)Cc1ccc(O)cc1.O=C1N[C@H]1Cc1ccccc1
C%13(=O)[C@@H]5CCC(=O)O.C%18(=O)[C@@H]8CCC(=O)O.C%20(=O)[C@@H]%10CCC(=O)O.[C@H]9(CC(=O)O)C%23=O.[C@H]%11(CC(=O)O)C%26=O.[C@H]%15(CC(=O)O)C3=O.[C@H]%16(CC(=O)O)C(=O)O.C%17C[C@H]4C%22=O.C2(=O)[C@@H]6[C@@H](C)O.C%21(=O)[C@@H]7C%19.N1%21CCC[C@H]1%18.c1%19c[nH]cn1.[C@H]%12(C)C%22=O.[C@H]%15(C)C3=O.CS%17O.N24.N%125.N%176.N%187.N%208.N%219.N%22%10.N%23%11.N%24%12.N%25%14.N3%15.N3%16	C[C@H](N[C@H](C=O)CCC(=O)O)C(=O)C(=O)[C@H](CC[SH](C)O)NC(=O)[C@@H](N)[C@@H](C)O.C[C@H]1C(=O)C(=O)[C@@H]1CC(=O)O.N.N.NN[C@@H](CC(=O)O)C(=O)O.N[C@@H](CC(=O)O)C(=O)N[C@H](C=O)CC(=O)O.N[C@@H](CCC(=O)O)C(=O)N[C@@H](CCC(=O)O)C(=O)[C@@H]1CCCN1C(=O)[C@@H](N)Cc1c[nH]cn1
c1%21c[nH]c2ccccc12.c1%22c[nH]c2ccccc12.[C@H]%11(CCCCN)C5=O.[C@H]%13(CC(N)=O)C6=O.[C@H]%17(CC(N)=O)C(=O)O.C%18C[C@H]7C%36=O.C%25(=O)[C@@H](N)CC%19.[C@@H]%12(C%27=O)C(C)C.c1%23ccc(O)cc1.C3(=O)[C@@H]8C%21.[C@H]%10(C%22)C%26=O.N1%25CCC[C@H]1%20.[C@H]%15(C%23)C4=O.[C@H]%15(C)C5=O.C%28%20=O.CS%18.N37.N%148.N%259.N%19%10.N%26%11.N%27%12.N%28%13.N4%14.N5%16.N6%17	CC(C)[C@@H]1NC1=O.CSCC[C@@H](C=O)NC(=O)[C@H](Cc1c[nH]c2ccccc12)NNC(=O)[C@H](Cc1ccc(O)cc1)[C@@H](C)C(=O)C(=O)[C@H](CCCCN)NC(=O)[C@H](Cc1c[nH]c2ccccc12)NCC[C@H](N)C(=O)N1CCC[C@H]1C(=O)N[C@@H](CC(N)=O)C(=O)N[C@@H](CC(N)=O)C(=O)O.N.N
C%24(=O)[C@@H]%15CCC(=O)O.C%37(=O)[C@@H]%19CCCCN.C%38(=O)[C@@H]%21CCC(N)=O.[C@H]%29(CCC(N)=O)C%10=O.[C@H]%30(CCC(=O)O)C(=O)O.CC[C@H](C)[C@H]%11C9=O.C%36(=O)[C@@H]%16CC(N)=O.C3(=O)[C@@H]%23CC%25.C6(=O)[C@@H]%26CC(N)=O.C7(=O)[C@@H]%28[C@@H](C)CC.C8(=O)[C@@H](N)CC%31.C%35(=O)[C@@H]%17CO.C%39(=O)[C@@H]%18CO.C7(=O)[C@@H]%22CO.C2(=O)[C@@H]%14C.C%35(=O)[C@@H]%21C.C5(=O)[C@@H]%26C.C%12(=O)C%14.N%25C(=N)N.C4%33=O.N2%11.N%13%12.N%24%14.N%34%15.N%36%16.N%37%17.N%38%18.N%39%19.N3%21.N4%22.N5%23.N6%26.N7%27.N8%28.S%32C.N9%29.N%10%30	CC[C@H](C)[C@H](NC(=O)[C@H](C)CC(N)=O)C(=O)N[C@@H](CCC(N)=O)C(=O)N[C@@H](CCC(=O)O)C(=O)O.CC[C@H](N)C(=O)N[C@H](C(=O)C(=O)[C@H](CO)NC=O)[C@@H](C)CC.CS.C[C@@H](C(=O)N[C@@H](CCNC(=N)N)C(N)=O)[C@@H](CC(N)=O)C(N)=O.C[C@H]1C(=O)C(=O)[C@H](CO)NC(=O)[C@H](CCCCN)NC(=O)[C@H](CO)NC(=O)[C@@H]1CCC(N)=O.N.NC(=O)C[C@@H]1NC1=O.NC(=O)[C@@H](N)CCC(=O)O
[C@H]9(CCCCN)C4=O.[C@H]%17(CCCCN)C(=O)O.C%18C[C@H]6C%21=O.C2(=O)[C@@H]7[C@@H](C)O.C2(=O)[C@@H]8[C@@H](C)O.[C@@H]%16(C3=O)[C@@H](C)O.C%20(=O)[C@@H]9CO.[C@H]9(C)C%24=O.C%11C%23=O.C%14C%22=O.C%15C%25=O.N26.N%137.N%188.N%199.N%20%10.N%22%12.N%23%14.N%24%15.N3%16.N5%17	CC(=O)NCC(N)=O.C[C@@H](O)[C@@H]1NC1=O.C[C@@H](O)[C@H](N)C(=O)C(=O)[C@@H](NCC[C@H](N)C=O)[C@@H](C)O.C[C@H](N)C(=O)NCC=O.NCCCC[C@@H](C=O)[C@@H](CO)C(N)=O.NCCCC[C@H](N)C(=O)O
CC[C@H](C)[C@H]9C7=O.C%24(=O)[C@@H]%14[C@@H](C)CC.C%31(=O)[C@@H]%15[C@@H](C)CC.C%32(=O)[C@@H]%18[C@@H](C)CC.C3(=O)[C@@H]%19CCC%20.C4(=O)[C@@H]%21CC(C)C.C6(=O)[C@@H](N)CC%26.C%13(=O)[C@@H]%12C.C%30(=O)[C@@H]%16C.C3(=O)[C@@H]%23C.[C@H]%22(C)C8=O.C2(=O)C%10.N%20C(=N)N.C%25C(=O)O.N2%10.N%13%11.N%24%12.N%28%14.N%30%15.N%32%16.N%31%17.N3%18.N4%19.N5%21.N6%22.N7%23.N8%25	CC[C@H](C)CC(=O)N[C@@H](C)C(=O)C(=O)[C@H](CCCNC(=N)N)NC(=O)[C@@H](N)CC(C)C.CC[C@H](C)[C@H](N)C(=O)N[C@@H](C)C(=O)N[C@H](C(N)=O)[C@@H](C)CC.CC[C@H](C)[C@H](N)C(=O)N[C@@H](C)C(N)=O.CC[C@H](N)C(=O)N[C@@H](C)C(=O)NCC(=O)O.O=C1CN1
C%43(=O)[C@@H]%22CCC(=O)O.C5(=O)[C@@H]%28CCCCN.CC[C@H](C)[C@H]%12C(=O)O.C%42(=O)[C@@H]%18CCC%19.C%44(=O)[C@@H]%20CC(=O)O.C%47(=O)[C@@H]%31CCC%32.C3(=O)[C@@H]%25CC%34.C4(=O)[C@@H]%25[C@@H](C)O.C2(=O)[C@@H]%14CO.C%13(=O)[C@@H]%15C%38.C%24(=O)[C@@H]%15CO.[C@@H]1%36CCCN1%41.C%41(=O)[C@@H]%21CO.C5(=O)[C@@H]%23C%39.C8(=O)[C@@H]%27C%39.C%10(=O)[C@@H]%29CO.C%41(=O)[C@@H]%17C.c1%38c[nH]cn1.C%11(=O)[C@H](C)N.c1%39c[nH]cn1.C%40(=O)C%16.N%19C(=N)N.N%32C(=N)N.C9(=O)C%30.C%35%36=O.C7%37=O.N2%12.N%13%14.N%24%15.N%35%16.N%40%17.N%41%18.N%42%20.N%43%22.N3%23.S%34C.N4%25.N5%26.N6%27.N8%28.N9%29.N%10%30	C=O.CC[C@H](C)[C@H](NC(=O)[C@H](CO)NC(=O)[C@H](Cc1c[nH]cn1)[C@@H](CO)C(N)=O)C(=O)O.CSCC[C@@H](C(=O)N[C@H]1CC[C@H](N)C(=O)N[C@@H](CCCCN)C(=O)C1=O)[C@H](C(N)=O)[C@@H](C)O.C[C@H](N)C=O.C[C@H](NC(=O)CNC(=O)[C@@H]1CCCN1C(=O)CCO)C(=O)N[C@@H](CCCNC(=N)N)C(=O)N[C@H](C=O)CC(=O)O.N.N=C(N)NCCCCC=O.O=C(O)CC[C@@H]1NC1=O.O=C1CNC(=O)[C@H](CO)N1.c1c[nH]cn1
C%21(=O)[C@@H]%11CCC(N)=O.C%25(=O)[C@@H](N)CCC(N)=O.C%20(=O)[C@@H]8CC(=O)O.C%22(=O)[C@@H]9C(C)C.[C@@H]%15(C3=O)[C@@H](C)O.[C@H]%17(CC(N)=O)C4=O.c1%19ccc(O)cc1.N14CCC[C@H]1%18.C2(=O)C6.C%22(=O)C7.C%23(=O)C%14.C%16C3=O.C%18(=O)O.N25.N%126.N%127.N%198.N%209.N%21%10.N%22%11.N%23%12.N%24%14.N%25%15.N3%16.N4%17	CC(C)[C@H](NC(=O)[C@H](CC(=O)O)Nc1ccc(O)cc1)C(=O)C(=O)CNNCC(N)=O.C[C@@H](O)[C@H](NC(=O)[C@@H](N)CCC(N)=O)C(=O)C(=O)CN.NC(=O)CC[C@H](N)C(N)=O.NC(=O)C[C@H](N)C(=O)N1CCC[C@H]1C(=O)O.NCC(N)=O
CCCN.C%13(=O)[C@@H]%14CCCCN.CC[C@H](C)[C@H]5C%22=O.C%12(=O)[C@@H]8CC(C)C.C%18(=O)[C@@H]%10CC(C)C.C%20(=O)[C@@H]%11C.C2(=O)C6.C%13C3=O.C%15C(=O)O.C%23%16=O.N25.N%126.N%177.N%188.N%199.N%20%10.N%21%11.N%22%12.N2%14.N4%15	C=O.CCCN.CC[C@H](C)[C@H](NC(=O)CNC(=O)[C@H](CC(C)C)NC(=O)[C@H](CC(C)C)NC(=O)[C@H](C)N)C(N)=O.N.N.NCC(=O)O.NCCCC[C@H](N)C(=O)CC=O
C%35(=O)[C@@H]%25CCC(=O)O.C%48(=O)[C@@H](N)CCC(=O)O.C%24(=O)[C@@H]%22CCC(=O)O.[C@H]%30(CCC(N)=O)C5=O.C2(=O)[C@@H]%21CCC%21.C%48(=O)[C@@H](N)CC(N)=O.[C@H]%32(CC(C)C)C6=O.[C@H]%33(CC(C)C)C7=O.[C@H]%40(CC(=O)O)C%15=O.[C@H]%42(CCC%43)C%16=O.[C@H]%43(CCC%43)C%17=O.C%47C[C@H]%19C%49=O.[C@@H]%28(C%53=O)C(C)C.[C@@H]%36(C%12=O)C(C)C.[C@@H]%39(C%15=O)C(C)C.C%13(=O)[C@@H]%20CO.C%46(=O)[C@@H]%26C%49.c1%49ccccc1.[C@H]%34(CS)C5=O.[C@H]%36(CC%50)C%10=O.c1%50ccccc1.N18CCC[C@H]1%48.[C@H]%38(CS)C%11=O.N%21C(=N)N.C%41(=O)C%23.C%31CC%50=O.C%37C8=O.N%43C(=N)N.C%41C%18=O.C%45C(=O)O.CS%47.N2%19.N%13%20.N%24%22.N%35%23.N%46%25.N%50%25.N%51%26.N%52%27.N%53%28.N3%29.N4%30.N5%31.N6%32.N7%33.N9%34.N%10%36.N%11%37.N%12%38.N%14%39.N%15%40.N%16%41.N%17%44.N%18%45	CC(C)C[C@@H]1NC1=O.CC(C)C[C@@H]1NC1=O.CC(C)[C@@H](C(=O)N[C@@H](CS)C(=O)NCC(=O)N1CCCC1)[C@@H](CCc1ccccc1)C(N)=O.CC(C)[C@@H]1NC1=O.CC(C)[C@H](N)C(=O)C(=O)[C@@H](N)CC(=O)O.CSCC[C@H](NC(=O)C1CCC1)C(=O)C[C@H](N)C(=O)N[C@@H](CCC(=O)O)C(=O)NCC(=O)CC(=O)NCC(=O)O.N.N.N=C(N)N.N=C(N)NCCC[C@H](CCCCC(N)=O)C(N)=O.NC(=O)CC[C@H](N)C(=O)C(=O)[C@@H](N)CS.NC(=O)C[C@H](N)C(=O)C(=O)[C@@H](N)CCC(=O)O.NCCC(N)=O.O=C(O)CC[C@@H]1NC1=O.O=C1N[C@H]1CO.c1ccccc1
C%41(=O)[C@@H](N)CCCCN.[C@H]%26(CCC(=O)O)C3=O.[C@H]%29(CCC(=O)O)C7=O.[C@H]%32(CCC(=O)O)C9=O.[C@H]%33(CC(=O)O)C%10=O.[C@H]%38(CCC(=O)O)C%16=O.CC[C@H](C)[C@H](N)C%42=O.[C@H]%20(CC(=O)O)C%44=O.[C@H]%21(CCC%22)C%46=O.[C@H]%23(CC(C)C)C%47=O.[C@@H]%27(C4=O)[C@@H](C)CC.[C@H]%31(CC(C)C)C8=O.[C@H]%34(CC(=O)O)C%14=O.[C@H]%36(CC(C)C)C%15=O.[C@H]%39(CC(C)C)C(=O)O.C%24(=O)[C@@H]%18[C@@H](C)O.N1%13CCC[C@H]1%40.[C@H]%26(CO)C4=O.[C@H]%28(C)C5=O.[C@H]%30(C)C9=O.C2(=O)C%19.C%29C6=O.C%37C%12=O.C%24%40=O.N2%17.N%13%18.N%24%19.N%35%20.N%43%21.N%46%23.N%47%25.N%48%26.N3%27.N4%28.N5%29.N6%30.N7%31.N9%32.N%10%33.N%11%36.N%12%37.N%14%38.N%15%39	CC(C)C[C@@H](C=O)NC(=O)[C@H](CCC(=O)O)CC(=O)N[C@@H](C)C(=O)C(=O)[C@@H](N)CCC(=O)O.CC(C)C[C@H](NC(=O)[C@@H](N)CC(C)C)C(=O)O.CCC[C@H](N)C(=O)N[C@@H](CC(C)C)C(N)=O.CC[C@H](C)[C@@H]1NC(=O)[C@H](CCC(=O)O)[C@@H](CO)C(=O)C1=O.CC[C@H](C)[C@H](N)C=O.C[C@@H](O)[C@@H]1NN2CCC[C@H]2C(=O)C1=O.C[C@H](N)C(N)=O.N.NCC(N)=O.NCCCC[C@H](N)C=O.N[C@H](C=O)CC(=O)O.O=C(O)C[C@@H]1NC1=O.O=C1CN1.O=C[C@H](CCC(=O)O)NC(=O)CCC(=O)O
[C@H]7(CCCCN)C%22=O.[C@H]%11(CCCCN)C%25=O.c1%20c[nH]c2ccccc12.[C@H]8(CCS)C%11=O.[C@H]8(CS)C%14=O.[C@H]9(C%20)C%24=O.[C@H]%15(CCS)C%31=O.N1%25CCC[C@H]1%18.[C@H]%15(CS)C3=O.[C@H]%17(C%19)C(=O)O.[C@H]%13(CS)C5=O.C3(=O)[C@@H](N)C%20.[C@H]%12(CS)C%25=O.[C@H]%16(CS)C4=O.[C@H]%10(C)C%22=O.c1%19c[nH]cn1.C%25%18=O.N36.N8C.N%147.N%217.N%228.N%229.N%23%10.N%24%12.N%25%13.N%26%14.N2%15.N4%16.N5%17	CNNN[C@@H](Cc1c[nH]c2ccccc12)C(=O)N[C@@H](CS)C(=O)C(=O)[C@@H]1CCCN1C(=O)[C@H](CCCCN)C(=O)[C@H](CCS)[C@@H](CS)C(=O)N[C@@H](CCCCN)C(=O)C(=O)[C@H](C)N.C[C@H](N)C(=O)C(=O)[C@H](CS)[C@H](C=O)CCS.N.N.N.N.N[C@@H](CS)C(=O)N[C@@H](Cc1c[nH]cn1)C(=O)O.O=C1N[C@H]1CS
C%35(=O)[C@@H]%31CCC(=O)O.C%64(=O)[C@@H]%36CCCCN.[C@H]%38(CCC(N)=O)C5=O.[C@H]%48(CCCCN)C%16=O.CC[C@H](C)[C@H]%26CC==O.C%24(=O)[C@@H]%29CCC%30.C%57(=O)[C@@H]%33[C@@H](C)CC.[C@H]%44(CC(N)=O)C%10=O.[C@H]%47(CC(=O)O)C%17=O.[C@H]%49(CCC%50)C%18=O.[C@H]%51(CC(=O)O)C%19=O.[C@H]%53(CC(N)=O)C%20=O.[C@H]%54(CC(=O)O)C%25=O.C%57(=O)[C@@H]%32[C@@H](C)O.C%68(=O)[C@@H]%33C(C)C.C%68(=O)[C@@H](N)CC%58.c1%63cccc(O)cc1.[C@@H]%39(C7=O)C(C)C.[C@@H]%41(C8=O)C(C)C.[C@H]%42(CC%59)C9=O.[C@@H]%43(C%11=O)C(C)C.c1%64ccc(O)cc1.[C@H]%55(CC%60)C%23=O.C2(=O)[C@@H]%27C%63.c1%63ccccc1.[C@@H]1%50CCCN1%57.[C@H]%36(C%64)C5=O.[C@H]%45(C%65)C%14=O.c1%65ccccc1.N1%20CCC[C@H]1%62.[C@H]%34(C)C3=O.[C@H]%52(C)C%22=O.N%30C(=N)N.N%50C(=N)N.C%56C(=O)O.C%48%61=O.C%21%62=O.N2%26.N%13%27.N%24%28.N%35%29.N%46%31.N%66%32.N%67%33.S%58C.N%68%34.N3%36.N4%37.N5%38.N6%39.N7%40.N8%42.S%59%42.N9%43.N%10%44.N%11%45.N%14%47.N%15%48.N%16%49.S%59C.N%17%51.N%18%52.N%19%53.N%21%54.N%22%55.S%60C.N%23%56	INVALID
C3(=O)[C@@H]%15CCCCN.c1%32c[nH]c2ccccc12.C%13(=O)[C@@H]%16CCC(=O)O.C%34(=O)[C@@H]%17CCC(=O)O.C%35(=O)[C@@H]%18CC(=O)O.C%36(=O)[C@@H]%19CCCCN.C5(=O)[C@@H]%26CCC(=O)O.C6(=O)[C@@H]%28CCC(=O)O.C%30C[C@H]%15C%13=O.C4(=O)[C@@H]%24C(C)C.C%38(=O)[C@@H]%21C%32.c1%33ccc(O)cc1.C%12(=O)[C@@H](N)C%33.c11%33ccccc1.C%36(=O)[C@@H]%22C.C5(=O)C%27.C%10%31=O.CS%30.N3%15.N%14%16.N%25%17.N%34%18.N%35%20.N%37%21.N%38%22.N%39%23.N4%24.N5%25.N6%26.N7C.N8%28.N9%29	INVALID
[C@H]%41(CCCCN)C%11=O.[C@H]%43(CCC(=O)O)C%18=O.C%13(=O)[C@@H]%25CCC%26.C%35(=O)[C@@H]%28CC(C)C.[C@H]%33(CC(C)C)C5=O.[C@H]%40(CC(C)C)C9=O.[C@H]%44(CC(=O)O)C%17=O.[C@H]%55(CC(C)C)C(=O)O.[C@H]%34(CCC%45)C7=O.[C@H]%52(CCC%53)C%22=O.C%58C[C@H]%23C%63=O.C%35(=O)[C@@H]%28C(C)C.C%46(=O)[C@@H]%27CC%59.C%46(=O)[C@@H]%29[C@@H](C)O.C%61(=O)[C@@H](N)CC%60.[C@@H]%31(C3=O)[C@@H](C)O.[C@@H]%36(C6=O)[C@@H](C)O.[C@@H]%39(C9=O)C(C)C.[C@@H]%47(C%12=O)[C@@H](C)O.[C@@H]%48(C%16=O)C(C)O.[C@@H]%51(C%19=O)[C@@H](C)O.[C@@H]%50(C%20=O)[C@@H](C)O.N1%54CCC[C@H]1%61.[C@H]%49(CS)C%14=O.[C@H]%45(C%63)C%14=O.c1%63ccccc1.[C@H]%30(C)C3=O.[C@H]%32(C)C4=O.[C@H]%37(C)C8=O.[C@H]%54(C)C%21=O.C%23.N%25C(=N)N.N%53C(=N)N.C%55%61=O.CS%58.N2%22.N%13%23.N%24%25.S%59C.N%35%27.N%46%28.S%59C.N%57%29.S%60C.N%62%30.N%62%31.N3%32.N3%33.N4%34.N5%36.N6%37.N7%38.N8%39.N9%40.N%10%41.N%11%42.N%12%43.N%14%44.N%14%45.N%15%47.N%15%48.N%17%49.N%18%50.N%19%51.N%20%52.N%21%55.N%22%56	CC(C)C[C@H](C=O)C(=O)O.CC(C)C[C@H]1C(=O)C(=O)[C@@H]1C(C)C.CC(O)[C@@H](C=O)NN[C@H](C(=O)N[C@@H](CCC(=O)O)C(=O)N[C@H](C(=O)N[C@@H](CCCNC(=N)N)C(N)=O)[C@@H](C)O)[C@@H](C)O.CCC[C@H](NC(=N)N)C(N)=O.CS.CSCC[C@H](C)C(=O)C[C@H](CCC[C@H](NC(=O)[C@H](C)NN[C@@H](CC(C)C)C(=O)N[C@H](C(=O)N[C@@H](C)C(=O)N[C@H](C(=O)C(=O)[C@@H](N)CC(C)C)C(C)C)[C@@H](C)O)C(N)=O)C(=O)C(=O)[C@H](CS)NC(=O)[C@H](CC(=O)O)NN.CSCC[C@H](N)C(=O)C(=O)[C@@H](N)[C@@H](C)O.CSCC[C@H](N)C(=O)[C@@H]1CCCN1[C@@H](C)C(N)=O.C[C@@H](O)[C@@H]1NC1=O.C[C@@H]1NN[C@@H]([C@@H](C)O)C(=O)C1=O.N.N.N.NCCCC[C@H](N)C(N)=O.c1ccccc1
C%25(=O)[C@@H]%28CCC(=O)O.C%36(=O)[C@@H]%29CCC(=O)O.C%36(=O)[C@@H]%30CCC(=O)O.C7(=O)[C@@H]%38CCCCN.C%13(=O)[C@@H]%40CCC(=O)O.c1%60c[nH]c2ccccc12.[C@H]%49(CCCCN)C%20=O.[C@H]%50(CCC(N)=O)C%20=O.[C@H]%55(CCC(=O)O)C(=O)O.[C@H]%54(CC(N)=O)C(=O)O.C%65(=O)[C@@H]%32CCC%33.C%64(=O)[C@@H]%34CC(C)C.C9(=O)[C@@H]%41CC(C)C.C%11(=O)[C@@H](N)CC(N)=O.C%10(=O)[C@@H]%43CC%56.[C@@H]%53(C%21=O)C(C)C.[C@@H]%53(C%23=O)[C@@H](C)O.C3(=O)[C@@H]%26CS.C%58(=O)[C@@H]%31CS.[C@@H]1%57CCCN1%72.C%66(=O)[C@@H]%34CS.C4(=O)[C@@H]%35C%61.c1%61ccccc1.C6(=O)[C@@H]%39C%59.C8(=O)[C@@H]%42C%60.[C@H]%49(C%62)C%18=O.c1%62ccccc1.[C@H]%48(C%63)C%20=O.c1%63ccccc1.C3(=O)[C@@H]%37C.[C@H]%44(C)C%17=O.c1%59c[nH]cn1.N%33C(=N)N.C%44C%15=O.N%46C(=N)N.C%51C%22=O.C%69%57=O.N3%24.N%14%26.N%25%27.N%36%28.N%47%29.N%58%30.N%65%31.N%66%32.N%67%34.N4%35.N5%37.N6%38.N7%39.N8%40.N9%41.N%10%42.S%56C.N%11%43.N%12%44.N%13%45.N%15%46.N%16%48.N%17%49.N%18%50.N%19%51.N%20%52.N%21%53.N%22%54.N%23%55	CC(C)C[C@@H](C=O)[C@@H](CS)C(=O)N[C@@H](CCCNC(=N)N)C(=O)N[C@@H](CS)C(=O)N[C@@H](CCC(=O)O)C(=O)C(=O)[C@@H](N)CCC(=O)O.CC(C)C[C@@H]1NC1=O.CC(C)[C@@H](C(N)=O)[C@H](C(=O)N[C@@H](CCC(=O)O)C(=O)O)[C@@H](C)O.CSCC[C@H](NC(=O)[C@@H](N)CC(N)=O)C(=O)N[C@@H](Cc1c[nH]c2ccccc12)C(=O)N[C@@H](CCC(=O)O)C(N)=O.C[C@H](CC(=O)NNC(=N)N)C(N)=O.C[C@H](N)C(=O)C(=O)[C@@H](N)CS.N.N.N.NC(=O)[C@@H](N)CCC(=O)O.NC(=O)[C@@H](N)Cc1ccccc1.NCC(=O)N[C@@H](CC(N)=O)C(=O)O.NCCCC[C@@H]1NC(=O)[C@H](Cc2c[nH]cn2)NC1=O.NCCCC[C@H]1C(=O)C(=O)[C@H](CCC(N)=O)NC(=O)[C@@H]1Cc1ccccc1.O=C1N[C@H]1Cc1ccccc1.O=C[C@@H]1CCCN1
C2(=O)[C@@H]5CC(C)C.C%21(=O)[C@@H]6CC(C)C.C%25(=O)[C@@H]%11CC(C)C.C%16C[C@H]4C(=O)O.C%22(=O)[C@@H]%10CC(C)C.[C@@H]1%17CCCN1%20.C%20(=O)[C@@H]8CO.[C@@H]1%18CCCN1%21.[C@H]%13(CO)C%27=O.[C@H]%15(CO)C3=O.C%23(=O)[C@@H](N)C%18.C%19%105=O.CS%16.N24.N%135.N%136.N%217.N%228.N%239.N%25%11.N%26%12.N%27%14.S%17C.N3%14.N3%15	INVALID
[C@H]%39(CCCCN)C%57=O.[C@H]%47(CCCCN)C7=O.CC[C@H](C)[C@H]%30C%46=O.C%35(=O)[C@@H]%37CCC%38.[C@H]%40(CCC%41)C%68=O.[C@H]%44(CC(=O)O)C3=O.[C@H]%48(CC(C)C)C5=O.[C@H]%51(CC(N)=O)C9=O.[C@H]%52(CC(C)C)C%10=O.[C@H]%54(CC(C)C)C%14=O.[C@H]%58(CC(C)C)C%16=O.[C@@H]%59(C%19=O)[C@@H](C)CC.[C@H]%63(CC(=O)O)C%21=O.[C@H]%64(CC(N)=O)C%22=O.[C@H]%69(CC(C)C)C%30=O.[C@H]%72(CC(N)=O)C%31=O.C2(=O)[C@@H]%32CO.C%13(=O)[C@@H]%33[C@@H](C)O.C%24(=O)[C@@H]%33CCC%74.c1%77ccc(O)cc1.C%35(=O)[C@@H](N)CC%75.[C@@H]%35(C%46=O)[C@@H](C)O.c1%76ccc(O)cc1.[C@@H]%49(C8=O)[C@@H](C)O.[C@@H]%70(C%28=O)C(C)C.c1%78ccc(O)cc1.[C@H]%44(C%76)C%77=O.[C@H]%56(C%77)C%16=O.c1%77ccccc1.[C@H]%60(C%78)C%18=O.[C@H]%64(C%80)C%25=O.c1%80ccccc1.[C@H]%71(C%81)C%28=O.[C@H]%42(C)C%79=O.[C@H]%45(C)C4=O.[C@H]%47(C)C6=O.[C@H]%50(C)C%11=O.c1%76c[nH]cn1.[C@H]%55(C)C%12=O.[C@H]%61(C)C%20=O.[C@H]%65(C)C%23=O.[C@H]%67(C)C%26=O.N%38C(=N)N.C%73C(=O)O.N2%31.N%13%32.S%10CC.N%24%33.S%74C.N%35%34.N%35%36.N%46%39.N%57%40.N%68%42.N%79%43.N%82%44.N3%45.N4%47.N5%49.N6%50.N7%51.N8%52.N9%53.N%10%54.N%11%55.N%12%56.N%14%58.N%15%59.N%16%60.N%17%61.N%18%62.N%19%63.N%20%64.N%21%65.N%22%66.N%23%67.N%25%69.N%26%70.N%27%71.N%28%72.N%29%73	CC(C)C[C@H](NC(=O)[C@@H](N)CC(C)C)C(=O)C(=O)[C@H](Cc1ccccc1)NC(=O)[C@H](C)NC(=O)[C@H](C)NC(=O)[C@H](C)[C@@H](CCCCN)C(=O)N[C@@H](CC(N)=O)C(N)=O.CCC[C@H](NC(=O)[C@@H](N)CCCCN)C(=O)N[C@@H](C)C(N)=O.CCSC(=O)[C@H](CC(C)C)NC(=O)[C@@H](NC(=O)CCC(C)C)[C@@H](C)O.CC[C@H](C)[C@@H](C(=O)C(=O)[C@@H](N)[C@@H](C)O)C(=O)[C@H](CC(C)C)NC(=O)[C@H](Cc1ccccc1)[C@@H](CC(N)=O)C(N)=O.CC[C@H](C)[C@H](N)C(=O)N[C@@H](CC(=O)O)C(=O)N[C@@H](C)C(=O)N[C@@H](C)C(=O)N[C@H](C(=O)C(=O)[C@H](C)N)C(C)C.CC[C@H](N)C(=O)C(=O)CCCCNC(=N)N.CSCCC[C@@H](C(N)=O)[C@H](C(=O)N[C@@H](CO)C(=O)NC(=O)[C@@H](N)CC(N)=O)[C@@H](C)O.C[C@H](N)C(N)=O.C[C@H](NC(=O)[C@H](CC(=O)O)[C@@H](Cc1ccc(O)cc1)C(=O)c1ccc(O)cc1)C(N)=O.N.N.NC(=O)[C@@H](N)Cc1ccc(O)cc1.NCC(=O)O.c1c[nH]cn1
C2(=O)[C@@H]4CC(N)=O.[C@H]9(CCC%10)C%20=O.[C@H]%14(CC(N)=O)C(=O)O.CC(C)[C@H]4C%17=O.C%13(=O)[C@@H]6[C@@H](C)O.C%13(=O)[C@@H]5CO.N1%18CCCC[C@H]1%15.N1%18CCC[C@H]1%16.[C@H]%12(C%17)C%23=O.c1%17ccccc1.C%16(=O)[C@H](C)N.[C@H]%12(C)C%21=O.C%19%15=O.CS%14.N24.N%135.N%186.N%197.N%208.N%219.N%22%11.N3%13	CCC[C@H](NC(=O)[C@H](C)[C@H](C=O)CC(=O)[C@H](C(C)C)[C@@H](CC(N)=O)C(N)=O)C(N)=O.CS[C@@H](CC(N)=O)C(=O)O.C[C@@H](O)[C@H](N)C(=O)C(=O)[C@H](CO)NN.C[C@H](N)C(=O)[C@@H]1CCCN1N1CCCC[C@H]1C(N)=O.N.c1ccccc1
c1%19ccccc1.C%12(=O)[C@@H]6CO.C%13(=O)[C@@H]7CO.[C@@H]1%14CCCN11%25.[C@H]9(C%17)C(=O)O.c1(c[nH]cn1.C%22%12=O.C%24%14=O.N25.N%136.S%11C.N%169	INVALID
C%45(=O)[C@@H]%23CCC(N)=O.c1%43c[nH]c2ccccc12.CC[C@H](C)[C@H]%16C4=O.C%36(=O)[C@@H]%21CC(C)C.[C@H]%28(CCC%29)C6=O.[C@H]%31(CC(C)C)C8=O.[C@H]%33(CC(C)C)C%11=O.C3(=O)[C@@H]%17CC%38.C%25(=O)[C@@H]%18C(C)C.C%47(=O)[C@@H]%20[C@@H](C)O.C%48(=O)[C@@H](N)CCC%39.c1%42ccc(O)cc1.c1%44ccc(O)cc1.[C@@H]%32(C%15=O)C(C)C.C%14(=O)[C@@H]%18CO.[C@@H]1%40CCCN1%46.C%46(=O)[C@@H]%23CCO.[C@H]%27(C%42)C5=O.N19CCC[C@H]1%41.[C@H]%30(C%43)C%12=O.[C@H]%34(CO)C%13=O.[C@H]%35(C%44)C(=O)O.N%29C(=N)N.C%45%40=O.C%10%41=O.N3%16.S%38C.N%14%17.N%25%18.N%36%19.N%45%20.N%47%21.N%48%22.N%49%23.S%39C.N4%24.N5%26.N6%27.N7%28.N8%30.N%10%32.N%12%33.N%13%34.N%15%35	CC(C)CCC(=O)N[C@@H](Cc1c[nH]c2ccccc12)C(=O)N[C@H](C=O)CC(C)C.CC(C)C[C@H](NC(=O)[C@@H](N)[C@@H](C)O)C(N)=O.CC(C)[C@H](NC(=O)[C@@H]1CCCN1)C(=O)N[C@@H](Cc1ccc(O)cc1)C(=O)O.CC[C@H](C)[C@H](NC(=O)[C@H](CCSC)NC(=O)[C@H](CO)[C@H](C(N)=O)C(C)C)C(N)=O.CSCCC[C@H](N)C(N)=O.N.N=C(N)NCCC[C@H](N)C(=O)N[C@@H](Cc1ccc(O)cc1)C(N)=O.NC(=O)CC[C@H]1C(=O)C(=O)[C@@H]2CCCN2C(=O)[C@@H]1CCO.O=C1N[C@H]1CO
[C@H]%14(CCC(=O)O)C%30=O.[C@H]%14(CCC%15)C3=O.[C@H]%17(CC%18)C(=O)O.[C@H]4CC[C@H](N)C2=O.[C@H]6(C%20)C%24=O.c1%20ccccc1.[C@H]8(CO)C%27=O.[C@H][C@H]9(C%19)C%28=O.[C@H]9(C%21)C%29=O.c1%21ccccc1.[C@H]%12(C%22)C%31=O.c1%22ccccc1.[C@H]%16(CS)C4=O.c1%19c[nH]cn1.[C@H]%10(C)C%26=O.C%11C%29=O.N%15C(=N)N.CS%18.N25.N%136.N%247.N%258.N%269.N%27%10.N%28%11.N%29%12.N%30%14.N%31%15.N3%16.N4%17	INVALID
C%14(=O)[C@@H]%17CCC(=O)O.C%25(=O)[C@@H]%18CCC(=O)O.c1%42c[nH]c2ccccc12.[C@H]%30(CCCCN)C%13=O.[C@H]%17(CC(C)C)C%47=O.[C@H]%20(CCC%21)C%48=O.[C@H]%24(CC(=O)O)C4=O.[C@H]%27(CC(C)C)C%11=O.[C@H]%31(CC(C)C)C%12=O.[C@H]%32(CC(N)=O)C%15=O.C%35C[C@H]%15C%47=O.C%43(=O)[C@@H](N)CC%38.[C@@H]%23(C6=O)[C@@H](C)O.C%25(=O)[C@@H]%16C%41.c1%41ccccc1.C%36(=O)[C@@H]%19C%42.[C@@H]1%39CCCN1%44.[C@H]%26(CS)C9=O.N17CCC[C@H]1%40.[C@H]%29(CS)C%12=O.[C@H]%27(C)C%10=O.N%21C(=N)N.C%28C9=O.C%33C%12=O.C8%39=O.CS%35.N3%15.S%37C.N%14%16.N%25%17.N%36%18.N%45%19.N%46%19.S%38C.N%47%21.N%48%22.N%49%23.N5%24.N5%26.N6%27.N8%28.N9%29.N%10%30.N%11%31.N%12%32.N%13%33.N%15%34	C1CCNC1.CS.CSCC[C@@H](C(=O)C(=O)[C@H](CC(C)C)[C@@H](CCC(=O)O)C(=O)N[C@@H](Cc1ccccc1)C(=O)C(=O)[C@H](CCC(=O)O)NC(=O)[C@@H](N)Cc1c[nH]c2ccccc12)C(=O)[C@H](CC(N)=O)NC(=O)CNC(=O)[C@H](CCCCN)NC(=O)[C@H](C)[C@@H](CC(C)C)C(=O)N[C@@H](CC(C)C)C(=O)C(=O)[C@@H](N)CS.CSCC[C@H](N)C=O.C[C@@H](O)[C@H](N)C(N)=O.N.N.N.N=C(N)NCCCCC(N)=O.NN.O=C[C@H](CC(=O)O)NN[C@@H](CS)C(=O)C(=O)CNC(=O)[C@@H]1CCCN1
O.CC(C)C[C@H]5C3=O.C%23(=O)[C@@H]9C(C)C.[C@@H]1%16CCCN1%22.C%22(=O)[C@@H]%10C%17.C%26(=O)[C@@H]%11C%18.c1%18ccccc1.[C@H]%14(C%19)C(=O)O.c1%19ccccc1.C%24(=O)[C@@H]%10C.C2(=O)C6.C%26(=O)CN.C%20%15=O.C%21%16=O.N25.N%136.N%217.N%238.N%249.N%26%10.N%27%11.N3%12.N4%14	C=O.CC(C)C[C@H](NC(=O)CN)C(N)=O.CC(C)[C@H](NC(=O)[C@H](C)[C@@H](C)C(=O)N1CCC[C@H]1C(N)=O)C(N)=O.N.NCC(=O)C(=O)[C@@H](N)Cc1ccccc1.N[C@@H](Cc1ccccc1)C(=O)O.O
C%25(=O)[C@@H]%24CCCCN.c1%60c[nH]c2ccccc12.C%66(=O)[C@@H]%33CCC(=O)O.C5(=O)[C@@H]%37CCC(=O)O.C6(=O)[C@@H]%38CC(=O)O.C%12(=O)[C@@H]%46CCCC(=O)O.[C@H]%55(CCCCN)C%21=O.C%15(=O)[C@@H](N)CCCC(N)=O.C%36(=O)[C@@H]%27CCCCN.C%58(=O)[C@@H]%30CCCCN.C4(=O)[C@@H]%34CCCCN.C8(=O)[C@@H]%40CCCCN.C%11(=O)[C@@H]%41CCCCN.C%58(=O)[C@@H]%28CCC%29.C%64(=O)[C@@H]%31CCC%32.C%10(=O)[C@@H]%42CCC%43.[C@H]%48(CCC%49)C%17=O.[C@H]%52(CCC%53)C%18=O.C%57C[C@H]%22C%16=O.C%25(=O)[C@@H]%33C(C)C.C7(=O)[C@@H]%35C(C)C.c1%63ccc(O)cc1.[C@@H]%50(C%19=O)[C@@H](C)O.C%51(=O)[C@@H]%34C%61.C5(=O)[C@@H]%34C%62.c1%62ccccc1.C%15(=O)[C@@H](N)CC%59.[C@H]%51(C%63)C%20=O.C3(=O)C%23.N%29C(=N)N.C9(=O)[C@@H]%39C.N%39C(=N)N.N%43C(=N)N.N%53C(=N)N.C%54C%22=O.C%56C(=O)O.N3%22.N%14%23.N%25%24.N%36%26.N%47%27.N%58%28.N%64%29.N%65%30.N%66%31.N4%33.N5%34.N6%35.N7%38.N8%38.N9%40.N%10%41.N%11%42.N%12%44.N%13%45.N%15%46.S%57C.N%16%48.N%17%50.N%18%51.N%19%52.N%20%55.N%21%56	CC(C)[C@@H]1NC(=O)[C@H](CC(=O)O)NC1=O.CCC[C@H](NC(=O)[C@H](CCC(=O)O)[C@H](C(=O)C(=O)[C@@H](N)CCCCN)C(C)C)C(N)=O.CCC[C@H](NC(=O)[C@H](CCSC)C(C)=O)C(=O)N[C@H](C(=O)N[C@@H](CCCNC(=N)N)C(N)=O)[C@@H](C)O.CC[C@H](N)C(=O)C(=O)[C@@H](N)CCCC(N)=O.C[C@@H](C(=O)[C@@H](Cc1ccc(O)cc1)C(=O)N[C@@H](CCCCN)C(=O)NCC(=O)O)[C@@H](CCCCN)C(N)=O.C[C@H](NC(=N)N)C(=O)N[C@@H](CCCCN)C(N)=O.N.N=C(N)NCCC[C@@H]1NC(=O)[C@H](CCCCN)NC1=O.N=C(N)NCCC[C@H](N)C(=O)C(=O)[C@@H](N)CCCCN.NC(=O)[C@@H](N)CCCC(=O)O.NCC(N)=O.NCCCC[C@H](N)C(N)=O.N[C@@H](Cc1ccccc1)C(=O)C(=O)CCCC(=O)O.c1ccc2[nH]ccc2c1
C%45(=O)[C@@H]%29CCC(N)=O.C3(=O)[C@@H](N)CCCCN.[C@H]%26(CCC(N)=O)C4=O.[C@H]%27(CCC(N)==O)C%10=O.[C@H]%33(CCC(N)=O)C%11=O.[C@H]%34(CCCCN)C(=O)O.C%35(=O)[C@@H]%18CCC%19.[C@H]%31(CCC%32)C%10=O.C%36C[C@H]%15C4=O.C%24(=O)[C@@H]%17CC%38.C%54(=O)[C@@H]%22[C@@H](C)O.C%44(=O)[C@@H]%23CC%39.C3(=O)[C@@H]%25[C@@H](C)O.[C@H]%30(CC%40)C9=O.C1(=O)[C@@H]%17CO.C%43(=O)[C@@H]%21CS.[C@H]%25(CS)C%44=O.[C@H]%28(C%43)C5=O.c1%43ccccc1.N16CCC[C@H]1%42.[C@H]%26(CO)C%14=O.[C@H]%29(C)C8=O.N%32C(=N)N.S%36.NSO.N2%15.N%13%16.N%24%17.S%37C.N%35%18.N%44%20.S%38C.N%45%21.S%46%22.N3C.N4%23.S%40C.N5%25.N7%26.N7%27.N8%28.N9%29.N%10%30.N%11%31.S%41C.N%12%32.N%14%33.N%15%34	INVALID
C%33(=O)[C@@H]%15CCCCN.[C@H]%28(CCC(=O)O)C(=O)O.CC[C@H](C)[C@H]%10C3=O.C3(=O)[C@@H](N)CC(N)=O.[C@H]%18(CCC%19)C5=O.C%34(=O)[C@@H]%18CCC%19.C%37(=O)[C@@H]%20CC(N)=O.[C@H]%21(CC(=O)O)C6=O.[C@H]%27(CC(=O)O)C8=O.C%38(=O)[C@@H](N)CC%29.c1%32ccc(O)cc1.[C@@H]1%30CCCN1%35.C%36(=O)[C@@H]%16CO.C%37(=O)[C@@H]%17CO.C3(=O)[C@@H]%22CO.C%36(=O)[C@@H]%23CO.[C@H]%26(C%32)C8=O.C2(=O)C%11.c1%31c[nH]cn1.C%33(=O)C%14.N%19C(=N)N.C%34%30=O.N2%10.N%13%11.N%24%12.N%32%14.N%33%15.N%35%16.N%36%17.N%37%18.N%38%20.S%29C.N3%21.N4%22.N5%23.N6%25.N7%26.N8%27.N9%28	CC[C@H](C)[C@H](NC(=O)CN)C(=O)C(=O)[C@@H](N)CC(N)=O.CSCC[C@H](N)C(=O)N[C@@H](CC(N)=O)C(=O)C(=O)[C@@H](N)CO.N.N.N=C(N)N.NC(=O)[C@H](CC(=O)O)NC(=O)[C@@H](N)CO.NCCCC[C@H](N)C(=O)C(=O)CN.N[C@@H](CC(=O)O)C(=O)C(=O)[C@@H](N)Cc1ccc(O)cc1.N[C@@H](CCC(=O)O)C(=O)O.O=C1C(=O)[C@H](CO)NN2CCC[C@H]2C(=O)C(=O)[C@@H]2CCCCCC[C@H]2C(=O)N[C@H]1CO.c1c[nH]cn1
[C@H]6(CCC(N)=O)C%20=O.[C@H]7(CCC(N)=O)C%21=O.[C@H]9(CCC(N)=O)C%24=O.[C@H]%10(CCCCN)C3=O.C)C[C@H]5C%13=O.[C@H]%11(CCC%12)C%22=O.[C@H]%14(CO)C(=O)O)[C@@H](C)O.N12CCC[C@H]1%15.[C@H]8(C%19)C%23=O.c1%19ccccc1.N1%24CCC[C@H]1%18.N%12C(=N)N.C%17%15=O.C%18%16=O.C%25%17=O.N15.N%136.N%207.N%218.N%229.N%23%10.N3%11.N4%14	INVALID
C2(=O)[C@@H]%33CCCCN.C%79(=O)[C@@H]%39CCCCN.C7(=O)[C@@H]%48CCCCN.C8(=O)[C@@H]%49CCC(N)=O.C%27(=O)[C@@H](N)CCC(N)=OO.[C@H]%66(CCCCN)C%28=O.[C@H]%66(CCC(N)=O)C%32=O.CC[C@H](C)[C@H]%32C%28=O.C%13(=O)[C@@H]%34CC(N)=O.C%46(=O)[C@@H]%37CCC%38.C5(=O)[C@@H]%45CC(N)=O.C9(=O)[C@@H]%48CC(C)C.C%10(=O)[C@@H]%51CC(C)C.C3(=O)[C@@H]%42C(C)C.C6(=O)[C@@H]%47CC%70.C%16(=O)[C@@H]%53CC(C)C.c1%77ccc(O)cc1.c1%82ccc(O)cc1.c1%81ccc(O)cc1.C%24(=O)[C@@H]%36C%73.[C@@H]1%71CCCN1%46.C%68(=O)[C@@H]%40CS.C%79(=O)[C@@H]%41C%74.c11%74ccccc1.C4(=O)[C@@H]%43CO.C%12(=O)[C@@H]%52CS.C%14(=O)[C@@H]%53CS.C%15(=O)[C@@H]%54C%75.c1%75ccccc1.C%17(=O)[C@@H]%55C%76.c1%76ccccc1.C%18(=O)[C@@H]%56CS.[C@@H]1%72CCCN1%20.C%20(=O)[C@@H]%59C%77.C%21(=O)[C@@H]%60CS.C%22(=O)[C@@H]%61CS.C%26(=O)[C@@H]%63C%78.c1%78ccccc1.[C@@H]1%73CCCN1%26.C%27(=O)[C@@H]%64CS.[C@H]%67(C%80)C%30=O.c1%80ccccc1.[C@H]%69(C)C%30=O.N%38C(=N)N.C%65C%29=O.C%35%71=O.C%19%72=O.C%25%73=O.N2%32.N%13%33.N%24%34.N%35%36.N%57%37.N%68%39.N%79%40.N%81%41.N3%42.N4%43.N5%44.N6%45.S%70C.N7%47.N8%48.N9%49.N%10%50.N%11%51.N%12%52.N%14%53.N%15%54.N%16%55.N%17%56.N%18%58.N%19%59.N%21%60.N%22%61.N%23%62.N%25%63.N%27%64.N%28%65.N%29%66.N%30%67.N%31%69	INVALID
CC[C@H](C)[C@H]6C%22=O.C2(=O)[C@@H]8CC(N)=O.[C@@H]8(C%27=O)[C@@H](C)CC.[C@H]%11(CC(C)C)C%26=O.[C@H]%12(CC(C)C)C%28=O.[C@H]%15(CCC%16)C3=O.C%21(=O)[C@@H](N)CC%19.c1%20ccc(O)cc1.[C@H]%10(C%20)C%25=O.[C@H]%17(CO)C4=O.[C@H]9(C)C%24=O.C%23(=O)[C@@H]7C.N%16C(=N)N.C%18C(=O)O.N26.N%137.S%19C.N%218.N%239.N%25%10.N%26%11.N%27%12.N%28%14.N3%15.N4%17.N5%18	CC(C)C[C@@H]1NC1=O.CC[C@H](C)[C@@H](C(=O)N[C@@H](CC(C)C)C(N)=O)[C@@H](CC(N)=O)C(=O)N[C@H](C=O)[C@@H](C)CC.CSCC[C@H](N)C(N)=O.C[C@H](N)C(=O)N[C@@H](C)C=O.N=C(N)NCCC[C@@H]1NC1=O.NCC(=O)O.O=C1N[C@H]1CO.O=C1N[C@H]1Cc1ccc(O)cc1
C%28(=O)[C@@H]%15CCCCN.CC(C)C[C@H]8C%30=O.C%13(=O)[C@@H]%10CCC%11.[C@H]%18(CC(C)C)C6=O.[C@H]%20(CCC%21)C(=O)O.[C@H]%14(CCC%15)C4=O.[C@@H]%15(C%29=O)C(C)C.[C@H]%16(CC%22)C7=O.C2(=O)[C@@H]9CS.[C@@H]1%23CCCN1%28.C%26(=O)[C@@H]%14CS.[C@H]%19(CS)C5=O.C%29(=O)[C@H](C)N.N1%25CCCN1.N%11C(=N)N.N%21C(=N)N.C%26%23=O.C2%25=O.N28.N%139.N%26%10.N%27%12.N%28%14.N%29%15.N%30%16.S%22C.N4%17.N5%18.N6%19.N7%20	CC(C)C[C@@H]1NC(=O)[C@H](CS)NC1=O.CC(C)[C@H](N)C(=O)C(=O)[C@H](C)N.CSCC[C@H](NC(=O)[C@@H](N)CC(C)C)C(=O)N[C@@H](CCCNC(=N)N)C(=O)O.N.N.N=C(N)NCCC[C@H](N)C(=O)N[C@@H](CS)C(=O)C(=O)N1CCCN1.NCCCC[C@@H]1CCC[C@@H](C(N)=O)[C@@H](CS)C(=O)C(=O)[C@@H]2CCCN2C1=O
[C@H]%42(CCCCN)C8=O.[C@H]%54(CCCCN)C%20=O.[C@H]%56(CCC(=O)O)C%22=O.CC[C@H](C)[C@H]%29C4=O.C2(=O)[C@@H]%30CC(N)=O.[C@H]%38(CCC%39)C5=O.[C@H]%40(CCC%41)C7=O.[C@H]%43(CC(C)C)C7=O.[C@H]%44(CC(C)C)C%10=O.[C@@H]%47(C%14=O)[C@@H](C)CC.[C@H]%48(CC(C)C)C%14=O.[C@H]%52(CC(C)C)C%17=O.[C@H]%53(CC(C)C)C%19=O.[C@H]%55(CC(C)C)C%22=O.[C@H]%56(CC(C)C)C%23=O.[C@H]%58(CC(C)C)C%23=O.[C@H]%60(CC(C)C)C%26=O.[C@H]%61(CC(C)C)C%27=O.[C@H]%62(CC(=O)O)C%27=O.c1%70ccc(O)cc1.C3(=O)[C@@H](N)CC%64.[C@@H]%45(C6=O)C(C)C.[C@@H]%49(C%12=O)[C@@H](C)O.[C@@H]%50(C%15=O)C(C)C.[C@@H]%51(C%18=O)C(C)C.C%24(=O)[C@@H]%31C%69.[C@@H]1%65CCCN1%46.C%46(=O)[C@@H]%32CO.C%68(=O)[C@@H]%34CO.[C@@H]1%66CCCN1%66.[C@H]%37(CO)C5=O.[C@H]%45(C%71)C9=O.c1%71ccccc1.[C@H]%59(CO)C%16=O.N1%27CCC[C@H]1%67.[C@H]%63(CO)C(=O)O.C%57(=O)C%33.N%39C(=N)N.N%41C(=N)N.C%35%65=O.C%78%66=O.C%28%67=O.N2%29.N%13%30.N%24%31.N%35%32.N%57%33.N%68%34.N%72%34.N3%36.S%64C.N4%37.N5%38.N6%40.N7%42.N8%42.N9%44.N%10%45.N%11%47.N%12%48.N%14%49.N%15%50.N%16%51.N%17%52.N%18%53.N%19%54.N%20%55.N%21%56.N%22%58.N%23%59.N%25%60.N%26%61.N%28%62.N%28%63	INVALID
C2(=O)[C@@H]%15CCC(=O)O.C%13(=O)[C@@H]%16CCCCN.C%42(=O)[C@@H]%17CCC(=O)O.C%45(=O)[C@@H]%22CCCCN.[C@H]%27(CCCCN)C6=O.[C@H]%30(CCCCN)C9=O.[C@H]%34(CCCCN)C(=O)O.CC[C@H](C)[C@H]%14C9=O.C7(=O)[C@@H]%28CCC%29.C8(=O)[C@@H]%31CC(=O)O.C%42(=O)[C@@H]%20[C@@H](C)O.C%43(=O)[C@@H]%23[C@@H](C)O.C5(=O)[C@@H]%26[C@@H](C)O.C4(=O)[C@@H]%27C(C)C.c1%39ccc(O)cc1.[C@H]%30(CC%37)C%10=O.[C@@H]%33(C%12=O)C(C)C.C%35(=O)[C@@H]%18C.C%40(=O)[C@@H]%19C.C%41(=O)[C@@H]%20C.C%44(=O)[C@@H]%25C.c1%38c[nH]cn1.N%29C(=N)N.N%29C(=N)N.N2%14.N%13%15.N%24%16.N%35%17.N%42%18.N%43%19.N%44%20.N%45%21.N%46%22.N3%23.N4%25.N5%26.N6%27.N7%28.S%36C.N8%30.N9%31.N%10%32.S%37C.N%11%33.N%12%34	CC(C)[C@@H](C(=O)N[C@@H](C)C(N)=O)[C@@H](CCCCN)C(N)=O.CC(C)[C@H](N)C(=O)N[C@@H](CCCCN)C(=O)O.CC[C@H](C)[C@H](NC(=O)[C@H](CCC(=O)O)NC(=O)[C@@H](N)CCCCN)C(=O)C(=O)[C@H](CCCCN)[C@@H](CCSC)C(N)=O.CS.C[C@@H](C=O)NC(=O)[C@@H](N)[C@@H](C)O.C[C@@H](O)[C@@H]1NC1=O.C[C@H](N)C(=O)N[C@@H](CCC(=O)O)C(=O)C(=O)[C@H]([C@@H](C)O)[C@@H](C)C=O.N=C(N)N.N=C(N)NCCC[C@@H]1NC1=O.NC(=O)[C@@H](N)CC(=O)O.NCCCC[C@H](N)C(N)=O.Oc1ccccc1.c1c[nH]cn1
C2(=O)[C@@H]%18CCC(N)=O.C%13(=O)[C@@H]%19CCC(=O)O.[C@H]%21(CCC(=O)O)C%48=O.[C@H]%22(CCC(=O)O)C%50=O.[C@H]%25(CCC(=O)O)C%58=O.C%24(=O)[C@@H]%20CC(=))O.C%45(=O)[C@@H](N)CC(C)C.[C@H]%27(CCC(=O)O)C5=O.[C@H]%39(CCCCN)C(=O)O.C[C@H](C)[C@H]%16C%46=O.C%35(=O)[C@@H]%19[C@@H](C)CC.[C@H]%28(CCC%29)C6=O.[C@H]%34(CC%36)C%12=O.[C@H]%38(CCC%40)C%15=O.c1%47ccc(O)cc1.[C@H]%31(CCC%41)C%10=O.[C@@H]%33(C%44.N13CCC[C@H]1%44.[C@H]%26(C%47)C6=O.c1%45c[nH]cn1.[C@H]%26(C)C4=O.N%29C(=N)N.C%30C9=O.N%37C(=N)N.N2%16.N%13%17.N%24%18.N%35%19.N%45%20.S%40C.N%46%21.N%47%22.N%48%23.S%49C.N3%25.N4%26.N5%27.N6%28.N7%30.N8%31.S%41C.N%10%32.S%42C.N%11%33.N%12%36.N%14%38.N%15%39	INVALID
[C@H]%12(CCC%56)C%21=O.[C@H]%14(CCC%15)C3=O.[C@H]%16(CC(C)C)C(=O)O.C2(=O)[C@@H]6C%17.C%13(=O)[C@@H]7CO.[C@H]%148(C%18)C%19=O.c1%18c[nH]cn1.[C@H]%10(C)C%22=O.N%12C(=N)N.C9C%23=O.N%15C(=N)N.C%16C4=O.N25.N%136.N%197.N%208.N%219.N%22%10.N%23%11.N%24%14.N3%16	INVALID
C%13(=O)[C@@H]7CCC(=O)O.C%21(=O)[C@@H]8CCC(=O)O.C%23(=O)[C@@H]%10CCCCN.C%24(=O)[C@@H]%12CCCCN.CC[C@H](C)[C@H]5C(=O)O.C%19(=O)[C@@H]9CC%16.C%20(=O)[C@@H]%22CO.C%25(=O)[C@@H]8CCS.C%18(=O)[C@@H]%10CS.C%113(=O)[C@@H]%15C%17.c1%17ccccc1.C%22(=O)[C@@H]%14C.C2(=O)CN.N%16C(=N)N.N25.N%136.N%188.S%17C.N%199.N%20%10.N%21%11.N%22%12.N%24%14.N2%15	INVALID
C2(=O)[C@@H]%11CCC(N)=O.C%28(=O)[C@@H]%16CCC(N)=O.[C@H]%18(CCCCN)C%30=O.[C@H]%19(CCCCN)C7=O.[C@H]%22(CCC(=O)O)C(=O)O.CC[C@H](C)[C@H]%10C%29=O.[C@H]%21(CC(C)C)C5=O.c1%26cccc(O)cc1.[C@@H]%15(C3=O)[C@@H](C)O.[C@@H]%18(C6=O)[C@@H](C)O.C%13(=O)[C@@H]%10CO.C%24(=O)[C@@H]%12CO.C%27(=O)[C@@H]%14C%26.[C@H]%17(CO)C%29=O.[C@H]%19(CO)C3=O.N1%31CCC[C@H]1%23.N17CCC[C@H]1%25.[C@H]%20(C)C%30=O.C%32%23=O.C8%25=O.N2%10.N%13%11.N%24%11.N%27%12.N%28%14.N%29%15.N%30%16.N3%17.N4%18.N5%19.N6%20.N8%21.N9%22	INVALID
C%30(=O)[C@@H]%17CCCCN.[C@H]%23(CCC)C(=O)O.CC(C)C[C@H]%10C4=O.C%13(=O)[C@@H]%14CC(=O)O.C%29(=O)[C@@H]%17CC(C)C.[C@H]%19(CC(C)C)C8=O.c1%26ccc(O)cc1.C%29(=O)[C@@H]%16C(C)C.[C@@H]%21(C6=O)[C@@H](C)O.C3(=O)[C@@H](N)C%26.[C@H]%22(C%26)C5=O.N16CCC[C@H]1%25.C2(=O)C%11.C%31(=O)C%14.C%32(=O)C%12.C7%25=O.N2%10.N%13%11.N%28%12.N%29%14.N%30%15.N%31%16.N%32%17.N3%18.N4%19.N5%20.N7%21.N8%22.N9%23	CC(C)C[C@H](NC(=O)CNC(=O)[C@H](CC(=O)O)CC(=O)N[C@H](C(=O)C(=O)[C@H](CC(C)C)[C@@H](CCCCN)C(N)=O)C(C)C)C(=O)N[C@@H](CC(C)C)C(=O)N[C@@H](C)C(N)=O.CCC[C@H](N)C(=O)O.C[C@@H](O)[C@@H]1NC(=O)[C@@H]2CCCN2C1=O.N.NC(=O)[C@@H](N)Cc1ccc(O)cc1.NCC(N)=O
(N)C[C@H]4C%20=O.[C@H]%11(CC(=O)O)C%27=O.C%13(=O)[C@@H]5C(C)C.C%18(=O)[C@@H]7C(C)C.[C@@H]%12(C%23=O)C(C)C.[C@H]%10(C%16)C%22=O.c1%16c[nH]cn1.C%19(=O)[C@@H]9C.C2(=O)CN.C8C%21=O.C%10C3=O.C%14C(=O)O.C%15.N24.N%135.N%246.N%187.N%198.N%209.N%21%10.N%22%11.N%23%12.N3%14	INVALID
C%36(=O)[C@@H]%19CCC(=O)O.C%40(=O)[C@@H]%22CCC(=O)O.C%41(=O)[C@@H]%24CCC(=O)O.C%42(=O)[C@@H]%26CCCCN.[C@H]%31(CCC(=O)O)C%11=O.c1%38c[nH]c2ccccc12.CC(C)C[C@H]%13C9=O.C3(=O)[C@@H]%15CCC%16.C%36(=O)[C@@H]%17CC(=O)O.C%41(=O)[C@@H]%20CCC%21.C%41(=O)[C@@H]%23CC(C)C.[C@H]%32(CCC%33)C(=O)O.[C@H]%29(CC%35)C9=O.[C@@H]%29(C%12=O)[C@@H](C)CC.C%14(=O)[C@@H]%15CO.C%39(=O)[C@@H]%18CO.[C@@H]1%37CCCN15.[C@H]%30(CC%38)C%11=O.N%16C(=N)N.N%21C(=N)N.N%33C(=N)N.C6(=O)C%24.C7(=O)C%28.C8(=O)CN.N%33C(=N)N.C4%37=O.N3%13.N%14%15.N%25%15.N%36%17.N%39%18.N%40%19.N%42%20.N%42%22.N4%23.N6%24.N7%26.N8%27.S%35C.N9%28.N%10%29.N%11%30.N%12%31	CC(C)C[C@@H](C=O)NC(=O)[C@@H]1CCCN1.CC[C@H](C)[C@@H](C(=O)N[C@@H](CCC(=O)O)C(=O)C(=O)[C@@H](N)CCc1c[nH]c2ccccc12)[C@@H](CCSC)C(=O)C(=O)[C@H](CC(C)C)NC(=O)[C@H](CCCNC(=N)N)[C@@H](CO)C(=O)NN.N.N=C(N)N.N=C(N)NCCCCC(=O)O.N=C(N)NCCC[C@H](NC(=O)[C@H](CCCCN)NC(=O)CN)C(=O)C(=O)[C@H](CCC(=O)O)CC(N)=O.NCC(N)=O.N[C@@H](CCC(=O)O)C(=O)N[C@@H](CCC(=O)O)C(=O)C(=O)[C@@H](N)CC(=O)O.O=C1N[C@H]1CO
[C@H]%17(CCCCN)C%28=O.[C@H]%16(CCCCN)C3=O.[C@H]%17(CCCCN)C5=O.[C@H]%18(CCCCN)C6=O.C%26(=O)[C@@H]%12CCCCN.CC(C)[C@H]7C%27=O.c1%21ccc(O)cc1.C%24(=O)[C@@H]%10C(C)C.C%26(=O)[C@@H](N)CC%20.C%13(=O)[C@@H]9C%21.C%24(=O)[C@@H]%11C%21.[C@H]%16(C)C4=O.C1(=O)C%14.C%23(=O)C%15.C%19C(=O)O.N27.N%138.N%229.N%23%10.N%24%11.N%25%12.N%26%14.N%27%15.S%20C.N3%16.N4%17.N5%18.N6%19	CC(C)[C@H](N)C(=O)NCC(=O)N[C@H](C(=O)C(=O)[C@H](C)N)C(C)C.CSCC[C@H](N)C(=O)C(=O)[C@@H](N)CCCCN.C[C@@H](C(N)=O)[C@@H](CCCCN)C(N)=O.NC(=O)[C@@H](N)Cc1ccc(O)cc1.NCC=O.NCCCC[C@H](NC(=O)[C@H](CCCCN)[C@H](C=O)CCCCN)C(=O)NCC(=O)O
C%24(=O)[C@@H]%12CCCCN.C%31(=O)[C@@H]%14CCCCN.[C@H]%19(CCC(=O)O)C5=O.[C@H]%22(CCCCN)C(=O)O.C2(=O)[C@@H]%10CCC%11.C%24(=O)[C@@H]%18C(C)C.c1%27ccc(O)cc1.[C@@H]%20(C9=O)[C@@H](C)O.c1%28ccc(O)cc1.[C@H]%21(CC%25)C7=O.C%13(=O)[C@@H]%14C%26.C%30(=O)[C@@H]%15C%27.C%32(=O)[C@@H]%17C%28.N1%31CCC[C@H]1%25.c1%26c[nH]cn1.C%29(=O)[C@@H]%16C.[C@H]%18(C)C6=O.C%22C3=O.N%11C(=N)N.C8%25=O.N29.N%13%10.N%24%11.N%29%12.N%30%14.N%31%15.N%32%16.N%33%17.S%23C.N3%18.N4%19.N5%20.N6%21.N8%22	CC(C)[C@@H](C(=O)C(=O)[C@H](CCCCN)NC(=O)[C@H](C)NC(=O)[C@@H](N)Cc1ccc(O)cc1)[C@@H](C)C(=O)N[C@H](C=O)CC[C@@H]1CCCN1C(=O)[C@H](CCCCN)[C@@H](Cc1c[nH]cn1)C(=O)N[C@@H](CCCNC(=N)N)C(=O)NC(=O)[C@@H](NC(=O)[C@@H](N)CCC(=O)O)[C@@H](C)O.CS.N.NC(=O)[C@@H](N)Cc1ccc(O)cc1.NC=O.NCCCC[C@H](CC(N)=O)C(=O)O
C2(=O)[C@@H]%11CCC(=O)O.C%13(=O)[C@@H]%14CCC(=O)O.[C@H]%18(CCCCN)C5=O.[C@H]%27(CCCCN)C(=O)O.CC[C@H](C)[C@H]%109C%34=O.C%24(=O)[C@@H]%12CCC%14.[C@H]%17(CC(C)C)C%36=O.[C@H]%19(CCC%20)C6=O.C%33(=O)[C@@H](N)CC%28.[C@@H]%16(C%35=O)[C@@H](C)O.[C@@H]%18(C%38=O)[C@@H](C)O.[C@H]%21(CC%29)C7=O.[C@@H]%26(C9=O)[C@@H](C)O.[C@H]%22(C%31)C%101=O.c1%31ccccc1.[C@H]%25(C%30)C8=O.c1%30c[nH]cn1.N%14C(=N)N.N%19C(=N)N.N%20C(=N)N.N2%10.N%13%11.N%24%12.N%33%15.S%32C.N%34%16.N%35%17.N%36%18.N%37%19.N%38%21.S%29C.N4%22.N5%23.N6%25.N7%26.N8%27	INVALID
%20.c1%12ccc(O)cc1.C3(=O)[C@@H](N)CC%10.N1%103.N%17%13.C%18	INVALID
C%40(=O)[C@@H]%19CCC(N)=O.C%41(=O)[C@@H]%20CCCCN.C%24(=O)[C@@H]%14CCC%15.C%42(=O)[C@@H]%17CC(C)C.C3(=O)[C@@H]%21CCC%22.C4(=O)[C@@H]%23CCC%25.C5(=O)[C@@H]%26CCC%27.C%36(=O)[C@@H]%29CCC%30.C%32C[C@H]9C%42=O.C%13(=O)[C@@H]%12[C@@H](C)O.C%37(=O)[C@@H]%16[C@@H](C)C.C%41(=O)[C@@H](N)CC%34.C%24(=O)[C@@H]%12C%36.C%39(=O)[C@@H]%18C%38.c1%38ccccc1.[C@H]%21(C)C%43=O.c1%37c[nH]cn1.[C@H]%27(C)C6=O.[C@H]%28(C)C7=O.[C@H]%31(C)C(=O)O.C2(=O)C%11.N%14C(=N)N.N%25C(=N)N.N%30C(=N)N.CS%32.N29.N%13%11.N%24%12.N%35%13.N%39%16.N%40%17.N%41%18.N%42%19.N%43%20.N3%21.N4%23.N5%26.N6%28.N7%29.S%34C.N8%31	CC(C)[C@H](NC(=O)[C@@H](N)Cc1ccccc1)C(=O)c1c[nH]cn1.CCC[C@@H](C(N)=O)[C@@H](C)C(=O)N[C@@H](CCCCN)C(=O)C(=O)[C@@H](N)CCSC.CCC[C@H](NC(=N)N)C(=O)C(=O)[C@H](CC(=O)[C@H](CCCNC(=N)N)NC(=O)[C@H](C)NC(=O)[C@H](C)CCC[C@@H]1NC1=O)[C@H](C(=O)NCC(=O)N[C@@H](CCSC)C(=O)C(=O)[C@H](CC(C)C)NC(=O)[C@@H](N)CCC(N)=O)[C@@H](C)O.C[C@H](N)C(=O)O.N.N.N=C(N)NCCC[C@@H]1NC1=O
C2(=O)[C@@H]%12CCCCN.C%36(=O)[C@@H]%14CCC(N)=O.[C@H]%28(CCC(=O)O)C(=O)O.CC[C@H](C)[C@H]%11C6=O.C%39(=O)[C@@H]%16CCC%17.C5(=O)[C@@H]%23CCC%25.C4(=O)[C@@H]%29CCC%30.C%39(=O)[C@@H]%19CC%30.C%40(=O)[C@@H]%18CC%31.C3(=O)[C@@H]%22[C@@H](C)O.C5(=O)[C@@H](N)C(C(C)C.[C@@H]1%32CCCN1%35.C%35(=O)[C@@H]%18CO.C%38(=O)[C@@H]%20C%34.[C@H]%25(C%36)C9=O.N19CCC[C@H]1%33.C%41(=O)[C@@H]%15C.c1%34c[nH]cn1.c1%36c[nH]cn1.N%17C(=N)N.N%25C(=N)N.N%26C(=N)N.C%26C7=O.C%27C8=O.N%30C(=N)N.C%24%32=O.C%10%33=O.N2%11.N%13%12.N%24%14.N%38%15.N%39%16.S%32C.N%40%18.N%40%19.N4%20.N4%21.N6%22.N7%23.N8%26.N%10%27.N%10%28	INVALID
C%33(=O)[C@@H]%11CCC(N)=O.C%30(=O)[C@@H]%12CCC(=O)O.c1%26c[nH]cccccc2.[C@H]%23(CCCCN)C(=O)O.CC[C@H](C)[C@H]8C%38=O.C3(=O)[C@@H]%13CCC%15.C%29(=O)[C@@H]%16CC(C)C.C%34(=O)[C@@H]%19[C@@H](C)CC.C%37(=O)[C@@H](N)[C@@H](C)O.c1%28ccc(O)cc1.[C@@H]1%23CCCN1%28.C%31(=O)[C@@H]%17C%24.c1%24ccccc1.C%32(=O)[C@@H]%18C%26.[C@H]%20(C%27)C5=O.c1%27ccccc1.[C@H]%22(C)C5=O.N%15C(=N)N.C%18C6=O.C%21C7=O.C%25%23=O.N38.N%149.N%29%10.N%30%11.N%31%12.N%32%13.N%33%16.N%34%17.N%35%18.N4%19.N5%20.N6%21.N7%22	INVALID
C%13(=O)[C@@H]6CCCCN.C%21(=O)[C@@H]7CCC(=O)O.[C@H]%15(CCCCN)C2=O.C%22(=O)[C@@H]9CCCCN.C%17(=O)[C@@H]%10CCC%11.C%19(=O)[C@@H]%14CCC%15.C%22(=O)[C@@H](N)CC(=O)O.C4C%23=O.C%19(=O)C4.C%20(=O)C7.C9C%21=O.N%11C(=N)N.C%17C(=O)O.CS%17.N14.N%135.N%176.N%187.N%198.N%209.N%21%10.N%22%12.N%23%13.N%24%15.N3%16	CSN[C@@H](CCCCN)C(N)=O.N.N.N.N.N.N.N=C(N)NCCC[C@H](N)C(=O)CC(=O)O.NCCCC[C@@H](C=O)CCCCC(=O)C(=O)CCC(N)=O.NCCCC[C@H](CC(=O)C(=O)[C@H](CCC(=O)O)CC(N)=O)C(=O)C(=O)[C@@H](N)CC(=O)O
C2(=O)[C@@H]6CCC(N)=O.C%13(=O)[C@@H]5CCC(N)=O.[C@H]7(CCC(N)=O)C%24=O.C%18(=O)[C@@H](N)CC%17.[C@H]9(CO)C%21=O.[C@H]%11(C%19)C%21=O.N1%21CCC[C@H]1%18.[C@H]%10(CS)C%24=O.[C@H]%12(C%20)C%26=O.c1%20ccccc1.[C@H]%14(CO)C%28=O.[C@H]%15(CO)C4=O.[C@H]%16(CO)C(=O)O.[C@H]8(C)C%23=O.c1%19c[nH]cn1.C%22%18=O.N25.N%136.S%17C.N%207.N%228.N%239.N%24%10.N%25%11.N%26%13.N3%15.N4%16	CSCC[C@H](N)C(=O)[C@@H]1CCCN1.C[C@H](NC=O)C(=O)N[C@@H](CO)C(=O)C(=O)[C@@H](N)Cc1c[nH]cn1.NC(=O)CC[C@@H]1NC(=O)[C@H](CCC(N)=O)NC1=O.NC(=O)CC[C@H](N)C(=O)C(=O)[C@@H](N)CS.NC(=O)CCc1ccccc1.N[C@@H](CO)C(=O)N[C@@H](CO)C(=O)O.O=CCCO
C%36(=O)[C@@H]%24CCC(N)=O.c1%52c[nH]c2ccccc12.C%57(=O)[C@@H]%30CCC(N)=O.C%15(=O)[C@@H]%45CCCCC(N)=O.CC[C@H](C)[C@H]%21C%17=O.C6(=O)[C@@H]%34CC(=O)O.C%16(=O)[C@@H](N)CCC(=O)O.C3(=O)[C@@H]%22[C@@H](C)O.c1%51ccc(O)cc1.C%56(=O)[C@@H]%26[C@@H](C)C.C%56(=O)[C@@H]%27CC%48.C5(=O)[C@@H]%32[C@@H](C)O.c1%53ccc(O)cc1.c1%54ccc(O)cc1.[C@@H]%44(C%19=O)[C@@H](C)O.C%14(=O)[C@@H]%23C%53.[C@@H]1%49CCCN1%47.C%58(=O)[C@@H]%30C%54.C4(=O)[C@@H]%31C%55.c1%55ccccc1.C7(=O)[C@@H]%33CO.C9(=O)[C@@H]%35CO.C%10(=O)[C@@H]%38C%49.C%12(=O)[C@@H]%39C%51.C%15(=O)[C@@H]%41C%52.[C@H]%42(C%53)C%18=O.[C@H]%45(C%50)C%20=O.C%57(=O)[C@@H]%28C.c1%50c[nH]cn1.C%13(=O)C%39.CC(=O)O.C%25%49=O.N3%21.N%14%22.N%25%23.N%47%24.N%55%26.S%48C.N%56%27.N%57%28.N%58%29.N4%30.N5%31.N6%32.N7%33.N8%34.N9%35.N%10%37.N%11%38.N%12%39.N%13%40.N%15%41.N%16%42.N%17%43.N%18%44.N%19%45.N%20%46	CC(=O)O.CC[C@H](C)[C@H](NC(=O)[C@@H](NC(=O)[C@H](Cc1ccc(O)cc1)NC=O)[C@@H](C)O)C(N)=O.CSCC[C@H](N)C(=O)C(=O)[C@@H](N)C(C)C.C[C@@H](O)[C@H](NC(=O)[C@@H](N)CC(=O)O)C(=O)N[C@@H](Cc1ccccc1)C(N)=O.C[C@H](N)C(=O)C(=O)[C@H](CCC(N)=O)[C@@H](Cc1ccc(O)cc1)C(N)=O.C[C@H](NC(=O)[C@@H](N)CCC(=O)O)C(=O)N[C@H](C(N)=O)[C@@H](C)O.NC(=O)CCCC[C@@H](C(=O)C(=O)[C@@H](N)Cc1c[nH]c2ccccc12)[C@@H](Cc1c[nH]cn1)C(N)=O.NC(=O)CC[C@@H](C=O)NN1CCC[C@H]1C[C@H](N)C(N)=O.NC(=O)C[C@@H](Cc1ccc(O)cc1)C(N)=O.O=C1N[C@H]1CO.O=C1N[C@H]1CO
C%25(=O)[C@@H]%35CCC(=O)O.C%61(=O)[C@@H]%39CCC(=O)O.c11%71c[nH]c2ccccc12.CC(C)C[C@H]%29C%10=O.C3(=O)[C@@H]%30CCC(=O)O.C%36(=O)[C@@H]%33CC%34.C%74(=O)[C@@H]%40CCC%41.C5(=O)[C@@H]%44CC(=O)O.C7(=O)[C@@H]%45CC(C)C.C8(=O)[C@@H]%48CC(=)=O.[C@H]%49(CC(N)=O)C%13=O.[C@H]%51(CC(C)C)C%15=O.[C@H]%52(CC(C)C)C%18=O.[C@H]%57(CC(N)=O)C%22=O.[C@H]%59(CC(=O)O)C%23=O.[C@H]%60(CCC%61)C%26=O.[C@H]%63(CC(=O)O)C%27=O.[C@H]%64(CC(C)C)C%28=O.C%69(=O)[C@@H]%38CC(C)C.C%10=O)[C@@H](N)C(C)C.C%14(=O)[C@@H]%31C(C)C.C%36(=O)[C@@H]%32[C@@H](C)O.c1%72ccc(O)cc1.[C@@H]%50(C%16=O)[C@@H](C)O.[C@@H]%54(C%17=O)C(C)C.[C@@H]%55(C%20=O)[C@@H](C)O.C%47(=O)[C@@H]%37C%71.[C@@H]1%68CCCN1%10.[C@H]%53(C%71)C%19=O.c1%70c[nH]cn1.[C@H]%62(C%72)C%16=O.[C@@H]1%70CCCN1.N%34C(=N)N.C4(=O)C%43.C6(=O)C%45.N%50C(=N)N.C%56C%21=O.C%66C(=O)O.C9%68=O.C9%68=O.N3%29.N%14%31.N%25%32.N%36%33.N%47%35.N%58%37.N%69%38.N%74%39.N%77%40.N4%42.N5%43.N6%44.N7%45.N8%46.N9%48.N%11%49.N%12%50.N%13%51.N%15%52.N%16%53.N%17%54.N%18%55.N%19%56.N%20%57.N%21%59.N%22%60.N%23%62.N%24%63.N%26%64.N%27%65.N%28%66	INVALID
C2(=O)[C@@H]4CCCC(=O)O.C%16(=O)[C@@H]6CCC(=O)O.C%19(=O)[C@@H]%10CCC(=O)O.C%18(=O)[C@@H]7CC(=O)O.[C@H]%14(CCC%153C(=O)O.C%17(=O)[C@@H]8CCC9.[C@H]%12(C)C%19=O.C%10C%21=O.C1(=O)CN.N%14C(=N)N.N13.N%124.N%165.N%176.N%187.N%198.N%20%10.N%21%12.N3%14	INVALID
[C@H]%25(CCC(N)=O)C%35=O.[C@H]%22(CC(=O)O)C%13=O.[C@H]%27(CC(C)C)C%56=O.[C@@H]%29(C%68=O)[C@@H](C)CC.[C@H]%31(CC(N)=O)C%59=O.[C@H]%46(CCC%47)C%25=O.[C@H]%51(CC(C)C)C(=O)O.[C@H]%28(CC(C)C)C%57=O.[C@H]%30(CC(=O)O)C3=O.[C@H]%38(CC(C)C)C%10=O.[C@H]%39(CC(C)C)C%11=O.[C@H]%41(CC(=O)O)C%17=O.[C@H]%45(CC(N)=O)C%16=O.[C@H]%48(CC(N)=O)C%18=O.[C@H]%49(CC(N)=O)C%19=O.[C@@H]%26(C%46=O)[C@@H](C)O.c1%55ccc(O)cc1.N12CCC[C@H]1%52.[C@H]%23(C%53)C6=O.[C@H]%36(CS)C7=O.[C@H]%37(CS)C8=O.[C@H]%38(CO)C9=O.[C@H]%40(C%54)C%12=O.[C@H]%41(CO)C%15=O.[C@H]%48(CS)C%20=O.c1%53c[nH]cn1.[C@H]%32(C)C4=O.c1%54c[nH]cn1.[C@H]%33(C%55)C5=O.[C@H]%43(C)C%17=O.[C@H]%50(C)C%21=O.C%13%52=O.N2%22.N%13%23.N%35%25.N%46%27.N%56%28.N%56%29.N%58%30.N%59%32.N3%33.N4%34.N5%36.N6%37.N7%38.N8%39.N9%40.N%10%41.N%11%42.N%12%43.N%14%44.N%15%45.N%16%47.N%17%48.N%18%49.N%19%50.N%20%51	CC(C)C[C@@H](C(N)=O)[C@@H](CO)C(=O)N[C@@H](Cc1c[nH]cn1)C(=O)N[C@@H](C)C(=O)C(=O)[C@H](CC(=O)O)[C@@H](CO)C(=O)N[C@@H](CC(N)=O)C(=O)NCCC[C@H](C(=O)C[C@@H](C)O)C(=O)[C@@H](CCC(N)=O)C(N)=O.CC(C)C[C@@H](C=O)NC(=O)[C@@H](N)CC(C)C.CC(C)C[C@H](NC(=O)[C@H](CS)NC(=O)[C@@H](N)Cc1c[nH]cn1)C(N)=O.CC(C)C[C@H](NC(=O)[C@H](CS)[C@@H](CC(N)=O)C(=O)N[C@@H](CC(N)=O)C(=O)N[C@@H](C)C=O)C(=O)O.CC[C@H](C)[C@H](N)C=O.C[C@H](NC(=O)CCC(N)=O)C(N)=O.N.N.NC(=O)[C@H](CS)NC(=O)[C@H](Cc1ccc(O)cc1)NC(=O)[C@@H](N)CC(=O)O.O=C(O)C[C@@H]1NN2CCC[C@H]2C(=O)C1=O
[C@H]%10(CCC(=O)O)C%23=O.[C@H]%10(CCC(=O)O)C%26=O.[C@H]%12(CC(=O)O)C%28=O.[C@H]%17(CCC%100)C4=O.C%19C[C@H](N)C2=O.[C@@H]9(C%13=O)[C@@H](C)O.[C@@H]%16(C%29=O)[C@@H](C)O.c1%22ccc(O)cc1.[C@H]7(CO)C%24=O.N1%24CCC[C@H]1%20.[C@H]%15(C%21)C3=O.c1%21ccccc1.[C@H]%18(C%22)C(=O)O.C%104C%25=O.N%14C(=N)N.C%15C%30=O.C%17C6=O.C%26%20=O.CS%19.N27.N%138.N%249.N%25%10.N%27%11.N%28%12.N%29%14.N3%15.N4%16.N5%17.N6%18	CSCC[C@H](N)C(=O)N[C@@H](CO)C(=O)N1CCC[C@H]1C(=O)C(=O)[C@H](CCC(=O)O)[C@H](C=O)CCC(=O)O.C[C@@H](O)[C@H](N)C(=O)NNC(=N)N.C[C@@H](O)[C@H](N)C(N)=O.N.N.NC(=O)C1CCC[C@H](CC(=O)N[C@@H](Cc2ccc(O)cc2)C(=O)O)C1=O.NC(=O)[C@@H](CC=O)Cc1ccccc1.O=C(O)C[C@@H]1NC1=O
C%46(=O)[C@@H]%50CCCCN.[C@H]%61(CCC(=O)O)C%11=O.[C@H]%87(CCCCN)C%38=O.[C@H]%94(CCCCCN)C(=O)O.CC[C@H](C)[C@H]%45C%101=O.C2(=O)[C@@H]%47CC(C)C.C%35(=O)[C@@H]%49CC(C)C.C%68(=O)[C@@H]%51CC(N)=O.[C@H]%56(CCC%58)C3=O.[C@H]%58(CC(C)C)C7=O.[C@H]%86(CC(N)=O)C%37=O.C%57(=O)[C@@H]%52CC(N)=O.C%79(=O)[C@@H]%53CCC%54.[C@H]%55(CC(C)C)C5=O.[C@H]%64(CCC%65)C%14=O.[C@H]%69(CC(N)=O)C%17=O.[C@H]%70(CC(C)C)C%20=O.[C@H]%75(CCC%76)C%23=O.[C@H]%78(CC(=O)O)C%27=O.[C@H]%80(CC(C)C)C%28=O.[C@@H]%83(C%31=O)[C@@H](C)CC.[C@@H]%85(C%33=O)[C@@H](C)CC.[C@H]%85(CC(C)C)C%36=O.c14ccc(O)cc1.C%90(=O)[C@@H](N)CC%95.[C@@H]%72(C%22=O)[C@@H](C)O.[C@H]%82(CC%96)C%30=O.[C@@H]%81(C%29=O)C(C)C.[C@H]%88(CCC%95)C%39=O.[C@@H]%93(C%44=O)[C@@H](C)O.[C@@H]1%96CCCN1%35.N17CCC[C@H]1%97.[C@H]%59(C4)C9=O.[C@H]%60(CO)C%10=O.[C@H]%63(CO)C%14=O.[C@H]%77(CO)C%26=O.N1%31CCC[C@H][C@H]1%98.[C@H]%84(CO)C%33=O.N1%33CCC[C@H]1%98.[C@H]%91(CO)C%41=O.[C@H]%92(CS)C%42=O.N1%42CCC[C@H]1%99.[C@H]%70(C)C%19=O.[C@H]%74(C)C%25=O.C%13(=O)C%48.N%54C(=N)N.N%65C(=N)N.C%66C%16=O.C%67C%18=O.C%71C%21=O.N%76C(=N)N.C%89C%40=O.C%24%96=O.C8%97=O.C%32%98=O.C%34%99=O.C%43%99=O.N2%45.N%13%47.N%24%48.N%46%49.N%57%50.N%68%51.N%79%52.S%95C.N%90%53.N3%55.N5%56.N6%58.N8%59.N9%60.N%11%61.N%12%62.N%14%63N%14%64.N%15%66.N%16%67.N%17%69.N%18%69.N%19%70.N%20%71.N%21%72.N%22%73.S%100C.N%23%74.N%25%75.N%26%78.N%27%80.N%28%81.N%29%82.S%96C.N%30%83.N%32%84.N%34%85.N%36%86.N%37%87.N%38%88.S%95C.N%39%89.N%40%91.N%41%92.N%43%93.N%44%94	INVALID
[C@H]%79(CCC(N)=O)C%37=O.[C@H]%93(CCCCCN)C(=O)OO.CC[C@H](C)[C@H]%51C%28=O.C%12(=O)[C@@H]%62CC(N)=O.C%26(=O)[C@@H]%73[C@@H](C)CC.C%27(=O)[C@@H](N)CC(N)=O.[C@H]%74(CC(=O)O)C%29=O.[C@@H]%76(C%30=O)[C@@H](C)CC.[C@@H]%77(C%30=O)[C@@H](C)CC.[C@@H]%88(C%41=O)[C@@H](C)CC.[C@H]%90(CCC%91)C%45=O.C%11(=O)[C@@H]%60[C@@H](C)C.C%14(=O)[C@@H]%61[C@@H](C)O.c17ccc(O)cc1.C%22(=O)[C@@H]%68[C@@H](C)O.C%23(=O)[C@@H]%70[C@@H](C)O.C%24(=O)[C@@H]%71C(C)C.c189ccc(O)cc1.[C@H]%84(CC%94)C%40=O.C2(=O)[C@@H]%52C7.c1%106ccccc1.C%31(=O)[C@@H]%54CS.C%42(=O)[C@@H]%55CS.[C@@H][C@@H]1%95CCCN1%53.[C@@H]1%96CCCN1%64.C%64(=O)[C@@H]%56C4.[C@@H]1%98CCCN1%11.[C@@H]1%99CCCN1%15.[C@@H]1%100CCCN1%16.C%21(=O)[C@@H]%69C%107.[C@H]%78(CS)C%34=O.N1%32CCC[C@H]1%102.[C@H]%80(C8)C%35=O.[C@H]%81(C%10)C%36=O.c1%10ccccc1.[C@H]%82(C%105)C%38=O.[C@H]%82(C6)C%39=O.[C@H]%89(CS)C%46=O.[C@H]%89(C5)C%47=O.N1%47CCC[C@H]1%103.[C@H]%92(C6)C%50=O.c1%104c[nH]cn1.C%86(=O)[C@@H]%58C.c14c[nH]cn1.C%19(=O)[C@@H]%67C.c1%107c[nH]cn1.c15c[nH]cn1.c16c[nH]cn1.C%75(=O)C%57.C%97(=O)C%59.C%16(=O)C%62.C%17(=O)C%65.C%18(=O)C%66.C%25(=O)C%71.C%83C%40=O.C%87C%43=O.C%88C%43=O.N%91C(=N)N.C%42%95=O.C%53%96=O.C3%10%98=O.C%13%100=O.C%15%101=O.C%33%47=O.C%483=O.N2%51.N%20%52.N%31%54.N%53%55.N%75%56.N%86%57.N%97%58.N3%59.N%12%60.N%13%61.N%14%62.N%17%63.N%18%63.N%19%65.N%21%66.N%22%67.N%23%68.N%24%69.N%25%70.N%26%71.N%27%72.N%28%73.N%29%74.N%30%76.N%30%77.N%33%78.N%34%79.N%35%80.N%36%81.N%37%82.N%38%83.N%39%84.S%94C.N%40%85.N%41%87.N%43%88.N%45%89.N%46%90.N%48%92.N%50%93	INVALID
[C@H]%11(CCC(N)=O)C%13=O.[C@H]%17(CCC(N)=O)C%34=O.[C@H]%21(CCCCN)C%45=O.[C@H]%25(CCC(N)=O)C%42=O.[C@H]%25(CCCCN)C1=O.[C@H]%14(CCC%15)C%37=O.[C@H]%16(CC(C)C)C%35=O.[C@H]%19(CC(C)C)C%40=O.[C@H]%22(CC(=O)O)C4=O.[C@H]%24(CCC%26)C8=O.[C@H]%28(CC(=O)O)C%10=O.[C@H]%30(CCC%31)C(=O)O.C%32C[C@H](N)C2=O.[C@@H]%20(C3=O)C(C)C.[C@@H]%28(C6=O)[C@@H](C)O.[C@@H]%29(C9=O)[C@@H](C)O.[C@H]%18(C%33)C%38=O.c1%33ccccc1.[C@H]%16(C)C%35=O.[C@H]%19(C)C5=O.N%15C(=N)N.C%23C7=O.N%31C(=N)N.CS%32.N2%11.N%13%12.N%24%14.N%35%16.N%36%17.N%37%18.N%38%19.N%39%20.N%41%21.N4%22.N5%23.N6%25.N7%27.N8%28.N9%29.N%10%30	INVALID
[C@H]%22(CCCCN)C%14=O.[C@H]%22(CCCCN)C%25=O.[C@H]%26(CCC(=O)O)C%47=O.[C@H]%27(CCC(=O)O)C%54=O.c1%50c[nH]c2ccccc12.[C@H]%32(CCC(N)=O)C5=O.[C@H]%34(CCC(N)=O)C8=O.c1%51c[nH]c2ccccc12.[C@H]%38(CCCCN)C%12=O.c1%53c[nH]c2ccccc12.[C@H]%42(CCC(N)=O)C%17=O.[C@H]%44(CCC(N)=O)C%20=O.[C@H]%45(CCC(N)=O)C(=O)O.C3(=O)[C@@H](N)CCCCN.[C@H]%43(CCC(N)=O)C%18=O.[C@H]%32(CC(C)C)C7=O.[C@H]%39(CC(=O=O)C%15=O.[C@H]%60(CC(=O)O)C%22=O.[C@H]%28(CC%46)C%55=O.[C@H]%29(C%50)C%55=O.[C@H]%30(C%51)C4=O.[C@H]%31(CO)C5=O.[C@H]%33(CO)C6=O.[C@H]%40(C%52)C%16=O.c1%52ccccc1.[C@H]%41(C%53)C%17=O.N1%18CCC[C@H]1%49.C%38C%11=O.C%42C%10=O.C%39C%13=O.C%36%48=O.C%19%49=O.N3%48.N%14%22.N%14%23.N%25%24.N%36%26.N%53%27.N%54%28.S%56C.N%55%29.N4%30.N5%31.N6%32.N7%33.N8%34.N9%35.N%10%37.N%11%38.N%13%39.N%15%40.N%16%41.N%17%42.N%19%43.N%20%44.N%21%45	INVALID
C2(=O)[C@@H]%22CCC(=O)O.[C@H]%28(CCCCN)C%58=O.[C@H]%38(CCC(N)=O)C%10=O.[C@H]%44(CCC(N)=O)C%15=O.[C@H]%45(CCCCN)C%16=O.[C@H]%43(CCC(N)=O)C%18=O.[C@H]%48(CCCCN)C%20=O.[C@H]%49(CCC(N)=O)C(=O)O.CC[C@H](C)[C@H]%21C%35=O.[C@H]%25(CCC%27)C%46=O.[C@H]%30(CC(C)C)C%59=O.[C@H]%33(CC(C)C)C6=O.[C@H]%36(CC(C)C)C9=O.[C@H]%37(CC(N)=O)C%10=O.[C@H]%42(CC(N)=O)C%14=O.[C@H]%45(CCC%47)C%17=O.C%13(=O)[C@@H]%23CC%50.C%24(=O)[C@@H](N)CC%51.[C@H]%34(CC%52)C7=O.[C@H]%39(CC%53)C%11=O.[C@@H]%41(C%12=O)[C@@H](C)O.[C@H]%29(CO)C%59=O.N1%49CCC[C@H]1%54.[C@H]%32(CO)C4=O.[C@H]%38(CO)C5=O.[C@H]%40(CO)C8=O.[C@H]%43(C%56)C%19=O.c1%56ccccc1.C%13(=O)C%26.N%27C(=N)N.N%47C(=N)N.C%50%54=O.N2%22.N%13%23.N%24%25.S%50C.N%35%26.N%46%28.N%57%29.N%58%30.N%58%31.N3%32.S%51C.N5%33.N6%34.S%53C.N7%36.N8%37.N9%38.N%10%39.S%54C.N%11%40.N%14%41.N%15%42.N%16%43.N%17%44.N%18%45.N%19%48.N%20%49	CC[C@H](C)CC(=O)NCC(=O)C(=O)[C@@H](N)CCC(=O)[C@@H]1CCCN1[C@@H](CCC(N)=O)C(=O)O.CC[C@H](NC(=O)[C@H](CC(C)C)NC(=O)[C@H](CO)[C@@H](CCC(N)=O)C(=O)C(=O)[C@H](CC(N)=O)NC(=O)[C@H](CO)NC(=O)[C@@H](N)CCSC)C(=O)N[C@@H](CC(C)C)C(N)=O.CS.CS.CSCC[C@H](N)C(=O)N[C@@H](CCCNC(=N)N)C(=O)N[C@@H](CCCCN)C(=O)N[C@@H](CC(C)C)C(=O)C(=O)[C@@H](N)CO.C[C@@H](O)[C@@H](C=O)NC(=O)[C@H](CC(N)=O)NC(=O)[C@H](CCC(N)=O)NC(=O)[C@H](CCCNC(=N)N)[C@@H](CCCCN)C(N)=O.N.NCCCC[C@H](NC(=O)[C@H](Cc1ccccc1)[C@@H](CCC(N)=O)C(N)=O)C(N)=O.N[C@H](C=O)CO.O=C(O)CC[C@@H]1NC1=O
C%13(=O)[C@@H]%16CCCCN.[C@H]%19(CCC(N)=O)C%45=O.[C@H]%17(CCC%18)C%46=O.[C@H]%18(CC(=O)O)C%38=O.[C@H]%15(CC(=O)O)C3=O.[C@H]%20(CC(C)C)C%39=O.[C@H]%26(CCC%27)C%11=O.CC(C)[C@H]%13C%37=O.[C@@H]%21(C%40=O)C(C)C.[C@@H]%25(C4=O)[C@@H](C)O.[C@@H]%34(C%12=O)C(C)C.C2(=O)[C@@H]%15C%38.c1%37ccccc1.[C@H]%22(CO)C5=O.[C@H]%24(C%34)C7=O.N15CCC[C@H]1%32.[C@H]%28(C%39)C9=O.c1%39ccccc1.[C@H]%29(CO)C%10=O.[C@H]%23(C)C6=O.c1%34c[nH]cn1.[C@H]%30(C)C(=O)O.N%18C(=N)N.N%27C(=N)N.CS%31.N2%13.N%13%15.N%24%16.N%35%17.N%36%19.N%37%20.N%39%21.N%40%22.N4%23.N6%24.N7%25.N8%26.N9%28.N%10%29.N%11%30	CC(C)C[C@H](N)C(=O)C[C@@H]1NC1=O.CC(C)[C@@H](C(=O)c1ccccc1)C(=O)[C@H](CCCCN)N[C@@H](C[C@H](C=O)C(C)C)C(=O)N[C@H](C(=O)N[C@@H](C)C(N)=O)[C@@H](C)O.CC(C)[C@H](Nc1ccccc1)C(=O)N[C@@H](CO)C(=O)N1CCCC1.CS.C[C@H](NC(=O)[C@@H](N)CCCNC(=N)N)C(=O)O.N=C(N)N.NC(=O)CC[C@H](N)C=O.NNC(=O)[C@H](CC(=O)[C@@H](CCC[C@H](N)C=O)CC(=O)O)[C@H](C=O)CC(=O)O.O=C1N[C@H]1CO.c1c[nH]cn1
CC[C@H](C)[C@H]%20C%12=O.C%13(=O)[C@@H]%22CC(C)C.C%24(=O)[C@@H]%22CC(=O)O.C%46(=O)[C@@H]%27CC(N)=O.C%55(=O)[C@@H]%28CC(=O)O.C7(=O)[C@@H]%34CC(=O)O.C9(=O)[C@@H]%37CC(C)C.C%35(=O)[C@@H]%25[C@@H](C)O.c1%52ccc(O)cc1.C8(=O)[C@@H]%36C(C)C.C%11(=O)[C@@H](N)CC%48.[C@@H]%43(C%16=O)C(C)C.C%12(=O)[C@@H]%31C%50.c1%50ccccc1.C3(=O)[C@@H]%23CS.C5(=O)[C@@H]%32CO.[C@@H]1%49CCCN1%35.C%56(=O)[C@@H]%28C%51.c1%51ccccc1.C%56(=O)[C@@H]%29CO.C4(=O)[C@@H]%30C%52.C6(=O)[C@@H]%33C%53.c1%53ccccc1.C%10(=O)[C@@H]%38CO.[C@H]%39(CS)C%14=O.[C@H]%40(CO)C%15=O.[C@H]%42(CS)C%17=O.[C@H]%44(CS)C%19=O.[C@H]%45(C%54)C%21=O.c1%54ccccc1.[C@H]%47(CS)C(=O)O.C%11(=O)[C@@H]%38C.C2%49=O.N2%20.N%13%21.N%24%22.N%35%23.N%46%25.N%55%26.N%56%27.N%57%28.N3%29.N4%30.N5%31.N6%32.N7%33.N8%34.N9%36.N%10%37.N%11%38.S%48C.N%12%39.N%14%40.N%15%41.N%16%42.N%17%43.N%20%44.N%18%45.N%19%47	CC(C)C[C@@H](C(=O)NC(=O)[C@@H](N)Cc1ccccc1)[C@@H](CC(=O)O)C(N)=O.CC(C)[C@@H]1NC(=O)[C@H](CS)NC1=O.CC[C@H](C)[C@H](NC(=O)[C@@H]1CCCN1C(=O)[C@@H](NC(=O)[C@@H](N)CC(N)=O)[C@@H](C)O)C(=O)C(=O)[C@H](Cc1ccccc1)NC(=O)[C@H](CO)NC(=O)[C@H](Cc1ccccc1)NC(=O)[C@H](CC(=O)O)NC(=O)[C@@H](NC(=O)[C@H](CC(C)C)NC(=O)[C@H](CO)[C@@H](C)C(=O)C(=O)[C@@H](N)CCSC)C(C)C.N.N.NC(=O)[C@H](CC(=O)O)[C@@H](Cc1ccccc1)C(=O)C(=O)[C@H](CO)NC(=O)[C@@H](N)CS.NC(=O)[C@H](CO)NC(=O)[C@@H](N)CS.N[C@@H](CS)C(=O)N[C@@H](CS)C(=O)O.O=C1N[C@H]1Cc1ccc(O)cc1
CC(=O)O)C6=O.[C@H]%14(CCC(=O)O)C(=O)O.C2(=O)[C@@H]%11C%20.C%28(=O)[C@@H](N)CS.c1%16c[nH]cn1.[C@H]%12(C%18)C%28=O.c1%17c[nH]cn1.C%13C%29=O.N29.N%24%10.N%28%11.N%29%12.N%17%14.N6%15	INVALID
C%40(=O)[C@@H]%23CCC(=O)O.C%43(=O)[C@@H](N)CCCN.[C@H]%27(CCC(=O)O)C4=O.CC(C)C[C@H]%13C3=O.C%41(=O)[C@@H]%18CCC%19.C%42(=O)[C@@H]%20CCC%21.[C@H]%26(CC(=O)O)C5=O.[C@H]%30(CCC%31)C7=O.[C@H]%32(CC%36)C%10=O.[C@H]%33(CC(=O)O)C%11=O.[C@@H]%37(C(=O)O.C%24(=O)[C@@H]%17C.[C@H]%29(C)C6=O.C%13(=O)C%15.N%19C(=N)N.N%21C(=N)N.N%31C(=N)N.N%36C(=N)N.N2%13.N%13%15.N%24%16.S%37%17.N%41%18.N%42%20.N%43%22.N%44%23.N%38%25.N3%25.N4%27.N5%28.N6%29.N7%30.N8%33.N%10%34.N%11%37	INVALID
C%17(=O)[C@@H]7CCC(=O)O.C%20(=O)[C@@H]9CCCCN.C%22(=O)[C@@H]%11CCCCN.C%15C[C@H]4C3=O.C2(=O)[C@@H]5CO.C%13(=O)[C@@H]6CS.C%18(=O)[C@@H]8C%18.[C@@H]1%16CCCN1%22.[C@@H]1%17CCCN1%24.C%24(=O)[C@@H]%11CO.C%25(=O)[C@@H]%13CO.[C@H]%14(C%19)C3=O.c1%19ccccc1.C%23(=O)[C@@H]%10C.C%25(=O)[C@@H](N.C%12C3=O.C%21%16=O.C%23%17=O.CS%15.N24.N%135.N%186.N%197.N%208.N%219.N%23%10.N%25%11.N2%12.N3%14	INVALID
C2(=O)[C@@H]%22CCC(N)=O.C%24(=O)[C@@H]%24CCC(N)=O.C%53(=O)[C@@H]%26CCC(N)=O.C%55(=O)[C@@H]%29CCCCN.[C@H]%38(CCC(N)=O)C8=O.[C@H]%47(CCC(N)=O)C%10=O.[C@H]%49(CCC(N)=O)C(=O)O.CC[C@H](C)[C@H]%21C6=O.C3(=O)[C@@H]%32CCC%33.C5(=O)[C@@H](N)CC(N)=O.C4(=O)[C@@H]%31CC(=O)O.[C@H]%34(CCC%36)C7=O.[C@H]%39(CC(=O)O)C%15=O.[C@H]%42(CC(N)=O)C%16=O.[C@H]%43(CC(C)C)C%17=O.[C@H]%45(CC(N)=O)C%18=O.[C@H]%48(CC(N)=O)C%19=O.C%46(=O)[C@@H]%27C(C)C.C%54(=O)[C@@H]%28[C@@H](C)O.c1%52ccc(O)cc1.c1%53ccc(O)cc1.C%13(=O)[C@@H]%23CO.C%35(=O)[C@@H]%25CS.[C@H]%37(CO)C9=O.N19CCC[C@H]1%51.[C@H]%44(C%52)C%12=O.[C@H]%48(CO)C%20=O.C%55(=O)[C@@H]%30C.[C@H]%40(C)C9=O.C%41C%11=O.C%10%51=O.N2%21.N%13%22.N%24%23.N%35%25.N%46%25.N%53%27.N%54%27.N%55%28.N%55%29.N3%30.N4%31.N5%32.S%50C.N6%34.N7%36.N8%37.N%10%38.N%11%39.N%12%41.N%14%42.N%15%43.N%16%44.N%17%45.N%18%47.N%19%48.N%20%49	INVALID
C%36(=O)[C@@H]%26CCCCN.C%10(=O)[C@@H](N)CCCC(=O)OO.C%55(=O)[C@@H]%30CCC(N)=O.[C@H]%41(CCC(=O)O)C%16=O.c1%52c[nH]c2ccccc12.[C@H]%46(CCC(N)=O)C%22=O.C3(=O)[C@@H]%22CC(C)C.C%47(=O)[C@@H]%27CC(=O)O.C%54(=O)[C@@H]%28CC(C)C.C%55(=O)[C@@H]%29CC(N)=O.C6(=O)[C@@H]%31CCC(N)=O.C7(=O)[C@@H]%33CC(N)=O.[C@H]%35(CCC%37)C%12=O.[C@H]%43(CCC%44)C%18=O.[C@@H]%39(C%13=O)[C@@H](C)O.[C@@H]%45(C%20=O)C(C)C.C%25(=O)[C@@H]%24C%50.C4(=O)[C@@H]%32CO.C8(=O)[C@@H]%34CO.C9(=O)[C@@H]%38C%51.[C@H]%42(C%52)C%19=O.N1%18CCC[C@H]1%49.[C@H]%48(CO)C(=O)O.C%14(=O)[C@@H]%23C.c1%50c[nH]cn1.c1%51c[nH]cn1.[C@H]%38(C)C%15=O.N%37C(=N)N.C%40C%15=O.N%44C(=N)N.C%42%49=O.C%19%49=O.N3%21.N%14%22.N%25%23.N%36%24.N%47%26.N%53%27.N%54%28.N%55%29.N4%30.N5%31.N6%32.N8%33.N9%34.N%10%35.N%11%38.N%12%39.N%13%40.N%15%41.N%16%42.N%17%45.N%19%46.N%20%48	CC(C)C[C@@H](C(N)=O)C(=O)[C@@H](N)CCC(N)=O.CC(C)C[C@@H]1NC1=O.CC(C)[C@H](N)C(=O)N[C@@H](CO)C(=O)O.C[C@@H](O)[C@H](NC(=O)[C@H](CCCNC(=N)N)NC(=O)[C@@H](N)CCCC(=O)OO)C(=O)NCC(=O)C(=O)[C@H](C)[C@@H](Cc1c[nH]cn1)C(=O)N[C@@H](CO)C(=O)N[C@H](C=O)CC(N)=O.C[C@H](NC(=O)[C@H](Cc1c[nH]cn1)NC(=O)[C@H](CCCCN)NC(=O)[C@@H](N)CC(=O)O)C(N)=O.N.N=C(N)NCCCCC(=O)N1CCC[C@H]1C(=O)[C@@H](Cc1c[nH]c2ccccc12)C(=O)C=O.NC(=O)CC[C@H](NC(=O)[C@H](CO)NC(=O)[C@@H](N)CCC(N)=O)C(=O)C(=O)[C@@H](N)CC(N)=O.NC(=O)[C@@H](N)CCC(=O)O
[C@H]6(CCC(N)=O)C%22=O.[C@H]7(CCCCN)C%24=O.[C@H]7(CCCCN)C%25=O.[C@H]%10(CCC(N)=O)C%26=O.[C@H]%17(CCCCN)C5=O.[C@H]8(CCC9)C%21=O.[C@H]%10(CC(=O)O)C%22=O.[C@H]%11(CCC%12)C%28=O.[C@H]%12(CCC%14)C%28=O.[C@H]%19(CC(N)=O)C(=O)O.C6CNN)C1=O.[C@H]%14(C)C%23=O.[C@H]%16(C)C4=O.N9C(=N)N.C%14C%22=O.N%14C(=N)N.C2%20=O.CS7.N%126.N%217.N%228.N%23%10.N%25%11.N%26%14.N%27%15.N3%17.N4%18.N5%19	INVALID
C9(C)C%105C%21=O.[C@H]%11(CC(N)=O)C%25=O.[C@H]%14(CCC%15)C%27=O.[C@H]%18(CC(C)C)C3=O.C%19(=O)[C@@H]8C(C)C.[C@@H]%17(C(=O)O)[C@@H](C)O.C2(=O)[C@@H]6C%18.C%13(=O)[C@@H]7CO.[C@H]8(CO)C%23=O.[C@H]%10(CO)C%24=O.c1%18c[nH]cn1.C9C%22=O.N%15C(=N)N.N%15C(=N)N.C%16C4=O.N26.N%137.N%208.N%219.N%22%11.N%23%12.N%25%14.N3%15.N4%17	CC(=O)N[C@H](C(=O)O)[C@@H](C)O.CC(C)C[C@H](C[C@@H]1NC1=O)C(=O)NNC(=N)N.CC(C)[C@@H](C=O)[C@@H](CO)C(N)=O.CC(CC(=O)N[C@@H](CC(N)=O)C(=O)N[C@H](C=O)CCCNC(=N)N)C(C(N)=O)[C@H](C=O)CO.N.O=C1N[C@H]1CO.c1c[nH]cn1
C%35(=O)[C@@H]%23CCC(N)=O.C%46(=O)[C@@H]%25CCCCN.C%54(=O)[C@@H]%28CCC(=)=O.C%55(=O)[C@@H]%30CCCCN.C9(=O)[C@@H]%40CCCCN.[C@H]%41(CCCCN)C%17=O.[C@H]%44(CCC(=O)O)C%19=O.[C@H]%45(CCCCN)C(=O)O.CC[C@H](C)[C@H]%20C%15=O.C2(=O)[C@@H]%21CC(C)C.C3(=O)[C@@H]%31CC(N)=O.C5(=O)[C@@H]%32CC(=O)O.C7(=O)[C@@H]%33CC(N)=O.C8(=O)[C@@H]%36CC(N)=O.C%10(=O)[C@@H]%37CC(C)C.C%11(=O)[C@@H]%39CC(C)C.C%24(=O)[C@@H]%22[C@@H](C)O.C%53(=O)[C@@H]%27[C@@H](C)O.C%55(=O)[C@@H]%29CC%47.C%14(=O)[C@@H](N)CC%48.[C@@H]%43(C%17=O)[C@@H](C)O.C%12(=O)[C@@H]%41C%49.C%52(=O)[C@@H]%30C.C6(=O)[C@@H]%37C%52.c1%49c[nH]cn1.C6(=O)C%34.N2%20.N%13%21.N%24%22.N%35%23.N%46%25.N%53%26.N%54%27.N%55%28.S%47C.N3%29.N4%30.N5%31.N6%32.N7%33.N8%34.N9%36.N%10%37.N%11%38.N%12%39.N%14%40.S%48C.N%15%41.N%16%42.N%17%43.N%18%44.N%19%45	INVALID
C%14C[C@H](N)C2=O.[C@@H]9(C3=O)C(C)C.[C@H]5(CO)C%16=O.[C@H]7(C%16)C%18=O.[C@H]8(CS)C%19=O.[C@H]%10(CS)C%21=O.C%14(=O)O.CS%12.N14.N%135.N%176.N%177.N%198.N%209.N3%11C	CNC(=O)[C@@H](N)C(C)C.CS.N.NN[C@H](C=O)CC(=O)[C@@H](N)CO.N[C@H](C=O)CCC(=O)O.O=C1N[C@H]1CS.O=CCCS
C%35(=O)[C@@H]%15CCCC(=O)O.[C@H]%19(CCCCN)C3=O.[C@H]%20(CCC(=O)O)C5=O.CC(C)C[C@H]%10C%37=O.C2(=O)[C@@H]%10CC(NO)O.C%36(=O)[C@@H](N)CCC7.c1%30ccc(O)cc1.C%33(=O)[C@@H]%16C(C)C.C%34(=O)[C@@H]%18CC%25.[C@@H]%17(C6=O)C(C)C.[C@@H]%22(C9=O)C(C)C.[C@H]%21(C%27)C7=O.C%13(=O)[C@@H]%11C.C%31(=O)[C@@H]%14C.c1%28c[nH]cn1.c1%29c[nH]cn1.C%34(=O)[C@@H]%14C.N6C(=N)N.C%23C(=O)O.N2%10.N%13%11.N%24%12.N%33%14.N%34%15.N%25%16.N%37%17.S%38%18.N4%19.N5%20.N6%21.N7%22.N9%23	CC(C)C[C@@H](C(=O)N[C@H](C(=O)NC(=N)N)C(C)C)[C@@H](CC(O)NO)C(N)=O.CC(C)[C@H](N)C(=O)NCC(=O)O.CC(C)[C@H](NCC[C@H](S)C(=O)C(=O)[C@H](C)[C@@H](C)C=O)C(N)=O.C[C@@H]1NC1=O.C[C@H](N)C(=O)CCC[C@H](N)C=O.N.NCCCC[C@H](N)C=O.N[C@H](C=O)CCCC(=O)O.O=C(O)CC[C@@H]1NC1=O.Oc1ccccc1.c1c[nH]cn1.c1c[nH]cn1
C2(=O)[C@@H]%29CCCCN.C%13(=O)[C@@H]%30CCCCN.C%24(=O)[C@@H]%31CCCCN.C%68(=O)[C@@H]%36CCCCCN.C3(=O)[C@@H]%40CCC(=O)O.[C@H]%49(CCC(N)=O)C%15=O.[C@H]%54(CCC(=O)O)C%21=O.[C@H]%58(CCCCN)C%25=O.CC[C@H](C)[C@H]%28C(=O)O.C%68(=O)[C@@H]%34CC(C)C.C%72(=O)[C@@H]%37CC(C)C.C6(=O)[C@@H]%41CC(N)=O.[C@@H]%42(C9=O)[C@@H](C)CC.[C@H]%50(CC(C)C)C%10=O.[C@H]%51(CC(C)C)C%17=O.[C@H]%53(CC(C)C)C%18=O.[C@H]%55(CC(=O)O)C%22=O.[C@H]%60(CCC%61)C%27=O.C%46(=O)[C@@H]%33C(C)C.C4(=O)[C@@H]%39[C@@H](C)O.[C@@H]%44(C%12=O)[C@@H](C)O.[C@@H]%48(C%16=O)[C@@H](C)O.[C@@H]%56(C%20=O)[C@@H](C)O.C%35(=O)[C@@H]%32C%66.C7(=O)[C@@H](N)CC%64.C%71(=O)[C@@H]%38C%69.c1%69ccccc1.[C@H]%43(CO)C%11=O.[C@H]%45(C%67)C%14=O.[C@H]%50(CO)C%12=O.[C@H]%52(C%70)C%19=O.c1%70ccccc1.[C@H]%59(CO)C%26=O.[C@H]%63(C%71)C(=O)O.c1%71ccccc1.c1%66c[nH]cn1.c1%67c[nH]cn1.N%61C(=N)N.C%62C%28=O.N2%28.N%13%29.N%24%30.N%35%31.N%46%32.N%57%33.N%68%34.N%71%36.N%72%37.N3%38.N4%39.N5%40.S%62C.N7%41.N8%42.N9%43.N%10%44.N%11%45.N%12%47.N%14%48.N%15%49.N%16%50.N%17%51.N%18%52.N%19%53.N%20%54.N%21%55.N%22%56.N%23%58.S%64C.N%25%59.N%26%60.N%27%62.N%28%63	CC(C)C[C@@H]1NC(=O)[C@H](Cc2ccccc2)NC1=O.CC(C)C[C@@H]1NC1=O.CC(C)C[C@@H]1NC1=O.CC(C)C[C@H](N)C(=O)C(=O)[C@H](CCCCCN)Nc1ccccc1.CC(C)C[C@H]1C(=O)N[C@@H]([C@@H](C)O)C(=O)C(=O)[C@@H]1CO.CC(C)[C@H](N)C(=O)N[C@@H](Cc1c[nH]cn1)C(=O)N[C@@H](CCCCN)C(=O)N[C@@H](CCCCN)C(=O)N[C@@H](CCCCN)C(=O)NN[C@@H](CC(=O)[C@H](Cc1ccccc1)NC(=O)[C@@H](N)CCC(=O)O)C(=O)O.CC[C@H](C)[C@@H](C(=O)O)C(=O)CSC.CC[C@H](C)[C@H](N)C(=O)N[C@@H](CO)C(=O)N[C@@H](Cc1c[nH]cn1)C(=O)N[C@H](C(N)=O)[C@@H](C)O.CSCC[C@H](N)C(=O)N[C@H](C=O)CC(N)=O.C[C@@H](O)[C@@H]1NC(=O)[C@H](CC(=O)O)NC(=O)[C@H](CCC(=O)O)NC1=O.C[C@@H](O)[C@@H]1NC1=O.N.N=C(N)NCCC[C@H](NC(=O)[C@H](CO)NC(=O)[C@@H](N)CCCCN)C(N)=O.NC(=O)CC[C@@H]1NC1=O
[C@H]9(CCCCN)C%24=O.[C@H]%11(CCCCN)C%26=O.[C@H]%12(CCCCN)C%27=O.[C@H]%15(CCCCN)C%32=O.[C@H]%17(CCCN)C2=O.[C@H]%16(CCCCN)C6=O.[C@H]%21(CCCCN)C(=O)O.C%22C[C@H](N)C2=O.[C@@H]%10(C%30=O)[C@@H](C)O.[C@@H]%18(C%31=O)[C@@H](C)O.[C@H]%12(CO)C%28=O.[C@H]%14(C%26)C%32=O.N14CCC[C@H]1%23.[C@H]%10(C)C%29=O.c1%25c[nH]cn1.C%20C4=O.C5%24=O.CS%22.N29.N%24%10.N%27%11.N%28%12.N%29%14.N%30%15.N%31%16.N%32%17.N3%18.N5%19.N6%20.N7%21	CSCC[C@H](N)C(=O)C(=O)[C@@H](N)CCCN.C[C@@H](O)[C@H](N)C(=O)N[C@@H](CCCCN)C(=O)NCC(=O)N1CCCC1.C[C@@H](O)[C@H]1C(=O)N[C@@H](CCCCN)C(=O)C(=O)[C@H](CC(=O)[C@H](CCCCN)NC(=O)[C@H](CCCCN)[C@@H](CO)C(N)=O)NC(=O)[C@@H]1C.N.NCCCC[C@H](N)C(=O)C(N)=O.NCCCC[C@H](N)C(=O)O.c1c[nH]cn1
C%30(=O)[C@@H](N)CC(N)=O.[C@H]%19(CCCCN)C4=O.C%28(=O)[C@@H]%10CCC%11.[C@H]%23(CC(=O)O)C5=O.[C@@H]%14(CC%31=O)C(C)C.[C@@H]%14(C%32=O)[C@@H](C)O.[C@H]%17(CC%25)C%33=O.[C@@H]%18(C6=O)[C@@H](C)O.[C@H]%20(C%26)C%33=O.[C@H]%21(CC%27)C7=O.C2(=O)[C@@H]9C.C%13(=O)[C@@H]%10C.c1%26c[nH]cn1.C%29(=O)[C@@H]%14C.[C@H]%22(C)C(=O)O.c1%27c[nH]cn1.N%10C(=N)N.C%29(=O)C%12.C%16C3=O.N%23C(=N)N.N18.N%139.N%24%10.N%28%11.N%29%12.N%30%14.N%32%15.N%32%17.S%25C.N%34%18.N3C.N4%19.N5%20.N6%21.N7%22	CC(C)[C@@H](CC=O)[C@H](C(N)=O)[C@@H](C)O.CNC(C)=O.CSCC[C@H](N)C(=O)C(=O)[C@H](Cc1c[nH]cn1)NC(=O)[C@H](CC(=O)O)NC(=N)N.C[C@@H](C=O)NC(=O)[C@H](C)[C@H]1CCCNC1=O.C[C@H](NC(=O)[C@@H](N)CC(N)=O)C(=O)C(=O)CN.C[C@H](NC(=O)[C@H](CCc1c[nH]cn1)NC(=O)[C@@H](N)[C@@H](C)O)C(=O)O.N.N=C(N)NN.NCCCC[C@@H]1NC1=O
C2(=O)[C@@H]7CCC(N)=O.[C@H]9(CCCCN)C%24=O.[C@H]%16(CCC(N)=O)C3=O.[C@H]%17(CCCCN)C5=O.[C@H]%10(CCC%11)C%28=O.[C@H]%16(CC(N)=O)C%29=O.[C@H]%12(C)C%146C%30=O.[C@@H]7(C%24=O)[C@@H](C)O.[C@@H]9(C%27=O)C(C)C.[C@@H]%15(C4=O)C(C)O.N12CCC[C@H]1%18.[C@H]8(C)C%19=O.c1%19c[nH]cn1.N%11C(=N)N.C%20(=O)CN.N%18C(=N)O.C3%23%18=O.N26.N%137.N%218.N%239.N%25%10.N%26%12.N%27%14.N%28%15.N4%16.N6%17	INVALID
[C@H]5(CCC(=O)O)C%24=O.[C@H]6(CCC(=O)O)C%26=O.[C@H]9(CCCN)C%27=O.[C@H]%11(CCCCN)C%28=O.[C@H]%14(CCCCN)C4=O.[C@H]8(CC(=O)O)C%31=O.[C@H]%15(CCC%16)C4=O.C(C)[C@H]5C%22=O.C1(=O)[C@@H](N)CCCN.N12CCC[C@H]1%17.[C@H]8(CO)C%23=O.N1%25CCC[C@H]1%18.N16CCC[C@H]1%19.C%10C%22=O.C%16C3=O.N%17C(=N)N.C%13%18=O.C%26%19=O.C7%20=O.N26.N%137.N%177.N%218.N%229.N%23%10.N%25%11.N%26%14.N%28%14.N4%16.N5%17	CC[C@@H](C(=O)C(=O)CNC(=O)[C@H](CO)[C@H](C=O)CC(=O)O)[C@H](C=O)CCC(=O)O.N.N.N=C(N)N[C@H](CCCN(N)C(=O)[C@@H](N)CCCN)N(CCC[C@@H](C(=O)NC=O)N1CCCCC(=O)C(=O)[C@@H]1CCC(=O)O)N[C@@H](CCCCN)C(N)=O.NCCCC[C@H](N)C(=O)C(=O)CCCCCC=O.NCCC[C@H](N)C=O.NN
C3(=O)[C@@H]%10CCC(=O)O.C%27(=O)[C@@H]%14CCC(=O)O.C%28(=O)[C@@H]%18CCCCN.C5(=O)[C@@H]%20CCCCN.CC(C)[C@H]8C(=O)O.C%13(=O)[C@@H]9[C@@H](C)O.c1%22ccc(O)cc1.C%25(=O)[C@@H]%12[C@@H](C)O.C%29(=O)[C@@H]%16C(C)O.C6(=O)[C@@H]%17[C@@H](C)O.C%24(=O)[C@@H]%15C%21.c1%21ccccc1.C%29(=O)[C@@H]%19C%22.C7(=O)[C@H](C)N.C%26(=O)C%10.C2(=O)C%14.C%30(=O)C%16.N28.N%139.N%24%10.N%26%11.N%27%12.N%28%14.N%29%15.N%30%16.N3%17.N4%18.N5%19.N6%20	CC(C)[C@H](NC(=O)C[C@@H](CCC(=O)O)C(=O)N[C@H](C=O)[C@@H](C)O)C(=O)O.CC(O)[C@H](CC(N)=O)C(=O)C(=O)[C@H](Cc1ccc(O)cc1)NC(=O)[C@H](CCCCN)NC(=O)[C@@H](NC(=O)[C@H](CCC(=O)O)CC(N)=O)[C@@H](C)O.C[C@@H](O)[C@@H]1NC1=O.C[C@H](N)C=O.NC(=O)[C@@H](N)Cc1ccccc1.NCCCC[C@H](N)C(N)=O
[C@H]%22(CCC(=O)O)C(=O)O.CC[C@H](C)[C@H]7C%29=O.C%24(=O)[C@@H]%10CC(=O)O.C%28(=O)[C@@H]%14CCC%15.[C@H]%14(CCC%15)C%32=O.[C@H]%16(CC(C)C)C%33=O.[C@H]%20(CCC%22)C5==O.C%29(=O)[C@@H](N)CC%23.[C@@H]%11(C%26=O)[C@@H](C)O.[C@@H]%18(C6=O)[C@@H](C)O.[C@@H]1%25CCCN1%25.[C@H]%19(C%27)C6=O.c1%27ccccc1.C2(=O)[C@@H]8C.C%13(=O)[C@@H]9C.C%28(=O)[C@@H]%12C.[C@H]%17(C)C%32=O.[C@H]%18(C)C3=O.[C@H]%19(C)C4=O.N%15C(=N)N.N%21C(=N)N.C%25%25=O.N27.N%138.N%279.N%28%10.N%29%11.S%23C.N%31%12.N%32%14.N%33%16.N3%17.N4%18.N5%19.N6%20	INVALID
[C@H]%18(CCC(=O)O)C%36=O.c1%28c[nH]c2ccccc12.[C@H]%20(CCC(N)=O)C%35=O.c1%29c[nH]c2ccccc12.[C@H]%24(CCCCN)C(=O)O.[C@H]%14(CCC%15)C%32=O.[C@H]%23(CC(C)C)C8=O.C%25C[C@H](N)C3=O.[C@@H]%11C%13=O)[C@@H](C)O.c1%30ccc(O)cc1.[C@H]%10(C%28)C%30=O.[C@H]%16(CO)C%31=O.N14CCC[C@H]1%26.[C@H]%21(C%29)C%39=O.N18CCC[C@H]1%27.[C@H]%13(C)C%33=O.C%12C%25=O.C%16C%34=O.C%17C%35=O.N%18C(=N)N.C%19C3=O.C%22C7=O.C6%26=O.C9%27=O.CS%26.N3%10.N%14%12.N%30%13.N%31%16.N%32%17.N%33%18.N%34%19.N%35%20.N4%21.N6%22.N7%23.N9%24	INVALID
C%13(=O)[C@@H]%37CCC(=O)O.C%35(=O)[C@@H]%39CCC(=O)O.[C@H]%41(CCCCN)C%68=O.c1%78c[nH]c2ccccc12.[C@H]%55(CCC(N)=O)C%23=O.CC[C@H](C)[C@H]%35C%57=O.C%24(=O)[C@@H]%38CCC%39.[C@H]%42(CCC%44)C%80=O..c1%77cccc(O)cc1.C%46(=O)[C@@H](N)CC%65.c1%81ccc(O)cc1.[C@@H]%62(C%27=O)[C@@H](C)O.[C@@H]%63(C%33=O)C(C)C.C3(=O)[C@@H]%36C%78.[C@H]%42(CO)C%81=O.[C@H]%43(C%80)CC%83=O.[C@H]%45(CO)C4=O.[C@H]%47(CO)C5=O.N19CCC[C@H]1%66.N1%11CCC[C@H]1%69.N1%15CCC[C@H]1%70.N1%16CCC[C@H]1%71.N1%17CCC[C@H]1%72.N1%19CCC[C@H]1%73.N1%20CCC[C@H]1%74.N1%22CCC[C@H]1%75.N1%23CCC[C@H]1%76.[C@H]%61(CO)C%31=O.[C@H]%48(C)C6=O.[C@H]%53(C)C%14=O.[C@H]%54(C)C%19=O.[C@H]%56(C)C%22=O.[C@H]%58(C)C%28=O.[C@H]%59(C)C%29=O.[C@H]%60(C)C%30=O.[C@H]%60(C)C%32=O.[C@H]%64(C)C(=O)O.N%39C(=N)N.N%44C(=N)N.C%49C7=O.C%51C8=O.C%52C%10=O.C%52C%12=O.C%10%66=O.C%11%67=O.C%15%69=O.C%16%70=O.C%18%71=O.C%17%72=O.C%20%73=O.C%21%74=O.C%23%75=O.C%25%76=O.N3%35.N%13%36.N%24%37.N%35%38.S%65C.N%46%40.N%57%41.N%68%42.N%79%43.N%81%44.N%83%45.N4%47.N5%48.N6%50.N7%51.N8%52.N%10%53.N%25%54.N%27%55.N%28%56.N%29%58.N%30%59.N%31%60.N%32%61.N%33%62.N%34%63	INVALID
C%25(=O)[C@@H](N)CC(=O)O.[C@H]%14(CCC(N)=O)C%28=O.C%14(=O)[C@@H]8CC(C)C.c1%19c[nH]c2ccccc12.C%17CC[C@H]5C%27=O.C%23(=O)[C@@H]7C(C)C.C%24(=O)[C@@H]9CC(C)C.c1%20ccc(O)cc1.[C@@H]%16(C(=O)O)[C@@H](C)O.N1%18CCCCN1%25.C%26(=O)[C@@H](N)C%20.[C@H]%13(C)C4=O.C%12C%23=O.C%10C%29=O.C3%18=O.C%25%19=O.CS%17.N35.N%136.N%227.N%238.N%239.N%24%10.N%28%12.N%30%13.N3%15.N4%16	CC(C)C[C@H](NN[C@@H](CC(C)C)C(=O)[C@@H](CCC(N)=O)C(=O)NCC(=O)C(=O)[C@@H](N)C(C)C)C(=O)NCC=O.CSCCC[C@@H](C=O)NC(=O)N1CCCCN1C(=O)[C@@H](N)CC(=O)O.C[C@H](N)C(=O)N[C@H](C(=O)O)[C@@H](C)O.N.N.N[C@H](C=O)Cc1ccc(O)cc1.O=Cc1c[nH]c2ccccc12
C3(=O)[C@@H]%29CCC(=O)O.C%14(=O)[C@@H]%30CCC(=O)O.c1%65c[nH]c2ccccc12.C%69(=O)[C@@H]%33CCC(N)=O.c1%66c[nH]c2ccccc12.[C@H]%53(CCCCN)C%20=O.[C@H]%55(CCC(=O)O)C%21=O.[C@H]%55(CCCCN)C%24=O.[C@H]%61(CCCCN)C(=O)O.C%14(=O)[C@@H]%31CC(=O=O.C%47(=O)[C@@H]%32CC(=O)O.C%70(=O)[C@@H]%37CC(C)C.C8(=O)[C@@H]%41CCC%42.C%10(=O)[C@@H]%44CCC%45.C%12(=O)[C@@H]%46CC(C)C.C%15(=O)[C@@H]%50CC(C)C.[C@H]%57(CCC%59)C%27=O.C%62C[C@H]%28C%17=O.C%16(=O)[C@@H](N)CC(C)C.c1%67ccc(O)cc1.[C@@H]1%63CCCN1%47.C%58(=O)[C@@H]%32C%65.C%70(=O)[C@@H]%34CO.C%71(=O)[C@@H]%35C%66.c1%66ccccc1.C5(=O)[C@@H]%38CO.C6(=O)[C@@H]%40C%67.C%13(=O)[C@@H]%48CO.[C@H]%51(C%67)C%18=O.[C@H]%54(C%68)C%21=O.c1%68ccccc1.N1%24CCC[C@H]1%64.C4(=O)C%39.N%42C(=N)N.C9(=O)C%43.N%45C(=N)N.C%49C%19=O.N%59C(=N)N.C%56C%23=O.C%60C%29=O.C%36%63=O.C%26%64=O.CS%62.N3%28.N%14%29.N%25%30.N%36%31.N%58%32.N%69%33.N%70%34.N%71%35.N5%37.N6%38.N7%39.N8%40.N9%41.N%10%43.N%11%44.N%12%46.N%13%48.N%15%49.N%16%50.N%17%51.N%18%52.N%19%53.N%20%54.N%21%55.N%22%56.N%23%57.N%26%60.N%27%61	INVALID
C%25(=O)[C@@H]%19CCCCN.[C@H]%38(CCC(=O)O)C%12=O.c1%46c[nH]c2ccccc12.CC[C@H](C)[C@H]%16C9=O.C3(=O)[C@@H]%17CCC%18.C%25(=O)[C@@H]%19CC(N)=O.C%47(=O)[C@@H]%21CC(C)C.C%47(=O)[C@@H]%23CCC%24.C%49(=O)[C@@H]%27[C@@H](C)CC.C%51(=O)[C@@H]%28CC(C)C.C4(=O)[C@@H]%28CC(C)C.C6(=O)[C@@H]%31CC(C)C.C6(=O)[C@@H]%34CCC%35.[C@H]%39(CC(C)C)C%15=O.C%36(=O)[C@@H]%22C(C)C.c1%43ccc(O)cc1.c1%44cccc(O)cc1.C8(=O)[C@@H](N)C(C)C.[C@@H]%30(C%13=O.C8C=O)[C@@H]%32CCC%41.C%50(=O)[C@@H]%29C(C)C.c1%45ccc(O)cc1.[C@@H]%37(C%10=O)C(C)C.C%14(=O)[C@@H]%20C%43.C5(=O)[C@@H]%28C%44.[C@H]%38(C%45)C%11=O.[C@H]%40(C%46)C(=O)O.N%18C(=N)N.N%24C(=N)N.N%35C(=N)N.C%33C%10=O.N%35C(=N)N.N3%16.N%14%17.N%25%19.N%36%20.N%47%21.N%48%22.N%49%26.N%50%27.N%51%28.N4%29.N5%30.N6%31.N7%32.S%41C.N8%33.N9%34.N%10%37.N%11%38.N%12%39	INVALID
C%24(=O)[C@@H]%12CCC(N)=O.C%31(=O)[C@@H]%20CCC(N)=O.C4(=O)[C@@H](N)CCC(N)=O.CC[C@H](C)[C@H]7C5=O.C%13(=O)[C@@H]%10CCC%11.C%30(=O)[C@@H]%18CCC%19.C%32(=O)[C@@H]%15[C@@H](C)CC.C%28(=O)[C@@H]%17CCC%19..C%27(=O)[C@@H]%21C(C)C.C1(=O)[C@@H]8C%25.c1%25ccccc1.C%31(=O)[C@@H]%16CO.C%33(=O)[C@@H]%14CO.C3(=O)[C@@H]%20CN.N%11C(=N)N.C%29(=O)C%10.N%19C(=N)N.C%22C(=O)O.C2%23=O.N27.N%128.N%249.N%28%10.N%29%12.N%30%14.N%31%15.N%32%16.N%33%17.N4%18.N5%20.N6%22	INVALID
C%57(=O)[C@@H]%31CCCCN.C%64(=O)[C@@H]%33CCCCN.C8(=O)[C@@H]%41CCCCN.C%10(=O)[C@@H]%42CCCCN.[C@H]%53(CCCCN)C%22=O.[C@H]%55(CCC(=O)O)C%23=O.CCC[C@H](C)[C@H]%26C%14=O.C%24(=O)[C@@H]%28CCC%29.C%46(=O)[C@@H]%32CC(=O)O.C%66(=O)[C@@H]%34CC(N)=O.C5(=O)[C@@H]%38CC(C)C.C6(=O)[C@@H]%39CC(=O)O.C%11(=O)[C@@H]%45CC(N)=O.[C@H]%48(CC(N)=O)C%17=O.[C@H]%49(CC(=O)O)C%18=O.[C@H]%51(CCC%52)C%20=O.C7(=O)[C@@H]%40[C@@H](C)O.C%11(=O)[C@@H]%43C(C)C.C%12(=O)[C@@H](N)C(C)C.[C@@H]1%59CCCN1%13.C%35(=O)[C@@H]%30C%61.c1%61ccccc1.C%65(=O)[C@@H]%36CO.[C@@H]1%60CCCN15.[C@H]%47(C%62)C%15=O.c1%62ccccc1.[C@H]%44(C%63)C%16=O.c1%63ccccc1.[C@H]%50(CO)C%19=O.[C@H]%54(CO)C%21=O.[C@H]%56(CO)C%25=O.[C@H]%58(C)C(=O)O.N%29C(=N)N.N%52C(=N)N.C2%59=O.C4%60=O.N2%26.N%24%27.N%35%28.N%46%30.N%57%31.N%64%32.N3%33.N%65%34.N3%36.N4%37.N6%38.N7%39.N8%40.N9%41.N%10%42.N%11%43.N%12%44.S%59C.N%14%47.N%15%48.N%16%49.N%17%50.N%18%51.N%19%53.N%20%54.N%21%55.N%22%56.N%25%58	CC(C)C[C@H](NC(=O)[C@H](CC(=O)O)NC(=O)[C@@H](NC(=O)[C@@H](N)CCCCN)[C@@H](C)O)C(=O)N1CCC[C@H]1C(N)=O.CC(C)[C@H](N)C(=O)C(=O)CCC(N)=O.CC(C)[C@H](N)C(=O)N[C@@H](Cc1ccccc1)C(=O)N[C@@H](CC(=O)O)C(=O)N[C@@H](CCCNC(=N)N)C(=O)N[C@@H](CO)C(=O)N[C@H](C=O)CCC(=O)O.CCC[C@H](C)[C@H](NC(=O)[C@@H]1CCCN1)C(=O)N[C@@H](Cc1ccccc1)C(=O)N[C@@H](CC(N)=O)C(=O)N[C@@H](CO)C(=O)N[C@@H](CCCCN)C(=O)N[C@@H](CO)C(=O)N[C@@H](C)C(=O)O.CS.N=C(N)NCCC[C@H](NC(=O)[C@H](Cc1ccccc1)NC(=O)[C@H](CC(=O)O)NC(=O)[C@H](CCCCN)NN[C@@H](CO)C(=O)N[C@H](C=O)CC(N)=O)C(N)=O.NCCCC[C@@H]1NC1=O.NCCCC[C@@H]1NC1=O
C%13(=O)[C@@H]%19CCC(=O=O.C%52(=O)[C@@H]%26CCC(N)=O.[C@H]%42(CCCCN)C%12=O.[C@H]%43(CCC(N)=O)C%16=O.[C@H]%47(CCCCN)C(=O)O.CC[C@H](C)[C@H]%18C9=O.C%35(=O)[C@@H]%22CC(C)C.C%53(=O)[C@@H]%27CC(C)C.C4(=O)[C@@H]%31CCC%32.C6(=O)[C@@H]%33CCC%34.C7(=O)[C@@H]%36CCC%37.[C@H]%39(CC(C)C)C%15=O.[C@H]%41(CC(=O)O)C%16=O.C%46(=O)[C@@H]%23CO.C%52(=O)[C@@H]%30CO.C3(=O)[C@@H]%30CO.[C@H]%40(CS)C%14=O.[C@H]%40(CO)C%11=O.[C@H]%45(CO)C%16=O.C%24(=O)[C@@H]%20C.C%53(=O)[C@@H]%28C.[C@H]%44(C)C%18=O.N%25C(=N)N.C%47(=O)C%29.N%32C(=N)N.N%37C(=N)N.C8(=O)CN.C5%48=O.N2%18.N%13%19.N%24%20.N%35%21.N%46%22.N%52%23.N%53%26.N%54%27.N%55%28.N3%29.N4%30.N5%31.N6%33.N7%36.N8%38.N9%39.N%10%40.N%11%41.N%12%42.N%14%43.N%15%44.N%16%45.N%17%47	INVALID
C3(=O)[C@@H]%33CCCCN.C%25(=O)[C@@H]%34CCC(N)=O.c1%76c[nH]c2ccccc12.[C@H]%42(CCC(N)=O)C4=O.[C@H]%44(CCC(N)=O)C7=O.CC[C@H](C)[C@H]%32C%69=O.C%47(=O)[C@@H](N)CC(N)=O.[C@@H]%41(C5=O)[C@@H](C)CC.[C@H]%49(CCC%50)C9=O.[C@@H]%46(C%10=OO)[C@@H](C)O.[C@H]%48(CC(C)C)C%11=O.[C@H]%52(CC(N)=O)C%13=O.[C@H]%54(CC(N)=O)C%16=O.[C@H]%56(CC(=O)O)C%20=O.[C@H]%60(CC(=O)O)C%21=O.[C@H]%57(CCC%59)C%22=O.[C@H]%62(CC(N)=O)C%24=O.[C@H]%65(CC(C)C)C%27=O.[C@H]%67(CC(C)C)C%31=O.C%14(=O)[C@@H]%35[C@@H](C)O.C%25(=O)[C@@H]%37CCC%71.[C@@H]%38(C%77=O)C(C)C.[C@@H]%39(C%79=O)C(C)C.[C@@H]%43(C6=O)C(C)C.[C@H]%45(CC%72)C8=O.[C@@H]%51(C%12=O)C(C)C.[C@@H]%53(C%15=O)C(C)C.[C@H]%55(CC%73)C%18=O.[C@@H]%64(C%28=O)C(C)C.[C@H]%61(C%74)C%23=O.c1%74ccccc1.[C@H]%65(CO)C%26=O.[C@H]%66(C%75)C%29=O.c1%75ccccc1.[C@H]%68(CO)C%30=O.[C@H]%70(CCO)C(=O)O.[C@H]%60(C)C%17=O.[C@H]%61(C)C%19=O.C%36(=O)C%37.N%50C(=N)N.N%59C(=N)N.N3%32.N%14%33.N%25%34.N%36%35.S%71C.N%47%37.N%58%38.N%69%39.N%77%40.S%78C.N4%41.N5%42.N6%43.N7%44.N8%45.S%71C.N9%46.N%10%48.N%11%49.N%12%51.N%13%52.N%15%53.N%16%54.N%17%55.S%73C.N%18%56.N%19%57.N%20%59.N%21%60.N%22%61.N%23%62.N%24%63.N%26%64.N%27%65.N%28%66.N%29%67.N%30%68.N%31%70	INVALID
[C@H]%25(CCC(=O)O)C(=O)O.CC[C@H](C)[C@H]%10C7=O.C%24(=O)[C@@H]%13CCC%14.C%35(=O)[C@@H]%15CC%26.C%37(=O)[C@@H]%18C(C)C.C%39(=O)[C@@H]%22C(C)C.C%34(=O)[C@@H]%16C%32.C%38(=O)[C@@H]%17C%33.c1%33ccccc1.C3(=O)[C@@H]%21CC%27.C6(=O)[C@@H](N)CC%28.[C@@H]1%29CCCN1%36.C5(=O)[C@@H]%20CS.N18CCC[C@H]1%30.N1%20CCC[C@H]1%31.C2(=O)C%11.C6(=O)[C@@H]%23C.C%13(=O)C%11.N%14C(=N)N.C3(=O)C%19.C%35%29=O.C8%30=O.C%21%31=O.N2%10.N%13%11.N%24%12.N%26%14.N%34%15.N%36%16.N%37%17.N%38%18.N%39%19.N4%20.N5%21.N6%22.N6%23.S%28C.N7%26	CC(C)[C@@H]1NC(=O)[C@H](Cc2ccccc2)NC1=O.CC[C@@H](C(=O)C(=O)CNC(=O)[C@@H](NN[C@@H](C)C(=O)C(=O)[C@@H](N)CCSC)C(C)C)C(=O)[C@@H]1CCCN1[C@@H](CS)C(N)=O.CC[C@H](C)[C@H](NC(=O)CCC(=O)[C@@H](CCCNC(=N)N)C(N)=O)C(N)=O.C[C@@H]1NN2CCC[C@H]2C(=O)C(=O)[C@H](CCN)NC1=O.N.N.O=C(O)CCCC(=O)O.O=C1[C@@H]2CCCN12
C%35(=O)[C@@H]%20CCC(=O)O.[C@H]%33(CCC(=O)O)C%11=O.CC[C@H](C)[C@H][C@H]%15C%44=O.C%13(=O)[C@@H]%17CCC%18.C%43(=O)[C@@H](N)C(N)=O.[C@H]%19(CCC%20)C%45=O.[C@H]%23(CC(C)C)C%46=O.[C@H]%28(CC(C)C)C3=O.[C@H]%31(CC(N)=O)C6=O.[C@H]%32(CC(N)=O)C%12=O.[C@H]%34(CC(C)C)C%14=O.C2(=O)[C@@H]%16C(C)C.C%24(=O)[C@@H]%19CC%37.[C@@H]%22(C%47=O)C(C)C.[C@H]%25(CC%39)C4=O.[C@@H]%27(C5=O)[C@@H](C)O.[C@@H]%29(C6=O)C(C)C.[C@H]%30(CC%40)C7=O.N18CCC[C@H]1%41.N1%15CCC[C@H]1%42.[C@H]%36(CO)C(=O)O.N%18C(=N)N.C9%41=O.C%16%42=O.N2%15.N%13%16.N%24%17.N%35%19.S%37C.N%44%20.N%45%21.N%46%23.N%47%25.N%48%26.S%39C.N4%27.N5%28.N6%29.N7%30.S%40C.N7%31.N9%32.N%10%33.N%11%34.N%12%36	CC(C)C[C@@H](C=O)NC(=O)[C@@H](N)CCC(=O)O.CC(C)C[C@@H]1NC1=O.CC(C)[C@H](N)C(=O)C(=O)[C@@H](N)CC(N)=O.CC[C@H](C)[CH][C@@H](C(N)=O)N1CCC[C@H]1C(=O)[C@H](C(N)=O)C(C)C.CSCC[C@@H](C(=O)N[C@@H](CCCNC(=N)N)C(N)=O)[C@@H](CCC[C@@H](CCC(=O)O)C(N)=O)C(N)=O.CSCC[C@@H]1NC1=O.CSCC[C@H](NC(=O)CC(C)C)C(=O)N[C@H](C(=O)N[C@H](C=O)CC(C)C)[C@@H](C)O.N.NC(=O)C[C@H](NC(=O)[C@@H]1CCCN1)C(=O)N[C@@H](CO)C(=O)O.NC(=O)[C@H](N)C=O
C2(=O)[C@@H]%19CCC(N)=O.C%13(=O)[C@@H]%20CCCCN.[C@H]%21(CCC(N)=O)C%35=O.[C@H]%22(CCCCN)C%46=O.[C@H]%25(CCC(=O)O)C%52=O.[C@H]%36(CCCCN)C%11=O.[C@H]%40(CCCCN)C%16=O.[C@H]%41(CCCN)C%14=O.[C@H]%47(CCCCN)C%15=O.CC[C@H](C)[C@H]%18C(=O)O.[C@H]%23(CCC%25)C%52=O.[C@H]%27(CCC%28)C%54=O.[C@H]%29(CC(C)C)C3=O.[C@@H]%30(C4=O)[C@@H](C)CC.[C@H]%33(CCC%34)C8=O.[C@H]%38(CCC%39)C%109=O.[C@H]%42(CC(C)C)C%17=O.[C@@H]%31(C6=O)[C@@H](C)O.[C@H]%33(CC%49)C7=O.c1%51ccccc1.[C@H]%39(C%50)C%11=O.c1%50c[nH]cn1.N%25C(=N)N.C%26C%53=O.N%28C(=N)N.CC%54=O.N%34C(=N)N.C%37C%11=O.N%44C(=N)N.N2%18.N%13%19.N%24%20.N%35%21.N%46%22.N%52%23.N%52%26.N%53%27.N%54%29.N3%30.N4%31.N5%32.N6%33.S%49C.N7%36.N8%37.N9%38.N%10%40.N%11%41.N%12%42.N%14%44.N%15%45.N%16%47.N%17%48	INVALID
C3(=O)[C@@H]%34CCC(N)=O.[C@H]%43(CCCCN)C6=O.[C@H]%45(CCCCN)C7=O.c1%78c[nH]c2ccccc12.[C@H]%52(CCCCN)C%17=O.[C@H]%55(CCCCN)C%17=O.[C@H]%63(CCC(=O)O)C%24=O.c1%79c[nH]c2ccccc12.[C@H]%39(CCC%40)C%80=O.[C@H]%67(CCCCN)C%30=O.C%36(=O)[C@@H]%37CC(C)C.[C@H]%39(CCC%40)C%80=O.[C@H]%52(CC(=O)O)C%12=O.[C@H]%59(CC(C)C)C%13=O.[C@H]%61(CC(C)C)C%21=O.[C@H]%62(CC(N)=O)C%28=O.[C@H]%66(CC(N)=O)C%29=O.[C@H]%71(CC(=O)O)C%31=O.[C@H]%68(CC(C)C)C%32=O.[C@H]%68(CC(=O)O)CC=O.C%70C[C@H]%33C%58=O.C%47(=O)[C@@H](N)CC%71.[C@@H]%42(C4=O)[C@@H](CO.N14CCC[C@H]1%73.[C@H]%46(C%77%77)C9=O.c1%77ccccc1.[C@H]%50(C%78)C%11=O.N19CCC[C@H]1%74..[C@H]%51(CO)C%11=O.[C@H]%53(C%79)C%16=O.[C@H]%54(CO)C%19=O.[C@H]%56(C%81)C%19=O.c1%81ccccc1.N1%19CCC[C@H]1%75.[C@H]%67(C%82)C%30=O.C%14(=O)[C@@H]%35C.[C@H]%38(C)C%69=O.c1%76c[nH]cn1.[C@H]%48(C)C7=O.[C@H]%57(C)C%18=O.[C@H]%59(C)C%22=O.[C@H]%64(C)C%27=O.N%40C(=N)N.C%25(=O)C%46.C%56C%20=O.C%65C%29=O.C5%73=O.C%10%74=O.C%75(=O)O.CS%70.N3%33.N%14%34.N%25%35.N%36%37.N%47%37.S%71C.N%69%38.N%80%39.N%80%41.N5%42.N6%43.N7%44.N8%45.N%10%46.S%72C.N%12%49.N%13%50.N%15%51.N%16%52.N%16%53.N%17%54.N%18%55.N%20%56.N%21%57.N%22%59.N%23%60.N%24%61.N%26%62.N%27%63.N%28%64.N%29%65.N%30%66.N%31%67.N%32%68	INVALID
[C@@H]9C(C)C.C%21(=O)[C@@H](N)CCC%11.[C@H]8(CC%12)C%23=O.c1%17ccc(O)cc1.[C@H]5(CO)C%24=O.[C@H]9(CC%16)C%26=O.c1%16ccccc1.[C@H]%109(C%17)C4=O.[C@H]%10(C%17)C(=O)O.C2(=O)[C@@H]6C.N25.N%206.N%217.S%14C.N%228.N%239.N%14C.N3%10	INVALID
C2(=O)[C@@H]%19CCC(=O)O.C%13(=O)[C@@H]%20CCC(=O)O.C%24(=O)[C@@H]%22CCCCN.C4(=O)[C@@H]%31CCC(N)=O.[C@H]%39(CCCCN)C%17=O.[C@H]%42(CCC(N)=O)C(=O)O.C%46(=O)[C@@H]%25CCC%26.[C@H]%34(CCC(N)=O)C%10=O.[C@H]%38(CCC(N)=O)C%17=O.C%43C[C@H]%18C8=O.C%36(=O)[C@@H]%21CC%44.c1%48ccc(O)cc1.c1%49ccc(O)cc1.C%50(=O)[C@@H]%23CO.C%51(=O)[C@@H]%29C%47.c1%47ccccc1.N1%12CCC[C@H]1%45.[C@H]%37(C%48)C%15=O.[C@H]%40(C%49)C%16=O.C5(=O)[C@@H]%32C.C7(=O)[C@H](C)N.[C@H]%33(C)C%11=O.[C@H]%40(C)C%12=O.C%52(=O)C%27.C%36C9=O.CS%43.N2%18.N%13%19.N%24%21.N%35%22.N%46%23.N%50%25.N%51%27.N%52%28.N%53%29.N3%30.N5%31.N6%32.N7%33.N8%34.N9%36.N%10%37.N%11%38.N%14%39.N%15%40.N%16%41.N%17%42	CCC[C@@H]1NC(=O)[C@H](CO)NC1=O.CC[C@H](NC(=O)[C@@H](N)CCCCN)C(=O)CC(N)=O.CSCC[C@H](NC(=O)[C@H](CCC(=O)O)NC(=O)CCCC(=O)O)C(=O)N[C@@H](CCC(N)=O)C(=O)N[C@@H](Cc1ccc(O)cc1)C(N)=O.C[C@@H](C(=O)N1CCCC1)[C@@H](Cc1ccc(O)cc1)C(N)=O.C[C@H](N)C(=O)N[C@@H](C)C(=O)N[C@@H](CCC(N)=O)C(=O)C(=O)[C@@H](N)CCCCN.C[C@H](N)C(=O)N[C@H](C=O)CCC(N)=O.N.NC(=O)CC[C@H](N)C(=O)O.NC(=O)CNC(=O)[C@@H](N)Cc1ccccc1
[C@H]8(CCC9)C%12=O.[C@H]%10(CC(C)C)C%22=O.[C@H]%15(CC(=O)O)C(=O)O.CC(C)[C@H]3C2=O)[C@@H](C)O.C5C%18=O.C4C%17=O.C6C%19=O.C7C%20=O.N9C(=N)N.C%13C%21=O.CS%16.N14.N%125.N%136.N%187.N%198.N%20%10.N%21%11.N%23%14.N2%15	INVALID
C2(=O)[C@@H]%16CCCCN.C%13(=O)[C@@H]%17CCCCN.[C@H]%19(CCCCN)C%24=O.[C@H]%20(CCCCN)C%46=O.[C@H]%23(CCC(N)=O)C3=O.CC(C)[C@H](N)C%41=O.[C@H]%18(CC(=O)O)C%43=O.[C@H]%25(CCC%26)C4=O.[C@H]%27(CCC%28)C7=O.[C@H]%30(CCC%31)C8=O.[C@H]%32(CC(C)C)C%10=O.[C@H]%36(CC(=O)O)C%12=O.c1%40ccc(O)cc1.[C@H]%21(CC%38)C%11=O.c1%39ccccc1.[C@H]%18(CO)C%46=O.[C@H]%22(CO)C4=O.[C@H]%29(CO)C9=O.[C@H]%34(C%40)C%14=O.N%26C(=N)N.N%28C(=N)N.C%29C5=O.N%31C(=N)N.C%33C8=O.C%37C(=O)O.N2%15.N%13%16.N%24%17.N%35%18.N%43%19.N%46%20.N%47%21.N%48%22.N4%23.N5%25.N6%27.N7%29.N8%30.N9%32.N%10%33.N%11%34.N%12%36.N%14%37	CC(C)C[C@H](NC(=O)[C@H](CO)CC(=O)N[C@@H](CCCNC(=N)N)C(=O)C(=O)[C@@H](N)CO)C(=O)NCC(=O)C(=O)[C@@H](N)CCCNC(=N)N.CC(C)[C@H](N)C=O.CC[C@H](N)C(=O)N[C@@H](Cc1ccc(O)cc1)C(=O)NCC(=O)O.N.N=C(N)NCCC[C@H](N)C(N)=O.NC(=O)CC[C@H](N)C=O.NCCCC[C@H](NC(=O)[C@H](CCCCN)NC(=O)[C@H](CCCCN)NC(=O)[C@H](CC(=O)O)[C@@H](CO)C(=O)C(=O)[C@@H](N)CCCCN)C(N)=O.O=C(O)C[C@@H]1NC1=O.c1ccccc1
C%24(=O)[C@@H]%22CCCCN.C%35(=O)[C@@H]%25CCC(=O)O.C%53(=O)[C@@H]%27CCCCN.[C@H]%36(CCC(N)=O)C8=O.CC[C@H](C)[C@H]%19C%55=O.C%13(=O)[C@@H]%21CC(C)C.C%53(=O)[C@@H]%27CC(=O)O.[C@H]%31(CC(C)C)C6=O.[C@H]%32(CC(C)C)C9=O.[C@H]%40(CC(N)=O)C%16=O.C2(=O)[C@@H]%20C(C)C.C%54(=O)[C@@H](N)CC%44.[C@@H]%30(C5=O)C(C)C.c1%50cccOOcc1.[C@H]%38(CC%45)C%11=O.[C@@H]%39(C%17=O)[C@@H](C)O.C%52(=O)[C@@H]%28C%49.c1%51ccccc1.[C@H]%29(C%48)C5=O.[C@H]%29(CO)C%12=O.[C@H]%34(C%50)C%12=O.N1%18CCC[C@H]1%47.c1%48c[nH]cn1.[C@H]%39(C)C%14=O.C%33C7=O.C%41C%15=O.C%43C(=O)O.C%19C%47=O.N2%20.N%13%21.N%24%22.N%35%23.N%46%25.N%52%26.N%27.N%53%28.S%44%29.N3%30.N4%31.N5%32.N6%33.N7%34.N8%36.N9%37.N%10%38.S%45C.N%11%39.N%14%40.N%15%41.N%16%42.N%17%43	CC(C)C[C@@H]1NC1=O.CC(C)C[C@H](N)C(=O)NCC(=O)N[C@@H](Cc1cccoocc1)C(=O)C(=O)[C@H](CO)[C@@H](Cc1c[nH]cn1)C(=O)C(=O)[C@@H](N)C(C)C.CC(C)C[C@H](N)C(N)=O.CC(C)[C@@H]1NC1=O.CC[C@H](C)[C@@H](C=O)CC(=O)[C@@H]1CCCN1.CSCC[C@H](N)C(N)=O.C[C@@H](O)[C@@H](C(=O)NCC(=O)O)[C@@H](C)C(=O)N[C@@H](CC(N)=O)C(N)=O.C[C@H](N)C(N)=O.N.NC(=O)CC[C@@H]1NC1=O.NC(=O)[C@@H](N)CCC(=O)O.NCCCC[C@@H]1NC1=O.NCCCC[C@H]1C(=O)C(=O)[C@@H]1CC(=O)O.N[C@H](C=O)CCS.O=C1CN1.c1ccccc1
C3(=O)[C@@H]%21CCCCN.[C@H]%25(CC(N)=O)C(=O)O.CC(C)C[C@H]%10C%34=O.C%30(=O)[C@@H]%13CCC%15.C%30(=O)[C@@H]%16CC(C)C.C%31(=O)[C@@H]%17CC(N)=O.C%33(=O)[C@@H](N)CC(=O)O.[C@H]%10(CC(C)C)C8=O.C%28(=O)[C@@H]%18C(C)O.C%24(=O)[C@@H]%12CS.C%31(=O)[C@@H]%16CC%27.c1%27ccccc1.[C@H]%23(CS)C7=O.[C@H]%22(C)C9=O.C%13(=O)C%11.N%14C(=N)N.C%19C4=O.C%20C6=O.C%23C9=O.N%25C(=N)N.N1%10.N%13%11.N%24%12.N%30%13.N%30%15.N%31%16.N%32%17.N%33%17.N4%18.N5%19.N6%20.N7%21.N8%22.N9%23.N%10%25	CC(C)C[C@@H](C(=O)C(=O)[C@@H]1CCCNNNCC1=O)[C@@H](CCc1ccccc1)C(=O)C(=O)[C@@H](N)CC(N)=O.CC(C)C[C@@H](C=O)[C@@H](CC(C)C)C(=O)N[C@@H](C)C(=O)C(=O)C[C@@H](CS)C(=O)N[C@H](C=O)CCCCN.CC(O)[C@@H](C=O)NC(=O)CN.N.N.N=C(N)N.N=C(N)N[C@@H](CC(N)=O)C(=O)O.NC(=O)[C@@H](N)CC(=O)O.NN.O=C1CN1.O=C1N[C@H]1CS
[C@H]%63(CCC(N)=O)C%16=O.[C@H]%64(CCC(=O)O)C%19=O.[C@H]%65(CCCCN)C%20=O.[C@H]%66(CCCCN)C%22=O.CC[C@H](C)[C@H]%37C%12=O.C2(=O)[C@@H]%38CC(N)=O.C%24(=O)[C@@H]%40CC(=O)O.C%57(=O)[C@@H]%43CC(C)C.C%68(=O)[C@@H]%44CC(C)C.C%79(=O)[C@@H]%45CC(C)C.C5(=O)[C@@H]%49CC(C)C.C8(=O)[C@@H]%52CC(C)C.C9(=O)[C@@H]%53CCCC%54.[C@H]%56(CCC%58)C%14=O.[C@H]%61(CCC%62)C%17=O.[C@H]%67(CC(N)=O)C%23=O.[C@@H]%70(C%25=O)[C@@H](C)CC.[C@H]%72(CC(N)=O)C%28=O.c1%89ccc(O)cc1.C%11(=O)[C@@H](N)CC%81.c1%92ccc(O)cc1.[C@H]%74(CC%82)C%29=O.[C@@H]%78(C%36=O)C(C)C.C4(=O)[C@@H]%48C%89.N1%17CCC[C@H]1%84.[C@H]%80(CC%83)C(=O)O.C%13(=O)[C@@H]%39CO.C%57(=O)[C@@H]%41CO.[C@@H]1%85CCCN14.C6(=O)[C@@H]%50CO.C%11(=O)[C@@H]%55CO.N1%16CCC[C@H]1%86.[C@H]%69(C%92)C%27=O.N1%29CCC[C@H]1%87.[C@H]%76(CO)C%33=O.[C@H]%77(CO)C%33=O.N1%33CCC[C@H]1%88.C%35(=O)[C@@H]%42C.C%89(=O)[C@@H]%47C.[C@H]%73(C)C%32=O.N%54C(=N)N.N%58C(=N)N.C%51C9=O.C%60C%15=O.N%62C(=N)N.C%71C%26=O.C3%83=O.C%10%84=O.C%18%85=O.C%30%86=O.C%34%87=O.C%36%88=O.N2%37.N%13%38.N%24%39.N%35%40.N%46%41.N%57%42.N%68%43.N%79%44.N%90%45.N3%47.N4%48.N5%49.N6%50.N7%51.N8%52.N9%53.N%11%55.S%81C.N%12%56.N%14%60.N%15%61.N%18%63.N%19%64.N%20%65.N%21%67.N%22%69.N%23%70.N%25%71.N%26%72.N%27%73.N%28%74.S%82C.N%30%75.N%31%76.N%32%77.N%34%78.N%36%80.S%83C	CC(C)C[C@@H]1NC1=O.CC(C)C[C@@H]1NC1=O.CC(C)C[C@H](NC(=O)[C@@H](N)CC(C)C)C(=O)N[C@@H](CC(C)C)C(=O)C(=O)[C@@H](N)CO.CC[C@H](C)[C@H](NC(=O)[C@@H](N)CC(N)=O)C(=O)NCC(=O)N[C@@H](CC(N)=O)C(=O)N[C@@H](CCSC)C(=O)N1CCC[C@H]1C(=O)N[C@H](C(=O)C(=O)[C@@H]1CCCN1)C(C)C.CC[C@H](C)[C@H](NC(=O)[C@H](CC(N)=O)NC(=O)[C@H](CO)NC(=O)[C@H](CC(=O)O)NC(=O)[C@H](C)N)C(=O)N[C@@H](CCCNC(=N)N)C(=O)NCC(=O)N[C@@H](CCCNC(=N)N)C(=O)N1CCC[C@H]1C=O.CS.CSCC[C@H](N)C(=O)C(=O)[C@@H](N)CO.C[C@@H](C=O)NC(=O)CC[C@H](N)C(=O)O.C[C@H](NC(=O)[C@H](Cc1ccc(O)cc1)NC(=O)CCCCCN)C(=O)N[C@@H](CO)C(=O)C(=O)[C@@H](N)CO.N=C(N)NCCCC[C@H](N)C(=O)C(=O)CN.NC(=O)CC[C@H](NC(=O)[C@@H]1CCCN1C(=O)[C@@H](N)Cc1ccc(O)cc1)C(=O)N1CCC[C@H]1C(N)=O.NCCCC[C@@H]1NC1=O.O=C(O)CC[C@@H]1NC1=O.O=C1N[C@H]1CO
.C(N)C[C@H]3C%19=O.c1%15cccc(O)cc1.C%16(=O)[C@@H]7C(C)C.[C@@H]9(C%21=O)C(C)C.c1%16ccc(O)cc1.[C@H]8(C%16)C%21=O.N1%23CCC[C@H]1%13.N5C(=N)N.C%18(=O)C5.C%19C(%10))N.C%108C2=O.C%10C(=O)O.N23.N%134.N%175.N%186.N%197.N%208.N%219.N%22%10	INVALID
C%24(=O)[C@@H]%15CCCCN.C%29(=O)[C@@H]%19CCC(N)=O.C%33(=O)[C@@H]%27CCC(=O)O.C5(=O)[C@@H](N)CCCCN.CC(C)C[C@H]%10C6=O.C%13(=O)[C@@H]%12CC(C)C.C%32(=O)[C@@H]%15CCC%16.[C@H]%22(CC(C)C)C8=O.C4(=O)[C@@H]%22[C@@H](C)C.C2(=O)[C@@H]%11CO.C%31(=O)[C@@H]%17CO.N19CCC[C@H]1%27.[C@H]%23(CO)C8=O.C2(=O)C%14.N%16C(=N)N.C%30(=O)C%18.C3(=O)C%20.C%25C9=O.C%27(=O)O.N2%10.N%13%11.N%24%12.N%26%14.N%27%15.N%30%16.N%31%17.N%32%18.N%33%19.N4%20.N5%20.N6%22.N7%23.N8%25.N9%26	CC(C)C[C@@H](C(=O)C(=O)[C@@H](N)CO)[C@H](C(=O)NCC=O)C(C)C.CC(C)C[C@H](N)C(N)=O.CC(C)C[C@H](NC(=O)[C@H](CCCCN)[C@@H](CCCNC(=N)N)C(=O)NCC(N)=O)C(=O)N[C@@H](CO)C(=O)C(=O)CNN.NC(=O)O.NCC(=O)N1CCC[C@H]1[C@@H](CCC(=O)O)C(=O)N[C@H](C=O)CCC(N)=O.NCCCC[C@H](N)C(N)=O.O=C1N[C@H]1CO
C2(=O)[C@@H]%38CCC(=O)O.C7(=O)[C@@H]%51CCCCN.[C@H]%62(CCC(N)=O)C%20=O.[C@H]%67(CCC(N)=O)C%25=O.CC[C@H](C)[C@H]%37C%14=O.C%13(=O)[C@@H]%39CC(C)C.C%24(=O)[C@@H]%40CC(C)C.C%35(=O)[C@@H]%41[C@@H](C)CC.C%46(=O)[C@@H]%42CCC%43.C%88(=O)[C@@H]%47CC(=O)O.C4(=O)[C@@H]%49CC(C)C.C5(=O)[C@@H]%50[C@@H](C)CC.C6(=O)[C@@H]%52CC(C)C.C%10(=O)[C@@H]%56CC(=O)O.C%14(=O)[C@@H]%60[C@@H](C)CC.C%14(=O)[C@@H](N)CC(C)C.[C@H]%59(CC(C)C)C%16=O.[C@H]%58(CC(C)C)C%18=O.[C@H]%61(CC(C)C)C%19=O.[C@H]%64(CC(C)C)C%22=O.[C@@H]%66(C%26=O)[C@@H](C)CC.[C@H]%66(CC(C)C)C%28=O.[C@H]%70(CC(=O)O)C%29=O.[C@H]%72(CC(C)C)C%32=O.[C@H]%74(CCC%75)C%34=O.[C@@H]%76(C%36=O)[C@@H](C)CC.C%57(=O)[C@@H]%43CC%78.C%68(=O)[C@@H]%44C(C)C.c1%84ccc(O)cc1.c1%85ccc(O)cc1.[C@@H]%73(C%30=O)C(C)C.C%79(=O)[C@@H]%45C%83.c1%83ccccc1.C3(=O)[C@@H]%48C%84.C9(=O)[C@@H]%54C%85.[C@@H]1%80CCCN1%14.N1%25CCC[C@H]1%82.[C@H]%69(C%86)C%33=O.[C@@H]1%81CCCN1.[C@H]%71(CO)C%37=O.[C@H]%77(CS)C(=O)O.C8(=O)[C@@H]%53C.C%63C%21=O.C%65C%23=O.C%71C%31=O.N%75C(=N)N.C%12%80=O.C%15%81=O.C%26%82=O.N2%37.N%13%38.N%24%39.N%35%40.N%46%41.S%78C.N%57%42.N%68%44.N%88%45.S%78C.N3%47.N4%48.N5%49.N6%50.N7%51.N8%52.N9%53.N%11%54.N%12%55.S%80C.N%15%56.N%16%58.N%17%59.N%18%60.N%19%61.N%20%62.N%21%63.N%22%64.N%23%65.N%26%66.N%27%67.N%28%69.N%29%70.N%30%71.N%31%72.N%32%73.N%33%74.N%34%76.N%36%77.N%37%77	CC(C)C[C@@H]1NC1=O.CC(C)C[C@@H]1NC1=O.CC(C)C[C@H](N)C(=O)N1CCC[C@H]1C(N)=O.CC(C)[C@@H]1NC1=O.CC[C@H](C)[C@@H](C(=O)C(=O)[C@@H](NC(=O)[C@H](CC(C)C)NC(=O)[C@@H](N)CC(C)C)[C@@H](C)CC)C(=O)[C@H](CO)CC(=O)N[C@@H](CC(C)C)C(=O)N[C@H](C(N)=O)C(C)C.CC[C@H](C)[C@@H](C(=O)C(=O)[C@@H]1CCCN1C(=O)[C@@H](N)CCC(N)=O)[C@@H](CC(C)C)C(=O)N[C@@H](C)C(=O)N[C@@H](CCCNC(=N)N)C(=O)N[C@H](C(=O)N[C@@H](CS)C(=O)O)[C@@H](C)CC.CC[C@H](C)[C@H](NC(=O)[C@@H]1CCC[C@@H](CCSC)C(=O)N1)C(=O)N[C@@H](CC(C)C)C(=O)N[C@@H](CC(C)C)C(=O)N[C@@H](CCC(=O)O)C(=O)NN.CC[C@H](C)[C@H](NC(=O)[C@H](CC(C)C)NC(=O)[C@H](C)NC(=O)[C@@H](N)Cc1ccc(O)cc1)C(=O)N[C@@H](CC(C)C)C(=O)N[C@@H](Cc1ccc(O)cc1)C(=O)N[C@@H](CC(=O)O)C(=O)N[C@H](C=O)Cc1ccccc1.CS.CS.N.NC(=O)CC[C@@H]1NC1=O.NCCCC[C@@H]1NC1=O.O=C(O)C[C@@H]1NC1=O.O=C1CN1.O=C1CN1.O=C[C@H](CC(=O)O)NC(=O)[C@@H]1CCCN1
[C@H]8(CCCCN)C%19=O.[C@H]%10(CCC(=O)O)C%22=O.[C@H]%11(CCC(=O)O)C%23=O.[C@H]%15(CCCCN)C3=O.[C@H]6(CC(=O)O)C%16=O.[C@H]%12(CCC(=O)O)C%26=O.C2(=O)[C@@H]5CC(C)C.c1%17ccc(O)cc1.[C@@H]%12(C%20=O)C(C)C.c1%18ccc(O)cc1.[C@@H]%19(C2=O)C(C)C.[C@H]7(C%17)C%13=O.[C@H]9(C%18)C%22=O.[C@H]8(C)C%19=O.[C@H]%14(C)C2=O.N24.N%135.N%136.N%197.N%208.N%219.N%22%10.N%23%11.N%25%12.N2%14.N3%15	CC(C)C[C@@H]1NC(=O)[C@H](Cc2ccc(O)cc2)NC(=O)[C@H](C)[C@@H](CCCCN)C(=O)[C@@H](C(C)C)C(=O)C1=O.CC(C)[C@@H](C(N)=O)[C@H](C=O)CCC(=O)O.C[C@H](N)C(N)=O.N.NCCCC[C@@H]1NC1=O.N[C@@H](CCC(=O)O)C(=O)C(=O)[C@@H](N)Cc1ccc(O)cc1.N[C@H](C=O)CC(=O)O.O=C(O)CC[C@@H]1NC1=O
C%13(=O)[C@@H]%47CCC(=O)O.C2(=O)[C@@H]%45CCC(=O)O.[C@H]%49(CCCCN)C9=O.[C@H]%56(CCC(=O)O)C%14=O.[C@H]%58(CCCCN)C%15=O.[C@H]%61(CCC(N)=O)C%16=O.[C@H]%63(CCCCN)C%17=O.[C@H]%71(CCCCN)C%26=O.[C@H]%74(CCC(=O)O)C%28=O.[C@H]%75(CCCCN)C%29=O.CC[C@H](C)[C@H]%44C8=O.C%35(=O)[C@@H]%48CC(C)C.C%46(=O)[C@@H]%51CC(=O)O.C%90(=O)[C@@H]%52CCC%53.C4(=O)[C@@H]%44CC(N)=O.C5(=O)[C@@H]%52CCC%53.C7(=O)[C@@H](N)CC(C)C.[C@H]%60(CC(C)C)C%18=O.[C@H]%62(CC(N)=O)C%20=O.[C@H]%69(CC(C)C)C%25=O.[C@H]%70(CC(C)C)C%26=O.[C@H]%72(CCC%73)C%27=O.[C@@H]%76(C%30=O)[C@@H](C)CC.[C@H]%80(CC(=)=O)C%39=O.C4(=O)[C@@H]%45[C@@H](C)O.c110ccc(O)cc1.C6(=O)[C@@H](N)CC%84.[C@H]%51(CC%85)C%10=O.[C@@H]%64(C%18=O)[C@@H](C)O.[C@@H]%66(C%23=O)[C@@H](C)O.c1%93ccc(O)cc1.[C@@H]%82(C%40=O)C(C)C.[C@@H]1%86CCCN1%35.C%57(=O)[C@@H]%40C%92.[C@@H]1%87CCCN1%79.[C@@H]1%88CCCN1%79.C3(=O)[C@@H]%43CO.[C@H]%54(CO)C%11=O.[C@H]%67(CC%100)C%22=O.[C@H]%77(CS)C%31=O.N1%31CCC[C@H]1%89.[C@H]%78(CS)C%33=O.[C@H]%80(CS)C%34=O.N1%34CCC[C@H]1%91.[C@H]%81(CO)C%38=O.[C@H]%83(CO)C(=O)O)O.N%53C(=N)N.C%65C%21=O.N%73C(=N)N.C%24%86=O.C%68%87=O.C%79%88=O.C%32%89=O.C%36%91=O.N2%44.N%13%45.N%24%47.N%46%49.N%57%50.N%68%51.N3%52.N4%44.N5%45.N6%47.S%84C.N7%48.N8%49.N9%50.S%85C.N%10%52.N%11%54.N%12%55.N%14%56.N%15%58.N%16%59.N%17%60.N%18%61.N%19%62.N%20%63.N%21%64.N%22%65.N%23%66.N%25%67.N%26%69.N%27%70.N%28%71.N%29%72.N%30%74.N%32%75.N%33%76.N%36%77.N%37%78.N%39%80.N%39%81.N%41%82.N%43%83	INVALID
O)C(=O)O.[C@@H]7(C%16=O)[C@@H](C)O.[C@@H]%10(C3=O)C(C)C.c1%14ccc(O)cc1.N1%13CCCN=%12.C%11(=O)CN.N28.N%17%11.N%20C	INVALID
C6(=O)[C@@H]%27CCCCN.[C@H]%30(CCC(=O)O)C%10=O.C%13(=O)[C@@H]%17CCC%18.C%24(=O)[C@@H]%20CC(C)C.C%35(=O)[C@@H]%21CC(C)C.C%43(=O)[C@@H]%25CC(C)C.C6(=O)[C@@H]%30CC(C)C.[C@H]%32(CC(=O)O)C%11=O.C%37C[C@H]%15C9=O.C2(=O)[C@@H]%16[C@@H](C)O.[C@@H]%36(C%12=O)[C@@H](C)O.[C@@H]%36(C(=O)O)C(C)C.C%41(=O)[C@@H]%22CS.C%42(=O)[C@@H]%23C%39.C%46(=O)[C@@H]%26CO.C%44(=O)[C@@H]%27CO.C4(=O)[C@@H]%28CO.[C@@H]1%38CCCN16C8(=O)[C@@H](N)CS.[C@H]%33(CO)C%12=O.[C@H]%34(CO)C%16=O.c1%39c[nH]cn1.C%43(=O)C%19.C%31C%14=O.C5%38=O.CS%37.N2%15.N%13%16.N%24%18.N%35%20.N%42%21.N%43%22.N%44%23.N%45%25.N%46%26.N3%27.N4%28.N5%29.N7%30.N8%31.N9%32.N%10%33.N%11%34.N%14%36	INVALID
C%25(=O)[C@@H]%24CCCCN.C%56(=O)[C@@H]%28CCCCN.C%57(=O)[C@@H]%29CCCCN.C%60(=O)[C@@H]%30CCC(N)=O.c1%55c[nH]c2ccccc12.C4(=O)[C@@H]%32CCCCN.C6(=O)[C@@H]%33CCC(=O)O.C%14(=O)[C@@H]%22CCC%23.C%58(=O)[C@@H]%31CC(C)C.[C@H]%37(CC(N)=O)C%11=O.[C@H]%38(CC(N)=O)C%13=O.[C@H]%40(CCC%41)C%18=O.[C@H]%44(CCC%45)C%19=O.C%49CC[C@H]%20C9=O.C8(=O)[C@@H]%35CC%50.c1%56ccc(O)cc1.C%47(=O)[C@@H]%26C%51.C7(=O)[C@@H]%34C%52.[C@H]%39(C%53)C%16=O.[C@H]%43(C%54)C%15=O.C3(=O)[C@@H]%21C.C%47(=O)[C@@H]%27C.c1%51c[nH]cn1.[C@H]%42(C)C%12=O.c1%53c[nH]cn1.c1%54c[nH]cn1.[C@H]%48(C)C(=O)O.N%23C(=N)N.C%56(=O)CN.N%41C(=N)N.N%45C(=N)N.C%46C%17=O.CS%49.N3%20.N%14%21.N%25%22.N%36%24.N%45%26.N%58%27.N%57%28.N%58%29.N4%30.N5%31.N6%32.N7%33.N8%34.S%50C.N9%35.N%10%37.N%11%38.N%12%39.N%13%40.N%15%42.N%16%43.N%17%44.N%18%46.N%19%48	CC(C)C[C@H](N)C(=O)N[C@@H](C)C(=O)C(=O)[C@@H](N)Cc1c[nH]cn1.CSCCC[C@H](NC(=O)[C@H](C)NC(=O)[C@H](CCCNC(=N)N)NC(=O)[C@@H](N)CCCCN)C(=O)N[C@@H](CCSC)C(=O)N[C@@H](C)C(=O)N[C@@H](CCC(=O)O)C(=O)N[C@@H](CCCCN)C(=O)N[C@H](C=O)CCC(N)=O.C[C@@H]1NC(=O)[C@H](Cc2c[nH]cn2)NC(=O)[C@H](Cc2c[nH]cn2)NC1=O.C[C@H](NC(=O)[C@H](CCCNC(=N)N)NC(=O)CNC(=O)[C@H](CCCNC(=N)N)NC(=O)[C@H](CC(N)=O)NC(=O)[C@@H](N)CC(N)=O)C(=O)O.NCC=O.NCCCC[C@H](NC(=O)[C@@H](N)CCCCN)C(=O)c1ccc(O)cc1.c1ccc2[nH]ccc2c1
[C@H]%22(CCC(=O)O)C7=O.[C@H]%15(CC(=O)O)C%34=O.[C@@H]%19(C3=O)[C@@H](C)CC.[C@H]%20(CC(N)=O)C5=O.[C@H]%23(CC(C)C)C9=O.c1%30ccc(O)cc1.[C@@H]%14(C%24=O)C(C)O.[C@@H]%16(C%34=O)C(C)O.[C@@H]%17(C%35=O)C(C)C.[C@@H]%18(C%36=O)[C@@H](C)O.[C@H]%11(C%27)C%32=O.[C@H]%17(C%28)C%32=O.[C@H]%25(C%29)C8=O.c1%29ccccc1.c1%27c[nH]cn1.[C@H]%12(C)C%31=O.c1%28c[nH]cn1.C2(=O)[C@H](C)N.C%21C5=O.C%35%26=O.N2%10.N%13%11.N%24%14.N%31%15.N%32%16.N%33%17.N%34%18.N%35%19.N%37%20.N5%21.N6%23.N7%25.N8%26	CC(C)C[C@H](N)C=O.CC(C)[C@@H](C(=O)C(=O)NC(=O)[C@H](Cc1ccccc1)NC(=O)CCCC(=O)O)[C@@H](Cc1c[nH]cn1)C(=O)C(=O)[C@@H](N)Cc1c[nH]cn1.CC(O)[C@@H]1NC1=O.CCC(=O)N[C@@H](CC(=O)O)C(=O)C(=O)[C@@H](N)C(C)O.CC[C@H](C)[C@H](N)C=O.C[C@@H](O)[C@H](N)C=O.C[C@H](N)C(N)=O.N.NCC(=O)C(=O)[C@@H](N)CC(N)=O.Oc1ccccc1
=O.[C@H]8(CC(C)C)C%22=O.[C@H]%10(CC(C)C)C(=O)O.C%12C[C@H](N)C2=O.[C@H]6(C%16)C%23=O.N1%17CCC[C@H]1%14.[C@H]7(C%17)C3=O.c1%16c[nH]cn1.c1%17c[nH]cn1.C%19%14=O.C3%15=O.CS%12.N25.N%196.N%217.N%229.N%23%11	INVALID
C3(=O)[C@@H]%21CCCCN.[C@H]%23(CCC(N)=O)C8=O.CC[C@H](C)[C@H]%12C4=O.C%39(=O)[C@@H]%19CC(=O)O.C%38(=O)[C@@H]%20CC(=O)O.[C@H]%22(CC(C)C)C5=O.[C@H]%27(CC(NO=O)C%10=O.c1%31ccc(O)cc1.C%35(=O)[C@@H]%19C(C)C.C%38(=O)[C@@H](N)CC%30.[C@@H]%26(C9=O)[C@@H](C)O.C%24(=O)[C@@H]%15CC%31.[C@H]%22(CO)C6=O.[C@H]%25(CS)C%10=O.[C@H]%27(CS)C%11=O.[C@H]%29(CO)C(=O)O.C2(=O)[C@@H]%14C.C%36(=O)[C@@H]%18C.C%35(=O)C%17.C%27C3=O.N2%12.N%13%14.N%24%14.N%34%15.N%36%16.N%37%17.N%38%18.N%39%19.N%40%20.N3%21.S%30C.N5%22.N6%23.N7%25.N8%26.N9%27.N%10%28.N%11%29	INVALID
[C@H]%27(CCC(N)=O)C%57=O.[C@H]%28(CCC(=O)O)C%59=O.[C@H]%30(CCC(=O)O)C4=O.[C@H]%23(CC(C)C)C%35=O.[C@H]%41(CCCCN)C%14=O.[C@H]%26(CC(N)=O)C%46=O.[C@H]%36(CCC%37)C7=O.[C@H]%38(CC(=O)O)C8=O.[C@H]%37(CCC%38)C9=O.[C@H]%39(CCC%40)C%11=O.[C@H]%42(CC(=O)O)C%17=O.[C@H]%48(CC(=O)O)C%18=O.[C@H]%49(CC(=O)O)C%19=O.[C@@H]%45(C%20=O)C(C)CC.[C@H]%21(CS)C%13=O.[C@H]%29(C%54)C%58=O.c1%53ccccc1.C2(=O)[C@@H](N)C%53%53ccccc1.[C@H]%30(CO)C%62=O.[C@H]%31(C%54C4=O.c1%54ccccc1.[C@H]%33(C%52)C6=O.[C@H]%42(C%55)C%10=O.c1%55ccccc1.[C@H]%43(C%52)C%12=O.[C@H]%44(CO)C%16=O.c1%52c[nH]cn1.C%22C%24=O.N%36C(=N)N.N%38C(=N)N.N%40C(=N)N.C%47C%14=O.C%51(C(=O)O.N2%20.N%13%22.N%24%23.N%35%25.N%46%27.N%57%28.N%58%29.N%59%30.N%59%31.N4%32.N5%33.N6%34.N7%36.N8%37.N9%39.N%10%41.N%11%42.N%12%42.N%14%43.N%15%45.N%16%47.N%17%48.N%18%49.N%19%51	INVALID
c1%37c[nH]c2ccccc12.[C@H]%31(CCC%32)C(=O)O.CC[C@H](C)[C@H]%13C9=O.C5(=O)[C@@H]%16CC(N)=O.c1%38ccc(O)cc1.C%47(=O)[C@@H]%23CC%33.c1%40ccc(O)cc1.c1%41ccc(O)cc1.C3(=O)[C@@H]%15CS.C%14(=O)[C@@H]%16C%35.c1%35ccccc1.[C@@H]1%34CCCN1%38.C%42(=O)[C@@H]%17CS.C%43(=O)[C@@H]%19CO.C%43(=O)[C@@H]%20CS.C%44(=O)[C@@H]%22C%37.C%45(=O)[C@@H]%24CO.C5(=O)[C@@H]%24C%38.C7(=O)[C@@H]%27C%39.c1%39ccccc1.[C@H]%28(C%40)C%10=O.[C@H]%29(C%41)C%11=O.[C@H]%30(CS)C%12=O.C%25(=O)[C@@H]%18C.C6(=O)[C@@H]%26C.C8(=O)CN.C%37%34=O.N3%13.N%14%15.N%25%16.N%36%17.N%42%18.N%43%19.N%44%20.N%45%21.N%46%22.S%33C.N4%23.N5%24.N6%26.N7%27.N8%28.N9%29.N%10%30.N%11%31	CCC[C@H](NC(=O)[C@H](Cc1ccc(O)cc1)NC(=O)[C@@H](NC(=O)[C@H](CS)NC(=O)[C@H](Cc1ccccc1)[C@@H](CC(N)=O)C(=O)C(=O)[C@H](C)[C@@H](CO)C(N)=O)[C@@H](C)CC)C(=O)O.CSCC[C@H](N)C=O.C[C@@H]1NC1=O.C[C@H](NC(=O)[C@@H](N)CS)C(N)=O.N.NCC(=O)N[C@@H](Cc1ccc(O)cc1)C(=O)N[C@H](C=O)CS.N[C@@H](Cc1c[nH]c2ccccc12)C(=O)N[C@@H](CS)C(=O)C(=O)[C@@H](N)CO.O=C1N[C@H]1Cc1ccccc1.O=C[C@@H]1CCCN1c1ccc(O)cc1
C%25(=O)[C@@H]%20CCC(=O)O.C8(=O)[C@@H]%35CCCCN.c1%42c[nH]c2ccccc12.CC[C@H](C)[C@H]%15C%10=O.C%14(=O)[C@@H]%18CCC%19.C%44(=O)[C@@H]%21CC(=O)O.C%45(=O)[C@@H]%27CCC%27.C%46(=O)[C@@H]%28CC(=O)O.C6(=O)[C@@H]%32CCC%33.[C@@H]%37(C%11=O)[C@@H](C)CC.C5(=O)[C@@H]%30CC%39.C3(=O)[C@@H]%17CO.C%43(=O)[C@@H]%23CO.C%43(=O)[C@@H]%24C%41.c1%41ccccc1.C%44(=O)[C@@H]%29C%42.[C@@H]1%40CCCN18.C%44(=O)[C@@H]%22C.N%19C(=N)N.C%10(=O)CN.C%34C%12=O.N%33C(=N)N.N%33C(=N)N.C%38C(=O)O.C7%40=O.N3%15.N%14%16.N%25%17.N%36%20.N%42%21.N%43%22.N%44%23.N%45%24.N%46%26.N4%28.N5%29.S%39C.N6%30.N7%32.N%10%34.N%11%35.N%12%37.N%13%38	CC[C@H](C)[C@H](NC(=O)CN)C(=O)N[C@@H](CCCCN)C(=O)N1CCC[C@H]1C(=O)N[C@@H](CCCNC(=N)N)C(=O)N[C@@H](CCSC)C(=O)N[C@@H](Cc1c[nH]c2ccccc12)C(=O)C(=O)[C@@H](N)CC(=O)O.CC[C@H](C)[C@H](NC(=O)[C@H](CO)NC(=O)[C@@H](N)CCC(=O)O)C(=O)C(=O)CN.C[C@H](N)C(=O)N[C@@H](CO)C(=O)C(=O)[C@H](Cc1ccccc1)NC(=O)C1CCC1.N=C(N)N.N=C(N)NCCCCC(N)=O.NC(=O)[C@@H](N)CC(=O)O.NCC(=O)O
C%19(=O)[C@@H]5CCC7.C%21(=O)[C@@H]8CCC9.C%21(=O)[C@@H]%14CC(C)C.C%17C[C@H]4C%24=O.C2(=O)[C@@H]4C(C)C.C%21(=O)[C@@H]%10CC%18.C%23(=O)[C@@H]%11C(C)C.[C@@H]%14(C3=O)C(C)C.[C@@H]%16(C(=O)O)C(C)C.C%22(=O)[C@@H]%10C%20.c1%20ccccc1.[C@H]%12(CO)C%25=O.N7C(=N)N.N9C(=N)N.CS%18.N24.N%125.N%216.N%227.N%228.N%23%10.N%24%12.N%25%13.N%25%14.N%26%15.S%19C.N3%16	CC(C)CC(N)=O.CC(C)C[C@@H](C(=O)C(=O)[C@@H](N)CCCNC(=N)N)[C@H](C(=O)N[C@H](C(=O)O)C(C)C)C(C)C.CC[C@@H](C(N)=O)[C@H](C(N)=O)C(C)C.CSC(=O)[C@H](CCCNC(=N)N)N[C@@H](CO)C(N)=O.CSCC[C@@H](C(N)=O)[C@@H](Cc1ccccc1)C(N)=O.N.N
[C@H]7(CCC(=O)O)C%22=O.[C@H]9(CCCCN)C%23=O.[C@H]%10(CCC%11)C%25=O.[C@H]%13(CCC(=O)O)C3=O.[C@H]%15(CCC%16)C4=O.[C@H]%17(CCC%18)C(=O)O.C%13(C)[C@H]5C%20=O.[C@@H]%12(C%23=O)[C@@H](C)O.C1(=O)[C@@H]6CC%19.C%12(=O)C7.C%17(=O)CN.N%12C(=N)N.C8C%20=O.N%11C(=N)N.N%16C(=N)N.N%18C(=N)N.N15.N%196.N%217.N%228.N%239.N%25%10.N%26%14%14	INVALID
C4(=O)[C@@H]CCCCCN.[C@H]%76(CCC(N)=O)C%27=O.c1%89c[nH]c2ccccc12.[C@H]%82(CCC(=O)O)C%33=O.[C@H]%83(CCC(N)=O)C%34=O.[C@H]%84(CCCCN)C%35=O.[C@H]%85(CCCCN)C%38=O.CC[C@H](C)[C@H]%39C%17=O.C3(=O)[C@@H]%41CC(N)=O.C%25(=O)[C@@H]%43CCC%44.C%36(=O)[C@@H]%45CC(C)C.C%47(=O)[C@@H]%46[C@@H](C)CC.C%80(=O)[C@@H]%50CCC%51.C6(=O)[C@@H]%54CC(=O)O.C7(=O)[C@@H]%55[C@@H](C)CC.C9(=O)[C@@H]%56CC(C)C.C8(=O)[C@@H]%57CC(=)=O.C%10(=O)[C@@H]%59CC(C)C.C%11(=O)[C@@H]%60[C@@H](C)CC.C%15(=O)[C@@H]%62CC(C)C.C%13(=O)[C@@H]%63CCC%64.[C@H]%66(CCC%67)C%19=O.[C@@H]%71(C%21=O)[C@@H](N)CCC%73.[C@H]%72(CCC(N)=O)C%23=O.[C@H]%75(CC(N)=O)C%24=O.[C@H]%77(CC(=O)O)C%29=O.[C@H]%81(CC(N)=O)C%31=O.[C@H]%81(CC(=O)O)C%32=O.[C@H]%87(CC(=O)O)C(=O)O.C%16(=O)[C@@H]%65CC%88.C%18(=O)[C@@H]%68[C@@H](C)O.C%17(=O)[C@@H]%52CO.C%69(=O)[C@@H]%49C.C3(=O)[C@@H]%52C.C%16(=O)[C@H](C)N.C%14(=O)C%42.N%44C(=N)N.C%58(=O)C%48.N%51C(=N)N.C5(=O)C%53.C%12(=O)C%61.N%64C(=N)N.C%70C%22=O.C%74C%26=O.N%74C(=N)N.C%79C%30=O.N%85C(=N)N.N3%39.N%14%41.N%25%42.N%36%43.N%47%45.N%58%46.N%69%48.N%80%49.N%91%50.N4%52.N5%53.N6%54.N7%55.N8%56.N9%57.N%11%59.N%12%60.N%13%61.N%15%62.N%16%63.S%88C.N%17%65.N%18%66.N%19%68.N%20%70.N%21%71.N%22%72.N%23%73.N%24%74.N%26%75.N%27%76.N%28%77.N%29%78.N%30%79.N%31%81.N%32%82.N%33%83.N%34%84.N%35%85.N%37%86.N%38%88	INVALID
[C@H]8(CCC(=O)O)C%22=O.[C@H]%11(CCCCN)C%25=O.[C@H]%18(CCCCN)C5=O.CC[C@H](C)[C@H]6C%21=O.[C@H]7(CC(C)C)C%25=O.[C@H]%13(CC(C)C)C%26=O.[C@@H]%15(C%27=O)[C@@H](C)CC.[C@H]%16(CCC%17)C5=O.C1(=O)[C@@H](N)CC%20.[C@@H]%19(C(=O)O)C(C)C.[C@H]9(CO)C%23=O.[C@H]%10(C)C%27=O.N%17C(=N)N.N16.N%127.S%20C.N%218.N%229.N%23%10.N%24%11.N%25%13.N%26%15.N%27%15.N3%16.N4%18.N5%19	CC(C)C[C@H](N)C(=O)C(=O)[C@@H](N)CCCCN.CC(C)[C@H](N)C(=O)O.CC[C@H](C)[C@H](NC(=O)[C@@H](N)CCSC)C(=O)N[C@@H](CCC(=O)O)C(=O)N[C@@H](CO)C(=O)N[C@@H](C)C(=O)C(=O)[C@@H](NC(=O)[C@@H](N)CC(C)C)[C@@H](C)CC.N.N=C(N)NCCC[C@H](N)C(=O)C(=O)[C@@H](N)CCCCN
C%13(=O)[C@@H]%15CCCCN.C%38(=O)[C@@H]%20CCCCN.C%38(=O)[C@@H]%21CCCCN.C%39(=O)[C@@H]%22CCC(=O)O.C4(=O)[C@@H]%27CCCCN.C5(=O)[C@@H]%28CCC(=O)O.C7(=O)[C@@H](N)CCC(N)=O.C%35(=O)[C@@H]%17CCC%18.C%40(=O)[C@@H]%25CC(N)=O.[C@H]%29(CCC%30)C%12=O.C(C)[C@H]%14C8=O.C%43(=O)[C@@H]%23CC%34.C%40(=O)[C@@H]%25C(C)C.[C@@H]%26(C%11=O)C(C)C.c1%37ccc(O)cc1.[C@@H]%32(C(=O)O)C(C)C.C2(=O)[C@@H]%15CC%36.C%38(=O)[C@@H]%19CO.[C@H]%31(C%37)C%10=O.c1%36c[nH]cn1.N%30C(=N)N.C6(=O)C%32.N2%14.N%13%15.N%24%16.N%35%17.N%37%19.N%33%19.N%39%20.N%40%21.N%41%22.S%34C.N4%23.N5%25.N6%26.N7%27.N8%28.N9%29.N%10%29.N%11%31.N%12%32	CC(C)[C@H](CC(=O)N[C@H](C(=O)N[C@@H](Cc1ccc(O)cc1)C(N)=O)C(C)C)C(=O)O.CC(C)[C@H]1C(=O)C(=O)[C@@H]1CC(N)=O.CCC[C@@H]1NC1=O.CC[C@H](NC(=O)[C@H](CCc1c[nH]cn1)[C@@H](CCCCN)C(N)=O)C(=O)N[C@@H](CCC(=O)O)C(N)=O.CSCC[C@@H](C=O)NC(=O)[C@H](CCCCN)NC(=O)[C@@H](N)CCC(N)=O.N.N.N=C(N)NCCC[C@H](N)C(N)=O.NCCCC[C@H](NC(=O)[C@@H](N)CCC(=O)O)C(=O)C(=O)[C@@H](N)CCCCN.N[C@H](C=O)CO
C.C3(=O)[C@@H](N)C%10%19.C%11C.C%67=O.C%10C	C.C=O.CC.CCC[C@H](N)C=O
C%26(=O)[C@@H]%12CCC(=O)O.C%30(=O)[C@@H]%16CCC(=O)O.[C@H]%23(CCCCN)C7=O.[C@H]%22(CCC(N)=O)C8=O.CC[C@H](C)[C@H]9C5=O.C%31(=O)[C@@H]%14CCC%15.C%33(=O)[C@@H]%18CC(C)C.C%34(=O)[C@@H]%20CC(N)=O.C4(=O)[C@@H](N)C(C)C.[C@@H]11%26CCCN13.C%34(=O)[C@@H]%21C%28.C3(=O)[C@@H]%21C%27.c1%27ccccc1.c1%28c[nH]cn1.C%13(=O)C%11.C%24(=O)C%10.C%32(=O)C%15.N%15C(=N)N.C%32(=O)C%17.C%19C5=O.C%22%266=O.N29.N%13%10.N%24%11.N%30%12.N%31%14.N%32%15.N%33%16.N%34%17.N%35%18.N3%19.N4%20.N5%21.N6%22.N7%23.N8%25	INVALID
%12)C%17=O.[C@H]%10(CCC%11)C%23=O.C%14C[C@H](N)C2=O.C6C%19=O.C8C%21=O.N%11C(=N)N.N%14C(=N)N.CS3.N14.N%135.N%186.N%197.N%208.N%219.N3%10	INVALID
C%14(=O)[C@@H]%19CCC(N)=O.C6(=O)[C@@H]%31CCC(N)=O.c1%44c[nH]c2ccccc12.C9(=O)[C@@H](N)CCC(N)=O.[C@H]%33(CCC(N)=O)C%11=O.[C@H]%35(CCCC(=O)O)C%15=O.[C@H]%37(CCCCN)C%17=O.CC[C@H](C)[C@H]%17C%10=O.C%36(=O)[C@@H]%21[C@@H](C)CC.C%47(=O)[C@@H]%23CC(=O)O.C7(=O)[C@@H]%29CC(C)C.C8(=O)[C@@H]%30[C@@H](C)CC(=O)O.C%49(=O)[C@@H]%24CCC%26..C5(=O)[C@@H]%32CC(N)=O.[C@H]%38(CC(N)=O)C%13=O.[C@H]%39(CC(=O)O)C(=O)O.C%25(=O)[C@@H]%20CC%40.C9(=O)[C@@H]%33C(C)C.[C@H]%38(CC%41)C%16=O.C%48(=O)[C@@H]%27C%44.C4(=O)[C@@H]%28CO.[C@@H]1%42CCCN18.[C@H]%35(CO)C%15=O.C%53(=O)[C@@H]%23C.[C@H]%34(C)C%12=O.C%47(=O)C%22.N%26C(=N)N.C8(=O)C%30.N3%17.S%40C.N%14%18.N%25%19.S%41C.N%36%20.N%47%21.N%48%22.N%49%23.N%50%24.N4%26.N5%27.N6%28.N7%29.N8%30.N9%31.N%45%32.N%10%33.N%11%34.N%12%35.N%13%37.N%15%38.S%42C.N%16%39	INVALID
%16(=O)[C@@H]6CCCCN.C%17(=O)[C@@H]8CCC%11.C%19(=O)[C@@H](N)CCCN.[C@H]%10C[C@H]3C1=O.N%11C(=N)N.C%14C2=O.N13.N%154.N%176.N%187.N%198.N%209.S%11C	INVALID
CC(C)C[C@H](N)C2=O.[C@H]4(CC(C)C)C3=O.C%13(=O)[C@@H]%11C(C)C.c1%21ccc(O)cc1.C%24(=O)[C@@H]9C(C)C.[C@@H]%15(C%27=O)C(C)C.[C@@H]%17(C(=O)O)C(C)C.[C@@H]1%18CCCCN1%23.C%25(=O)[C@@H]%10C%21.N14CCC[C@H]1%19.C%22%19=O.C5%20=O.N28.N%229.N%24%10.N%25%11.N%26%13.N3%15.N5%16.N6%17	C1CCNCC1.CC(C)C[C@@H](C(=O)N[C@H](C=O)C(C)C)N1CCC[C@H]1C(=O)N[C@H](C(=O)N[C@@H](Cc1ccc(O)cc1)C(=O)N[C@H](C(N)=O)C(C)C)C(C)C.CC(C)C[C@H](N)C(N)=O.CC(C)[C@H](N)C(=O)O.NC=O
[C@H]%11(CCCCN)C3=O.CC[C@H](C)[C@H]4C%17=O.C%16(=O)[C@@H]7CC(N)=O.[C@@H]9(C%18=O)C(C)C.[C@H]%10(CC%14)C%20=O.C2(=O)[C@@H]5C.C%18(=O)[C@@H]8C..N%11C(=N)N.C%14%15=O.N24.N%135.N%156.N%167.N%178.N%189.S%14C.N%20%10.N3%11	INVALID
c1%34c[nH]c2ccccc12.C%38(=O)[C@@H]%20CCCCN.C3(=O)[C@@H]%15CCCCN.C5(=O)[C@@H]%22CCC(N)=O.[C@H]%28(CCCCN)C7=O.[C@H]%31(CCCCN)C(=O)O.CC[C@H](C)[C@H]%12C%41=O.C%41(=O)[C@@H]%23CC(C)C.[C@H]%27(CC(=O)O)C7=O.[C@@H]%26(C9=O)[C@@H](C)CC.[C@H]%27(CC(C)C)C%10=O.C%36(=O)[C@@H]%17C(C)C.C%38(=O)[C@@H]%19[C@@H](C)O.C%40(=O)[C@@H]%21[C@@H](C)O.C%41(=O)[C@@H](N)CC%32.[C@@H]%30(C%12=O)C(C)C.C%14(=O)[C@@H]%15C%34.C%39(=O)[C@@H]%18C%35.c1%35ccccc1.N1%33CCCN1.[C@H]%29(C)C8=O.C%24C8=O.N3%12.N%14%13.N%25%15.N%36%16.N%38%17.N%39%19.N%40%20.N%41%21.N%42%22.N4%23.N5%24.S%32C.N6%26.N7%27.N8%28.N9%29.N%11%31	C1CNNC1.CC(C)C[C@@H](C=O)[C@@H](CC(=O)O)C(=O)C(=O)[C@@H](N)CCCCN.CC(C)[C@H](N)C(N)=O.CC[C@H](C)[C@H](C(=O)CC(C)C)C(=O)C(=O)[C@@H](N)CC(C)C.CC[C@H](C)[C@H](N)C(=O)N[C@@H](C)C(=O)C(=O)CNC(=O)[C@@H](N)CCC(N)=O.CSCC[C@H](N)C(=O)N[C@H](C(=O)N[C@@H](CCCCN)C(=O)C(=O)[C@@H](NC(=O)CCc1ccccc1)[C@@H](C)O)[C@@H](C)O.N.N.NCCCC[C@@H](C(N)=O)[C@@H](Cc1c[nH]c2ccccc12)C(N)=O.NCCCC[C@H](N)C(=O)O
c1%38c[nH]c2ccccc12.[C@H]%21(CCC(=O)O)C%101=O.[C@H]%24(CCC(N)=O)C6=O.C%14(=O)[C@@H]%14CCC%15.C%25(=O)[C@@H]%16CC(C)C.[C@@H]%18(C%40=O)[C@@H](C)CC.[C@H]%19(CC(N)=O)C%43=O.[C@H]%20(CC(=O)O)C4=O.[C@H]%21(CC(N)=O)C5=O.[C@H]%22(CC(=O)O)C9=O.[C@H]%27(CC(C)C)C%11=O.[C@H]%29(CCC%30)C%12=O.C%41(=O)[C@@H](N)CC%32.[C@H]%19(CC%34)C%45=O.[C@@H]%26(C5=O)[C@@H](C)O.[C@@H]%27(C%10=O)C(C)C.[C@H]%31(C%38)C(=O)O.C3(=O)C%13.N%15C(=N)N.C%28C7=O.N%30C(=N)N.N3%12.N%14%13.N%25%14.N%36%16.N%40%17.S%33C.N%41%18.N%43%19.S%35C.N%45%20.N3%21.N4%22.N5%23.N6%24.N7%26.N8%27.N9%28.N%10%29.N%11%31	INVALID
[C@H]%10(CCC(N))O)C%22=O.[C@H]%12(CCC(=O)O)C%23=O.[C@H]%15(CCC(=O)O)C4=O.[C@H]7(CC(C)C)C%13=O.[C@H]8(CC(C)C)C%24=O.[C@H]9(CC(C)C)C%27=O.[C@H]%12(CC(C)C)C%28=O.[C@H]%14(CCC%15)C3=O.C%18C[C@H](N)C2=O.[C@@H]9(C%26=O)C(C)C.c1%21ccc(O)cc1.[C@H]%11(C%20)C%24=O.c1%20ccccc1.N15CCC[C@H]1%19.[C@H]6(C)C%26=O.C6%19=O.CS%18.N27.N%138.N%229.N%23%10.N%24%11.N%25%12.N%27%13.N%28%15.N4%16.N6%17	INVALID
c1%34c[nH]c2ccccc12.C%37(=O)[C@@H]%18CCC(=O)O.c1%35c[nH]c2ccccc12.[C@H]%28(CCC(=O)O)C(=O)O.C%25(=O)[C@@H]%12CCC%13.[C@H]%23(CCC%24)C5=O.[C@H]%24(CCC%26)C6=O.C%30C[C@H]%10C%41=O.C3(=O)[C@@H]%11C(C)C.C%39(=O)[C@@H]%16CC(C)C.C%40(=O)[C@@H]%19C(C)C.C%40(=O)[C@@H](N)CC%31.[C@@H]%27(C8=O)C(C)C.C%36(=O)[C@@H]%16C%33.c1%33ccccc1.C%38(=O)[C@@H]%20CC%34.[C@H]%22(C%32)C9=O.C%36(=O)[C@@H]%15C.[C@H]%21(C)C7=O.c1%32c[nH]cn1.N%13C(=N)N.N%25C(=N)N.C%27C4=O.CS%30.N3%10.N%14%11.N%25%12.N%37%15.N%38%16.N%39%17.N%40%19.N%41%20.S%31C.N%40%21.N6%22.N7%26.N8%27.N9%28	CC(C)C[C@@H](C(N)=O)[C@@H](Cc1ccccc1)C(=O)C(=O)[C@H](C)NC(=O)CCCC(=O)O.CC(C)[C@H](CC=O)C(N)=O.CSCC[C@H](N)C(=O)C(=O)[C@@H](NN[C@@H](C)C(=O)NCCC[C@H](CCCCC=O)C(=O)N[C@@H](Cc1c[nH]cn1)C(=O)N[C@@H](CCC(=O)O)C(=O)O)C(C)C.CSCC[C@H](NC(=O)[C@@H](N)C(C)C)C(=O)N[C@@H](CCc1c[nH]c2ccccc12)C(N)=O.N=C(N)NCCC[C@H](N)C(=O)NC(=N)N.c1ccc2[nH]ccc2c1
C%24(=O)[C@@H]%11CCC(=O)O.C%33(=O)[C@@H]%18CCCCN.C%28(=O)[C@@H]%14CCC%15.C%29(=O)[C@@H]%15CCC%16.C%31(=O)[C@@H]%19CCC(N)=O.C%32(=O)[C@@H]%22CC(=O)O.C%23C[C@H]5C3=O.C2(=O)[C@@H]7[C@@H](C)O.C%28(=O)[C@@H]9[C@@H](C)O.C%24(=O)[C@@H]%10C%26.C%32(=O)[C@@H]%18[C@@H](C)O.C%36(=O)[C@@H](N)CCC(=)=O.C%29(=O)[C@@H]%19C%25.N14CCC[C@H]1%25.c1%25c[nH]cn1.C%30(=O)[C@@H]%17C.C%30(=O)[C@@H]%17C.[C@H]%22(C)C4=O.C%13(=O)C8.N%16C(=N)N.C6(=O)C%21.C%22C(=O)O.CS%23.N25.N%136.N%248.N%27%10.N%28%11.N%29%12.N%30%14.N%31%15.N%32%17.N4%18.N5%19.N6%20.N7%21.N8%22	INVALID
C%13(=O)[C@@H]%30CCC(=O)O.C%68(=O)[C@@H]%41CCC(N)=O.[C@H]%49(CCCCN)C%12=O.[C@H]%52(CCC(N)=O)C%14=O.C%46(=O)[C@@H]%33CC(C)C.C%71(=O)[C@@H]%36CC(C)C.C%73(=O)[C@@H]%37CCC%38.C7(=O)[C@@H]%44CCC%110.CC[C@H](C)[C@H]%28C%11=O.[C@@H]%50(C%16=O)[C@@H](C)CC.[C@@H]%51(C%18=O)[C@@H](C)CC.[C@H]%54(CCC%55)C%20=O.C%24(=O)[C@@H]%31C%65.C%35(=O)[C@@H]%32[C@@H](C)O.c1%70ccc(O)cc1.%10(=O)[C@@H](N)[C@@H](C)O.[C@@H]%53(C%17=O)[C@@H](C)O.c1%71ccc(O)cc1.c1%72ccc(O)cc1.[C@@H]%59(C%21=O)[C@@H](C)O.[C@@H]%62(C%27=O)C(C)C.[C@@H]%64(C(=O)O)C(C)C.C%57(=O)[C@@H]%34C%66.C%72(=O)[C@@H]%39C%69.c1%69ccccc1.C5(=O)[C@@H]%42C%70.C6(=O)[C@@H]%43C%66.C9(=O)[C@@H]%45C%67.[C@H]%60(C%71)C%25=O.[C@H]%63(C%72)C%22=O.N1%23CCC[C@H]1%66.[C@H]%63(CO)C%26=O.C2(=O)[C@@H]%29C.c1%66c[nH]cn1.c1%67c[nH]cn1.C4(=O)[C@@H]%41C.[C@H]%47(C)C%15=O.N%38C(=N)N.N%45C(=N)N.N%55C(=N)N.C%61C%23=O.N2%28.N%13%29.N%24%30.N%35%31.N%57%32.N%57%33.N%68%34.N%72%36.N%73%37.N3%39.N4%40.N5%41.N6%42.N7%43.N8%44.N9%47.N%10%48.S%65C.N%11%49.N%12%50.N%14%51.N%15%52.N%16%53.N%17%54.N%18%56.N%19%58.N%20%59.N%21%60.N%22%61.N%25%62.N%26%63.N%27%64	INVALID
C%22(=O)[C@@H]9CCC(=O)O.[C@H]%14(CCC(=O)O)C%24=O.[C@H]%15(CCC(=O)O)C(=O)O.[C@H]%10(CCC%11)C%25=O.C%16C[C@H]5C%23=O.C2(=O)[C@@H]6C(C)C.c1%20ccc(O)cc1.C%21(=O)[C@@H]%12[C@@H](C)C.[C@H]%13(CC%17)C3=O.[C@@H]%15(C4=O)C(C)O.C%13(=O)[C@@H]7CS.C%19(=O)[C@@H]8C%20.N1%24CCC[C@H]1%18.N%11C(=N)N.C%21%18=O.C%25%19=O.CS%16.N25.N%136.N%217.N%228.N%239.N%24%10.N%25%12.S%17C.N3%14.N4%15	CC(O)[C@@H](C(N)=O)[C@@H](CCC(=O)O)C(=O)O.CSCC[C@@H](C(=O)N[C@@H](CCC(=O)O)C(=O)N1CCC[C@H]1C(=O)C(=O)[C@@H](N)C(C)C)C(=O)[C@@H](N)CS.CSCC[C@H](NC(=O)[C@@H](N)C(C)C)C(=O)N[C@@H](CCC(=O)O)C(=O)N[C@@H](Cc1ccc(O)cc1)C(=O)C(=O)C(=O)[C@@H](N)CCCNC(=N)N
[C@H]7(CC(=O)O)C%28=O.[C@H]%14(CC(=O)O)C(=O)O.c1%20ccc(O)cc1.C%26(=O)[C@@H]9C(C)C.[C@@H]1%15CCCN1%13.C%24(=O)[C@@H]8C%20.[C@@H]1%16CCCNN1%22.[C@@H]1%18CCCN1%24.C%25(=O)[C@@H](N)CO.[C@H]%11(C%19)C5=O.C%24(=O)[C@@H]6C.c1%19c[nH]cn1.C7C%27=O.C%10C%29=O.C2%15=O.C%21%16=O.C%22%17=O.C%23%18=O.N26.N%227.N%238.N%259.N%26%10.N%27%11.N4%14	CC(C)[C@H](NC(=O)[C@@H](N)CO)C(=O)NCC=O.C[C@@H](C=O)NC(=O)[C@@H]1CCCN1.N.N[C@@H](CC(=O)O)C(=O)O.O=C1N[C@@H](Cc2ccc(O)cc2)C(=O)N2CCC[C@@H]12.O=C[C@@H]1CCCNN1C=O.O=C[C@H](CC(=O)O)CC(=O)N[C@H](C=O)Cc1c[nH]cn1
CC[C@H](C)[C@H]5C%22=O.C%19(=O)[C@@H]8[C@@H](C)CC.C%21(=O)[C@@H](N)CC(N)=O.[C@H]7(CCC%10)C%23=O.c1%17c[nH]cn1.N%10C(=N)N.C%12C%23=O.C%14C3=O.C%15C4=O.N25.N%136.N%197.N%208.N%219.N%22%11.N%23%12.N%24%14.N3%15	CC[C@H](C)[C@H](N)C(=O)N[C@@H](CCCNC(=N)N)C(=O)C(=O)CN.CC[C@H](C)[C@H](N)C(N)=O.N.NC(=O)C[C@H](N)C(N)=O.NCC(=O)NCC=O.c1c[nH]cn1
C%24(=O)[C@@H]%26CCCCN.C3(=O)[C@@H]%33CCC(N)=O.C%15(=O)[C@@H]%43CCCC(=O)O.CC(C)C[C@H]%22C%18=O.C%46(=O)[C@@H]%29CC(N)=O.C%59(=O)[C@@H]%31CC(=O)O.C%60(=O)[C@@H]%34CC(C)C.C6(=O)[C@@H]%36CC(=O)O.C7(=O)[C@@H]%37CCC%38.C%10(=O)[C@@H]%41CC(=O)O.C%14(=O)[C@@H]%45CC(C)C.C%13(=O)[C@@H]%25C(C)C.C%48(=O)[C@@H]%28[C@@H](C)O.C9(=O)[C@@H]%39[C@@H](C)O.C%12(=O)[C@@H]%44[C@@H](C)O.C%16(=O)[C@@H]%47CC(C)C.c1%56ccc(O)cc1.C2(=O)[C@@H]%23C%55.c1%55ccccc1.C%57(=O)[C@@H]%30C%52.[C@@H]1%51CCCN13.C4(=O)[C@@H]%32C%53.C5(=O)[C@@H]%34CS.C8(=O)[C@@H]%40CS.C%11(=O)[C@@H]%42C%58.c1%58ccccc1.C%17(=O)[C@@H](N)C%54.[C@H]%49(C%55)C%20=O.[C@H]%50(C%56)C(=O)O.c1%52c[nH]cn1.c1%53c[nH]cn1.c1%54c[nH]cn1.N%38C(=N)N.C%48C%19=O.C%49C%21=O.C%103%51=O.N2%22.N%13%23.N%24%25.N%35%26.N%46%27.N%57%28.N%58%29.N%59%30.N%60%31.N5%32.N6%33.N6%34.N7%36.N8%37.N9%39.N%10%40.N%11%41.N%12%42.N%14%43.N%15%44.N%16%45.N%17%47.N%19%48.N%20%49.N%21%50	INVALID
[C@H]%22(CCCCN)C%45=O.[C@H]%29(CCCCN)C4=O.[C@H]%30(CCC(N)=O)C9=O.c1%41c[nH]c2ccccc12.[C@H]%15(CCC%16)C%14=O.[C@H]%17(CC(C)C)C%25=O.[C@H]%24(CCC%26)C3=O.[C@H]%32(CC(C)C)C8=O.[C@H]%35(CC(C)C)C%12=O.C%39C[C@H](N)C3=O.[C@@H]%19(C%25=O)[C@@H](C)O.[C@@H]%20(C%45=O)[C@@H](C)O.[C@@H]%27(C5=O)C(C)C.[C@@H]%32(C%11=O)C(C)C.[C@H]%18(CO)C%43=O.[C@H]%22(C%41)C%46=O.[C@H]%31(C%42)C%10=O.c1%42ccccc1.N1%10CCC[C@H]1%40.[C@H]%38(CO)C(=O)O.[C@H]%30(CO)C7=O.[C@H]%33(C)C%14=O.N%16C(=N)N.N%26C(=N)N.CS%39.N3%15.N%14%17.N%25%18.N%36%19.N%43%20.N%44%21.N%45%22.N%46%24.N%47%27.N4%28.N5%29.N6%30.N7%31.N8%32.N9%33.N%11%34.N%12%35.N%13%37	CC(C)C[C@@H](C(N)=O)[C@H](C(N)=O)C(C)C.CC(C)C[C@@H]1NC1=O.CC(C)C[C@H](N)C(=O)C(=O)[C@@H](N)[C@@H](C)O.CC(C)[C@H](N)C(=O)N[C@@H](CCCCN)C(N)=O.CSCC[C@H](N)C(=O)C(=O)[C@H](CCCNC(=N)N)NC(=O)[C@H](Cc1c[nH]c2ccccc12)[C@@H](CCCCN)C(=O)C(=O)[C@@H](NC(=O)[C@@H](N)CO)[C@@H](C)O.C[C@H](NC(=O)[C@H](CCC(N)=O)[C@@H](CO)C(=O)N[C@@H](Cc1ccccc1)C(=O)N1CCCC1)C(=O)C(=O)[C@@H](N)CCCNC(=N)N.N.N.N.N.O=C(O)CCO
C%13(=O)[C@@H]%30CCC(=O)O.C%35(=O)[C@@H]%33CCCCN.C%72(=O)[C@@H]%37CCC(N)=O.C7(=O)[C@@H]%43CCC(N)=O.[C@H]%44(CCCCN)C%16=O.CC[C@H](C)[C@H]%28C%12=O.C4(=O)[C@@H]%40CC(C)C.C6(=O)[C@@H]%41CC(C)C.C%10(=O)[C@@H]%44CC(NO)O.[C@H]%50(CCC%51)C%19=O.[C@H]%54(CCC%55)C%21=O.[C@H]%57(CC(=O)O)C%25=O.[C@H]%60(CC(C)C)C(=O)O.C%24(=O)[C@@H]%32[C@@H](C)O.C%66(=O)[C@@H]%39[C@@H](C)O.C8(=O)[C@@H]%42C(C)C.C%11(=O)[C@@H](=O)[C@@H](C)O.c1%67cccc(O)cc1.[C@H]%49(CC%62)C%18=O.[C@@H]%61(C(=O)O)[C@@H](C)O.[C@@H]%58(C%27=O)[C@@H](C)O.C2(=O)[C@@H]%31CO.C%46(=O)[C@@H]%34CO.C%68(=O)[C@@H]%36CO.C%70(=O)[C@@H]%38CO.[C@@H][C@@H]1%63CCCN14.[C@@H]1%64CCCN16.[C@@H]1%65CCCN1%10.[C@H]%45(C%67)C%16=O.[C@H]%47(C%69)C%14=O.c1%69ccccc1.[C@H]%48(C)C%17=O.[C@H]%56(C)C%18=O.[C@H]%59(C)C%26=O.N%51C(=N)N.C%53C%20=O.C%53C%23=O.N%55C(=N)N.C3%63=O.C5%64=O.C9%65=O.N2%28.N%13%29.N%24%31.N%35%32.N%46%33.N%57%34.N%70%36.N%71%37.N%72%38.N3%39.N5%40.N7%41.N8%42.N9%43.N%12%44.N%14%45.N%15%47.N%16%48.N%17%49.S%62C.N%18%50.N%19%52.N%20%53.N%21%54.N%23%56.N%23%58.N%26%59.N%27%60	INVALID
[C@H]%18(CCCCN)C4=O.[C@H]%20(CCCCN)C(=O)O.C%13(=O)[C@@H]%10CC(C)C.C%27(=O)[C@@H]%11CCC%14.C%28(=O)[C@@H]%16CC(=O)O.C3(=O)[C@@H](N)CC(N)=O.CC(C)C)C8C3=O.[C@@H]%16(C3=O)C(C)C.c1%23ccc(O)cc1.C%36(=O)[C@@H]%11C%23.[C@@H]1%21CCCN1%27.[C@@H]1%22CCCN1%25.C%28(=O)[C@@H]%15C.C%13(=O)C9.N%14C(=N)N.C%17C5=O.N%19C(=N)N.C%19C7=O.C%26%21=O.C%30%22=O.N28.N%139.N%24%10.N%26%11.N%27%12.N%28%14.N%29%15.N%20%16.N4%17.N5%17.N6%19.N7%20	INVALID
C%24(=O)[C@@H]%20CCC(=O)O.[C@H]%21(CCCCN)C%46=O.[C@H]%22(CCCCN)C4=O.[C@H]%38(CCC(N)=O)C(=O)O.CC[C@H](C)[C@H]%17CC%43=O.C2(=O)[C@@H]%18CC(C)C.[C@H]%22(CC(=O)O)C%44=O.[C@H]%29(CC(C)C)C%46=O.[C@H]%32(CCC%33)C%11=O.C2(=O)[C@@H]%19[C@@H](C)O.c1%42ccc(O)cc1.[C@@H]%27(C6=O)C(C)C.[C@@H]%28(C7=O)C(C)C.[C@@H]%31(C%10=O)C(C)C.[C@@H]1%39CCCN1%42.[C@H]%25(CC%41)C3=O.[C@H]%37(C%42)C%15=O)C(C)C.N1%12CCC[C@H]1%40.c1%41c[nH]cn1.[C@H]%31(C)C9=O.[C@H]%36(C)C%12=O.N%33C(=N)N.C%34C%16=O.C%40%39=O.C3%40=O.N2%17.N%13%18.N%24%19.N%37%20.N%39%21.N%43%22.N%44%23.N%45%25.N4%26.N5%27.N6%28.N7%29.N8%30.N9%31.N%10%32.N%11%34.N%14%36.N%16%38	INVALID
C%34(=O)[C@@H]%14CCCCN.C%34(=O)[C@@H]%15CCC(=O)O.[C@H]%16(CCC(=O)O)C%38=O.[C@H]%19(CCCCN)C7=O.[C@H]%21(CCC(N)=O)C%10=O.CC[C@H](C)[C@H]%11C%38=O.C%24(=O)[C@@H]%14CC(C)C.[C@H]%25(CC(N)=O)C5=O.[C@H]%14(CCC%15)C6=O.[C@H]%30(CCC%31)C(=O)O.C%36(=O)[C@@H](N)C(C)C.[C@@H]%20(C3=O)[C@@H](C)O.C%35(=O)[C@@H](N)C(C)C.[C@H]%22(C)C5=O.C1(=O)C%12.N%18C(=N)N.C%27C4=O.C%28C8=O.C%29C9=O.C%35(=O)C%16.N%31C(=N)N.N1%11.N%12%12.N%24%14.N%34%14.N%35%15.N%36%16.N%37%17.N%38%19.N%39%19.N2%20.N3%21.N4%22.N5%23.N6%25.N7%26.N8%27.N9%28.N%10%30	CC(=O)NCC(=O)NCC(=O)N[C@@H](C)C(=O)C(=O)[C@H](CC(N)=O)NC(=O)[C@@H]1CCC[C@@H](CCC(=O)O)C(=O)C(=O)[C@H](CCCCN)[C@@H](CC(C)C)C(=O)N1.CC(C)[C@H](N)C(N)=O.CC[C@H](C)[C@H](NC(=O)CN)C(=O)C(=O)[C@H](CCC(=O)O)CC(=O)C(=O)[C@@H](N)C(C)C.C[C@@H](O)[C@H](N)C(=O)N[C@@H](CCC(N)=O)C(=O)N[C@@H](CCCNC(=N)N)C(=O)O.N.N.N.N.N.N=C(N)N.NCCCC[C@H](N)C(N)=O
[C@H]%14(CCC(N)=O)C%24=O.C%12(=O)[C@@H]9CC(N)=O.C%20(=O)[C@@H](N)CC(C)C.[C@H]9(CC(C)C)C%21=O.[C@H]%12(CC(C)C)C%22=O.[C@H]%17(CCC%18)C3=O.[C@H]%18(CO)C(=O)O.C2(=O)C6.C%19(=O)C8.C%11C%23=O.C%10C%24=O.C%15C2=O.C%16C4=O.N25.N%126.N%187.N%198.N%209.N%21%10.N%22%12.N%23%14.N%24%15.N%25%16.N3%17.N4%18	CC(=O)N[C@@H](CCC(N)=O)C(=O)C(=O)CNC(=O)[C@H](CC(C)C)[C@@H](CC(N)=O)C(=O)[C@@H](CC(C)C)C(=O)NNCC(=O)C(=O)CN.CC(C)C[C@H](N)C(N)=O.N.NCC(=O)NN.O=C(O)[C@H](CO)CCC[C@@H]1NC1=O.O=C1CN1
C(N)=O)C3=O.CC[C@H](C)[C@H]4C%16=O.c1%16ccc(O)cc1.[C@@H]8(C%18=O)[C@@H](C)O.[C@H]7(C%16)C%20=O.[C@H]%10(CO)C%21=O.[C@H]%11(CO)C(=O)O.N1%13CCC[C@H]1%14.[C@H]9(=O)C%19=O.C2(=O)[C@@H]6CO.C%25%14=O.N25.N%176.N%197.N%208.N%219.N3%11	INVALID
C2(=O)[C@@H]%19CCCCN.C%35(=O)[C@@H](N)CCC(=O)O.CC[C@H](C)[C@H]%18C%46=O.[C@H]%21(CCC%22)C%49=O.[C@@H]%29(C4=O)[C@@H](C)CC.[C@H]%30(CC(=O)O)C5=O.[C@H]%33(CC(=O)O)C8=O.[C@H]%36(CC(=O)O)C%18=O.[C@H]%37(CC(N)=O)C%17=O..C%13(=O)[C@@H]%20C(C)C.c1%48ccc(O)cc1.[C@@H]%28(C6=O)[C@@H](C)C.[C@@H]%38(C%12=O)[C@@H](C)O.C%35(=O)[C@@H](N)CO.[C@H]%23(CO)C%50=O.[C@H]%26(C%44)C%51=O.[C@H]%27(C%45)C%51=O.c1%45ccccc1.[C@H]%31(C%47)C7=O.c1%47ccccc1.[C@H]%34(CO)C9=O.[C@H]%39(CO)C%11=O.[C@H]%40(CO)C%16=O.N1%14CCC[C@H]1%43.[C@H]%41(C)C%20=O.C%20C%46=O.N%22C(=N)N.N%36C(=N)N.C%42C(=O)O.C%15%43=O.N2%18.N%13%19.N%24%20.N%35%21.N%46%23.N%48%25.N%49%26.N%50%27.N%51%28.N4%29.N5%30.N6%31.N7%32.N8%33.N9%34.N%10%36.N%11%37.N%12%38.N%15%39.N%16%40.N%17%41.N%18%42	INVALID
[C@H]%14(CCCCN)C2=O.[C@H]%14(CCCCN)C4=O.[C@H]%16(CCC(N)=O)C5=O.[C@H]%19(CCC(=O)O)C(=O)O.CC[C@H](C)[C@H]7C%27=O.C2(=O)[C@@H]8CC(C)C.C%24(=O)[C@@H]%10CCC%11.C%25(=O)[C@@H](N)CC%20.[C@@H]%17(C3=O)[C@@H](C)O.[C@@H]1%21CCCN1%22.N1%23CCC[C@H]1%23.[C@H]%15(CO)C3=O.N15CCC[C@H]1%25.C%12C%29=O.C%21%22=O.C%26%23=O.C6%25=O.N27.N%128.N%209.N%249.N%25%10.N%27%11.N%28%14.N%29%15.N3%16.N4%17.N6%18.N6%19	INVALID
C%24(=O)[C@@H]%36CCC(=O)O.C%35(=O)[C@@H]%37CCCCN.C%46(=O)[C@@H]%38CCCCN.C%57(=O)[C@@H]%39CCCCN.C%76(=O)[C@@H]%41CCCCN.[C@H]%44(CCC(=O)O)C8=O.[C@H]%49(CCCCN)C6=O.[C@H]%55(CCC(=O)O)C%12=O.[C@H]%63(CCCCN)C%25=O.CC[C@H](C)[C@H]%31C4=O.C%13(=O)[C@@H]%34CC(N)=O.C%77(=O)[C@@H]%40CC(C)C.[C@H]%42(CC(N)=O)C%10(=O.[C@@H]%49(C%11=O)[C@@H](C)CC.[C@@H]%52(C%15=O)[C@@H](C)CC.[C@H]%53(CC(N)=O)C%18=O.[C@H]%56(CCC%58)C%21=O.[C@H]%61(CC(N)=O)C%22=O.[C@H]%65(CC(C)C)C%27=O.[C@@H]%66(C%30=O)[C@@H](C)CC.C3(=O)[C@@H](N)CC(C)C.[C@@H]%48(C%10=O)[C@@H](C)CC.[C@H]%51(CC(C)C)C%14=O.[C@H]%53(CC(C)C)C%17=O.[C@H]%67(CCC%69)C%28=O.c1%74ccc(O)cc1.[C@@H]%43(C5=O)[C@@H](C)O.[C@@H]%54(C%18=O)C(C)C.[C@@H]%55(C%19=O)C(C)C.[C@H]%59(CC%72)C%20=O.[C@@H]%62(C%23=O)C(C)C.c1%75ccc(O)cc1.[C@H]%45(C%75)C7=O.[C@H]%64(C%74)C%26=O.[C@H]%70(CO)C%29=O.c1%73c[nH]cn1.C2(=O)C%32.N%58C(=N)N.C%71C(=O)O.C9%73=O.N2%31.N%13%33.N%24%34.N%35%36.N%46%37.N%57%38.N%68%39.N%76%40.N%77%41.N3%42.N4%43.N5%44.N6%47.N7%48.N9%49.N%10%50.N%11%51.N%12%52.N%14%53.N%15%54.N%16%55.N%17%56.N%18%59.N%19%60.S%72C.N%20%61.N%21%62.N%22%63.N%23%64.N%26%65.N%27%66.N%28%67.N%29%70.N%30%71	INVALID
c15c[nH]c2ccccc12.C%14(=O)[C@@H]%68CCC(=O)O.C%25(=O)[C@@H]%76CCC(N)=O.C%23(=O)[C@@H]%77CCC(=O)O.C%27(=O)[C@@H]%78CCC(N)=O.[C@H]%91(CCC(N)=O)C%41=O.[C@H]%93(CCC(=)=O)C%42=O.CC[C@H](C)C[C@H]%45C%29=O.C3(=O)[C@@H]%46CCC%47.C%15(=O)[C@@H]%46CCC%50.C%26(=O)[C@@H]%49CC(C)C.C%37(=O)[C@@H]%51CC(C)C.C%15(=O)[C@@H]%51CC(C)C.C%48(=O)[C@@H]%52CC(C)C.C%59(=O)[C@@H]%53CCC%54.C4(=O)[C@@H]%57CCC%58.C6(=O)[C@@H]%61CC(N)=O.C7(=O)[C@@H]%62CC(C)C.C%28(=O)[C@@H](N)CCC(=O)O.C%22(=O)[C@@H]%74CCC%75.C%28(=O)[C@@H]%79CC(C)C.[C@H]%83(CC(C)C)C%32=O.[C@H]%85(CC(N)=O)C%34=O.C%81(=O)[C@@H]%56CC%93.C%10(=O)[C@@H]%64C(C)C.C%92(=O)[C@@H]%56C5.C5(=O)[C@@H]%58CO.C9(=O)[C@@H]%65C%101.C%13(=O)[C@@H]%67C%98.[C@@H]1%95CCCN1%18.[C@@H]1%96CCCN1%19.C%19(=O)[C@@H]%71CO.C%20(=O)[C@@H]%72CO.[C@@H]1%97CCCN1%25.[C@H]%80(CO)C%30=O.[C@H]%89(CO)C%40=O.N1%42CCC[C@H]1%99.N1%43CCC[C@H]1%99.C%70(=O)[C@@H]%55C.c1%101c[nH]cn1.C8(=O)[C@@H]%63C.C%11(=O)[C@@H]%69C.C%21(=O)[C@@H]%73C.NN%47C(=N)N.N%54C(=N)N.N%58C(=N)N.C%11(=O)C%66.N%75C(=N)N.C%82C%31=O.C%84C%33=O.C%86C%35=O.C%87C%36=O.C%87C%38=O.C%88C%39=O.C%17%95=O.C%18%96=O.C%23%97=O.C%24%98=O.C%43%99%99=O.C%44%100=O.N3%45.N%15%46.N%26%49.N%37%50.N%48%51.N%59%52.N%70%53.N%81%55.S%93C.N4%56.N6%57.N7%60.N8%61.N9%62.N%10%63.N%11%65.N%12%66.N%13%67.N%14%68.N%16%69.N%17%71.N%20%72.N%21%73.N%23%74.N%24%76.N%27%77.S%94C.N%28%78.N%29%79.N%30%80.N%31%82.N%32%83.N%33%84.N%34%85.N%35%86.N%36%87.N%38%88.N%39%89.N%40%90.N%41%91	INVALID
c1%24c[nH]c2ccccc12.C%28(=O)[C@@H]%16CCCCN.CC[C@H](C)[C@H]5C%38=O.C%21(=O)[C@@H]%12CCC%13.C%25(=O)[C@@H]%14CCC%15.C%31(=O)[C@@H]%18CCC%19.C%36(=O)[C@@H]%10CC%21.C%27(=O)[C@@H]%11C.C%30(=O)[C@@H]%11C.C3(=O)C7.N%13C(=N)N.N%20C(=N)N.C%33(=O)CN.C%15C4=O.N%19C(=N)N.C%20C(=O)O.C%28%23=O.N35.N%146.N%257.N%258.S%21C.N%28%10.N%29%11.N%30%12.N%31%14.N%32%16.N4%17.N4%19	CC[C@H](C)[C@@H](C=O)NC(=O)CNC(=O)[C@@H](N)CCCCC(N)=O.CS.C[C@@H](C=O)[C@@H](C)C(=O)N[C@@H](CCCNC(=N)N)C(=O)CC[C@H](N)C=O.N.N.N.N=C(N)NCC(=O)O.N=C(N)NCCCCC(N)=O.NCC=O.NCCCC[C@H](N)C(=O)C=O.c1ccc2[nH]ccc2c1
C(=O)O.C%13(=O)[C@@H]7C%13(=O)[C@@H](N)CCC3.[C@H]8(CS)C%19=O.[C@H]9(CO)C%20=O.[C@H]%10(C%16)C%21=O.c1%16ccccc1.C%233=O.N26.N%177.N%209.N%22%10.S%14C.N%23%11CS	INVALID
c19c[nH]c2ccccc12.[C@H]%70(CCCCN)C%25=O.c1%12c[nH]c2ccccc12.[C@H]%83(CCC(=O)O)C%37=O.[C@H]%83(CCCCN)C%41=O.[C@H]%92(CCCCN)C%45=O.CC[C@H](C)[C@H]%56C%80=O.[C@H]%60(CC(=O)O)C%91=O.[C@H]%75(CCC%76)C%31=O.[C@H]%78(CC(=O)O)C%32=O.[C@H]%76(CC(C)C)C%31=O.[C@H]%79(CC(C)C)C%35=O.[C@H]%79(CC(C)C)C%39=O.[C@H]%85(CCC%86)C%50=O.C%69(=O)[C@@H](N)CC%108.[C@@H]%61(C%19=O)[C@@H](C)O.[C@@H]%67(C%22=O)[C@@H](C)O.c11%14ccc(O)cc1.[C@@H]%95(C%53=O)C(C)C.C3(=O)[C@@H]%57C8.[C@@H]1%99CCCN1%36.[C@@H]1%99CCCN1%47.[C@@H]1%100CCCN1%69.11%46CCCN1%80.N1%91CCC[C@H]1%103.N14CCC[C@H]14.N19CCC[C@H]1%105.[C@H]%59(C%11)C%16=O.[C@H]%63(CO)C%23=O.N1%24CCC[C@H]1%107.N1%27CCC[C@H]15.[C@H]%77(C%12)C%33=O.N1%33CCC[C@H]15.[C@H]%81(C%14)C%38=O.N1%42CCC[C@H]1%106.[C@H]%87(CO)C%49=O.N1%51CCC[C@H]16.[C@H]%93(CO)C%54=O.[C@H]%96(CO)C(=O)O.N1%54CCC[C@H]17.c18c[nH]cn1.[C@H]%62(C)C%17=O.[C@H]%65(C)C%21=O.[C@H]%73(C)C%30=O.[C@H]%82(C)C%37=O.[C@H]%90(C)C%48=O.[C@H]%94(C)C%52=O.C%64C%18=O.C%66C%20=O.C%68C%24=O.C%72C%29=O.N%76C(=N)N.C%74C%31=O.N%86C(=N)N.C%84C%42=O.C%89C%44=O.C%88C%46=O.N%97C(=N)N.C%25%100=O.C%36%101=O.C%58%105=O.C%102%106=O.C4%107=O.C%139=O.C%26%99=O.C%28%11=O.C%34%111=O.C%24%112=O.C%435=O.C%526=O.C%557=O.N3%56.N%14%57.S%97C.N%25%59.N%80%60.%15%61.N%16%62.N%17%63.N%18%64.N%19%65.N%20%66.N%21%67.N%22%68.N%23%70.S%109C.N%28%71.N%29%72.N%30%73.N%31%74.N%32%77.N%34%78.N%35%79.N%37%81.N%38%82.N%39%83.N%40%84.N%41%85.N%44%87.N%45%88.N%46%89.N%48%90.N%49%92.N%50%93.N%52%94.N%53%95.N%55%96	INVALID
[C@H]5(CCCN)C%19=O.[C@H]6(CCCCN)C%22=O.[C@H]9(CCCCN)C%24=O.[C@H]%12(CCC(=O)O)C3=O.[C@H]6(CCC7)C%21=O.[C@H]%10(CCC%11)C%23=O.C%14C[C@H](N)C%13=O.[C@@H]7(C%18=O)C(C)C.C2(=O)[C@@H]4C%18..[C@H]8(CO)C%17=O.N1%21CCC[C@H]1%16.c1%18c[nH]cn1.C%22%16=O.C%26%17=O.CS%15.N24.N%135.N%196.N%207.N%228.N%239.N%24%10.N3%14	INVALID
[C@H]%11(CCC(=O)O)C%26=O.[C@H]%14(CCCCN)C3=O.CC(C)C[C@H]5C%24=O.C2(=O)[C@@H]6CO.C%22(=O)[C@@H]7CO.[C@H]%10(C%19)C%27=O.c1%19ccccc1.N1%26CCC[C@H]1%17.[C@H]%12(C%20)C%29=O.c11%20ccccc1.N1%28CCC[C@H]1%17.C%24(=O)[C@H](C)N.c1%18c[nH]cn1.[C@H]9(C)C%27=O.C%24(=O)C9.C%16C(=O)O.C3%17=O.N25.N%136.N%217.N%228.N%239.N%25%10.N%26%11.N%27%12.N3%14.N4%15.N5%16	INVALID
[C@H]9(CCC(=O)O)C%20=O.[C@H]%15(CCC(=O)O)C%25=O.CC[C@H](C)[C@H]5C%23=O.C%21(=O)[C@@H]%10CCC%110.C%21(=O)[C@@H]%12CC(N)=O.[C@H]%11(CC(N)=O)C%23=O.[C@@H]%12(C3=O)[C@@H](C)CC.[C@H]4(CCC5)C4=O.c1%18ccc(O)cc1.C%21(=O)[C@@H]8C(C)C.C%13(=O)[C@@H]7C%20.c1%19ccccc1.C%24(=O)[C@@H]%14C%18.[C@H]%16(C%18)C(=O)O.c1%18c[nH]cn1.C2(=O)C6.N%11C(=N)N.C%22(=O)CN.N%17C(=N)N.N25.N%136.N%177.N%198.N%219.N%22%10.N%23%12.N%24%14.N%26%15.N4%16	INVALID
C%31(=O)[C@@H]%14CCC(N)=O.C%29(=O)[C@@H](N)CCCN.[C@H]%17(CCC(=O)O)C4=O.[C@H]%19(CCC(=O)O)C6=O.C(C)[C@H]8C%28=O.C2(=O)[C@@H]7CC(C)C.C%24(=O)[C@@H]9CC%23.[C@@H]%22(C(=O)O)C(C)C.[C@H]%18(C%25)C5=O.c1%25ccccc1.C%13(=O)[C@@H]%10C.C%27(=O)[C@@H]%11C.C%27(=O)[C@@H]%12C.C%33(=O)C%14.N%16C(=N)N.C%17C3=O.C%21C5=O.N26.N%137.N%248.N%269.N%27%10.N%28%11.N%29%13.N%30%14.N%31%16.N3%17.N3%18.S%23C.N5%19.N6%20.N7%22	CC(=O)C(=O)[C@@H](N)Cc1ccccc1.CC(C)C[C@H](NC(=O)[C@H](C)N)C(=O)NC(=O)[C@@H](N)CCC(=O)O.CC(C)[C@H](N)C(=O)O.CCC(=O)C(=O)[C@H](C)NC(=O)[C@H](CC)NC(=O)[C@@H](N)CCSC.N.N.N=C(N)NNC(=O)[C@@H](CC=O)CCC(N)=O.NC(=O)C[C@H](C=O)CCC(=O)O.NCCC[C@H](N)C(N)=O
(C[C@H]6C(=O)O.C%17(=O)[C@@H]7CC(=O)O.[C@H]%10(CC%14)C3=O.[C@@H]%11(C5=O)C(C)O.[C@@H]1%26CCC[C@H]1%18.C%19(=O)[C@@H]9C.C%15(=O)C4.N%198.N%20%10.S%15C.N%21%11.N35C	INVALID
C%21(=O)[C@@H]9CCC(=O)O.C%22(=O)[C@@H]%11CCC(N)=O.C%24(=O)[C@@H]%14CCC(=O)O.CC[C@H](C)[C@H]5C%26=O.C%13(=O)[C@@H]6CC(C)C.C%21(=O)[C@@H]8C(C)C.[C@@H]%12(C%27=O)[C@@H](C)O.c1%19ccc(O)cc1.c1%20ccc(O)cc1.C2(=O)[C@@H]7CCO.C%24(=O)[C@@H]%10C%18.c1%18ccccc1.[C@H]%15(C%19)C3=O.N13CCC[C@H]1%17.[C@H]%16(C%20)C(=O)O.C4%17=O.CS%16.N25.N%136.N%217.N%228.N%239.N%24%10.N%25%11.N%25%12.N%27%14.N3%15.N4%16	CC(C)C[C@@H]1NC1=O.CC(C)[C@H](NC(=O)[C@H](CCC(N)=O)NN[C@H](C(=O)N[C@@H](CCC(=O)O)C(=O)C(=O)[C@@H](N)Cc1ccccc1)[C@@H](C)O)C(=O)C(=O)[C@@H](N)CCC(=O)O.CC[C@H](C)[C@@H](C=O)NC(=O)[C@@H](N)CCO.CS[C@@H](Cc1ccc(O)cc1)C(=O)O.NC(=O)[C@@H]1CCCN1C(=O)[C@@H](N)Cc1ccc(O)cc1
C2(=O)[C@@H]7CCCCN.[C@H]9(CC(C)C)C%11=O.C%11C[C@H]5C%13=O.c1%19ccc(O)cc1.[C@@H]%108(C4=O)C(C)C.[C@H]5(C%19)C%16=O.[C@H]7(C%19)C%22=O.N1%26CCC[C@H]1%15.N1%22CCC[C@H]1%16.N1%27CCC[C@H]1%17.C%26%15=O.C%27%17=O.C3%18=O.CS%11.N24.N%136.N%217.N%238.N39.N4%10	INVALID
[C@H]9(CCC(=O)O)C%21=O.[C@H]%10(CC(N)=O)C%22=O.[C@H]%11(CC(C)C)C%24=O.[C@H]%16(CC(=O)O)C(=O)O.C5(C)[C@H](N)C2=O.[C@@H]6(C%22=O)C(C)C.c1%18ccc(O)cc1.[C@@H]%12(C%23=O)[C@@H](C)O.c1%19ccc(O)cc1.[C@H]4(C%18)C3=O.[C@H]9(C)C%20=O.C7C%21=O.N26.N%137.N%208.N%219.N%22%10.N%23%11.N%25%12.N3%14.N4%16	CC(C)C[C@@H](C=O)NC(=O)[C@@H](N)[C@@H](C)O.CC[C@H](N)C(=O)N[C@H](C(=O)C(=O)[C@@H](N)CC(N)=O)C(C)C.C[C@@H](C(N)=O)[C@@H](CCC(=O)O)C(=O)C(=O)CN.N.NC(=O)[C@H](Cc1ccc(O)cc1)N[C@@H](CC(=O)O)C(=O)O.Oc1ccccc1
C%25(=O)[C@@H]%19CCC(N)=O.c1%10c1%43c[nH]c2ccccc12.C%10(=O)[C@@H]%29CC(=O)O.C%15(=O)[C@@H](N)CCC(N)=O.C9(=O)[C@@H]%34CCC(N)=O.C%12(=O)[C@@H]%37CCCCN.[C@H]%38(CCC(=O)O)C%17=O.CC(C)[C@H]%18C%16=O.C%36(=O)[C@@H]%22CC(=O)O.C%50(=O)[C@@H]%26CC(C)C.C6(=O)[C@@H]%30[C@@H](C)O.C%42(=O)[C@@H]%24[C@@H](C)O.C%50(=O)[C@@H]%27[C@@H](C)O.C6(=O)[C@@H]%31[C@@H](C)O.C8(=O)[C@@H]%35[C@@H](C)O.C3(=O)[C@@H]%19CO.C%14(=O)[C@@H]%22C%43.C%25(=O)[C@@H]%23C%44.c1%44ccccc1.[C@@H]1%41CCCN1%47.C4(=O)[C@@H]%32CS.C9(=O)[C@@H]%33CO.[C@H]%39(C%42)C(=O)O.C%47(=O)[C@@H]%21C.c1%42c[nH]cn1.C%43(=O)C%28.C%36%41=O.N3%18.N%14%19.N%25%20.N%36%21.N%46%22.N%47%24.N%48%26.N%49%27.N5%28.N6%29.N7%30.N8%31.N9%32.N%10%33.N%11%34.N%12%35.N%13%37.N%15%38.N%17%39	INVALID
CC[C@H](C)[C@H]%12C7=O.C%45(=O)[C@@H]%18CCC%19.C%40(=O)[C@@H]%22CC(=O)O.C%42(=O)[C@@H]%23[C@@H](C)CC.C%43(=O)[C@@H]%27[C@@H](C)CC.[C@H]%31(CCC%32)C%12=O.C4(=O)[C@@H]%15C(C)C.C6(=O)[C@@H](N)CC%34.[C@@H]%29(C%10=O)C(C)C.C%13(=O)[C@@H]%15C%36.c1%36ccccc1.C%38(=O)[C@@H]%20C%37.c1%37ccccc1.C%40(=O)[C@@H]%21C%38.c1%38ccccc1.C2(=O)[C@@H]%14C.C3(=O)[C@@H]%25C.[C@H]%27(C)C8=O.[C@H]%29(C)C%10=O.[C@H]%30(C)C9=O.[C@H]%31(CS)C%11=O.N%19C(=N)N.N%33C(=N)N.N2%12.N%13%14.N%24%15.N%35%16.N%39%17.N%40%18.N%41%20.N%42%22.N%43%23.S%34C.N4%25.N5%26.N6%27.N7%28.N8%29.N9%30.N%10%31.N%11%33	CC(C)[C@@H](C(=O)N[C@@H](C)C=O)[C@@H](Cc1ccccc1)C(=O)N[C@@H](C)C(N)=O.CC(C)[C@H]1C(=O)C(=O)[C@@H]1C.CCC[C@@H](C(=O)[C@H](C(N)=O)[C@@H](C)CC)[C@@H](CS)C(=O)NNC(=N)N.CC[C@H](C)[C@@H](C(=O)N[C@H](C(=O)N[C@@H](CC(=O)O)C(=O)C(=O)CCC(=O)[C@@H](N)Cc1ccccc1)[C@@H](C)CC)[C@@H](C)C(N)=O.CSCC[C@H](N)C(N)=O.C[C@@H]1NC1=O.N.N.N.N.N.N=C(N)NCCC[C@H](N)C=O.c1ccccc1
C%13(=O)[C@@H]%15CCC(=O)O.[C@H]%20(CCCCN)C5=O.CC[C@H](C)[C@H]9C%29=O.C%28(=O)[C@@H](N)CC(=O)O.[C@H]%11(CC(C)C)C%31=O.[C@H]%18(CC(=O)O)C2=O.[C@H]%21(CC(C)C)C7=O.C2(=O)[C@@H]%10[C@@H](C)C.[C@@H]%12(C%30=O)[C@@H](C)O.[C@@H]%14(C%32=O)C(C)C.c1%27ccc(O)cc1.[C@H]%22(CS)C(=O)O.C%24(=O)[C@@H]%12CCO.[C@@H]1%25CCCN1%28.[C@H]%16(CO)C3=O.[C@H]%17(C%26)C4=O.c1%26ccccc1.[C@H]%19(C%27)C8=O.N15CCC[C@H]1%25.C%26%23=O.C6%25=O.N29.N%13%10.N%24%11.N%28%12.N%29%14.N%30%15.N%31%16.N%32%17.N3%18.N4%19.N6%20.N7%21.N8%22	C=O.CC(C)C[C@@H]1NC(=O)[C@H](CCO)[C@@H]([C@@H](C)O)C(=O)N[C@@H](CCC(=O)O)C(=O)N[C@@H](C(C)C)C(=O)C(=O)[C@H](CC(=O)O)NC(=O)[C@H](CO)NC1=O.CC(C)C[C@@H]1NC1=O.CC[C@H](C)[C@H](N)C(=O)N[C@H](C(=O)N[C@@H](Cc1ccccc1)C(=O)N[C@@H](Cc1ccc(O)cc1)C(=O)N[C@@H](CS)C(=O)O)C(C)C.N.NCCCC[C@H](NC=O)C(=O)N1CCC[C@H]1[C@@H]1CCCN1C(=O)[C@@H](N)CC(=O)O
C%35(=O)[C@@H]%20CCCCN.C%46(=O)[C@@H]%22CCC(=O)O.C5(=O)[C@@H]%32CCC(=O)O.CC[C@H](C)[C@H]%16C%12=O.C2(=O)[C@@H]%17CCC%18.C%24(=O)[C@@H]%20CC(N)=O.C%49(=O)[C@@H]%25CCC%26.C%50(=O)[C@@H]%27CC(=O)O.C%48(=O)[C@@H]%28CC(=O)O.C4(=O)[C@@H]%30CC(=O)O.C6(=O)[C@@H]%31CC(C)C.C9(=O)[C@@H]%33CC(N)=O.[C@H]%41(CC(N)=O)C(=O)O.C%46(=O)[C@@H]%21C(C)C.C%11(=O)[C@@H](N)CC%42.[C@@H]%39(C%14=O)[C@@H](C)O.C4((=O)[C@@H]%29C%44.c1%44ccccc1.C9(=O)[C@@H]%36C%45.c1%45ccccc1.C%10(=O)[C@@H]%38CO.N%18C(=N)N.C%42(=O)C%23.N%26C(=N)N.N2%16.N%13%17.N%24%19.N%35%20.N%46%21.N%49%22.N%50%23.N%51%25.N%49%27.N4%28.N5%29.N6%30.N7%31.N8%32.N9%33.N%10%34.N%11%36.S%42C.N%12%38.N%14%39.N%15%40	INVALID
c1%20c[nH]c2ccccc12.C%25(=O)[C@@H]9CCC(=O)O.C%24(=O)[C@@H]%12CCC(=O)O.CC(C)C[C@H]76C5=O.C%21(=O)[C@@H]9CCC(=O)O.C%24(=O)[C@@H]%11CC(=O)O.[C@H]%14(CC(=O)O)C(=O)O.C4(=O)[C@@H](N)C(C)O.C%14(=O)[C@@H]7C%20.[C@@H]1%16CCCN1%14.C%14(=O)[C@@H]8CO.C%19(=O)[C@@H]8CS.C%21(=O)[C@@H]%10CO.C%22(=O)[C@@H]%10CO.[C@@H]1%18CCCN1%28.C%24(=O)[C@@H]%13CS.C3%16=O.C%23%17=O.C4%19=O.N36.N%138.N%229.N%23%10.N%24%11.N%26%12.N5%14	INVALID
c1%87c[nH]c2ccccc12.[C@H]%62(CCCCN)C%19=O.[C@H]%73(CCCCN)C%30=O.[C@H]%48(CCC%49)C8=O.[C@H]%56(CCC%57)C%15=O.[C@H]%61(CC(C)C)C%18=O.[C@H]%64(CC(=O)O)C%21=O.[C@H]%68(CC(C)C)C%26=O.[C@H]%75(CCC%76)C%34=O.C%78C[C@H](N)C3=O.[C@@H]%35(C%14=O)[C@@H](C)O.[C@@H]%60(C%17=O)[C@@H](C)O.N13CCC[C@H]1%79.[C@H]%37(C%85)C%36=O.c1%85ccccc1.N1%36CCC[C@H]1%81.[C@H]%38(C%86)C%47=O.c1%86ccccc1.[C@H]%39(C%82)C%58=O.[C@H]%40(CO)C%69=O.[C@H]%41(CO)C%80=O.[C@H]%42(CO)C%87=O.[C@H]%43(CO)C5=O.[C@H]%46(C%83)C7=O.[C@H]%51(CSS)C%10=O.[C@H]%52(C%51)C%12=O.[C@H]%53(C%84)C%11=O.[C@H]%53(C%88)C%13=O.c1%88ccccc1.[C@H]%54(C%89)C%16=O.c1%89ccccc1.[C@H]%59(CO)C%18=O.[C@H]%63(C%84)C%22=O.[C@H]%70(CO)C%29=O.[C@H]%71(CO)C%31=O.[C@H]%73(CO)C%32=O.[C@H]%74(CCO)C%33=O.N1%34CCC[C@H]1%81.[C@H]%77(CO)C(=O)O.[C@H]%44(C)C4=O.c1%82c[nH]cn1.c1%83c[nH]cn1.c1%84c[nH]cn1.[C@H]%66(C)C%27=O.CC%36=O.C%45C6=O.N%49C(=N)N.N%57C(=N)N.C%65C%22=O.C%66C%23=O.C%67C%24=O.C%72C%29=O.C%25%79=O.C%35%81=O.CS%78.N%25%35.N%36%37.N%47%39.N%58%40.N%69%41.N%80%42.N%87%43.N4%44.N4%45.N5%46.N7%48.N8%50.N9%51.N%10%52.N%11%53.N%12%54.N%13%55.N%15%56.N%16%59.N%17%60.N%18%61.N%19%62.N%20%63.N%21%64.N%22%65.N%23%66.N%24%67.N%26%68.N%27%70.N%28%71.N%29%72.N%30%73.N%31%74.N%32%75.N%33%77	CC(C)C[C@@H]1NC1=O.CC(C)C[C@H](N)C(=O)C(=O)[C@H](CO)NC(=O)[C@H](Cc1ccccc1)NC(=O)[C@@H]1C[C@@H](CSS)C(=O)N1.CCC[C@H](NC(=O)[C@H](CO)[C@@H](CCCCN)C(N)=O)C(=O)N1CCC[C@H]1[C@@H]1CCCN1C(=O)[C@H](Cc1ccccc1)NC(C)=O.CSCC[C@H](N)C(=O)N1CCC[C@H]1C(N)=O.C[C@@H](O)C(C=O)C=O.C[C@@H](O)[C@@H]1NC1=O.C[C@@H]1NC1=O.C[C@H](CC(N)=O)C(=O)N[C@@H](CO)C(=O)C(=O)CN.N.N=C(N)NCCC[C@@H]1NC1=O.N=C(N)NCCC[C@H](NC(=O)[C@H](Cc1c[nH]cn1)NC(=O)[C@@H](N)CO)C(N)=O.NCC(=O)C(=O)[C@@H](N)CC[C@@H](C(N)=O)[C@@H](Cc1ccccc1)C(N)=O.NCC=O.NCCCC[C@@H]1NC1=O.N[C@@H](CO)C(=O)N[C@@H](CCO)C(=O)N[C@@H](CO)C(=O)O.O=C(CCc1ccccc1)N[C@@H](Cc1c[nH]cn1)C(=O)N[C@@H](CO)C(=O)N[C@@H](CO)C(=O)N[C@@H](CO)C(=O)c1c[nH]c2ccccc12.O=C(O)C[C@@H]1NC1=O.O=C1CN1.c1c[nH]cn1
C%46(=O)[C@@H]%33CCCCN.C%14(=O)[C@@H]%53CCC(=O)O.C%19(=O)[C@@H]%54CCCCN.C%22(=O)[C@@H](N)CCCCCN.[C@H]%61(CCC(=O)O)C%27=O.[C@H]%62(CCC(=O)O)C%26=O.CC[C@H](C)[C@H]%28C%23=O.C2(=O)[C@@H]%29CCC%30.C%24(=O)[C@@H]%31[C@@H](C)CC.C%71(=O)[C@@H]%38CC(C)C.C4(=O)[C@@H]%41CCC%42.C5(=O)[C@@H]%43CC(C)C.C8(=O)[C@@H]%47CCC%48.C%20(=O)[C@@H]%56CC(=O)O.C%22(=O)[C@@H]%60CC(C)C.[C@H]%63(CC(C)C)C%25=O.C%35(=O)[C@@H]%32C(C)C.C%57(=O)[C@@H]%37C(C)C.C7(=O)[C@@H]%44[C@@H](C)O.C9(=O)[C@@H]%49CC%66.C%17(=O)[C@@H]%52C(C)C.c1%71ccc(O)cc1.[C@@H]1%67CCCN1%12.C%21(=O)[C@@H]%59C%70.[C@H]%65(C%72)C(=O)O.c1%69c[nH]cn1.C%70(=O)[C@@H]%38C.C%71(=O)[C@@H]%39C.C%10%72(=O)[C@@H]%40C.C%10(=O)[C@@H]%50C.C%15(=O)[C@@H]%51C.C%18(=O)[C@@H]%55C.c1%70c[nH]cn1.N%30C(=N)N.C%57(=O)C%34.N%42C(=N)N.N%48C(=N)N.N%48C(=N)N.C%11%67=O.N2%28.N%13%29.N%24%31.N%35%32.N%46%33.N%57%34.N%68%36.N%71%37.N%72%38.N3%39.N4%40.N5%41.N6%43.N7%44.N8%45.N9%47.S%66C.N%10%49.N%11%50.N%14%51.N%15%52.N%16%53.N%17%54.N%18%55.N%19%56.N%20%58.N%21%59.N%22%60.N%23%61.N%25%62.N%26%63.N%27%65	INVALID
C%13(=O)[C@@H]8CCCCN.[C@H]%11(CC(=O)O)C%28=O.[C@H]%14(CC(C)C)C%30=O.[C@H]%19(CC(C)C)C%32=O.[C@H]%20(CC(C)C)C(=O)O.C%21C[C@H]7C%24=O.c1%25ccc(O)cc1.[C@@H]%12(C%31=O)[C@@H](C)O.[C@@H]%15(C3=O)[C@@H](C)O.[C@H]%17(C%25)C%29=O.c1%23c[nH]cn1.[C@H]%10(C)C%27=O.[C@H]%20(C)C5=O.C1(=O)CN.C%24(=O)CC1.C9C%32=O.C%16C4=O.C%30%22=O.CS%21.N27.N%138.N%249.N%26%10.N%28%11.N%29%12.N%30%14.N%31%15.N%32%16.N3%17.N4%18.N5%19.N6%20	CC(C)C[C@H](N)C(=O)C=O.CC(C)C[C@H](NC(=O)[C@H](C)[C@@H](CC(C)C)C(=O)O)C(=O)C(=O)CN.CSCC[C@H](N)C(=O)C(=O)CCC(=O)CN.C[C@@H](O)[C@@H]1NC(=O)[C@H](Cc2ccc(O)cc2)NC(=O)[C@H]([C@@H](C)O)NC1=O.C[C@H](N)C=O.N.NCC(N)=O.NCCCC[C@@H]1NC1=O.O=C(O)C[C@@H]1NC1=O.c1c[nH]cn1
C2(=O)[C@@H]%19CCC(=O)O.C%24(=O)[C@@H]%21CCC(=O)O.C%46(=O)[C@@H]%23CCC(=O)O.C%57(=O)[C@@H]%23CCCCN.C%58(=O)[C@@H]%28CCC(NO=O.[C@H]%42(CCC(N)=O)C%19=O.CC[C@H](C)[C@H]%18C%10=O.C%48(=O)[C@@H]%26CCC%27.C%60(=O)[C@@H]%27CC(=O)O.C3(=O)[C@@H]%30CCC%31.C5(=O)[C@@H]%32CCC%33.C8(=O)[C@@H]%37CC(C)C.[C@H]%43(CCC%44)C%16=O.C8(=O)[C@@H]%36[C@@H](C)O.C9(=O)[C@@H](N)CC%48.[C@@H]%40(C%13=O)C(C)C.[C@@H]%47(C(=O)O)[C@@H](C)O.C%35(=O)[C@@H]%21CO.[C@H]%40(CC%51)C%11=O.c1%51ccccc1.[C@H]%41(C%52)C%15=O.c1%52ccccc1.[C@H]%45(CO)C%17=O.[C@H]%39(C)C%12=O.C%35(=O)C%22.N%27C(=N)N.N%31C(=N)N.N%33C(=N)N.C7(=O)C%37.N%44C(=N)N.N2%18.N%13%19.N%24%20.N%35%21.N%45%22.N%56%23.N%58%25.N%59%26.N%60%28.N3%29.N4%30.N5%32.N6%32.N7%34.N8%36.N9%37.S%48C.N%10%38.N%11%39.S%49C.N%12%40.N%14%41.N%15%42.N%16%43.N%17%45.N%18%47	INVALID
c1%26c[nH]c2ccccc12.C%29(=O)[C@@H]%11CC(C)C.[C@H]%19(CC(C)C)C6=O.C%20C[C@H][C@H]8C5=O.C%30(=O)[C@@H]%12C(C)C.C%33(=O)[C@@H]%17[C@@H](C)O.C%35(=O)[C@@H]%18[C@@H](C)O.[C@@H]1%21CCCN1%14.[C@@H]1%22CCCN1%33.C3(=O)[C@@H]%10C%26.C%27(=O)[C@@H]%11CO.C%34(=O)[C@@H]%13C%28.c1%28ccccc1.C%30(=O)[C@@H]%15CO.C%35(=O)[C@@H]%15C%29.c1%29ccccc1.N1%24CCCN1%27.[C@H]%19(CO)C(=O)O.C%14%22=O.C7%23=O.CS%20.N48.N%259.N%30%10.N%31%11.N%32%12.N%34%13.N%35%15.N4%16.N5%17.N5%18.N7%19	CC(C)C[C@@H](C(=O)C[C@@H](C(=O)C(=O)[C@@H](N)[C@@H](C)O)[C@@H](CO)C(=O)C(=O)[C@@H](N)C(C)C)[C@@H](CO)C(=O)N1CCCN1.CC(C)C[C@@H](C=O)[C@@H](CO)C(=O)O.CSCC[CH][C@H](NN)C(=O)N[C@H](C(=O)N1CCC[C@H]1C(=O)N1CCCC1)[C@@H](C)O.N.N.N.NC=O.N[C@H](C=O)Cc1c[nH]c2ccccc12.O=C1N[C@H]1Cc1ccccc1.c1ccccc1
[C@H]8(CCC(N)=O)C%23=O.c1%19c[nH]c2ccccc12.[C@H]%16(CCCCN)C(=O)O.CC[C@H](C)[C@H]5C%25=O.C%14(=O)[C@@H](N)CC%17.N1%21CCC[C@H]1%18.[C@H]9(CS)C%28=O.[C@H]%13(C%19)C%24=O.[C@H]7(C)C%22=O.[C@H]%12(C)C%23=O.C%21%18=O.CS%17.N36.S%17C.N%207.N%218.N%229.N%23%10.N%24%12.N%25%13.N3%14.N5%16	CC[C@H](C)[C@H](N[C@@H](CCCCN)C(=O)O)C(=O)N[C@@H](Cc1c[nH]c2ccccc12)C(=O)N[C@@H](C)C(=O)C(=O)[C@@H](N)CCC(N)=O.CS.CSCC[C@H](N)C(=O)NN.C[C@H](N)C(=O)N[C@H](C=O)CS.N.O=C1[C@@H]2CCCN12
C%57(=O)[C@@H]%28CCC(N)=O.[C@H]%48(CCC(=O)O)C%17=O.[C@H]%49(CCC(N)=O)C%18=O.CC[C@H](C)[C@H]%21C%14=O.C%35(=O)[C@@H]%25[C@@H](C)CC.C%61(=O)[C@@H]%29CCC%30.C%62(=O)[C@@H]%29CCC%30.C%63(=O)[C@@H]%31CC(=O)O.C%103(=O)[C@@H]%33CC(N)=O.C4(=O)[C@@H]%34[C@@H](C)CC.C6(=O)[C@@H]%36CCC%37.C7(=O)[C@@H]%40CCC%10%41.C%11(=O)[C@@H]%45CC(C)C.C%12(=O)[C@@H]%49CC(C)C.[C@H]%47(CC(=O)O)C%16=O.[C@H]%51(CC(=O)O)C%19=O.[C@H]%52(CC(C)C)C%20=O.c1%58ccc(O)cc1.C9(=O)[C@@H]%39C(C)C.C%10(=O)[C@@H]%43[C@@H](C)C.C%14(=O)[C@@H](N)C(C)C.[C@@H]1%54CCCN1%24.C3(=O)[C@@H]%32C%58.[C@H]%50(C%59)C%22=O.c1%59ccccc1.[C@H]%53(C%56)C(=O)O.C2(=O)[C@@H]%23C.C%46(=O)[C@@H]%26C.c1%55c[nH]cn1.C6(=O)[C@@H]%38C.c1%56c[nH]cn1.C%46(=O)C%27.N%30C(=N)N.N%36C(=N)N.N%41C(=N)N.C%13%54=O.N2%21.N%13%22.N%35%23.N%46%25.N%57%27.N%61%28.N%62%29.N%63%31.N3%32.N4%33.N5%34.N6%36.N7%38.N8%39.N9%40.N%10%42.N%11%43.N%12%44.N%14%47.N%15%48.N%16%49.N%17%50.N%18%51.N%19%52.N%20%53	INVALID
C2(=O)[C@@H]8CCC(=O)O.C%22(=O)[C@@H]%11CCCCN.C%23(=O)[C@@H]%12CCCCN.C%25(=O)[C@@H]%16CCC(N)=O.CC(C)[C@H]6C(=O)O.C%28(=O)[C@@H]%17CC(=O)O.C2(=O)[C@@H]%14C(C)C.C%21(=O)[C@@H]%15[C@@H](C)O.C%23(=O)[C@@H]%16CC%20.C4(=O)[C@@H]%18C(C)C.C5(=O)[C@@H]7CO.C7(=O)[C@@H]%10C.C%13(=O)[C@@H]%10C.C%18(=O)C%14.C8(=O)CN.N16.N%127.N%138.N%16%10.N%17%11.N%18%12.N%19%14.S%20C.N%21%15.N%22%16.N%25%17.N3%18.N4%19	CC(C)[C@H](C(=O)C[C@H](C(=O)C(=O)[C@H](CCC(=O)O)C(=O)CN)C(C)C)C(=O)NN.CC(C)[C@H](N)C(=O)O.CSCC[C@@H](C(=O)C(=O)[C@@H](N)CCCCN)[C@@H](CCC(N)=O)C(N)=O.C[C@@H](C(N)=O)[C@@H](C)C(=O)[C@H](C=O)CO.C[C@@H](O)[C@@H]1NC1=O.NCCCC[C@H](N[C@H](C=O)CC(=O)O)C(=O)NN.NN
C%24(=O)[C@@H]%19CCC(=O)O.C%43(=O)[C@@H]%22CCC(N)=O.C5(=O)[C@@H]%29CCC(=O)O.[C@H]%31(CCCCN)C%10=O.CC(C)C[C@H]%16C9=O.C%35(=O)[C@@H]%20CC(C)C.C%45(=O)[C@@H]%25CCC%26.C3(=O)[C@@H]%28CC(C)C.[C@H]%37(CC(C)C)C(=O)O.c1%40ccc(O)cc1.C%44(=O)[C@@H]%23[C@@H](C)O.[C@@H]%33(C%12=O)C(C)C.C%42(=O)[C@@H]%21C%40.C8(=O)[C@@H](N)CO.N1%10CCC[C@H]1%39.[C@H]%32(CO)C%12=O.[C@H]%36(CO)C%14=O.C%13(=O)[C@@H]%18C.C2(=O)C%17.N%26C(=N)N.C4(=O)C%30.C%11%39=O.N2%16.N%13%17.N%24%18.N%35%19.N%43%20.N%44%21.N%45%22.N%47%23.N3%25.N4%27.N6%28.N7%29.N8%30.N9%31.N%10%32.N%11%33.N%12%34.N%14%36.N%15%37	CC(C)C[C@H](N)C(=O)O.CC(C)C[C@H](NC(=O)CNC(=O)[C@H](C)NC(=O)[C@H](CCC(=O)O)NC(=O)[C@H](CC(C)C)NC(=O)[C@H](CCC(N)=O)NC(=O)[C@H](CCCNC(=N)N)NC(=O)[C@@H](N)CC(C)C)C(=O)N[C@@H](CCCCN)C(=O)N1CCC[C@H]1C(=O)N[C@H](C(=O)C(=O)[C@@H](N)CO)C(C)C.C[C@@H](O)[C@H](N)C(=O)N[C@H](C=O)Cc1ccc(O)cc1.N.NC(=O)CNC(=O)[C@@H](N)CO.N[C@H](C=O)CCC(=O)O.O=C1N[C@H]1CO
C%24(=O)[C@@H]9CCC(N)=O.[C@H]%15(CCCCN)C%32=O.[C@H]%14(CCC%15)C%32=O.[C@H]%16(CC(=O)O)C5=O.[C@H]%18(CC(C)C)C6=O.[C@H]%21(CC(N)=O)C(=O)O.C%22C[C@H]8C%30=O.C%13(=O)[C@@H]%14CC(C)C.c1%25ccc(O)cc1.C2(=O)[C@@H]%10CO.[C@@H]1%23CCCN1%25.[C@H]%19(C%26)C4=O.C%26(=O)[C@@H]%12C%27.c1%27ccccc1.C%28(=O)[C@@H]%11C.[C@H]%17(C)C3=O.C%20C5=O.C%31(=O)O.CS%22.N28.N%139.N%24%10.N%28%11.N%29%12.S%23C.N%30%14.N%31%15.N%32%16.N3%17.N4%18.N5%19.N6%20.N7%21	CC(C)C[C@H](NC(=O)[C@@H](N)CC(=O)[C@@H](N)Cc1ccccc1)C(=O)NCC(=O)C(=O)[C@@H](N)CC(=O)O.CSCC[C@H](NC(=O)[C@H](CO)NC(=O)[C@H](CCC(N)=O)NC(=O)[C@H](CC(C)C)[C@H]1CCC[C@@H](CCCCN)C(=O)C1=O)C(N)=O.CS[C@@H]1CCCN1c1ccc(O)cc1.C[C@@H]1NC1=O.C[C@@H]1NC1=O.NC(=O)C[C@H](N)C(=O)O.NC(=O)O
C3(=O)[C@@H]%17CCC(N)=O.C%36(=O)[C@@H]%18CCC(N)=O.C%50(=O)[C@@H]%22CCCCN.C%48(=O)[C@@H](N)CCCC(N)=O.[C@H]%23(CCC(N)=O)C%51=O.c1%44c[nH]c2ccccc12.[C@H]%27(CCCCN)C6=O.[C@H]%38(CCCCN)C%19=O.c1%45c[nH]c2ccccc1.[C@H]%26(CCC%29)C5=O.C%41C[C@H]%16C%50=O.[C@@H]%35(C%13=O)[C@@H](C)O.C%14(=O)[C@@H]%19C%43.c1%43ccccc1.C%47(=O)[C@@H]%21C%42.[C@H]%24(CO)C%51=O.[C@H]%31(C%44)C7=O.[C@H]%32(C%44)C9=O.[C@H]%33(CO)C%10=O.[C@H]%37(C%45)C%12=O.[C@H]%38(C%46)C%15=O.c1%42c[nH]cn1.[C@H]%30(C)C8=O.C%25(=O)C%20.N%29C(=N)N.C%34C%11=O.C%40C(=O)O.CS%41.N3%16.N%14%17.N%25%18.N%36%19.N%48%21.N%49%22.N%50%23.N%51%24.N4%26.N5%27.N6%28.N7%30.N8%31.N9%32.N%10%33.N%11%34.N%12%35.N%13%38.N%15%39	CC(=O)N[C@@H](CCC(N)=O)C(N)=O.CC(=O)O.CSCC[C@H](NC(=O)[C@H](CCC(N)=O)NC(=O)[C@H](Cc1ccccc1)C(=O)[C@H](CCCCN)[C@@H](C)C(N)=O)C(=O)C(=O)[C@@H](N)CCCCN.C[C@@H](O)[C@H](NC(=O)CCc1cccccc[nH]c1)C(N)=O.C[C@@H]1NC(=O)[C@H](Cc2c[nH]c3ccccc23)NC1=O.C[C@@H]1NC1=O.N=C(N)NCCC[C@H](N)C(=O)N[C@@H](CCCCN)C(N)=O.NC(=O)CCC[C@H](N)C(=O)N[C@H](C=O)Cc1c[nH]cn1.NC(=O)CC[C@H](N)C(=O)C(=O)[C@@H](N)CO.O=C1CN1.O=C1N[C@H]1CO
C%15(=O)[C@@H]7CCC(N)=O.C%19(=O)[C@@H]6CC(N)=O.C%21(=O)[C@@H]8CC(N)=O.[C@H]%10(CCC%11)C2=O.[C@H]%14(CC(C)C)C%23=O.[C@H]%16(CC(N)=O)C(=O)O.C)C[C@H]4C%21=O.C%18(=O)[C@@H]5CO.C%20(=O)C%10.C2(=O)C%14.CS%17.N14.N%125.N%136.N%187.N%198.N%209.N%21%10.N%22%12.N%23%13.N%25%15.N3%16	INVALID
C2(=O)[C@@H]%15CCC(=O)O.C%13(=O)[C@@H]%16CCC(=O)O.C%24(=O)[C@@H]%18CCCCN.[C@H]%21(CCC(=O)O)C%42=O.[C@H]%29(CCCCN)C8=O.[C@H]%34(CCC(=O)O)C(=O)O.CC[C@H](C)[C@H]%14C%43=O.[C@H]%22(CC(C)C)C%44=O.[C@@H]%23(C3=O)[C@@H](C)CC.[C@H]%25(CC(N)=O)C5=O.[C@H]%27(CC(C)C)C6=O.[C@H]%31(CC(=O)O)C%11=O.[C@H]%32(CCC%33)C(=O)O.C%35(=O)[C@@H]%19CC%36.C%41(=O)[C@@H]%36CCC%37.C%42(=O)[C@@H].N13CCC[C@H]1%38.[C@H]%29(C%39)C8=O.[C@H]%30(C%40)C9=O.c1%39c[nH]cn1.c1%40c[nH]cn1.C%27C%15=O.N%28C(=N)N.C%29C%10=O.N%33C(=N)N.C4%38=O.N2%14.N%13%15.N%24%16.N%35%17.S%37C.N%41%19.N%41%20.N%42%21.N%43%22.N4%23.N5%25.N6%26.N7%27.N8%28.N9%29.N%10%30.N%11%32	CC[C@H](C)[C@@H]1NC(=O)[C@@H]2CCCN2C1=O.CC[C@H](C)[C@H](NC(=O)[C@H](CCC(=O)O)C(=O)C[C@@H](CC(C)C)C(N)=O)C(=O)N[C@H](C=O)CC(C)C.CSCCC[C@@H]1CC[C@@H](C(N)=O)NC1=O.N.N.N=C(N)NCCC[C@H](NC(=O)CCC(=O)O)C(=O)O.N=C(N)NN.NC(=O)C[C@@H]1NC1=O.NCCCCCC(=O)N[C@@H](CCC(=O)O)C(N)=O.NCCCC[C@H]1C(=O)C(=O)[C@@H]1Cc1c[nH]cn1.O=C(O)CCCC(=O)O.O=C1CNC(=O)[C@H](Cc2c[nH]cn2)N1.[CH]C(=O)C(=O)[C@@H](N)CCC(=O)O
6CCC[C@H]1%12.[C@H]%71(CO)C%80=O.N1%83CCC[C@H]1%15.N1%10CCC[C@H]1%16.C%12%19=O.C%418=O.C%49%21=O.C%554==O.C%67%11=O.C%31%13=O.C%78%15	INVALID
C3(=O)[C@@H]%16CCC(=O)O.C%25(=O)[C@@H](N)CCC(N)=O.c1%42c[nH]c2cccc12.C%37(=O)[C@@H](N)CC(=O)O.[C@H]%19(CC(C)C)C%50=O.[C@H]%22(CC(C)C)C%47=O.[C@H]%24(CCC%25)C4=O.[C@H]%28(CC(=O)O)C5=O.[C@H]%29(CC(C)C)C9=O.[C@H]%30(CC(C)C)C%11=O.[C@H]%32(CCC%33)C%13=O.[C@H]%34(CCC%35)C%15=O.[C@H]%39(CC(=O)O)C(=O)O.C%14(=O)[C@@H]%18CO.N15CCC[C@H]1%46.[C@H]%26(C%42)C8=O.N1%11CCC[C@H]1%41.[C@H]%21(C)C%48=O.[C@H]%23(C)C5=O.[C@H]%27(C)C6=O.[C@H]%27(C)C%10=O.N%25C(=N)N.N%33C(=N)N.N%35C(=N)N.C%25%40=O.C%12%41=O.N3%15.N%14%16.N%25%17.N%36%18.N%44%19.N%47%20.N%48%21.N%49%22.N%50%24.N4%26.N5%27.N6%28.N7%29.N8%30.N9%31.N%10%34.N%12%37.N%13%38	INVALID
C%22(=O)[C@@H](N)CC(C)C.[C@H]7(CCC8)C22=O.[C@H]9(CC(C)C)C%23=O.c1%21ccc(O)cc1.[C@@H]%16(C%26=O)C(C)O.C2(=O)[C@@H]8CO.[C@H]%10(C%19)C%25=O.[C@H]%11(CS)C%27=O.[C@H]%14(CS)C%28=O.[C@H]%15(CS)C3=O.[C@H]%18(C%20)C5=O.[C@H]%18(C%21)C(=O)O.c1%19c[nH]cn1.[C@H]%12(C)C%28=O.c1%20c[nH]cn1.N8C(=N)N.C%17C6=O.N27.N%138.N%249.N%25%10.N%26%11.N%27%12.N%28%14.N%29%15.N4%16.N5%17.N6%18	INVALID
[C@H]%16(CCC(N)=O)C%24=O.[C@H]%17(CCC(=O)O)C%35=O.[C@H]%21(CCCCN)C%44=O.[C@H]%22(CCCCN)C%45=O.[C@H]%25(CCC(N)=O)C%46=O.[C@H]%29(CCC(N)=O)C8=O.[C@H]%31(CCC(N)=O)C%11=O.[C@H]%32(CCC(N)=O)C%15=O.[C@H]%18(CC(=O)O)C%43=O.[C@H]%32(CC(=O)O)C%10=O.C%38C[C@H](N)C2=O.[C@@H]%20(C%42=O)[C@@H](C)O.[C@@H]%25(C3=O)C(C)C.[C@@H]%32(C%49=O)[C@@H](C)O.[C@H]%26(CS)C5=O.[C@H]%27(CS)C3=O.[C@H]%37(C%39)C(=O)O.[C@H]%28(C%39)C6=O.c1%39c[nH]cn1.[C@H]%33(C)C%11=O.[C@H]%36(C)C%14=O.CS%38.N2%15.N%13%16.N%24%17.N%35%18.N%41%19.N%42%20.N%43%21.N%44%22.N%45%23.N3%25.N4%26.N5%27.N6%28.N7%29.N8%30.N9%31.N%10%32.N%11%33.N%12%34.N%14%36.N%14%37	CC(C)[C@@H](C(=O)C(=O)[C@H](CS)NC(=O)[C@@H](N)CS)[C@H](C=O)CCC(N)=O.CSCC[C@H](N)C(=O)NC(=O)[C@H](CCC(N)=O)[C@@H](CC(=O)O)C(=O)N[C@H](C=O)[C@@H](C)O.C[C@@H](O)[C@@H]1NC1=O.C[C@@H]1NC1=O.C[C@H](N)C(=O)C(=O)[C@@H](N)CCC(N)=O.N.N.N.NC(=O)CC[C@H](N)C(N)=O.NCCCC[C@H](NC(=O)[C@H](CCCCN)NC(=O)[C@H](CC(=O)O)NC(=O)[C@H](CCC(=O)O)NC(=O)[C@@H](N)CCC(N)=O)C(N)=O.N[C@@H](CC[C@@H]1NC1=O)C(=O)O.c1c[nH]cn1
)C%18=O.[C@H]%11(CCC(N)=O)C%19=O.[C@H]%14(CCC(N)=O)C(=O)O.N12CCC[C@H]1%15.[C@H]7(CO)C%22=O.[C@H]8(C)C%12=O.N25.N%137.N%178.N%189.N%20%10.N%21%11.N%22%13	INVALID
[C@H]9(CCC(N)=O)C%21=O.[C@H]8(CCC(N)=O)C%22=O.[C@H]%10(CCC(=O)O)C%24=O.[C@H]%15(CCC(N)=O)C(=O)O.CC(C)[C@H]5C%13=O.C%13(=O)[C@@H](N)[C@@H](C)O.[C@H]7(CC%16)C%23=O.[C@H]6(CS)C%17=O.[C@H]7(C%18)C%20=O.c1%18ccccc1.[C@H]%11(CO)C3=O.N25.N%126.N%137.N%198.N%209.N%21%10.N%22%11.N%23%12.N3%14.N4%15	CC(C)[C@H](N)C(=O)C(=O)[C@@H](N)[C@@H](C)O.CC[C@@H](C(=O)NN[C@H](C=O)CS)[C@@H](Cc1ccccc1)C(=O)N[C@@H](CCC(N)=O)C(=O)N[C@H](C=O)CCC(=O)O.N.NC(=O)CC[C@H](N)C(=O)N[C@@H](CO)C(N)=O.NC(=O)CC[C@H](N)C(=O)O
C%23(=O)[C@@H]%11CCCC(=O)O.[C@H]%17(CCC(N)=O)C(=O)O.C2(=O)[C@@H]9CCC(N)=O.[C@H]%15(CCCCN)C5=O.CC(N)C[C@H]6C%26=O.C2(=O)[C@@H]8CC%18.C%26(=O)[C@@H]%10[C@@H](C)O.C%26(=O)[C@@H]%13CO.[C@H]%14(CS)C%27=O.[C@H]%16(C%20)C3=O.c1%20c[nH]cn1.N%105C(=N)N.C%22%19=O.N26.N%137.S%19C.N%218.N%229.N%23%10.N%25%11.N%26%13.N%27%14.N3%15.N4%16.N5%17%18	CC(N)C[C@H](N)C(=O)C(=O)[C@H]([C@@H](C)O)N(C(=N)N)C(=O)[C@H](CCCCN)NC(=O)[C@@H](N)Cc1c[nH]cn1.CSC(=O)N[C@@H](CCC(N)=O)C(=O)C(=O)[C@@H](N)CCN[C@@H](CCC(N)=O)C(=O)O.NC(=O)[C@@H](N)CCCC(=O)O.NC(=O)[C@@H](N)CO.O=C1N[C@H]1CS
[C@H]%11(CCC(=O)O)C%26=O.[C@H]%18(CCC(N)=O)C5=O.C[C@H](C)C[C@H]6C2=O.[C@H]8(CC(C)C)C%24=O.[C@@H]%15(C%27=O)[C@@H](C)CC.[C@H]%19(CC(C)C)C(=O)O.[C@@H]9(C%25=O)[C@@H](C)O.[C@H]%10(CC%20)C%23=O.[C@H]%12(C)C%15=O.N1%17CCC[C@H]1%21.C7C%22=O.N%14C(=N)N.C%16C3=O.C%17C4=O.N26.N%127.N%198.N%209.N%22%10.S%20C.N%23%12.N%25%14.N%26%15.N3%16.N4%17.N5%18.N6%19	CC(C)C[C@@H](C=O)N[C@@H](CC(C)C)C(=O)O.CC(C)C[C@@H]1NC1=O.CC[C@H](C)[C@@H](C=O)C(=O)[C@H](C)NCC(=O)N[C@@H](CCN[C@H](C(=O)NNC(=N)N)[C@@H](C)O)C(N)=O.CS.N.NC(=O)CCCC(=O)O.NC(=O)CC[C@@H]1NC1=O.NC(=O)CN1CCCC1.O=C1CN1
c1%38c[nH]c2ccccc12.[C@H]%30(CCC(=O)O)C6=O.CC[C@H](C)[C@H]%13C%43=O.C3(=O)[C@@H]%15CC(=O)O.C%25(=O)[C@@H]%16CCC%17.C%36(=O)[C@@H]%19[C@@H](C)CC.C%40(=O)[C@@H]%20CCC%21.C%41(=O)[C@@H]%23CC(=O)O.[C@H]%24(CC(=O)O)C%44=O.[C@H]%28(CCC%29)C5=O.[C@H]%31(CC(N)=O)C9=O.[C@H]%35(CC(C)C)C(=O)O.[C@H]%28(CCC%29)C5=O.[C@H]%32(CC(C)C)C8=O.[C@@H]%22(C%44=O)C(C)O.[C@H]%26(CC%37)C%44=O.[C@H]%27(C%38)C7=O.[C@H]%31(C%39)C%10=O.c1%39ccccc1.[C@H]%18(C)C%46=O.N%17C(=N)N.N%21C(=N)N.N%29C(=N)N.N%29C(=N)N.C%33C%11=O.N3%13.N%14%15.N%25%16.N%36%18.N%41%19.N%43%20.N%44%22.N%44%23.N%45%24.N5%26%26.N%26%27.N7%28.N8%30.N9%31.N%10%33.N%11%34.N%12%35	CC(C)CCC(=O)N[C@H](C=O)CCC(=O)O.CC(C)C[C@H](N)C(=O)O.CC[C@H](C)[C@H](NC(=O)[C@@H](N)CC(=O)O)C(=O)N[C@@H](C)C=O.CC[C@H](C)[C@H](NC(=O)[C@@H](N)CC(=O)O)C(=O)N[C@H](C=O)CCCNC(=N)N.CC[C@H](NN[C@@H](Cc1c[nH]c2ccccc12)C(N)=O)C(=O)N[C@H](C(=O)C(=O)[C@@H](N)CC(=O)O)C(C)O.N=C(N)NCCC[C@@H]1NC1=O.N=C(N)NNC(=N)N.NC(=O)CNC(=O)[C@H](Cc1ccccc1)[C@@H](CC(N)=O)C(N)=O.O=C1C(=O)[C@@H]2CCCCCC[C@@H]12
C%46(=O)[C@@H]%25CCCCN.C%56(=O)[C@@H]%28CCCCN.C8(=O)[C@@H]%34CCC(=O)O.CC[C@H](C)[C@H]%20C(=O)O.C%34(=O)[C@@H]%23CC(C)C.C3(=O)[C@@H]%31[C@@H](C)CC.C6(=O)[C@@H]%33CC(N)=O.[C@H]%43(CC(=O)O)C%18=O.[C@H]%44(CC(=))O)C(=O)O.c1%49cccc(O)cc1.C%48(=O)[C@@H]%27CC%45.C4(=O)[C@@H]%30[C@@H](C)O.C9(=O)[C@@H]%36[C@@H](C)O.C%10(=O)[C@@H]%40C(C)C.C%15(=O)[C@@H]%41C(C)C.C2(=O)[C@@H]%21C%48.c1%47ccccc1.C%13(=O)[C@@H]%22C%50.c1%49ccccc1.C%24(=O)[C@@H]%22C%50.c1%50ccccc1.[C@@H]1%47CCCN1%48.C%12(=O)[C@@H]%26C%51.[C@H]%37(C%53)C%12=O.c1%53ccccc1.[C@H]%38(CO)C%16=O.[C@H]%39(C%51)C%19=O.c1%51ccccc1.C5(=O)[C@@H]%32C.[C@H]%42(C)C%17=O.C%49(=O)C%29.C7(=O)C%32.C%10(=O)CN.C%46%47=O.N2%20.N%13%21.N%24%22.N%35%23.N%46%26.S%45C.N%54%27.N%55%28.N%56%29.N4%30.N5%31.N6%32.N7%33.N8%34.N9%36.N%10%37.N%11%38.N%12%39.N%14%40.N%16%41.N%17%42.N%18%44	INVALID
C%22(=O)[C@@H]%10CCCCN.[C@H]%17(CCC(=O)O)C5=O.CC[C@H](C)[C@H]7C%24=O.C2(=O)[C@@H]8CC(=O)O.[C@H]%12(CC(C)C)C%27=O.[C@H]%17(CC(C)C)C%28=O.[C@@H]%15(C%27=O)C(C)C.[C@@H]%16(C%29=O)C(C)C.[C@@H]%17(C6=O)C(C)C.[C@@H]%19(C(=O)O)C(C)C.C%13(=O)[C@@H]9C%20.c1%20ccccc1.C%23(=O)[C@@H](N)CO.[C@H]9(C)C%26=O.[C@H]%14(C)C3=O.C%11C%25=O.C%16C4=O.N27.N%138.N%229.N%23%10.N%25%11.N%27%12.N%28%14.N%29%15.N3%16.N4%17.N5%18.N6%19	CC(C)C[C@@H](C(=O)N[C@@H](C)C(N)=O)[C@@H](CCC(=O)O)C(N)=O.CC(C)C[C@H](N)C(=O)C(=O)[C@@H](NC(=O)[C@@H](CC(=O)N[C@H](C(=O)N[C@H](C(=O)O)C(C)C)C(C)C)C(C)C)C(C)C.CC[C@H](C)[C@@H](C=O)NC(=O)[C@H](CC(=O)O)NC(=O)[C@H](Cc1ccccc1)[C@@H](C)C=O.NCCCC[C@H](NC(=O)[C@@H](N)CO)C(N)=O.O=C1CN1
%11(CCCN)C%26=O.[C@H]%15(CCC(=O)O)C%31=O.[C@H]%18(CCC(N)=O)C3=O.[C@H]%20(CCCCN)C7=O.CC[C@H](C)[C@H]9C%24=O.[C@H]%14(CC(N)=O)C%27=O.[C@@H]%12(C%28=O)[C@@H](C)CC.[C@@H]%16(C%29=O)[C@@H](C)CC.C%13(=O)[C@@H](N)CC%22.[C@@H]%11(C%27=O)C(C)C.[C@@H]%17(C5=O)[C@@H](C)O.C2(=O)[C@@H]%10CO.[C@H]%19CCCN1N3=O(O)C(=O)O.C%26%25=O.N29.N%13%10.S%22C.N%24%11.N%26%12.N%27%14.N%28%15.N%29%16.N3%17.N4%18.N5%19.N6%20.N7%21	INVALID
C%14(=O)[C@@H]%17CCC(N)=O.C5(=O)[C@@H]%28CCC(N)=O.C%45(=O)[C@@H](N)CCCCN.[C@H]%30(CCCCN)C%11=O.[C@H]%31(CCCCN)C%12=O.c1%39c[nH]c2ccccc12.[C@H]%32(CCC(N)=O)C%13=O.c1%40c[nH]c2ccccc12.CC(C)C[C@H]%15C%46=O.C%43(=O)[C@@H]%21CC(=O)O.[C@H]%34(CCC%35)C(=O)O.C%42(=O)[C@@H]%20CC%37.C%44(=O)[C@@H]%22CC(C)C.[C@@H]%29(C8=O)[C@@H](C)O.[C@@H]1%38CCCN1%42.C%42(=O)[C@@H]%23CO.C%45(=O)[C@@H]%26C%39.[C@H]%33(C%40)C%14=O.C3(=O)[C@@H]%16C.C%25(=O)[C@@H]%18C.N%27C(=N)N.C%27C%10=O.N%35C(=N)N.C%41%38=O.N3%15.N%14%16.N%25%17.N%36%18.S%37C.N%44%20.N%44%21.N%45%22.N%46%23.N4%24.N6%26.N7%28.N8%29.N9%30.N%10%31.N%11%32.N%12%33.N%13%34	CC(C)C[C@H](NC(=O)[C@H](C)N)C(=O)N[C@H](C=O)CO.CSCC[C@H](NC(=O)[C@@H](N)CC(C)C)C(=O)N1CCC[C@H]1C=O.C[C@@H](O)[C@@H]1NC1=O.C[C@H](N)C(=O)N[C@@H](CCC(N)=O)C(=O)C(=O)[C@H](Cc1c[nH]c2ccccc12)NC(=O)[C@H](CCCCN)NC(=O)CNC(=N)N.N.N=C(N)NCCC[C@H](NC(=O)[C@H](CCC(N)=O)NC(=O)[C@@H](N)CCCCN)C(=O)O.NC(=O)CC[C@H](N)C=O.NCCCC[C@H](N)C(=O)C(=O)[C@@H](N)Cc1c[nH]c2ccccc12.N[C@H](C=O)CC(=O)O
C%36(=O)[C@@H]%19CCC(=O)O.C%42(=O)[C@@H]%22CCCCN.c1%39c[nH]c2ccccc12.[C@H]%31(CCC(N)=O)C%13=O.C%14(=O)[C@@H]%16CCC%17.[C@H]%27(CC(C)C)C6=O.[C@H]%30(CC(=O)O)C9=O.[C@@H]%26(CC(=O)[C@@H](C)O.[C@@H]%29(C%12=O)C(C)C.C3(=O)[C@@H]%15CO.C%25(=O)[C@@H]%18C%40.c1%40ccccc1.[C@@H]1%33CCCN1%30.C%41(=O)[C@@H]%21C%38.C%41(=O)[C@@H]%23C%39.[C@@H]1%34CCCN14.C%43(=O)[C@@H](N)CO.[C@H]%24(C%37)C5=O.c1%35c[nH]cn1.[C@H]%25(C)C9=O.[C@H]%28(C)C%10=O.c1%37c[nH]cn1.C%40(=O)C%20.N%17C(=N)N.C%32C(=O)O.C4%33=O.C6%34=O.N3%15.N%14%15.N%25%16.N%36%18.N%41%19.N%42%20.N%43%21.N5%22.N6%23.N7%24.N8%27.N9%28.N%10%29.N%11%30.N%12%31.N%13%32	INVALID
C%13(=O)[C@@H]%11CCC(=O)O.[C@H]%16(CCC(=O)O)C%31=O.[C@H]%18(CCC(N)=O)C5=O.[C@H]%12(CC(N)=O)C%31=O.[C@H]%14(CC(C)C)C%36=O.[C@H]%29(CCC%30)C6=O.[C@H]%14(CCC%15)C%38=O.[C@@H]%21(C4=O)[C@@H](C)CC.C2(=O)[C@@H]%10C(C)C.C%26(=O)[C@@H](N)CCC%25.[C@@H]%14(C%32=O)[C@@H](C)O.[C@H]%17(CS)C%33=O.[C@H]%19(CS)C3=O.N1%33CCC[C@H]1%28.[C@H]%20(C)C4=O.[C@H]%23(C)C(=O)O.C%11C%28=O.C%22C%29=O.N%30C(=N)N.N%25C(=N)N.N19.N%13%10.N%24%11.S%26C.N%30%12.N%31%14.N%32%14.N%34%15.S%27C.N%34%16.N%37%17.N3%18.N4%19.N5%20.N6%21.N7%23	CC(C)C[C@@H](C=O)[C@H](C=O)CCCNN[C@@H](CCC(=O)O)C(=O)C(=O)[C@@H](N)CC(N)=O.CC(C)[C@@H](C=O)NC(=O)[C@H](CCC(=O)O)CC(=O)[C@@H]1CCCN1C(=O)[C@@H](N)CS.CC[C@H](C)[C@H](NC(=O)[C@H](CCCNC(=N)N)C(C)=O)C(=O)C(=O)[C@H](C)NC(=O)[C@H](CCC(N)=O)NC(=O)[C@@H](N)CS.CS.CSC(=O)[C@@H](N)CCCNC(=N)N.C[C@@H](O)[C@H](N)C(N)=O.C[C@H](N)C(=O)O.N.N
C2(=O)[C@@H]%22CCCCN.C%46(=O)[C@@H]%26CCC(=O)O.C%57(=O)[C@@H]%30CCC(=O)O.[C@H]%33(CCCCN)C7=O.[C@H]%42(CCC(=O)O)C%14=O.[C@H]%43(CCC(=O)O)C%16=O.C%24(=O)[C@@H]%23CC(=O)O.[C@H]%36(CCC(=O)O)C8=O.[C@H]%37(CCC(N)=O)C%10=O.[C@H]%39(CCC%40)C%12=O.[C@H]%47(CC(N)=O)C%18=O.CC(C)[C@H]%20C4=O.C%36(=O)[C@@H]%25CC%50.C3(=O)[C@@H](N)CC%52.[C@@H]%32(C5=O)[C@@H](C)O.[C@@H]%34(C%12=O)C(C)C.[C@@H]%44(C%15=O)[C@@H](C)O.[C@@H]%47(C%17=O)C(C)C.C%57(=O)[C@@H]%28C%54.c1%53ccccc1.C%58(=O)[C@@H]%29C%55.c11%55ccccc1.[C@H]%38(CO)C9=O.[C@H]%45(CO)C%19=O.[C@H]%48(CO)C(=O)O.C%59(=O)[C@@H]%28C.[C@H][C@H]%41(C)C6=O.N%40C(=N)N.C%57(=O)O.CS%49.N2%20.N%13%22.N%24%23.S%50C.N%46%25.N%46%26.N%56%27.N%58%28.N%59%29.N%60%30.S%51C.N4%31.N5%32.N6%33.N7%34.N8%36.N9%37.N%10%38.N%11%39.N%12%41.N%14%42.N%15%43.N%16%44.N%17%45.N%18%47.N%19%48	INVALID
C%28(=O)[C@@H]%14CCC(=O)O.C%29(=O)[C@@H]%15CCCCN.C%30(=O)[C@@H]%16CCC(N)=O.c1%27c[nH]c2ccccc12.CC(C)C[C@H]9C%35=O.[C@H]%20(CC(=O)O)C6=O.[C@H]%23(CC(=O)O)C(=O)O.C%33(=O)[C@@H](N)CC%24.C%14(=O)[C@@H]%19C%26.c1%26ccccc1.[C@H]%21(C%27)C7=O.C%13(=O)[C@@H]%10C.C%25(=O)[C@@H]%12C.C%32(=O)[C@@H]%17C.C%33(=O)[C@@H]%18C.c1%26c[nH]cn1.C%25(=O)C%11.C%31(=O)C%13.C%22C6=O.N3%10.N%14%11.N%25%12.N%29%13.N%30%15.N%31%16.N%32%17.N%34%18.S%24C.N%35%19.N4%20.N5%21.N6%22.N8%23	CC(C)CCC(=O)N[C@@H](Cc1ccccc1)C(=O)[C@H](C=O)CCC(=O)O.CSCC[C@H](N)C(=O)C(=O)[C@H](C)N.C[C@@H]1NC1=O.C[C@H](N)C(=O)C(=O)CN.C[C@H](N)C(=O)CC(=O)N[C@@H](CCC(N)=O)C(=O)N[C@@H](CCCCN)C(N)=O.NCC(=O)C(=O)[C@@H](N)CC(=O)O.N[C@@H](CC(=O)O)C(=O)O.N[C@H](C=O)Cc1c[nH]c2ccccc12.c1c[nH]cn1
[C@H]%26(CCC(N)=O)C%51=O.[C@H]%31(CCC(N)=O)C6=O.[C@H]%41(CCC(=O)O)C%12=O.CC[C@H](C)[C@H]%18C%13=O.[C@H]%19(CC(=O)O)C%24=O.[C@H]%21(CC(=O)O)C%46=O.[C@H]%23(CCC%25)C%53=O.[C@H]%27(CC(C)C)C%54=O.[C@@H]%28(C3=O)[C@@H](C)CC.[C@H]%36(CCC%37)C%11=O.[C@H]%38(CC(=O)O)C%14=O.[C@H]%39(CC(C)C)C%15=O.[C@H]%40(CC(N)=O)C%16=O.[C@H]%42(CC(=O)O)C%17=O.[C@H]%45(CC(N)=O)C(=O)O.C2(=O)[C@@H](N)[C@@H](C)O.[C@@H]%29(C4=O)[C@@H](C)O.[C@H]%31(CC%47)C7=O.[C@@H]%31(C8=O)C(C)C.c1%49ccc(O)cc1.N1%46CCC[C@H]1%48.[C@H]%22(CO)C%48=O.[C@H]%30(CO)C5=O.[C@H]%32(C%49)C8=O.[C@H]%34(C)C9=O.[C@H]%43(C)C%19=O.N%25C(=N)N.C%33C%10=O.N%37C(=N)N.C%56%48=O.N2%18.N%13%19.N%24%20.N%35%21.N%46%22.N%51%23.N%52%26.N%53%27.N%54%28.N3%29.N4%30.N5%31.N6%32.S%47C.N7%33.N9%34.N%10%36.N%11%38.N%12%39.N%14%40.N%15%41.N%16%42.N%17%43.N%17%45	C=O.CC(C)C[C@@H]1NC(=O)[C@H](CCC(=O)O)NC1=O.CC[C@H](C)[C@H](NC(=O)[C@@H](N)[C@@H](C)O)C(N)=O.CC[C@H](C)[C@H](NC(=O)[C@H](CC(C)C)NC(=O)[C@H](CCCNC(=N)N)NC(=O)[C@@H](N)CCC(N)=O)C(=O)N[C@H](C(=O)N[C@@H](CO)C(=O)N[C@H](C(=O)C(=O)[C@H](Cc1ccc(O)cc1)NC(=O)[C@H](CCC(N)=O)[C@@H](CCSC)C(=O)NCC(=O)N[C@@H](CCCNC(=N)N)C(=O)N[C@@H](CC(=O)O)C(=O)N[C@@H](CC(N)=O)C(=O)N[C@@H](CC(=O)O)C(=O)N[C@@H](C)C(=O)[C@@H](CC(=O)O)C(N)=O)C(C)C)[C@@H](C)O.C[C@@H]1NC1=O.NC(=O)C[C@H](N)C(=O)O.N[C@@H](CO)C(=O)[C@@H]1CCCN1C(=O)[C@@H](N)CC(=O)O
C2(=O)[C@@H]8CCC(N)=O.[C@H]%12(CCCCN)C%20=O.C%13(=O)[C@@H]5CC(N)=O.C%17(=O)[C@@H]9CCC%11.[C@H]%12(CC(N)=O)C2=O.N%11C(=N)N.N%14C(=N)N.C%18(=O)C7.C%19(=O)CN.C%14C%22=O.C%14C(=O)O.N13.N%134.N%175.N%186.N%197.N%208.N%219.N%22%10.N%23%12	CC(=O)O.N.N.N=C(N)NCC(N)=O.N=C(N)NCCC[C@H](N)C(=O)N[C@@H](CC(N)=O)C(N)=O.NCC(=O)NCC(N)=O.NCCCC[C@H]1C(=O)N[C@@H](CCC(N)=O)C(=O)C(=O)[C@@H]1CC(N)=O
C%25(=O)[C@@H]%13CCCCN.[C@H]%28(CCC(=O)O)C(=O)O.C%36(=O)[C@@H]%15CCC(=O)O.c1%31c[nH]c2ccccc12.C%36(=O)[C@@H]%17CC(=O)O.C%37(=O)[C@@H]%18CC(C)C.[C@H]%21(CCC%22)C4=O.[C@H]%23(CC(=O)O)C6=O.[C@H]%24(C[C@H]%26)C%39=O.C%38(=O)[C@@H](N)[C@@H](C)O.c1%33ccc(O)cc1.c1%30ccc(O)cc1.C3(=O)[C@@H]%10C%29.C%32(=O)[C@@H]%16C%30.[C@H]%20(C%31)C7=O.C%14(=O)[C@@H]%11C.c1%29c[nH]cn1.[C@H]%23(C)C%35=O.[C@H]%19(C)C6=O.C%20C4=O.N%22C(=N)N.N%26C(=N)N.C%27C8=O.N39.N%14%10.N%25%11.N%36%12.N%35%13.N%36%15.N%38%16.N%39%17.N%43%18.N%44%19.N4%20.N5%21.N6%23.N6%24.N7%27.N8%28	CC(C)C[C@H](N)C=O.C[C@@H](O)[C@H](N)C(=O)N[C@H](C=O)Cc1ccc(O)cc1.C[C@H](N)C(=O)C(=O)[C@H](CC(=O)O)[C@@H](C)C(=O)N[C@@H](CCCCN)C(=O)N[C@@H](C)C(=O)N[C@@H](Cc1c[nH]cn1)C(N)=O.N.N=C(N)NCCC[C@H](N)C(=O)C(=O)C[C@@H](Cc1c[nH]c2ccccc12)C(=O)NCC(=O)N[C@@H](CCC(=O)O)C(=O)O.N=C(N)N[CH]C[C@H](NN)C(=O)N[C@@H](CC(=O)O)C(=O)C(=O)[C@H](CCC(=O)O)NN.Oc1ccccc1
8.N12CCC[C@H]14.[C@H]%14(CS)C%35=O.[C@H]%87(C%16)C%41=O.c1%16ccccc1.[C@H]%67(C%17)C%72=O.c11%50ccccc1.N1%70CCC[C@H]16.[C@H]%10(C%19)C%17=O.c1%19ccccc1.C%111C%20=O.C%21%112=O.C%25%104=O.C%375=O.C%716=O.N3%78.N%76%23.	INVALID
C%25(=O)[C@@H]8CCC(=O)O.C%25(=O)[C@@H]%10CCC(=O)O.[C@H]%18(CCCCN)C4=O.c1%24c[nH]c2ccccc12.C%14(=O)[C@@H]9CC(=O)O.[C@H]%13(CCC%15)C%33=O.[C@H]%14(CCC%16)C7=O.C%23C[C@H]7C%30=O.C%28(=O)[C@@H](N)CC%24.c1%25ccc(O)cc1.c1%26ccc(O)cc1.[C@H]%17(C%24)C%32=O.[C@H]%22(C%26)C(=O)O.N%13C(=N)N.C%27(=O)C%12.N%15C(=N)N.N%16C(=N)N.C%19C%31=O.C%21C5=O.CS%23.N37.N%148.N%259.N%27%10.N%28%12.S%24C.N%29%13.N%30%15.N%31%17.N%32%18.N%33%19.N4%20.N5%21.N6%22	CSCC[C@@H](C(N)=O)C(=O)[C@H](CCCNC(=N)N)C(=O)[C@H](CC(=O)O)Nc1ccc(O)cc1.CSC[C@H](NC(=O)CNC(=O)[C@H](CCCNC(=N)N)NC(=N)N)C(=O)N[C@@H](CCCCN)C(N)=O.N.N.N[C@@H](CCc1c[nH]c2ccccc12)C(=O)NCC(=O)N[C@@H](CCC(=O)O)C(=O)C(=O)[C@@H](N)CCC(=O)O.N[C@@H](Cc1ccc(O)cc1)C(=O)O.O=C1CN1
C%25(=O)[C@@H]%10CCCCN.C%26(=O)[C@@H]%12CCCCN.[C@H]%19(CCCCN)C(=O)O.CC[C@H](C)[C@H]7C%27=O.C%24(=O)[C@@H]9CC(C)C.[C@H]%18(CC(C)C)C4=O.C%24(=O)[C@@H]%11CC%20.C%26(=O)[C@@H](N)C(C)C.C%20CC7C5=O.c1%22ccc(O)cc1.C1(=O)[C@@H]%14CO.C%27(=O)[C@@H]%15CCO.[C@H]%17(C%22)C6=O.C1%21=O.N17.N%138.N%239.N%23%10.S%20C.N%25%11.N%26%12.N%27%14.N%28%15.N3%16.N4%17.N5%18.N6%19	CC(C)[C@H](N)C(=O)C(=O)[C@@H](N)CCCCN.CC[C@H](C)[C@@H](C(=O)C(=O)[C@@H](N)CCO)C(CCCC[C@@H]1NC(=O)[C@H](CCCCN)NN[C@@H](CC(C)C)C(=O)C1=O)C(=O)N[C@@H](CC(C)C)C(=O)N[C@@H](Cc1ccc(O)cc1)C(=O)N[C@@H](CCCCN)C(=O)O.CS.N.N.N.N[C@@H](CO)C(=O)C=O
4CC(C)C.[C@H]%10(CC(=O)O)C%19=O.C%18(=O)[C@@H]7C(C)C.C2(=O)[C@@H]5CO.C%17(=O)[C@@H]6CO.[C@H]%11(CO)C%22=O.N1%22CCC[C@H]1%14.C%14(=O)[C@@H]9CC(=O)O.N24.N%135.N%176.N%177.N%198.N%209.N%21%10	INVALID
[C@H]6(CCC(N)=O)C%20=O.[C@H]%14(CCC(=O)O)C%22=O.[C@H]8(CCC(N)=O)C%23=O.[C@H]9(CCCCN)C%24=O.[C@H]%10(CCCCN)C5=O.[C@H]%14(CCN)C(=O)O.C%15C[C@H](N)C1=O.[C@@H]5(C%21=O)C(C)C.[C@@H]7(C%25=O)[C@@H](C)O.[C@@H]%12(C%26=O)C(C)C.N1%13CCC[C@H]1%17.[C@H]%10(C%18)C%24=O.[C@H]%11(C%18)C3=O.c1%18c[nH]cn1.C2%17=O.CS%15.N24.N%134.S%16C.N%196.N%206.N%217.N%228.N%239.N%24%10.N%25%11.N2%12.N3%14	INVALID
C%36(=O)[C@@H]%22CCCCN.C%53(=O)[C@@H]%28CCC(N)=O.CC7(=O)[C@@H]%31CCC(N)=O.C%10(=O)[C@@H]%34CCC(=))O.c1%51c[nH]c2ccccc12.C%14(=O)[C@@H]%17CCC%18.C%25(=O)[C@@H]%20CCC%21.C%47(=O)[C@@H]%23CC(C)C.C%54(=O)[C@@H]%26CCC%27.C%55(=O)[C@@H]%29CC(N)=O.C5(=O)[C@@H]%32CCC%33.C7(=O)[C@@H]%35CC(C)C.C8(=O)[C@@H]%37CC(N)=O.C9(=O)[C@@H]%38CC(C)C.C%12(=O)[C@@H]%39CCC%40.C%17(=O)[C@@H]%42CCC%43.C%18(=O)[C@@H]%44CCC%45.C%20(=O)[C@@H]%46CCC%48.C%46C[C@H]%15C%11=O.C3(=O)[C@@H]%16[C@@H](C)O.C%53(=O)[C@@H]%24CC%49.C%13(=O)[C@@H]%41CC(C)C.[C@@H]1%50CCCN14.C6(=O)[C@@H]%30C%51.C9(=O)[C@@H]%41CO.N%18C(=N)N.N%21C(=N)N.N%27C(=N)N.N%33C(=N)N.N%40C(=N)N.N%43C(=N)N.C%45C(=O)O.C4%50=O.CS%46.N3%15.N%14%16.N%25%17.N%36%19.N%47%22.N%53%23.N%53%24.S%49C.N%54%26.N%55%28.N%57%29.N5%30.N6%31.N7%34.N8%35.N9%37.N%10%38.S%49C.N%11%39.N%12%41.N%13%44	INVALID
C%14(=O)[C@@H]%23CCC(N)=O.c1%52c[nH]c2ccccc12.CC%56(=O)[C@@H]%31CCC(=O)O.C3(=O)[C@@H]%32CCC(=O)O.C4(=O)[C@@H]%34CCCCN.C6(=O)[C@@H]%35CCCCN.C8(=O)[C@@H]%37CCC(N)=O.C%56(=O)[C@@H]%29CC(N)=O.C%10(=O)[C@@H]%38CCC(=O)O.c1%54c[nH]c2cccc12.[C@H]%40(CC(C)C)C%17=O.[C@@H]%44(C%19=O)[C@@H](C)O.C%46C[C@H]%21C%15=O.C%36(=O)[C@@H]%27C(C)C.[C@H]%45(CC%48)C(=O)O.[C@H]%37(CC%49)C%12=O.[C@@H]%43(C%18=O)[C@@H](C)O.C%14(=O)[C@@H]%22CS.C%25(=O)[C@@H]%24C%52.C%47(=O)[C@@H]%28C%53.c1%53ccccc1.C%57(=O)[C@@H]%30CS.C7(=O)[C@@H]%33CS.C9(=O)[C@@H]%41CS.[C@@H]1%50CCCN11%12.C%13(=O)[C@@H](N)CS.[C@H]%39(CS)C%16=O.[C@H]%42(C%54)C%18=O.C%10%50=O.C%11%51=O.CS%48.N3%21.N%14%22.N%25%23.N%36%24.N%47%27.N%56%28.N%57%29.N%57%30.N4%31.N5%32.N6%33.N7%34.N9%35.N%10%37.S%49C.N%11%38.N%13%39.N%15%40.N%16%41.N%17%42.N%18%43.N%19%45.S%50C	INVALID
.C%13(=O)[C@@H]9CCCCN.C%24(=O)[C@@H]%11CCCCN.C%29(=O)[C@@H]%14CCCCN.[C@H]%21(CCC(N)=O)C3=O.CC[C@H](C)[C@H]8C%32=O.C%30(=O)[C@@H]%16CCC%17.C%31(=O)[C@@H]%18CCC%19.[C@H]%21(CCC%22)C6=O.C2(=O)[C@@H]%12[C@@H](C)O.c1%28ccc(O)cc1.[C@@H]%17(C4=O)C(C)C.[C@H]%18(CC%23)C5=O.N17CCC[C@H]1%26.C%12(=O)[C@@H]%11C.[C@H]%20(C)C8=O.N%17C(=N)N.N%19C(=N)N.N%22C(=N)N.C%29%26=O.C%27(=O)O.N28.N%139.N%24%10.N%29%11.N%30%12.N%31%14.N%32%15.N%33%17.N3%18.S%25C.N4%20.N5%21.N8%23	INVALID
c1%83c[nH]c2ccccc12.C%25(=O)[C@@H]%38CCCCN.[C@H]%42(CCCCN)C%85=O.[C@H]%45(CCC(=O)O)C4=O.[C@H]%48(CCC(=O)O)C7=O.[C@H]%57(CCC(NO)O)C%12=O.[C@H]%59(CCC(N)=O)C%22=O.[C@H]%65(CCC(=O)O)C%24=O.[C@H]%72(CCC(=O)O)C%32=O.[C@H]%74(CCC(=O)O)C(=O)O.C3(=O)[C@@H]%35CCC%37.C%14(=O)[C@@H]%37CC(N)=O.[C@H]%43(CCC%44)C%90=O.[C@H]%50(CCC%52)C%11=O.[C@H]%51(CCC%52)C%13=O.[C@H]%62(CCC%63)C%17=O.[C@H]%64(CC(C)C)C%17=O.C%75CC[C@H]%34C%47=O.C%36(=O)[C@@H](N)CC%76.[C@@H]%39(C%47=O)C(C)C.[C@@H]%53(C%10%11=O)[C@@H](C)O.[C@@H]%59(C%18=O)[C@@H](C)O.[C@@H]%61(C%20=O)[C@@H](C)O.[C@@H]%65(C%26=O)[C@@H](C)O.[C@@H]%70(C%27=O)[C@@H](C)O.[C@@H]%72(C%30=O)C(C)C.N1%58CCC[C@H]1%77.N15CCC[C@H]1%79.[C@H]%50(C%82)C9=O.[C@H]%53(CO)C%15=O.N1%27CCC[C@H]1%81.[C@H]%68(CO)C%31=O.[C@H]%73(CS)C%34=O.[C@H]%40(C)C%58=O.[C@H]%41(C)C%86=O.c1%82c[nH]cn1.[C@H]%49(C)C8=O.[C@H]%53(C)C%12=O.[C@H]%55(C)C%13=O.[C@H]%55(C)C%16=O.[C@H]%56(C)C%19=O.[C@H]%60(C)C%21=O.[C@H]%66(C)C%23=O.[C@H]%66(C)C%29=O.N%44C(=N)N.N%52C(=N)N.N%63C(=N)N.C%72C%33=O.C%69%78=O.C6%79=O.C%81=O.CS%75.N3%34.N%14%35.N%25%38.S%76C.N%47%39.N%47%40.N%69%41.N%85%42.N%85%43.N%86%45.N4%46.N6%48.N7%49.N8%50.N9%51.N%10%53.N%11%54.N%13%55.N%15%56.N%16%57.N%17%59.N%18%59.N%19%60.N%20%61.N%21%62.N%22%64.N%23%65.N%24%66.N%26%67.S%77%76C.N%28%68.N%29%70.N%30%71.N%31%72.N%32%73.N%33%75C	INVALID
C%36(=O)[C@@H]%19CCC(=O)O.c1%33c[nH]c2ccccc12.C%36(=O)[C@@H]%20CCCCN.C%38(=O)[C@@H]%22CC(N)=O.c1%35c[nH]c2ccccc12.[C@H]%28(CC(N)=O)C(=O)O.C%29CC[C@H]%13C6=O.[C@@H]%27(C6=O)C(C)C.C3(=O)[C@@H]%15C%33.C%14(=O)[C@@H]%16CO.C%39(=O)[C@@H]%21CO.[C@@H]1%31CCCN1%41.C4(=O)[C@@H](N)C%34.c1%34ccccc1.[C@H]%23(CO)C8=O.[C@H]%24(C%35)C%10=O.[C@H]%26(CS)C%11=O.C%40(=O)[C@@H]%18C.C%38(=O)C%17.N%29C(=N)N.C5%31=O.C5%32=O.CS%29.N3%13.N%14%15.N%25%16.N%36%17.N%37%18.N%38%19.N%39%20.N%40%22.N5%23.N7%24.N8%26.N9%27.N%11%28	CC(C)[C@H](N)C(=O)C(=O)[C@H](CCCNC(=N)N)NC(=O)[C@H](Cc1c[nH]c2ccccc12)NC(=O)[C@@H](N)CO.CS.C[C@H](N)C(=O)N[C@@H](CC(N)=O)C(=O)C(=O)CN.NC(=O)C[C@H](NC(=O)[C@H](CS)NC(=O)[C@@H](N)CO)C(=O)O.NCCCC[C@H](NC(=O)CCO)C(=O)C(=O)[C@@H](N)CCC(=O)O.N[C@H](C=O)Cc1c[nH]c2ccccc12.N[C@H](C=O)Cc1ccccc1.O=CC(=O)[C@@H]1CCCN1
[C@H]%10(CCC(=O)O)C(=O)O.[C@H]C%11C[C@H](N)C2=O.[C@@H]5(C%19=O)[C@@H](C)O.c1%14ccc(O)cc1.c1%16ccc(O)cc1.[C@H]4(C%15)C%18=O.[C@H]8(C%13)C%20=O.[C@H]9(C%23)C%21=O.[C@H]5(C)C%17=O.[C@H]6(C)C%26=O.c1%14c[nH]cn1.C7C%13=O.C%12C3=O.N24.N%135.N%176.N%187.N%198.N%219.N3%10	CC(=O)N[C@@H](CCC(=O)O)C(=O)O.C[C@@H]1NC1=O.N.Oc1ccc(-c2c[nH]cn2)cc1.Oc1ccccc1.[CH]CC[C@H](N)C(=O)N[C@@H](C)C(=O)NCC(=O)C[C@@H](C=O)NC(=O)[C@H]([C@@H](C)O)[C@@H](C)C(=O)N[C@@H](C)C=O
C%25(=O)[C@@H]%30CCCCN.c1%66c[nH]c2ccccc12.C%68(=O)[C@@H]%34CCCCN.c1%67c[nH]c2ccccc12.CC[C@H](C)[C@H]%28C4=O.C%14(=O)[C@@H]%29CC(=O)O.C%58(=O)[C@@H]%33CC(N)=O.C%69(=O)[C@@H]%33CC(=O)O.C%68(=O)[C@@H]%35CC(C)C.[C@H]%37(CC(=O)O)C5=O.[C@H]%41(CCC%42)C8=O.[C@H]%45(CC%46)C%11=O.[C@H]%49(CC(=O)O)C%13=O.[C@H]%54(CC(C)C)C%15=O.[C@H]%50(CC(N)=O)C%18=O.[C@H]%51(CC(C)C)C%19=O.[C@H]%52(CC(C)C)C%20=O.[C@H]%53(CC(C)C)C%21=O.[C@H]%55(CCC%56)C%22=O.[C@H]%57(CC(=O)O)C%23=O.[C@H]%60(CC(C)C)C%26=O.[C@H]%62(CC(=O)O)C%27=O.C3(=O)[C@@H]%32C(C)C.C%65(=O)[C@@H](N)CC%63.[C@H]%59(CC%64)C%24=O.[C@@H]%61(C(=O)O)C(C)O.[C@H]%38(C%66)C6=O.[C@H]%43(CO)C%10=O.[C@H]%48(CC%67)C%16=O.C%36(=O)[C@@H]%31C.[C@H]%50(C)C%17=O.N%42C(=N)N.C%44C%12=O.N%46C(=N)N.N%56C(=N)N.N3%28.N%14%29.N%25%30.N%36%31.N%47%32.N%58%32.N%65%33.N%68%34.N%68%35.S%63C.N4%37.N5%37.N6%38.S%63C.N7%39.N8%40.N9%41.N%10%43.N%11%44.N%12%45.N%13%48.N%15%49.N%16%50.N%17%51.N%18%52.N%19%53.N%20%54.N%21%55.N%22%57.N%23%59.S%64C.N%24%60.N%26%61.N%27%62	CC(C)C[C@@H]1NN[C@@H](CCCCN)C(=O)C1=O.CC[C@H](C)[C@H](NC(=O)[C@@H](N)C(C)C)C(=O)N[C@@H](CC(=O)O)C(N)=O.CS.CSCC[C@H](N)C(N)=O.CSCC[C@H](NC(=O)[C@H](CC(=O)O)NC(=O)[C@H](CCCNC(=N)N)NC(=O)[C@H](CC(C)C)NC(=O)[C@H](CC(C)C)NC(=O)[C@H](C)[C@@H](CC(N)=O)C(=O)N[C@@H](CC(C)C)C(=O)N[C@@H](CC(C)C)C(=O)N[C@@H](CC(=O)O)C(=O)N[C@@H](CCc1c[nH]c2ccccc12)C(N)=O)C(=O)N[C@@H](CC(C)C)C(=O)N[C@H](C(=O)O)C(C)O.C[C@@H]1NC1=O.N.N=C(N)NCCC[C@H](N)C(N)=O.N=C(N)NCC[C@@H]1NC(=O)CNC1=O.NC(=O)C[C@@H](C(N)=O)[C@H](C=O)CC(=O)O.NCCCC[C@@H]1NC1=O.O=C(O)C[C@@H]1NC1=O.O=C(O)C[C@@H]1NC1=O.O=C1N[C@H]1CO.O=C1N[C@H]1Cc1c[nH]c2ccccc12
%61.[C@@H]1%24CCCN1%48.[C@@H]1%27CCCN1%75.C%85(=O)[C@@H]%17CO.C4(=O)[C@@H]%20CS.[C@@H]1%32CCC[C@H]1%98.N1%47CCCN1%100.C%100%11%11=O.C%40%120=O.C%434%14=O.C%57%16=O.C%67%18=O.C%80%31=O	INVALID
C%21(=O)[C@@H]%12CCCCN.c1%18c[nH]c2ccccc12.CC[C@H](C)[C@H]4C(=O)O.C%20(=O)[C@@H]%19[C@@H](C)CC.C%22(=O)[C@@H]%10CC(N)=O.C%25(=O)[C@@H]%14[C@@H](C)CC.C%13(=O)[C@@H]9C(C)C.c1%17ccc(O)cc1.C%24(=O)[C@@H]8[C@@H](C)O.c1%19ccc(O)cc1.C3(=O)[C@@H]5C%17.C4(=O)[C@@H]%12CC%18.C%25(=O)[C@@H]%16C.C%19(=O)C6.C%20(=O)C%11.C%23(=O)C%13.C3(=O)CN.N34.N%145.N%196.N%207.N%218.N%22%10.N%23%11.N%24%12.N%25%13.N%26%15.N4%16	CC[C@H](C)[C@@H](C(=O)C(=O)CNC(=O)CC(=O)CC(C)C)c1ccc(O)cc1.CC[C@H](C)[C@@H](C(=O)O)C(=O)[C@H](CCc1c[nH]c2ccccc12)[C@@H](CCCCN)C(=O)N[C@H](C(N)=O)[C@@H](C)O.CC[C@H](C)[C@H](N[C@@H](Cc1ccc(O)cc1)C(=O)C(=O)CN)C(=O)C(=O)[C@H](C)NN.N.N.N.NC(=O)C[C@@H]1NC1=O.O=C1CN1
[C@H]%28(CCC(N)=O)C6=O.[C@H]%29(CCC(N)=O)C%11=O.[C@H]%31(CCC(N)=O)C(=O)O.C%24(=O)[C@@H]%15CC(N)=O.C%36(=O)[C@@H]%17CC(C)C.C%37(=O)[C@@H]%19CC(C)C.[C@H]%20(CC(N)=O)C4=O.[C@H]%22(CC(C)C)C6=O.[C@H]%27(CCC%28)C9=O.C%32C[C@H]%12C%40=O.C2(=O)[C@@H]%13[C@@H](C)O.C%34(=O)[C@@H]%16[C@@H](C)O.C%38(=O)[C@@H]%19CC(C)C.c1%33ccc(O)cc1.C%35(=O)[C@@H]%18C%33.c1%33ccccc1.C3(=O)[C@@H]%21C%33.C23(=O)[C@H](C)N.C%23C5=O.C%25C%10=O.C%26C7=O.N%28C(=N)N.CS%32.N2%12.N%13%14.N%24%14.N%35%15.N%36%16.N%37%17.N%38%18.N%39%19.N%40%20.N3%21.N4%22.N5%23.N6%25.N7%26.N8%27.N9%29.N%10%30.N%11%31	INVALID
C%13(=O)[C@@H]5CCC6.[C@H]%16(CCCCN)C(=O)O.CC[C@H](C)[C@H]4C%23=O.C%22(=O)[C@@H](N)CC%17.c1%18ccc(O)cc1.[C@@H]%14(CC3=O)[C@@H](C)C.N1%17CCCN1%20.[C@H]%10(C%18)C%25=O.[C@H]%15(CO)C3=O.C%20(=O)C7.C%19(=O)C9.N%14C(=N)N.N24.N%135.N%196.N%197.N%209.S%17C.N%22%11.N%23%12.N%25%14.N3%15.N4%16%16	CC(C)[C@@H](CC(=O)C(=O)[C@@H](N)CO)NC(=N)N.CC[C@H](C)[C@H](N)C(N)=O.CS.NC(=O)CCc1ccc(O)cc1.NCC(=O)N1CCCN1CC[C@H](N)C(N)=O.NCC(=O)NCCC[C@@H]1NC1=O.NCCCC[C@H](N)C(=O)O
C%13(=O)[C@@H]%21CCC(=O)O.C%46(=O)[C@@H]%25CCCCN.C%53(=O)[C@@H]%26CCCCN.C%55(=O)[C@@H]%27CCCCN.C%104(=O)[C@@H]%31CCC(N)=O.[C@H]%47(CCCCN)C(=O)O.CC[C@H](C)[C@H]%19C9=O.C%54(=O)[C@@H]%29CC(N)=O.[C@H]%37(CC(=O)O)C%12=O.[C@H]%39(CCC%40)C%14=O.C%56(=O)[C@@H]%28CC(C)C.[C@H]%34(CC(N)=O)C9=O.[C@@H]%36(C%11=O)[C@@H](C)CC.[C@H]%41(CC(N)=O)C%17=O.[C@H]%44(CC(C)C)C%22=O.[C@H]%44(CC(C)C)C%18=O.[C@H]%44(CC(C)C)C%19=O.C%35(=O)[C@@H]%23[C@@H](C)O.c1%52ccc(O)cc1.C5(=O)[C@@H]%33C(C)C.C8(=O)[C@@H](N)CC%48.C5(=O)[C@@H]%32C%51.c1%51ccccc1.C6(=O)[C@@H]%33C%49.[C@H]%42(C%50)C%12=O.C2(=O)[C@@H]%20C.C%24(=O)[C@@H]%22C.C3(=O)[C@@H]%30C.c1%49c[nH]cn1.[C@H]%38(C)C%15=O.[C@H]%43(C)C%16=O.N%40C(=N)N.N2%19.N%13%20.N%24%21.N%35%22.N%46%23.N%54%25.N%55%26.N%56%27.N3%28.N4%29.N5%30.N6%32.S%48C.N7%33.N8%34.N9%36.N%10%37.N%11%38.N%12%39.N%14%41.N%15%42.N%16%43.N%17%44.N%18%47	INVALID
C3(=O)[C@@H]7CCCCN.c1%20c[nH]c2ccccc12.C%26(=O)[C@@H]%15CCCCN.CC[C@H](C)[C@H]6C5=O.C%22(=O)[C@@H]%10[C@@H](C)CC.C%24(=O)[C@@H]%12CC(C)C.C%27(=O)[C@@H]%11[C@@H](C)C%19.C%25(=O)[C@@H]9C%20.N15CCC[C@H]1%18.c1%19c[nH]cn1.C%14(=O)C8.C%25(=O)CN.N%19C(=N)N.C%28(=O)C%16.C%17C(=O)O.C%18(=O)O.N36.N%147.N%218.N%229.N%23%10.N%24%11.N%26%12.N%27%13.N%28%15.N4%16.N5%17	CC(C)C[C@H](NC(=O)[C@H](CCCCN)NC(=O)CN)C(=O)N[C@H](C(N)=O)[C@@H](C)Cc1c[nH]cn1.CC[C@H](C)[C@H](N)C(=O)N[C@@H](Cc1c[nH]c2ccccc12)C(=O)C(=O)CN.CC[C@H](C)[C@H](NC(=O)[C@H](CCCCN)NC(=O)CN)C(=O)N1CCC[C@H]1C(=O)O.N=C(N)N.NCC(=O)O
[C@H]%12(CCCCN)C%24=O.[C@H]%15(CCC(=O)O)C5=O.CC[C@H](C)[C@H]6C%23=O.C%21(=O)[C@@H]%10CCC%11.[C@H]%12(CC(N)=O)C%27=O.[C@H]%15(CC(C)C)C%28=O.[C@H]%16(CC(C)C)C4=O.c1%21ccc(O)cc1.C%22(=O)[C@@H](N)CC%19.[C@@H]8(C%25=O)[C@@H](C)O.C2(=O)[C@@H]7C%21.N12CCCC[C@H]1%20.[C@H]%18(CO)C(=O)O.N%11C(=N)N.C%17C3=O.N26.N%137.N%228.S%19C.N%23%10.N%24%12.N%25%14.N%26%15.N3%16.N4%17.N5%18	CC(C)C[C@@H](C=O)[C@@H](CCC(=O)O)C(=O)N[C@@H](CO)C(=O)O.CC(C)C[C@@H]1NC(=O)CNC1=O.CC[C@H](C)[C@H](N)C(=O)N[C@@H](CCCNC(=N)N)C(=O)c1ccc(O)cc1.CSCC[C@H](N)C(=O)N[C@H](C(N)=O)[C@@H](C)O.C[C@H](N)C(=O)N1CCCCC1.N.NCCCC[C@@H](C(N)=O)[C@H](C=O)CC(N)=O
c1%82c[nH]c2ccccc12.[C@H]%68(CCCCN)C%34=O.C%36(=O)[C@@H]%41CCC%42.C%12(=O)[C@@H]%54CC(C)C.C%13(=O)[C@@H]%53CC(=O)O.C%15(=O)[C@@H]%55CC(C)C.[C@H]%60(CCC%61)C%26=O.[C@H]%63(CCC%64)C%29=O.[C@H]%66(CCC%67)C%33=O.C%75C[C@H]%37C%22=O.C%25(=O)[C@@H]%40CC(C)C.C%69(=O)[C@@H]%45C(C)C.C%89(=O)[C@@H]%48CC%76.C5(=O)[C@@H]%50CC(C)C.[C@H]%62(CC(C)C)C%24=O.[C@H]%68(CC(=O)O)C%29=O.[C@@H]%52(C%10=O)C(C)C.[C@H]%71(CC%77)C%26=O.[C@@H]%72(C%32=O)C(C)C.[C@H]%73(CC%81)C%35=O.c1%83ccc(O)cc1.C%58(=O)[C@@H]%44C%76.[C@@H]1%84CCCN1%91.C4(=O)[C@@H]%45CO.C7(=O)[C@@H]%46C%78.C6(=O)[C@@H]%49C%83.C8(=O)[C@@H]%52CO..[C@@H]1%85CCCN1%12.[C@@H]1%86CCCN1%21.[C@H]%65(C%82)C%27=O.[C@H]%71(C%84)C%30=O.c1%77c[nH]cn1.c1%78c[nH]cn1.C%21(=O)[C@H](C)N.[C@H]%51(CO)C%12=O.c1%79c[nH]cn1.c1%81c[nH]cn1.C3(=O)C%38.C%14(=O)C%39.N%42C(=N)N.C%47(=O)C%43.C%56C%19=O.N%61C(=N)N.C%17(=O)C%59.C%20(=O)C%62.N%64C(=N)N.C%70CC%31=O.N%67C(=N)N.C%74C(=O)O.C%80%84=O.C%11%85=O.C%16%86=O.CS%75.N3%37.N%14%38.N%25%39.N%36%40.N%47%41.N%53%43.N%69%44.N%80%45.N%87%46.S%76C.N4%48.S%77%77C.N5%49.N6%50.N7%51.N8%52.N%10%53.N8%54.N%11%55.N%13%56.N%20%57.N%23%59.N%24%60.S%79.N%26%62.N%27%63.N%28%65.N%29%66.N%30%68.N%31%70.N%32%71.N%33%72.S%81%81C.N%34%73.N%35%74	INVALID
CC(C)C[C@H]6C%26=O.C%22(=O)[C@@H]7CC(=O)O.C%25(=O)[C@@H](N)CC(N)=O.C%13(=O)[C@@H]7CS.C%22(=O)[C@@H]8CS.C%23(=O)[C@@H]9C%18.[C@@H]1%17CCCN1%22.C%22(=O)[C@@H]%10CS.C%24(=O)[C@@H]%11C%19.c1%19ccccc1.[C@H]%14(C%20)C3=O.c1%20ccccc1.[C@H]%15(CO)C4=O.[C@H]%16(CO)C5=O.c1%18c[nH]cn1.C%16C(=O)O.N26.N%137.N%218.N%239.N%24%10.N%25%11.N%26%12.N%28%14.N4%15.N5%16	CC(C)C[C@H](N)C(N)=O.NC(=O)C[C@H](N)C(=O)N[C@@H](Cc1ccccc1)C(=O)N[C@@H](CS)C(=O)N1CCCC1.NC(=O)[C@H](CO)CC(=O)O.NC(=O)[C@H](CS)[C@@H](CC(=O)O)C(=O)C(=O)[C@@H](N)CS.N[C@H](C=O)Cc1ccccc1.O=C1N[C@H]1CO.O=C1N[C@H]1Cc1c[nH]cn1
C2(=O)[C@@H]7CC(N)=O.[C@H]%12(CCCCN)C%23=O.[C@H]%13(CC(N)=O)C(=O)O.CC(C)C[C@H]5C%22=O.C%20(=O)[C@@H](N)CC%15.C2(=O)[C@@H]6CS.C%19(=O)[C@@H]8CS.N1%22CCC[C@H]1%17.[C@H]9(C%18)C%25=O.c1%18ccccc1.[C@H]%10(C)C3=O.C%24%17=O.CS%15.N25.N%196.N%207.N%218.S%16C.N%229.N%23%11.N%24%12.N4%14%13	CC(C)C[C@H](N)C(=O)N1CCC[C@H]1C(=O)N[C@@H](CCCCN)C(N)=O.CCC=O.CS.CSCC[C@H](N)C(=O)N[C@@H](CC(N)=O)C(=O)C(=O)[C@H](CS)NC(=O)[C@@H](N)CS.NC(=O)C[C@H](N)C(=O)O.N[C@H](C=O)Cc1ccccc1
[C@H]4(CCC(=O)O)C%21=O.[C@H]7(CC(=)=O)C%23=O.[C@H]%10(CCC%11)C%23=O.C%15C[C@H](N)C2=O.[C@@H]5(C%19=O)[C@@H](C)O.[C@H]6(CO)C%20=O.N1%20CCC[C@H]1%16.[C@H]9(CO)C%22=O.[C@H]%13(CO)C3=O.C%12(=O)O.C%22%16=O.CS%15.N24.N%135.N%186.N%197.N%218.N%229.N%23%10.N%24%12.N3%14	INVALID
C%26(=O)[C@@H]%16CCC(N)=O.CC[C@H](C)[C@H]7C%29=O.C2(=O)[C@@H]8CC(C)C.C%24(=O)[C@@H]%14CCC%15.[C@H]%17(CC(N)=O)C%29=O.[C@H]%20(CC(C)C)C%30=O.C%27(=O)[C@@H]%17C(C)C.C%28(=O)[C@@H](N)CC%22.C%13(=O)[C@@H]9CO.C%26(=O)[C@@H]%11CS.[C@H]%18(C%23)C3=O.c1%23ccccc1.[C@H]%19(CO)C6=O.[C@H]%21(CO)C(=O)O.C%24(=O)C%10.N%15C(=N)N.C3=O.N27.N%138.N%249.N%24%10.N%25%11.N%26%12.N%27%14.N%28%16.N%29%17.N3%18.S%22C.N5%19.N6%20.N7%21	CC(C)C[C@@H](C=O)NC(=O)[C@@H](N)CO.CC[C@H](C)[C@@H]1NC(=O)[C@H](CC(C)C)NC(=O)[C@H](CO)NNCC(=O)C(=O)[C@H](CCCNC(=N)N)NC(=O)[C@H](C(C)C)[C@@H](CC(N)=O)C(=O)C1=O.CSCC[C@H](N)C(=O)N[C@@H](CCC(N)=O)C(=O)C(=O)[C@@H](N)CS.N.N.N[C@@H](CO)C(=O)O.N[C@@H](Cc1ccccc1)C(=O)C=O
(C)[C@H]4C%13=O.C2(=O)[C@@H](N)[C@@H](C)O.c1%17ccc(O)cc1.[C@H]5(CO)C%19=O.[C@H]6(CO)C%20=O.[C@H]7(C%17)C%23=O.[C@H]9(CO)C%24=O.[C@H]%10(CO)C%25=O.[C@H]%15(C)C(=O)O.C%10C%22=O.CS%16.N24.N%135.N%186.N%197.N%208.N%219.N%22%10.N%23%11.N%25%14.N3%15	INVALID
C%14(=O)[C@@H]9CCCCN.C%28(=O)[C@@H]%16CCC(=O)O2ccccc12.[C@H]%21(CCC(=O)O)C(=O)O.CC[C@H](C)[C@H]8C%30=O.C3(=O)[C@@H]%10CC(=O)O.[C@H]%13(CCC%15)C5=O.[C@H]%17(CC(=O)O)C8=O.[C@H]%20(CC(=O)O)C%10=O.C%36(=O)[C@@H]%12CC%22.C%29(=O)[C@@H]%17C(C)C.C%29(=O)[C@@H](N)CC%24.C%25(=O)[C@@H]%11C%27.c1%27ccccc1.N16CCC[C@H]1%26.[C@H]%18(C)C6=O.N%15C(=N)N.C7%26=O.N38.N%149.N%14%10.N%28%11.S%22%12.N%29%13.N%30%15.N%31%16.S%23C.N4%18.N4%19.S%24C.N6%20.N7%21	INVALID
[C@H]%13(CCCCN)C%35=O.[C@H]%15(CCC(=)=O)C%36=O.[C@H]%19(CCCCN)C%38=O.[C@H]%20(CCCCN)C5=O.CC[C@H](C)[C@H](N)C2=O.[C@H]%23(CCCCN)C5=O.[C@H]%12(CC(=O)O)C%32=O.[C@H]%18(CC(C)C)C%34=O.[C@@H]%23(C7=O)[C@@H](C)CC.[C@@H]%11(C%24=O)C(C)C.[C@@H]%16(C%46=O)C(C)C.c1%28ccc(O)cc1.[C@@H]%26(C6=O)[C@@H](C)O.c1%30ccc(O)cc1.c1%29ccc(O)cc1.[C@@H]%27(C(=O)O)C(C)C.[C@H]%11(CO)C%31=O.[C@H]%22(C%28)C3=O.[C@H]%25(C%29)C8=O.[C@H]%21(C)C6=O.C%15C9=O.N2%10.N%13%11.N%24%12.N%30%14.N%31%15.N%32%16.N%33%17.S%28C.N%34%18.N%36%19.N3%20.N4%21.N5%22.N6%23.N7%25.N8%26.N9%27	INVALID
C2(=O)[C@@H]%15CCCCN.C3(=O)[C@@H]%25CCCCN.C5(=O)[C@@H]%28CCCCN.C6(=O)[C@@H]%29CCCCN.C%24(=O)[C@@H]%17CC(C)C.C%35(=O)[C@@H]%18CCC%19.[C@H]%29(CC(=O)O)C%10=O.[C@H]%38(CC(C)C)C(=O)O.[C@H]%33(CCC%34)C%12=O.[C@H]%31(CCC%31)C%14=O.[C@H]%32(CCC%33)C%11=O.C%37C[C@H]%14C6=O.C%40(=O)[C@@H]%21[C@@H](C)O.C%44(=O)[C@@H]%23C(C)C.C5(=O)[C@@H](N)CC%37.[C@@H]%30(C8=O)[C@@H](C)O.[C@@H]1%38CCCN1%24.C%39(=O)[C@@H]%22C%39.c1%39ccccc1.[C@H]%26(CS)C7=O.[C@H]%27(C)C9=O.N%19C(=N)N.N%32C(=N)N.N%33C(=N)N.C%13%38=O.CS%39.N2%13.N%13%15.N%24%16.N%37%17.N%40%18.N%42%20.N%43%21.N%44%22.N%45%23.N4%25.N5%26.N6%27.N7%28.S5C.N8%29.N9%30.N%10%31.N%11%36	CC(C)C[C@H](N)C(=O)N1CCC[C@H]1[C@@H](CC(C)C)C(=O)O.CC(C)[C@H](N)C(=O)N[C@H]1CC1=O.CCC[C@@H](C=O)CCC[C@H](NC(=N)N)C(N)=O.CSN[C@@H](CS)C(=O)N[C@@H](CCCCN)C(=O)C(=O)[C@@H](N)CCCC[C@@H](C(=O)C(=O)[C@H](CCCCN)[C@@H](CC(=O)O)C(N)=O)C(=O)C1CCC1.CSc1ccccc1.C[C@@H](O)[C@H](N)C(=O)N[C@H](C=O)CCCNC(=N)N.C[C@H](N)C(=O)N[C@H](C(N)=O)[C@@H](C)O.N.N.N=C(N)N.NCCCC[C@H](N)C(=O)NC=O.NCCCC[C@H](N)C=O
[C@H]%109(CCC(N)=O)C%19=O.[C@H]%10(CCCCN)C%22=O.[C@H]%11(CCCCN)C%25=O.[C@H]%14(CCCCN)C(=O)O.C%15[C@H]4C%21=O.C%17(=O)[C@@H]7C(C)C.C%18(=O)[C@@H]8C(C)C.C%20(=O)[C@@H]%10C(C)C.[C@@H]1%16CCCN1%16.C2(=O)[C@@H]5C.C%19(=O)[C@@H]6C.[C@H]%12(C)C3=O.C%19%16=O.C1%15.N24.N%135.N%136.N%187.N%198.N%209.N%21%10.N%22%12.N3%14%14	INVALID
CCCC[C@H]8C(=O)O.C%29(=O)[C@@H]%15CCC%18.C%29(=O)[C@@H]%19CCC%20.C5(=O)[C@@H](N)CCC%22.C%13(=O)[C@@H]%10C.C%24(=O)[C@@H]%11C.C%27(=O)[C@@H]%12C.C3(=O)[C@@H]%18C.N%18C(=N)N.N%22C(=N)N.N29.N%13%10.N%26%11.N%27%12.N%28%14.N%29%15.N%30%16.N%31%18.N7%19.N8%21	CCCC[C@H](N)C(=O)O.CCC[C@H](N)C(=O)C(=O)[C@@H](N)CCC[C@@H](C)C=O.C[C@@H]1NC1=O.C[C@@H]1NC1=O.C[C@H](N)C=O.N.N.N.N=C(N)NCCC[C@H](N)C=O.N=C(N)NN
[C@H]7(CCC8)C%24=O.[C@H]%17(CCC%18)C(=O)O.CC(C)C[C@H]6C2=O.C2(=O)[C@@H]7CC(C)C.[C@@H]%10(C%21=O)C(C)C.[C@@H]%12(C%23=O)C(C)C.[C@@H]%15(C%25=O)[C@@H](C)C.[C@@H]%16(C4=O)[C@@H](C)O.N1%21CCCN1%19.[C@@H](N)C2=O.[C@H]%14(C)C%27=O.N8C(=N)N.C9C3=O.C%11C%27=O.C%14C3=O.C%16C5=O.N%18C(=N)N.N16.N%126.N%207.N%229.N%23%10.N%25%11.N%26%13.N%27%14.N3%15.N4%16.N5%17	CC(C)C[C@H](N)C(=O)C(=O)[C@H](CC(C)C)[C@H](C=O)CCCNC(=N)N.CC(C)[C@H](N)C(=O)NCC(=O)C(=O)[C@H](C)CC(=O)C(=O)CN.CC(C)[C@H](N)C(=O)N[C@H](C(=O)N1CCCN1)C(C)C.C[C@@H](O)[C@H](CC(=O)N[C@@H](CCCNC(=N)N)C(=O)O)C(N)=O.N.N.N.N[CH]C=O
C%47(=O)[C@@H]%20CCC(N)=O.c1%43c[nH]c2ccccc12.[C@H]%37(CCCCN)C%13=O.[C@H]%40(CCCCN)C(=O)O.[C@H]%39(CC(N)=O)C%16=O.C%41C[C@H]%18C9=O.[C@H]%35(CC(C)C)C%11=O.C%25(=O)[C@@H]%21[C@@H](C)O.c1%44ccc(O)cc1.C4(=O)[C@@H]%29CC%42.c1%45ccc(O)cc1.c1%46ccc(O)cc1.[C@@H]%34(C%12=O)C(C)C.c1%48ccc(O)cc1.C%14(=O)[C@@H]%20C%43.C%50(=O)[C@@H]%27C%44.C4(=O)[C@@H]%28CO.C7(=O)[C@@H]%33C%45.C8(=O)[C@@H](N)C%46.[C@H]%38(C%48)C%17=O.C%36(=O)[C@@H]%23C.C%47(=O)[C@@H]%27C.C4(=O)C%31.C6(=O)C%32.N3%18.N%14%19.N%25%20.N%36%21.N%47%23.N%49%24.N%50%26.N%52%28.S%42C.N5%29.N6%30.N7%31.N8%32.N9%33.N%10%34.N%11%35.N%12%37.N%13%38.N%16%39.N%17%40	CC(C)C[C@@H]1NC1=O.CC(C)[C@H](N)C(=O)N[C@@H](CCCCN)C(=O)N[C@@H](Cc1ccc(O)cc1)C(=O)N[C@@H](CCCCN)C(=O)O.CC[C@H](N)C(=O)N[C@@H](Cc1ccc(O)cc1)C(=O)NCC=O.CSCC[C@H](N)C(=O)C(=O)[C@@H](N)CO.C[C@@H](C(=O)C(=O)[C@H](CCC(N)=O)[C@@H](Cc1c[nH]c2ccccc12)C(N)=O)[C@@H](Cc1ccc(O)cc1)C(N)=O.C[C@H](N)C(=O)N[C@H](C(N)=O)[C@@H](C)O.N.NC(=O)CNC(=O)[C@@H](N)Cc1ccc(O)cc1.NC(=O)C[C@@H]1NC1=O
C2(=O)[C@@H]4CCC5.[C@H]%10(CCC%12)C%24=O.[C@H]%15(CC(C)C)C(=O)O.C%13(=O)[C@@H]6C(C)C.C%20(=O)[C@@H](N)C(C)C.[C@@H]9(C%22=O)[C@@H](C)O.N1%22CCC[C@H]1%16.[C@H]%21(C%17)C%25=O.[C@H]%11(C%18)C3=O.[C@H]8(C)C%20=O.c1%17c[nH]cn1.[C@H]%14(C)C4=O.N5C(=N)N.N%12C(=N)N.C%23%16=O.N24.N%135.N%206.N%218.N%229.N%23%10.N%24%11.N3%15	CC(C)C[C@H](NC(=O)[C@H](C)NC(=O)[C@H](CCCNC(=N)N)NC(=O)[C@@H]1CCCN1C(=O)[C@@H](N)[C@@H](C)O)C(=O)O.CC(C)[C@H](N)C(=O)C(=O)[C@H](C)N[C@H](C=O)Cc1c[nH]cn1.CC(C)[C@H](N)C(N)=O.CCC(=O)[C@@H](CCCNC(=N)N)C(N)=O
C[C@H](C)[C@H]7C%30=O.C%13(=O)[C@@H]9[C@@H](C)CC.C%25(=O)[C@@H]%10CCC(=O)O.[C@@H]%20(C4=O)[C@@H](C)CC.C%24(=O)[C@@H]%10CCC%11.C%26(=O)[C@@H]%12CC(C)C.C%27(=O)[C@@H]%16CC(C)C.[C@H]%17(CC(C)C)C5=O.C%29(=O)[C@@H]%15[C@@H](C)CC.[C@@H]%18(C6=O)[C@@H](C)O.[C@H]%19(CC%20)C(=O)O.c1%22ccccc1.C2(=O)C8.N%11C(=N)N.C%28(=O)C%14.C%30(=O)CN.C%18C%103=O.N27.N%138.N%249.N%25%10.N%27%12.N%28%14.N%30%15.N3%16.N4%17.N5%18.N6%19.S%21C	INVALID
C%24(=O)[C@@H]%11CCCCN.C%32(=O)[C@@H]%18CCCCN.[C@H]%23(CCC(N)=O)C7=O.C%31(=O)[C@@H]%14CCC%15.[C@H]%18(CCC%22)C3=O.[C@H]%21(CCC%22)C5=O.C%27C[C@H]8C%36=O.c1%29ccc(O)cc1.C%34(=O)[C@@H](N)[C@@H](C)O.[C@@H]%19(C6=O)C(C)C.C%13(=O)[C@@H]9C%29.[C@H]%26(CC%30)C(=O)O.c1%30ccccc1.c1%28c[nH]cn1.C%33(=O)[C@@H]%17C.N%15C(=N)N.C%31(=O)C%15.N%22C(=N)N.C%20C4=O.N%22C(=N)N.CS%27.N28.N%139.N%24%10.N%31%11.N%32%12.N%33%14.N%34%16.N%35%17.N%36%18.N3%19.N4%20.N5%21.N6%23.N7%25	CC(=O)C(=O)[C@H](CCCNC(=N)N)NC(=O)[C@H](C)N.CC(C)[C@H](NC(=O)[C@H](CCCCCC[C@@H]1NC1=O)[C@@H](CCCCN)C(N)=O)C(=O)N[C@@H](CCC(N)=O)C(N)=O.CSCC[C@H](N)C(N)=O.C[C@@H](O)[C@H](N)C(N)=O.N=C(N)NNC(=N)N.NCCCC[C@H](N)C(N)=O.O=C(O)CCCc1ccccc1.O=C1CN1.O=C1N[C@H]1Cc1ccc(O)cc1.c1c[nH]cn1
C%34(=O)[C@@H]%17CCCCN.C%36(=O)[C@@H]%21CCC(=O)O.CC[C@H](C)[C@H]%11C7=O.C3(=O)[C@@H]%12CC(N)=O.[C@H]%25(CC(N)=O)C%10=O.[C@H]%28(CCC%28)C(=O)O.C2(=O)[C@@H]%14CC%30.C%33(=O)[C@@H]%16C(C)C.C5(=O)[C@@H]%22C(C)C.C%13(=O)[C@@H]%14CO.[C@@H]1%31CCCN1%35.C%35(=O)[C@@H]%18CO.C3(=O)[C@@H]%19CO.C4(=O)[C@@H]%21CO.[C@H]%26(CO)C9=O.C2(=O)[C@@H]%21C.[C@H]%23(C)C8=O.C%27(=O)C%15.N%28C(=N)N.C%34%31=O.N2%11.N%13%13.S%29C.N%24%14.N%33%15.N%35%16.N%36%17.N%38%18.N%39%19.N5%20.N6%21.N7%22.N8%23.N9%25.N9%26.N%10%27	CC(C)[C@H](N)C(=O)NCC(=O)NC(=O)[C@H](CC(N)=O)NC(=O)[C@@H](N)CO.CC[C@@H](C(=O)C(=O)[C@H](C)N)[C@@H](CO)C(N)=O.CC[C@H](C)[C@H](N)C(=O)N[C@H](C(N)=O)C(C)C.CS.C[C@@H]1NC1=O.N.N=C(N)N.NC(=O)CCC(=O)C(=O)[C@@H](N)CO.NCCCC[C@H](NC(=O)[C@H](CCC(=O)O)[C@H](C=O)CO)C(=O)C(=O)[C@@H]1CCCN1C(=O)[C@@H](N)CO.O=C(O)C1CCC1
C%24(=O)[C@@H]7CCCCN.C2(=O)[C@@H]%15CCCCN.C3(=O)[C@@H]%16CCCCN.C5(C)C[C@H]6C(=O)O.C%22(=O)[C@@H]%11CS.C%23(=O)[C@@H]%10C%18.c1%18ccccc1.C%23(=O)[C@@H]%12CS.C%25(=O)[C@@H]%16CS.C%20(=O)C9.C%21(=O)C%14.C4(=O)CN.N26.N%137.N%208.N%219.N%22%10.N%23%11.N%24%12.N%25%14.N3%15.N4%16.N5%17	CC(N)C[C@H](NC(=O)[C@H](CCCCN)NC(=O)[C@H](CCCCN)[C@@H](CS)C(=O)NCC(=O)NCC(N)=O)C(=O)O.NCC(N)=O.NCCCC[C@H](N)C(=O)N[C@@H](CS)C(=O)C(=O)[C@H](Cc1ccccc1)NC(=O)[C@@H](N)CS
[C@H]9(CCCCN)C%28=O.[C@H]%10(CCCCN)C%29=O.[C@H]%16(CCCCN)C7=O.c1%24c[nH]c2ccccc12.CC[C@H](C)[C@H](N)C%14=O.C3(=O)[C@@H](N)CC%19.[C@@H]%11(C%27=O)[C@@H](C)O.[C@H]%13(CCC%20)C%31=O.c1%25ccc(O)cc1.N1%25CCC[C@H]1%21.N1%28CCC[C@H]1%22.[C@H]%12(C%23)C%31=O.[C@H]%17(C%24)C5=O.[C@H]%18(C%25)C(=O)O.[C@H]%10(C)C%28=O.[C@H]%13(C)C%30=O.c1%23c[nH]cn1.C%25%21=O.C%29%22=O.N38.S%19C.N%259.N%26%10.N%28%11.N%30%12.N%30%13.N4%15.N5%16.N6%17.N7%18	CCC[C@H]1C(=O)C(=O)[C@H](Cc2c[nH]cn2)NC(=O)[C@@H]1C.CC[C@H](C)[C@H](N)C=O.CSCC[C@H](N)C(N)=O.C[C@@H](O)[C@@H](C=O)NC(=O)[C@H](C)[C@@H](CCCCN)C(=O)C(=O)[C@@H]1CCCN1C(=O)[C@@H](N)CCCCN.N.N.N.NCCCC[C@H](NC(=O)[C@@H](N)Cc1c[nH]c2ccccc12)C(=O)N[C@@H](CC(=O)[C@@H]1CCCN1c1ccc(O)cc1)C(=O)O
C%13(=O)[C@@H]9CCC(=O)O.C%28(=O)[C@@H]%11CCC(=O)O.C%29(=O)[C@@H]%18CCCCN.C%30(=O)[C@@H]%19CCC(N)=O.C%32(=O)[C@@H]%20CCCCN.[C@H]%21(CCCCN)C(=O)O.CC(C)[C@H]7C6=O.C%26(=O)[C@@H]%11CC%22.C%28(=O)[C@@H]%16C%25.c1%25ccccc1.C%29(=O)[C@@H]%17C%26.c1%26ccccc1.C4(=O)[C@@H]%19C%27.c1%27ccccc1.C2(=O)[C@@H]8C.C%13(=O)[C@@H]%10C.C%30(=O)[C@@H]%12C.C%31(=O)[C@@H]%15C.c1%23c[nH]cn1.C5(=O)CN.N27.N%138.N%249.N%26%10.N%27%11.N%28%12.N%29%14.N%30%15.N%31%16.N%32%17.N3%18.N4%19.N5%20.S%22C.N6%21	CC(C)[C@H](NC(=O)[C@H](C)N)C(=O)N[C@@H](CCCCN)C(=O)O.CSCC[C@@H](C(=O)C[C@H](NC(=O)[C@H](CCCCN)NC(=O)CN)C(=O)C(=O)[C@@H](N)CCCCN)[C@@H](CCC(=O)O)C(=O)C(=O)[C@H](Cc1ccccc1)NC(=O)[C@H](C)N.C[C@H](N)C(=O)C(=O)[C@H](CCC(N)=O)[C@@H](Cc1ccccc1)C(N)=O.C[C@H](Nc1ccccc1)C(=O)C(=O)[C@@H](N)CCC(=O)O.N.N.c1c[nH]cn1
C%17(=O)[C@@H]7CCC(N)=O.[C@H]%12(C%15)C(=O)O.c1%14ccccc1.C2(=O)[C@@H]%17C.C%22(=)C(C)N.C%13(=O)C5.C%21(=O)C9.N24.N%125.N%176.N%187.N%198.N%209.N%21%11.N3%12	INVALID
C%56(=O)[C@@H]%33CCCCN.C%57(=O)[C@@H]%34CCCCN.C%69(=O)[C@@H]%37CCCCN.C6(=O)[C@@H]%41CCC(N)=O.C%10(=O)[C@@H]%44CCCCN.[C@H]%47(CCCCN)C%17=O.[C@H]%51(CCCCN)C%19=O.[C@H]%55(CCC(N)=O)C%21=O.[C@H]%57(CCCCN)C%25=O.CC[C@H](C)[C@H]%27C%13=O.C%13(=O)[C@@H]%29CC(C)C.C%35(=O)[C@@H]%31CCC%32.C3(=O)[C@@H]%38CC(C)C.[C@H]%53(CCC%54)C%22=O.C%35(=O)[C@@H]%32[C@@H](C)O.C5(=O)[C@@H]%40[C@@H](C)O.C8(=O)[C@@H]%44[C@@H](C)O.C%12(=O)[C@@H](N)CC%62.[C@@H]%49(C%15=O)C(C)C.[C@@H]%50(C%18=O)[C@@H](C)O.c1%66ccc(O)cc1.c1%69ccc(O)cc1.C2(=O)[C@@H]%28CO.[C@@H]1%63CCCN1%72.C4(=O)[C@@H]%39C%65.c1%65ccccc1.N1%19CCC[C@H]1%64.[C@H]%58(C%66)C%26=O.C%71(=O)C%38.N%53C(=N)N.C%50C%16=O.C%59C%25=O.C%61C(=O)O.C%67%63=O.C%20%64=O.N2%27.N%23%28.N%34%29.N%45%31.N%56%33.N%67%34.N%68%36.N%70%37.N3%38.N4%39.N5%40.N6%41.N7%42.N8%43.N%10%44.N%11%47.N%12%48.S%62C.N%14%49.N%15%50.N%16%51.N%17%52.N%18%53.N%20%55.N%21%57.N%22%58.N%23%59.N%25%60.N%26%61	CC(C)C[C@H](CC=O)C(N)=O.CC(C)[C@H](N)C(N)=O.CCC[C@H](NC(=N)N)C(=O)N[C@@H](Cc1ccc(O)cc1)C(=O)NCC(=O)O.CC[C@H](C)[C@@H]1NC(=O)[C@H](CO)NNCC(=O)C(=O)[C@H](CCCCN)C(=O)[C@H](CCCCN)N[C@@H](CC(C)C)C(=O)C1=O.CSCC[C@H](N)C(N)=O.C[C@@H](O)[C@@H](C(N)=O)[C@@H](CCCCN)C(N)=O.C[C@@H](O)[C@@H]1CCC[C@H](N)C(=O)C1=O.C[C@@H](O)[C@@H]1NC1=O.C[C@@H](O)[C@H](CC(=O)N[C@@H](CCCCN)C(=O)N1CCC[C@H]1C(=O)N[C@@H](CCC(N)=O)C(N)=O)C(N)=O.N.N.N.NC(=O)CC[C@@H]1NC1=O.NC(=O)[C@@H]1CCCN1.NCCCC[C@@H]1NC1=O.NCCCC[C@H](N)C(=O)c1ccc(O)cc1.NCCCC[C@H](N)C(N)=O.O=C1N[C@H]1Cc1ccccc1
[C@H]%15(CCC(=O)O)C%13=O.[C@H]%23(CC(=O)O)C%35=O.[C@H]%23(CC(C)C)C%41=O.[C@H]%25(CC(C)C)C%41=O.[C@H]%26(CC(C)C)C%43=O.[C@H]%27(CC(=O)O)C2=O.[C@H]%29(CCC%30)C%12=O.C%33C(N)C2=O.[C@@H]%16(C%35=O)[C@@H](C)O.[C@@H]%18(C4=O)C(C)C.[C@@H]%20(C5=O)C(C)C.c1%38cccc(O)cc1.[C@H]%19(CS)C%24=O.[C@H]%21(C%34)C%39=O.c11%34ccccc1.[C@H]%22(CS)C%42=O.[C@H]%25(CS)C5=O.[C@H]%28(CS)C9=O.[C@H]%31(C%36)C%11=O.[C@H]%36(C%37)C%16=O.c1%37ccccc1.[C@H]%38(C)C%15=O.[C@H]%32(C)C(=O)O.N%30C(=N)N.C%23C%10=O.CS%33.N2%19.N%13%20.N%24%22.N%35%25.N%39%26.N%40%27.N%41%28.N%42%29.N%43%18.N4%19.N5%20.N6%21.N7%22.N8%25.N9%26.N%10%27.N%11%28.N%12%29.N%14%31.N%16%32	INVALID
OCC[C@H](C)[C@H]7C%32=O.C%24(=O)[C@@H]9CC(C)C.C%28(=O)[C@@H]%12CCC%14.C%29(=O)[C@@H]%15CC(C)C.C%30(=O)[C@@H]%16[C@@H](C)CC.[C@H]%18(CCC%19)C3=O.[C@H]%20(CCC%21)C4=O.[C@H]%22(CCC%22)C5=O.[C@H]%23(CC(C)C)C6=O.C%30(=O)[C@@H]%11[C@@H](C)O.[C@@H]1%26CCC[C@H]1%28.C%31(=O)[C@H](C)N.C2(=O)C8.C%24(=O)C%10.N%15C(=N)N.C%29(=O)C%17.N%19C(=N)N.N%21C(=N)N.N%22C(=N)N.C%25C(=O)O.C%27%26=O.N27.N%138.N%249.N%27%10.N%27%11.N%29%12.N%30%14.N%31%16.N%32%17.N3%18.N4%20.N5%23.N6%25	CC(C)C[C@H](N)C(=O)C(=O)CNC(=O)[C@@H]1CCC[C@H]1C(=O)[C@@H](N)CCCN.CC(C)C[C@H](NC(=N)N)C(=O)C(=O)CNC(=O)[C@@H](NC(=O)CN)[C@@H](C)CCO.CC(C)C[C@H](NC(=O)C1CCC1)C(=O)NCC(=O)O.CC[C@H](C)[C@H](NC(=O)[C@H](C)N)C(=O)C(=O)[C@@H](N)[C@@H](C)O.N=C(N)N.N=C(N)NCCC[C@@H]1NC1=O.N=C(N)NCCC[C@@H]1NC1=O
[C@H]9(CCC(N)=O)C%20=O.[C@H]%10(CCCCN)C%22=O.[C@H]%12(CCCCN)C%23=O.[C@H]%14(CCCCN)C2=O.CC(C)C[C@H]4C2=O.[C@H]6(C%17)C%12=O.[C@H]8(C)C%21=O.c1%17c[nH]cn1.C7C%19=O.N%15C(=N)N.CS%16.N25.N%136.N%197.N%208.N%219.N%22%10.N%23%11.N2%12.N3%15	CC(C)CCC(=O)C(=O)CCCCCN.CS.C[C@@H]1NC(=O)[C@H](CCC(N)=O)NC1=O.N=C(N)NN.NCCCC[C@@H](C(N)=O)C(=O)[C@@H](N)Cc1c[nH]cn1.NCCCC[C@@H]1NC1=O.NN.O=C1CN1
C%24(=O)[C@@H]%14CCCCN.C%38(=O)[C@@H]%18CCC(N)=O.C%41(=O)[C@@H]%20CCCCCN.C%44(=O)[C@@H]%21CCCCN.C3(=O)[C@@H]%25CCCC(N)=O.[C@H]%29(CCCCN)C8=O.CC[C@H](C)[C@H]%10C7=O.C%41(=O)[C@@H]%14CC(N)=O.C%43(=O)[C@@H]%19CCC%20.C%35(=O)[C@@H]%26CC(C)C.C%35(=O)[C@@H]%15[C@@H](C)O.C%42(=O)[C@@H]%17C(C)C.C%41(=O)[C@@H]%16CC%32.[C@H]%27(CC%33)C7=O.[C@@H]%28(C9=O)[C@@H](C)O.C%13(=O)[C@@H]%11C%38.c1%37ccccc1.C2(=O)[C@@H]%14C%37.C4(=O)[C@@H]%26C%39.c1%37c[nH]cn1.[C@@H]1%34CCCN1.[C@H](%30)C(=O)O.N%20C(=N)N.N2%10.N%13%11.N%24%14.N%39%14.N%40%15.S%32C.N%41%16.N%42%18.N%43%19.N%44%21.N%45%22.N3%23.N4%25.N5%27.N%33%27.S%36C.N7%28.N8%29.N9%30	INVALID
C%18(=O)[C@@H]%18CCC(=O)O.C%48(=O)[C@@H]%23CCC(N)=O.c1%41c[nH]c2ccccc12.c1%42c[nH]c2ccccc12.C3(=O)[C@@H]%16CC(N)=O.C%46(=O)[C@@H]%23CC(N))O.C3(=O)[C@@H](N)CCC%34.C%37C[C@H]%15C4=O.C%47(=O)[C@@H]%20CC(C)C.C5(=O)[C@@H]%28CC(C)C.C8(=O)[C@@H]%30CC(N)=O.[C@H]%33(CCC%34)C%13=O.c1%40ccc(O)cc1.C%41(=O)[C@@H]%23C(C)C.C%25(=O)[C@@H]%19CO.[C@@H]1%39CCCN1%47.C%47(=O)[C@@H]%23C%40%41.C4(=O)[C@@H]%26CS.C%13(=O)[C@@H]%27C%42.C7(=O)[C@@H]%29CS.C9(=O)[C@@H]%31CS.C%14(=O)[C@@H]%17C.C%11(=O)[C@@H]%32C%42.N%21C(=N)N.N%34C(=N)N.C%32C%12=O.C%35C(=O)O.C%36%39=O.CS%37.N3%15.N%14%16.N%25%17.N%36%18.N%46%19.N%47%20.N%48%22.N4%23.N4%24.N5%26.N6%27.N7%28.N8%29.N9%30.N%10%31.N%11%32.N%12%33.N%13%35	INVALID
[C@H]%10(CCC(=O)O)C%22=O.[C@H]%14(CC(N)=O)C(=O)O.CC(C)C[C@H]4C%13=O.[C@H]5(CCC6)C%24=O.[C@H]7(CC%16)C2=O.[C@@H]%11(C%23=O)C(C)C.C5C%19=O.C9C%20=O.C%11C%21=O.CS%15.N24.N%125.N%176.S%17C.N%187.S%18C.N%208.N%21%10.N%22%11.N%23%12.N3%14	CC(C)[C@H](CC(=O)N[C@@H](CCC(=O)O)C(N)=O)C(=O)NN.CC(N)=O.CC[C@H](NSC)C(=O)N[C@H](C=O)CC(C)C.CS.CSNCCC[C@@H](C=O)CC=O.NC(=O)C[C@H](N)C(=O)O
[C@H]%15(CC(=O)O)C%31=O.CC[C@H](C)[C@H]8C%29=O.[C@H]%17(CC(N)=O)C4=O.C2(=O)[C@@H]%10CCC%14.C%35(=O)[C@@H]%11CC%23.c1%26ccc(O)cc1.[C@@H]%16(C%31=O)C(C)C.c1%27ccc(O)cc1.[C@@H]%19(C7=O)[C@@H](C)O.C%13(=O)[C@@H]9C%25.[C@H]%21(C%27)C(=O)O.C%24(=O)[C@@H]%12C.[C@H]%20(C)C5=O.N%15C(=N)N.C%28(=O)CN.N18.N%139.N%24%10.N%26C.S%28%11.N%29%14.N%30%15.S%23C.N%31%16.N3%17.N4%18.N5%19.N6%20.N7%21	CC(C)[C@H](N)C(=O)C(=O)[C@H](CC(=O)O)NC(=N)N.CCC(=O)N[C@H](C=O)CCCNC(=O)[C@@H](N)[C@@H](C)CC.CNc1ccc(O)cc1.CSCC[C@@H](C=O)SC(=O)CN.C[C@@H]1NC1=O.C[C@H](N)C(=O)N[C@H](C(=O)N[C@@H](Cc1ccc(O)cc1)C(=O)O)[C@@H](C)O.N.NC(=O)C[C@H](N)C(N)=O
C%20(=O)[C@@H]%10CCC(N)=O.[C@H]%14(CCC%15)C(=O)O.[C@H]%14(CC(C)C)C3=O.C(C)[C@H]5C%23=O.C%19(=O)[C@@H]9[C@@H](C)O.C%21(=O)[C@@H][C@@H]%12[C@@H](C)O.C2(=O)[C@@H]6CO.[C@@H]1%17CCCN1%21.C%21(=O)[C@@H]7CO.C%22(=O)[C@@H]8C%18.c1%18ccccc1.[C@H]%11(CO)C4=O.N%15C(=N)N.C%20%17=O.CS%16.N25.N%136.N%197.N%208.N%219.N%22%10.N%23%11.N3%12.N4%14	CC(C)C[C@@H](C(=O)N[C@H]([CH]C(=O)N1CCC[C@H]1C(=O)C(=O)[C@H](CCC(N)=O)NC(=O)[C@@H](N)Cc1ccccc1)[C@@H](C)O)[C@@H](CCCNC(=N)N)C(=O)O.CC[C@H](NC(=O)[C@@H](N)CO)C(=O)N[C@@H](CO)C(N)=O.CS.C[C@@H](O)[C@@H]1NC(=O)[C@H](CO)NC1=O
O)C3=O.[C@H]%15(CC(N)=O)C(=O)O.C%13(=O)[C@@H](N)CC%16.[C@@H]9(C%23=O)C(C)C.NN1%20CCC[C@H]1%17.[C@H]%10(CO)C%26=O.[C@H]%14(C%19)C4=O.c1%19c[nH]cn1.C%21%17=O.C%24%18=O.N26.N%137.S%16C.N%218.N%229.N%23%10.N%24%11.N%26%13.N4%14.N5%15	INVALID
CC(=O)O)C%21=O.[C@H]9(CC(=O)O)C%22=O.[C@H]%10(CCC%15)C(=O)O.C%16C[C@H])C2=O.N%14C(=N)N.C%19(=O)C%20C=O.CS%17.N24.N%125.N%146.N%187.N%208.N%189.N%19%10.N%21	INVALID
C3(=O)[C@@H]%21CCC(N)=O.C5(=O)[C@@H]%27CCC(N)=O.C%41(=O)[C@@H]%20CC(C)C.C%44(=O)[C@@H]%22CC(N)=O.C%45(=O)[C@@H]%23CCC%25.C4(=O)[C@@H]%26CCC%28.C6(=O)[C@@H]%29CCC%28.[C@@H]%32(C%11=O)[C@@H](C)CC.[C@H]%34(CC(N)=O)C%13=O.C%36C[C@H]%14C9=O.C%13(=O)[C@@H]%16[C@@H](C)O.c1%41ccc(O)cc1.c1%40ccc(O)cc1.C8(=O)[C@@H](N)CC%37.C%42(=O)[C@@H]%19C%39.c1%39ccccc1.[C@@H]1%38CCCN1%44.[C@H]%30(C%40)C%12=O.C2(=O)[C@@H]%15C.C%42(=O)[C@@H]%18C.C%43(=O)[C@@H]%20C.c1%10%38c[nH]cn1.[C@H]%31(C)C%10=O.[C@H]%33(C)C%12=O.N%24C(=N)N.N%28C(=N)N.CS%36.N2%14.N%13%15.N%24%16.N%41%17.N%42%18.N%43%19.N%44%20.N%45%21.N%46%23.N4%25.N6%27.N6%29.N8%30.S%37C.N9%31.N%10%32.N%11%33.N%12%34	INVALID
C4(=O)[C@@H]%33CCC(N)=O.C%14(=O)[C@@H]%23CCC(=O)O.c1%53c[nH]c2ccccc12.C%56(=O)[C@@H]%31CC(=O)O.C7(=O)[C@@H]%34CCCCN.C8(=O)[C@@H]%40CCC(=O)O.C%17(=O)[C@@H]%41CCC(=O)O.C%48CC[C@H]%21C%20=O.c1%52ccc(O)cc1.C%10(=O)[C@@H]%37CC(C)C.C%56(=O)[C@@H]%29C(C)C.C%19(=O)[C@@H](N)C(C)C.C%54(=O)[C@@H]%26C(C)C.c1%55ccc(O)cc1.C%18(=O)[C@@H]%43C(C)C.[C@@H]1%49CCCN1%14.C%25(=O)[C@@H]%24C%53.C%47(=O)[C@@H]%28C%54.c1%54ccccc1.C%12(=O)[C@@H]%39C%52.C%15(=O)[C@@H]%42C%50.[C@H]%46(C%51)C(=O)O.C%55(=O)[C@@H]%30C.C%56(=O)[C@@H]%32C.C6(=O)[C@@H]%34C.c1%49c[nH]cn1.c1%50c[nH]cn1.c1%51c[nH]cn1.C5(=O)C%35.C%11(=O)C%38.C%16(=O)C%44.C3%49=O.CS%48.N3%21.N%25%22.N%36%24.N%47%26.N%55%28.N%56%29.N%56%30.N4%31.N5%32.N6%33.N7%34.N8%35.N9%37.N%10%38.N%11%39.N%12%40.N%13%41.N%15%42.N%16%43.N%17%44.N%18%45.N%20%46	CC(C)C[C@H](N)C(=O)NCC(=O)N[C@@H](Cc1ccc(O)cc1)C(=O)N[C@@H](CCC(=O)O)C(=O)NCC(=O)N[C@@H](C)C(=O)N[C@H](C(=O)C(=O)[C@H](CC(=O)O)NC(=O)[C@H](CCC(N)=O)NC(=O)[C@H](C)[C@@H](CCCCN)C(N)=O)C(C)C.CC(C)[C@@H]1NC(=O)[C@@H](N)CC1=O.CC(C)[C@H](N)C=O.CC(C)[C@H](NC(=O)CNC(=O)[C@@H](N)CCC(=O)O)C(N)=O.CSCCC[C@H](NC=O)C(=O)N[C@@H](Cc1c[nH]cn1)C(=O)O.C[C@H](N)C(=O)c1ccc(O)cc1.NC(=O)[C@@H](N)Cc1c[nH]c2ccccc12.O=C(O)CCCC(=O)N1CCC[C@H]1c1c[nH]cn1.O=C1N[C@H]1Cc1c[nH]cn1.c1ccccc1
C%31(=O)[C@@H]%16CCCC(N)=O.[C@H]%22(CCCN)C7=O.[C@H]%25(CCC(=O)O)C(=O)O.CC[C@H](C)[C@H]8C%35=O.C%13(=O)[C@@H]%12CC(C)C.C%28(=O)[C@@H]%15CC(=O)O.C%31(=O)[C@@H](N)CC(=O)O.[C@H]%17(CC(C)C)C4=O.[C@H]%19(CC(=O)O)C5=O.[C@@H]%19(C6=O)C(C)C.[C@@H]%19(C%33=O)C(C)C.C%33(=O)[C@@H]%14C%26.N1%32CCCN1%30.C2(=O)[C@@H]9C.c1%26c[nH]cn1.c1%27c[nH]cn1.[C@H]%22(C)C4=O.C%30(=O)[C@@H]%11C.N%25C(=N)N.C%20C3=O.C%21C7=O.N28.N%139.N%24%10.N%28%11.N%29%12.N%30%14.N%31%15.N%32%16.N%33%17.N%34%18.N3%19.N4%20.N5%21.N6%22.N7%23	CC(C)C[C@H](N)C(=O)C(=O)[C@H](C)[C@@H](CCCN)C(=O)C(=O)CNC(=O)[C@H](CC(=O)O)[C@H](C(N)=O)C(C)C.CC(C)[C@H](NC(=O)CN)C(=O)C(=O)[C@@H](N)Cc1c[nH]cn1.CC[C@H](C)[C@@H](C=O)NC(=O)[C@H](C)NC(=O)[C@@H](N)CC(C)C.C[C@H](NC(=O)[C@@H](N)CC(=O)O)C(=O)N1CCCN1N[C@@H](CCCC(N)=O)C(=O)C(=O)[C@@H](N)CC(=O)O.N.N.N.N=C(N)N[C@@H](CCC(=O)O)C(=O)O.c1c[nH]cn1
C%12(=O)[C@@H]%63CCCCN.[C@H]%74(CCC(=O)O)C%24=O.[C@H]%74(CCC(=O)O)C%25=O.[C@H]%78(CCCCN)C%28=O.[C@H]%80(CCCCN)C%30=O.[C@H]%85(CCCCN)C%35=O.[C@H]%84(CCCCN)C%33=O.[C@H]%86(CCCCN)C%36=O.c15c[nH]c2ccccc12.[C@H]%95(CCCCN)C(=O)O.CC[C@H](C)[C@H]%45C%14=O.C3(=O)[C@@H]%46CC(=O)O.C%15(=O)[C@@H]%47CC(C)C.C%26(=O)[C@@H]%49CC(C)C.C%37(=O)[C@@H]%50CCC%51.C6(=O)[C@@H]%58CCC%60.[C@H]%65(CC(C)C)C%16=O.[C@H]%66(CC(=O)O)C%16=O.[C@@H]%67(C%17=O)[C@@H](C)CC.[C@H]%68(CC(=O)O)C%18=O.[C@H]%69(CC(=)=O)C%19=O.[C@H]%76(CCC%77)C%27=O.C%92(=O)[C@@H]%55C(C)C.C%12(=O)[C@@H]%65[C@@H](C)O.[C@@H]%75(C%25=O)C(C)C.[C@@H]%83(C%32=O)[C@@H](C)O.[C@@H]%87(C%38=O)C(C)C.[C@@H]%93(C%43=O)C(C)C.[C@@H]1%98CCCN1%81.C6(=O)[C@@H]%57C1.[C@@H]1%99CCCN18.C%10(=O)[C@@H]%62CO.N1%33CCC[C@H]1%100.[C@H]%91(C%102)C%42=O.C%37(=O)[C@@H]%51C.C9(=O)[C@@H]%61C.C%11(=O)[C@@H]%64C.c1%101c[nH]cn1.[C@H]%71(C)C%20=O.[C@H]%72(C)C%22=O.[C@H]%73(C)C%23=O.[C@H]%82(C)C%31=O.[C@H]%88(C)C%39=O.c1%102[nH]cn1.[C@H]%89(C)C%41=O.[C@H]%94(C)C%44=O.N%51C(=N)N.C%48(=O)C%52.C%81(=O)C%54.C8(=O)C%56.N%60C(=N)N.C%13(=O)CN.N%77C(=N)N.C%90C%41=O.C%70%98=O.C7%99%99=O.C%34%100=O.N3%45.N%15%46.N%26%47.N%37%49.N%48%50.N%59%52.N%70%53.N%92%54.N4%55.N6%56.N7%57.N9%61.N%10%62.N%11%63.N%12%64.N%13%65.N%16%66.N%17%67.N%18%68.N%19%69.N%20%71.N%21%72.N%22%73.N%23%74.N%24%75.N%25%76.N%27%78.N%28%79.N%29%80.N%30%82.N%31%83.N%32%84.N%34%85.N%35%86.N%36%87.N%38%88.N%39%89.N%40%90.N%41%91.N%42%93.N%43%94.N%44%95	INVALID
C(C)[C@H]4C%21=O.C%19(=O)[C@@H]6CC(N)=O.C%20(=O)[C@@H](N)CCC8.[C@H]%12(CC(C)C)C%25=O.[C@@H]%14(CC3=O)C(C)C.C2(=O)[C@@H]5CO.[C@H]%11(CO)C%22=O.C7C%23=O.N8C(=N)N.C%10C%26=O.N13.N%134.S%15C.N%195.N%206.N%217.N%229.N%23%11.N%25%12.N3%14	CC(C)C[C@@H]1NC1=O.CC(C)[C@H](N)CC(N)=O.CC=O.CC[C@H](N)C(=O)NCC(=O)N[C@@H](CO)C(N)=O.CS.N=C(N)NCCC[C@H](N)C(=O)N[C@@H](CC(N)=O)C(=O)N[C@H](C=O)CO
O.[C@@H]1%22CCCN1%41.[C@@H]1%24CCCN1%82.C%90(=O)C%12.C14=O.C%39%17=OOCC%53%11=O.C	INVALID
c1%27c[nH]c2ccccc12.[C@H]%13(CCC(=O)O)C5=O.CC[C@H](C)[C@H]8C%30=O.C3(=O)[C@@H]9CC(=O)O.C%13(=O)[C@@H]%12CC(N)=O.[C@H]%16(CCC%17)C%29=O.[C@H]%18(CC(=O)O)C%38=O.[C@H]%21(CC(=O)O)C7=O.C%14(=O)[C@@H]%11C(C)C.C%28(=O)[C@@H](N)CC%22.[C@@H]%20(C4=O)C(C)C.[C@@H]1%23CCCN1%25.N1%24CCC[C@H]1%29.C%25(=O)[C@@H]%10C.c1%26c[nH]cn1.N%17C(=N)N.C%19C4=O.CC(=O)O.C%19C8=O.C%25%23=O.C%24%24=O.N38.N%149.N%27%10.N%28%11.N%29%12.N%30%13.N%31%15.N3%16.N4%18.N5%19.N7%20.N8%21	CC(=O)O.CC[C@H](N)C(=O)N[C@H](C(=O)N[C@@H](CC(=O)O)C(=O)NN[C@@H](CC(=O)O)C(=O)N[C@H](C(=O)C(=O)CCC(=O)[C@H](C(N)=O)[C@@H](C)CC)C(C)C)C(C)C.C[C@H](Nc1c[nH]c2ccccc12)C(=O)N1CCC[C@H]1C=O.N.N=C(N)NCCC[C@H](N)C(=O)[C@@H]1CCCN1C=O.NC(=O)C[C@H](N)C(=O)[C@@H](CCC(=O)O)C(N)=O.N[C@H](C=O)CC(=O)O.c1c[nH]cn1
c1%92c[nH]c2ccccc12.CC[C@H](C)[C@H]%37C%16=O.C%69(=O)[C@@H]%43CCC%44.C%91(=O)[C@@H]%46CCC%48.C%12(=O)[C@@H]%57CCC%59.[C@H]%62(CC(C)C)C%19=O.[C@H]%68(CCC%70)C%23=O.[C@H]%79(CC(C)C)C%35=O.c1%87ccc(O)cc1.C3(=O)[C@@H]%38CC%81.C%14(=O)[C@@H]%39CC%82.C%36(=O)[C@@H]%40CC%82.C%25(=O)[C@@H]%41C(C)C.C%47(=O)[C@@H]%42[C@@H](C)O.c1%88ccc(O)cc1.C%58(=O)[C@@H]%45C(C)C.C%80(=O)[C@@H]%45C(C)C.C5(=O)[C@@H]%51C(C)C.C8(=O)[C@@H]%51C(C)C.C9(=O)[C@@H]%52C(C)C.C%13(=O)[C@@H]%60CC%82.c1%89ccc(O)cc1.C%15(=O)[C@@H](N)CC%83.[C@@H]%64(C%20=O)C(C)C.[C@H]%66(CC%84)C%22=O.[C@@H]%65(C%21=O)C(C)C.[C@@H]%72(C%26=O)C(C)C.[C@@H]%74(C%30=O)[C@@H](C)O.c1%90ccc(O)cc1.[C@@H]%75(C%33=O)C(C)C.C%47(=O)[C@@H]%42C%87.C%11(=O)[C@@H]%56C%88.[C@H]%63(C%90)C%18=O.[C@H]%71(CO)C%26=O.N1%28CCC[C@H]1%85.[C@H]%73(CO)C%30=O.N1%30CCC[C@H]1%86.[C@H]%78(C%89)C%34=O.c1%86c[nH]cn1.N%44C(=N)N.N%48C(=N)N.C4(=O)C%50.C6(=O)C%53.C7(=O)[C@@H]%54C.C%10(=O)C%55.N%59C(=N)N.C%15(=O)C%61.C%17(=O)C%62.N%70C(=N)N.C%72C%28=O.C%79C(=O)O.C%77C%32=O.C%29%85=O.C%31%86=O.N3%37.N%14%38.S%81C.N%25%39.N%36%40.N%47%41.N%58%42.N%69%43.N%80%45.N%92%46.S%82C.N4%49.N6%50.N7%51.N8%52.N9%53.N%10%54.N%11%55.N%13%57.S%82C.N%15%60.S%83C.N%16%61.N%17%62.N%18%63.N%19%64.N%20%65.N%21%66.N%22%67.S%84C.N%23%68.N%24%71.N%26%72.N%27%73.N%29%74.N%31%75.N%32%76.N%33%77.N%34%78.N%35%79	CC(C)C[C@H](CC(=O)O)C(N)=O.CC(C)[C@@H](C(N)=O)[C@H](C(N)=O)C(C)C.CC(C)[C@H](CC(=O)N1CCC[C@H]1C(=O)N[C@H](C(=O)C(=O)[C@@H](N)CO)[C@@H](C)O)C(=O)C(=O)[C@@H](N)CO.CC(C)[C@H](NC(=O)[C@H](C(C)C)[C@H](C=O)C(C)C)C(=O)NCC(=O)NCC(N)=O.CC(C)[C@H](NC=O)C(=O)NCC(N)=O.CC[C@H](C)[C@H](NC(=O)[C@H](CCSC)NC(=O)[C@H](CCCC[C@@H]1NC1=O)NC(=O)[C@@H](N)C(C)C)C(=O)NCC(=O)C(=O)[C@@H](N)CCSC.CS.CSCC[C@H](N)C(=O)N[C@H](C=O)CCCNC(=N)N.CSCC[C@H](NC(=O)[C@@H](NC(=O)[C@@H](NC(=O)[C@@H](CC(N)=O)CC(C)C)C(C)C)C(C)C)C(N)=O.C[C@@H](O)[C@H]1C(=O)C(=O)[C@@H]1Cc1ccc(O)cc1.C[C@H](NC(=O)CNC(=O)CCc1ccc(O)cc1)C(N)=O.N.N=C(N)NCCC[C@@H](C=O)Nc1c[nH]c2ccccc12.N=C(N)NCCC[C@@H]1NC1=O.N=C(N)NCCC[C@@H]1NC1=O.O=C1N[C@H]1Cc1ccc(O)cc1.O=C1N[C@H]1Cc1ccc(O)cc1.c1nc([C@@H]2CCCN2)c[nH]1
C)N5C%23=O.[C@H]%12(CC(N)=O)C3=O.C2(=O)[C@@H]6CCC7.C%18(=O)[C@@H]8CC(N)=O.C%20(=O)[C@@H]%10CC(C)N.[C@H]%13(C)C4=O.C%19%17=O.N25.N%136.N%197.N%209.N%21%10.N%22%11.S%16C.N3%13.N4%14	INVALID
c1%46c[nH]c2ccccc12.c1%48c[nH]c2ccccc12.C4(=O)[C@@H]%30CCCC(NO=O.[C@H]%39(CCC(=O)O)C%18=O.[C@H]%41(CCC(N)=O)C(=O)O.CC(C)[C@H]%19C%11=O.C9(=O)[C@@H]%37CCC%38.C%25(=O)[C@@H]%20C(C)C.C%36(=O)[C@@H]%21C(C)C.C%50(=O)[C@@H]%22C(C)C.C%52(=O)[C@@H]%29C(C)C.c1%49ccc(O)cc1.C%10(=O)[C@@H](N)CC%43.C%36(=O)[C@@H]%23CO.C%47(=O)[C@@H]%24C%46.C%51(=O)[C@@H]%27CO.C%52(=O)[C@@H]%28C%48.C6(=O)[C@@H]%29C%49..C8(=O)[C@@H]%31C%49.[C@H]%35(CO)C%15=O.[C@H]%40(C%45)C%16=O.N1%16CCC[C@H]1%44.c1%45c[nH]cn1.C%51(=O)C%26.C7(=O)C%32.C%33C%13=O.N%38C(=N)N.C%17%44=O.N3%19.N%14%20.N%25%21.N%36%22.N%47%23.N%50%23.N%51%24.N%52%26.N%52%27.N4%28.N5%29.N6%30.N7%31.N8%32.S%43C.N9%33.N%10%34.S%44C.N%11%35.N%13%37.N%15%39.N%17%40.N%18%41	INVALID
C%36(=O)[C@@H]%18CCC(N)=O.[C@H]%19(CCC(=O)O)C7=O.[C@H]%20(CCC%21)C4=O.[C@H]%22(CC(C)C)C5=O.[C@H]%25(CCC%26)C6=O.C%28CC[C@H]9C3=O.C2(=O)[C@@H]%11C(C)O.C%35(=O)[C@@H]%15C(C)C.C%36(=O)[C@@H]%17[C@@H](C)C.c1%31ccc(O)cc1.c1%32ccc(O)cc1.N16CCC[C@H]1%29.[C@H]%23(C%30)C8=O.c1%30ccccc1.C2(=O)C%10.C%24(=O)C%12.C%31(=O)C%14.C%34(=O)C%16.C%33(=O)CN.N%26C(=N)N.C7%29=O.CS%28.N19.N%13%10.N%24%11.N%32%12.N%33%14.N%34%15.N%36%16.N%37%17.N%38%18.N%29%19.N3%20.N4%20.N5%22.N6%23.N7%25.N8%27	CC(C)C[C@@H]1NC1=O.CC(C)[C@@H](C=O)NC(=O)CN.CC(C)[C@H](N)C(=O)C(=O)[C@@H](N)CCC(N)=O.CC(O)[C@H](NC(=O)CNc1ccc(O)cc1)C(=O)C(=O)CN.CCC[C@H](NC(=O)[C@@H](N)CCCSC)C(N)=O.N=C(N)NCCC[C@H](N)C(=O)N1CCC[C@H]1C(=O)C(=O)[C@@H](N)CCC(=O)O.NC(=O)[C@@H](N)Cc1ccccc1.NCC(=O)NCC(=O)c1ccc(O)cc1
C%35(=O)[C@@H](N)CCCCN.CC(C)C[C@H]%17C%39=O.[C@H]%22(CC(C)C)C%45=O.[C@H]%27(CC(C)C)C5=O.[C@H]%29(CC(C)C)C9=O.[C@H]%38(CCC%39)C(=O)O.[C@H]%37(CCC%40)C(=O)O.[C@@H]%20(C%45=O)C(C)C.[C@@H]%21(C%46=O)[C@@H](C)O.[C@@H]%29(C%47=O)[C@@H](C)O.c1%43ccc(O)c1.[C@@H]%31(C9=O)[C@@H](C)O.[C@@H]%37(C%16=O)C(C)C.[C@@H]1%41CCCN1%24.C%24(=O)[C@@H]%19CO.N19CCC[C@H]1%42.[C@H]%34(C%43)C%12=O.[C@H]%36(CS)C%15=O.[C@H]%26(C)C2=O.[C@H]%26(C)C4=O.[C@H]%30(C)C7=O.[C@H]%32(C)C8=O.[C@H]%33(C)C%14=O.N%29C(=N)N.N%40C(=N)N.C%13%41=O.C%10%42=O.N2%17.N%13%18.N%35%19.N%35%20.N%44%21.N%45%22.N%46%23.N%47%25.N3%26.N4%27.N5%28.N6%29.N7%30.N8%31.N%10%32.N%11%33.N%12%34.N%14%36.N%15%37.N%16%38	INVALID
[C@H]%32(CCCC(N)=O)C%47=O.[C@H]%34(CCCCN)C8=O.CC(C)[C@H]%20C%45=O.[C@H]%25(CC(N)=O)C%51=O.[C@H]%38(CC(C)C)C%11=O.[C@@H]%39(C%14=O)[C@@H](C)CC.[C@@H]%43(C%17=O)[C@@H](C)CC.C%13(=O)[C@@H]%22C(C)C.C%35(=O)[C@@H](N)CC(C)C.[C@@H]%26(C%56=O)C(C)C.[C@@H]%27(C%57=O)C(C)C.[C@H]%30(CCC%48)C6=O.[C@H]%33(CC%49)C7=O.[C@@H]%41(C8=O)[C@@H](C)O.c1%53ccc(O)cc1.C%24(=O)[C@@H]%23CO.[C@H]%28(CO)C%58=O.[C@H]%30(CS)C3=O.[C@H]%31(C%52)C5=O.c1%52ccccc1.[C@H]%39(CS)C%10=O.[C@H]%42(C%53)C%15=O.N1%15CCC[C@H]1%50.[C@H]%43(C%54)C%18=O.c1%54ccccc1.[C@H]%45(C%55)C%19=O.C2(=O)[C@@H]%21C.N%29C(=N)N.C%34C9=O.C%40C%12=O.C%41C%16=O.C%16%50=O.N2%20.N%13%21.N%24%22.N%35%23.N%46%25.N%56%26.N%56%27.N%57%28.N%58%29.N3%30.N3%31.N4%32.N5%33.S%48C.N6%34.N7%36.N8%37.N%10%38.N%11%39.N%12%40.N%14%41.N%16%42.N%17%43.N%18%44.S%49C.N%19%47	CC(C)C[C@H](N)C(=O)N[C@@H](CO)C(=O)N[C@H](C(=O)N[C@@H](C)C(=O)N[C@H](C(=O)[C@@H](C)C(=O)NC(=O)[C@@H](N)CCCC(N)=O)C(C)C)C(C)C.CC(C)[C@@H]1NC1=O.CC(C)[C@H](N)C(=O)N[C@@H](CO)C(=O)NNC(=N)N.CC[C@H](C)[C@@H](C(N)=O)[C@@H](CS)C(=O)N[C@@H](CC(C)C)C(N)=O.CC[C@H](C)[C@@H](C(N)=O)[C@@H](Cc1ccccc1)C(N)=O.CSCCC[C@@H](C(N)=O)[C@@H](CS)C(N)=O.CSCC[C@H](NC(=O)[C@@H](N)Cc1ccccc1)C(N)=O.C[C@@H](O)[C@H](CC(=O)C(=O)[C@@H]1CCCN1C(=O)[C@@H](N)Cc1ccc(O)cc1)C(=O)C(=O)[C@@H](CC=O)CCCCN.N.NC(=O)C[C@H](N)C=O.O=C1CN1
C%31(=O)[C@@H]%15CCC(N)=O.[C@H]%18(CCC(N)=O)C5=O.[C@H]%22(CCC(N)=O)C6=O.CC[C@H](C)[C@H]%10C3=O.C2(=O)[C@@H]%11C(C)C.C%30(=O)[C@@H]%16C(C)C.C%32(=O)[C@@H](N)CC%25.[C@@H]%20(C7=O)C(C)C.C%24(=O)[C@@H]%12CO.C%30(=O)[C@@H]%14CS.N1%26CCC[C@H]1%32.[C@H]%23(CO)C(=O)O.C%28(=O)[C@@H]%17C.[C@H]%19(C)C8=O.[C@H]%21(C)C9=O.C%31%27=O.N2%10.N%13%11.N%24%11.N%27%13.N%28%14.N%29%15.N%30%16.N%31%17.N3%18.S%25C.N4%19.N5%20.N6%21.N7%22.N9%23	CC(C)[C@H](N)C(=O)C(=O)[C@H](CS)NC(=O)[C@H](C)N.CC[C@H](C)[C@H](NC(=O)[C@@H](NNC(=O)C(=O)[C@@H](N)CCC(N)=O)C(C)C)C(=O)N[C@@H](CCC(N)=O)C(=O)N[C@H](C(=O)N[C@@H](CCC(N)=O)C(=O)N[C@@H](C)C(=O)N[C@@H](CO)C(=O)O)C(C)C.CSCC[C@H](N)C(=O)[C@@H]1CCCN1.C[C@H](N)C=O.NC(=O)CCO
C3(=O)[C@@H]%24CCC(=O)O.C7(=O)[C@@H](N)CCCCN.C6(=O)[C@@H](N)CCCCN.c1%60c[nH]c2ccccc12.C%14(=O)[C@@H]%27CC(=O)O.[C@H]%42(CCC(=O)O)C%17=O.[C@H]%49(CCC(=O)O)C%18=O.[C@H]%50(CCC(=O)O)C%19=O.C%25(=O)[C@@H]%28CC(C)C.C%64(=O)[C@@H]%32CCC%33.C%65(=O)[C@@H]%34CC(N)=O.C%46(=O)[C@@H]%35CCC%37.[C@H]%45(CC(C)C)C%15=O.C%58(=O)[C@@H]%31[C@@H](C)O.C%63(=O)[C@@H]%32CC%55.C4(=O)[C@@H]%38[C@@H](C)O.[C@@H]%39(C9=O)[C@@H](C)O.[C@H]%41(CC%56)C%10=O.c1%61cccc(O)cc1.[C@@H]%51(C%20=O)C(C)C.[C@@H]%53(C%22=O)C(C)O.C%36(=O)[C@@H]%29C%59.c1%59ccccc1.c1%62ccc(O)cc1.C%36(=O)[C@@H]%29C%60.[C@H]%40(C%61)C%13=O.[C@H]%54(C%62)C(=O)O.[C@H]%43(C)C%12=O.[C@H]%48(C)C%16=O.N%37C(=N)N.C%46C%21=O.N3%23.N%14%24.N%25%27.N%36%28.N%47%29.N%58%30.N%63%31.S%55C.N%64%32.N%65%34.N4%35.N5%38.N6%39.N7%40.N9%41.S%56C.N%10%42.N%11%43.N%12%44.N%13%45.N%15%46.N%16%48.N%17%49.N%18%50.N%19%51.N%20%52.N%21%53.N%22%54	INVALID
C%23(=O)[C@@H]%10CCC(N)=O.CC(C)C[C@H][C@H]6C%24=O.C2(=O)[C@@H]7CO.C%24(=O)[C@@H]8C%18.[C@H]%14(CCO)C%25=O.[C@H]%15(C%19)C%27=O.[C@H]%16(CS)C3=O.[C@H]%17(C%19)C4=O.[C@H]%15(C%20)C5=O.c1%20ccccc1.C%13(=O)[C@@H]9C.c1%18c[nH]cn1.[C@H]%11(C)C%26=O.c1%19c[nH]cn1.C%22O=O.CS%18.N26.N%137.N%218.N%229.N%22%10.N%23%11.N%24%12.N%25%14.N%26%15.N3%16.N5%17	INVALID
[C@H]%18(CCCCN)C%38=O.C%24(=O)[C@@H]%16CCCCN.[C@H]%25(CCC(=O)O)C5=O.[C@H]%27(CCC(N)=O)C6=O.CC[C@H](C)[C@H]%11C%35=O.C2(=O)[C@@H]%14CC(=O)O.C%24(=O)[C@@H]%15CC(=O)O.[C@H]%20(CC(C)C)C2=O.[C@H]%21(CC(C)C)C4=O.[C@H]%29(CC(=O)O)C(=O)O.C%34(=O)[C@@H](N)CC%30.[C@@H]%17(C%36=O)C(C)C.[C@@H]1%32CCC[C@H]1%31.[C@H]%19(CO)C7=O.C%22C8=O.C%26C%10=O.C%33%32=O.N2%12.N%13%14.N%24%15.N%34%16.S%30C.N%35%17.N%36%18.N%37%19.N%38%20.N3%21.N4%22.N5%23.N6%25.N7%26.N8%27.N9%28.N%10%29	CC(C)C[C@H](N)C(=O)NCC(=O)N[C@@H](CCC(N)=O)C(=O)N[C@@H](CCC(=O)O)C(N)=O.CC[C@H](C)CC(=O)N[C@H](C(=O)N[C@@H](CCCCN)C(=O)N[C@@H](CC(C)C)C(=O)C(=O)[C@@H](N)CC(=O)O)C(C)C.CSCC[C@H](N)C(=O)N[C@@H](CCCCN)C(=O)C(=O)[C@@H](N)CC(=O)O.N.N.N[C@@H](CO)C(=O)NCC(=O)N[C@@H](CC(=O)O)C(=O)O.O=CC1CCCC1
C%14(=O)[C@@H]%13CCC(=O)O.C%25(=O)[C@@H]%15CCC(=O)O.[C@H]%23(CCCCN)C%12=O.c1%32c[nH]c2ccccc12.c1%31c[nH]c2ccccc12.C%36(=O)[C@@H]%17CCCCN.c1%32c[nH]c2ccccc12.C%38(=O)[C@@H]%20CCCCN.CC[C@H](C)[C@H]%11C%41=O.[C@H]%24(CCC(=O)O)C8=O.[C@H]%29(CC(=O)O)C9=O.[C@H]%30(CC(C)C)C(=O)O.c1%34ccc(O)cc1.C%38(=O)[C@@H]%18C%31.[C@H]%21(C%33)C5=O.[C@H]%27(C)C7=O.C3(=O)C%12.C%38(=O)CN.C%26C5=O.N%29C(=N)N.C%28C%10=O.N3%11.N%14%12.N%25%13.N%36%15.N%37%16.N%38%17.N%39%18.N%40%19.N%41%20.N%42%21.N4%22.N5%23.N6%24.N7%26.N8%27.N9%29.N%10%30	CC(=O)N[C@@H](CC(C)C)C(=O)O.CC[C@H](C)[C@H](NC(=O)CC(=O)[C@@H](N)CCCCN)C(=O)N[C@@H](CCCCN)C(=O)C(=O)[C@@H](N)Cc1c[nH]c2ccccc12.C[C@H](N)C(=O)C(=O)CNC(=O)[C@H](C)NC(=O)[C@@H](N)CCC(=O)O.N.N.N.N=C(N)N[C@@H](CC(=O)O)C(N)=O.NCCCC[C@H](NC(=O)CN)C(=O)N[C@@H](CCC(=O)O)C(=O)N[C@@H](CCC(=O)O)C(N)=O.Oc1ccccc1.c1ccc2c(-c3c[nH]c4ccccc34)c[nH]c2c1
[C@H]%32(CCCCN)C4=O.[C@H]%39(CCCCN)C8=O.[C@H]%40(CCCCN)C%10=O.CC[C@H](C)[C@H]%19C%46=O.C%13(=O)[C@@H]%21CC(C)C.[C@H]%25(CCC%26)C%54=O.[C@H]%27(CCC%28)C%57=O.[C@H]%33(CC(=O)O)C6=O.[C@H]%37(CC(=O)O)C%12=O.[C@@H]%42(C%14=O)[C@@H](C)CC.[C@H]%44(CCC%45)C%17=O.C2(=O)[C@@H]%20CC%48.C%35(=O)[C@@H](N)CC%49.[C@@H]%23(C%52=O)C(C)C.[C@@H]%29(C3=O)[C@@H](C)O.c1%50ccc(O)cc1.c1%51ccc(O)cc1.[C@H]%31(C%50)C5=O.[C@H]%42(C%51)C%16=O.[C@H]%47(CS)C(=O)O.[C@H]%20(C)C%13=O.[C@H]%22(C)C%53=O.N%26C(=N)N.N%28C(=N)N.C%34C3=O.N%36C(=N)N.C%38C9=O.C%41C%10=O.N%45C(=N)N.N2%19.S%48C.N%13%20.N%24%21.N%35%22.S%49C.N%46%23.N%52%27.N%53%29.N%54%30.N%55%31.N4%32.N5%33.N6%34.N7%36.N8%37.N9%38.N%10%39.N%11%40.N%12%41.N%14%42.N%15%43.N%16%44.N%17%45.N%18%47	CC[C@H](C)[C@@H](C(N)=O)[C@@H](Cc1ccc(O)cc1)C(=O)N[C@@H](CCCNC(=N)N)C(N)=O.CC[C@H](C)[C@H](NC(=O)[C@H](CCSC)[C@@H](C)C(=O)C(=O)[C@@H](N)CC(C)C)C(=O)N[C@H](C(=O)N[C@H](C=O)CCCNC(=N)N)C(C)C.CSCC[C@H](N)C(=O)N[C@@H](C)C(=O)N[C@H](C(=O)C(=O)CNC(=O)[C@H](CC(=O)O)NC(=O)[C@@H](N)Cc1ccc(O)cc1)[C@@H](C)O.N.N.N=C(N)NCCCCC(N)=O.N=C(N)NN.NCCCC[C@@H]1NC1=O.NCCCC[C@H](N)C(=O)N[C@@H](CC(=O)O)C(=O)NCC(=O)C(=O)[C@@H](N)CCCCN.N[C@@H](CS)C(=O)O.O=C1CN1
C%21(=O)[C@@H](N)CC(=O)O.[C@@H]%11(C%13==O)[C@@H](C)CC.C%18(=O)[C@@H]7CC%14.C%19(=O)[C@@H]8CO.N14.N%135.S%13C.N%166.N%18C.N%197.N%209.N%21%10.N%22%11	INVALID
C%21(=O)[C@@H]9CCCCN.CC[C@H](C)[C@H]6C(=O)O.[C@@H]%15(C%23=O)[C@@H](C)CC.C%13(=O)[C@@H]8[C@@H](C)O.C%22(=O)[C@@H](N)CC%17.[C@H]%14(CC%18)C%24=O.N1%25CCC[C@H]1%20.[C@H]%10(CO)C2=O.[C@H]%14(CO)C3=O.[C@H]%15(CO)C4=O.C2(=O)C7.N26.N%137.N%208.N%219.N%22%10.N%23%11.N%24%12.S%18C.N%26%14.N3%15.N4%16.S%19C	CC[C@H](C)[C@@H](C(N)=O)[C@@H](CO)C(N)=O.CC[C@H](C)[C@H](N)C(=O)O.CC[C@H](N)C(=O)N[C@@H](CO)C(=O)C(=O)CNC(=O)[C@@H](N[C@@H]1CCCN1)[C@@H](C)O.CS.CSCC[C@@H](C(N)=O)[C@@H](CO)C(N)=O.N.NCCCC[C@@H]1NC1=O
=O.c1%15ccccc1.N1%20CCC[C@H]1%13.[C@H]8(CO)C%22=O.[C@H]%10(C%16)C%23=O.c1%16ccccc1.C%13(=O)[C@@H]6C.C%11C(=O)O.C%21%13=O.N23.N%134.N%135.N%196.S%13C.N%21C.N%228.N%239.N%25%11	INVALID
=O.C2(=O.N17CCC[C@H]1%23.[C@H]%14(CCC%15)C6=O.C9C%28=O.C%11C%29=O.N%26C(=N)N.C%15C3=O.C%16C7=O.C%22(=O)O.N28.N%139.N%24%10.N%29%11.N%31%14.N%31%15.N3%16.N4%17.S%20C.N6%19	INVALID
C%16(CC[C@H](N)C2=O.[C@H]%12(CC(=O)O)C%27=O.[C@H]%14(C)C%15)C3=O.[C@@H]9(C4=O)C(C)C.c1%22ccc(O)cc1.[C@H]8(CS)C%23=O.N1%22CCC[C@H]1%19.N1%24CCC[C@H]1%21.[C@H]%11((C%23)C%28=O.[C@H]%15(CO)C5=O.[C@H]%18(CS)C(=O)O.[C@H]%17(CS)C6=O.C%10C5=O.N%15C(=N)N.C%24%19=O.C%24%20=O.C%25%21=O.N27.N%138.N%259.N%27%10.N%27%11.N%28%12.N4%15.N5%16.N6%17.N7%18	INVALID
C%44(=O)[C@@H]%26CCC(N)=O.CC[C@H](C)[C@H]%18CC(C)C.[C@H]%23(CC(C)C)C%47=O.[C@H]%26(CC(C)C)C4=O.[C@H]%34(CC(=))O)C%10=O.[C@H]%37(CC(=O)O)C(=O)O.C%35(=O)[C@@H]%21C%39.C%46(=O)[C@@H](N)CC(=O)O.[C@H]%30(CC%38)C%12=O.[C@@H]%33(C%15=O)C(C)C.C%40(=O)[C@@H]%25C%40.[C@H]%29(C%43)C7=O.N18CCC[C@H]1%39.C2(=O)[C@@H]%19C.C%13(=O)C%20.c1%40c[nH]cn1.c1%41c[nH]cn1.[C@H]%22(C)C%46=O.[C@H]%28(C)C6=.[C@H]%28(C)C7=O.c1%42c[nH]cn1.C%32C5=O.C9%39=O.N2%18.N%13%19.N%24%20.N%35%21.N%45%22.N%46%23.N%47%25.N3%26.N5%27.N6%28.N7%29.N9%30.N%11%31.S%38C.N%12%32.N%14%33.N%16%34.N%17%36	INVALID
C2(=O)[C@@H]6CCCCN.C%13(=O)[C@@H]7CCCCN.C%19(=O)[C@@H](N)CC%16.c1%18ccc(O)cc1.[C@@H]%12(C3=O)C(C)C.[C@@H]1%17CCCN1%20.N5C%20=O.[C@H]7(C)C%20=O.C8C%22=O.C%10C%23=O.C%14C4=O.C%12%17=O.N25.N%136.N%187.N%198.N%209.S%16C.N%21%10.N%22%11.N%23%12.N3%14.N4%15	CC(C)[C@@H](C(=O)NCC(N)=O)C(=O)[C@@H]1CCCN1C(=O)NNC(=O)[C@H](CCCCN)NC(=O)[C@H](CCCCN)[C@@H](C)C(N)=O.CSCC[C@H](N)C(=O)NCC(N)=O.NCC(N)=O.Nc1ccc(O)cc1
[C@H]%14(CCC(N)=O)C%34=O.CC[C@H](C)[C@H](N)C1=O.[C@H]%10(CCC%11)C%24=O.[C@H]%14(CC(C)C)C%28=O.[C@H]%15(CCC%16)C%29=O.[C@H]%18(CCC%19)C%32=O.[C@H]%21(CC(C)C)C3=O.[C@H]%22(CCC%23)C5=O.[C@@H]%25(C%16=O)C(C)C.[C@H]8(CO)C%24=O.[C@H]9(CO)C%31=O.[C@H]%12(CO)C%27=O.[C@H]%21(CO)C%30=O.[C@H]%22(CO)C3=O.[C@H]%25(C)C(=O)O.N%11C(=N)N.N%16C(=N)N.C%17C%29=O.N%19C(=N)N.C%20C6=O.N%23C(=N)N.N17.N%128.N%239.N%27%10.N%28%12.N%29%14.N%30%15.N%31%17.N%32%18.N3%20.N4%21.N5%22.N6%25	CC(C)C[C@@H](C(=O)C(=O)[C@H](CO)[C@@H](CCCNC(=N)N)C(N)=O)[C@@H](CO)C(=O)N[C@@H](CCCC(=O)[C@H](C(C)C)[C@@H](C)C(=O)O)C(=O)C(=O)CNC(=O)[C@@H](N)CO.CC(C)C[C@@H](C(N)=O)[C@H](C=O)CCC(N)=O.CC[C@H](C)[C@H](N)C(N)=O.N.N.N=C(N)N.N=C(N)NCCC[C@@H]1NC(=O)[C@H](CO)N[C@@H](CO)C(=O)C1=O.N=C(N)NCCC[C@@H]1NC1=O.NCC(N)=O
C%50(=O)[C@@H]%29CCC(N)=O.[C@H]%34(CCCCN)C%12=O.[C@H]%36(CCCCN)C%14=O.[C@H]%41(CCCCN)C(=O)O.CC[C@H](C)[C@H]%16C7=O.C%24(=O)[C@@H]%19CCC%20.C%35(=O)[C@@H]%22CC(C)C.C%49(=O)[C@@H]%25CCC%26.C3(=O)[C@@H]%30CCC%31.C4(=O)[C@@H]%32CC(N)=O.[C@H]%37(CC(=O)O)C9=O.[C@H]%38(CC(=O)O)C%11=O.[C@H]%41(CCC%42)C%14=O.C%46(=O)[C@@H]%21[C@@H](C)O.C6(=O)[C@@H](N)CC%43.C%49(=O)[C@@H]%23C%44.C%50(=O)[C@@H]%28C%47.c11%47ccccc1.[C@H]%37(C%45)C%10=O.[C@H]%39(CO)C%16=O.C%13(=O)[C@@H]%18C.c1%44c[nH]cn1.c1%45c[nH]cn1.N%20C(=N)N.N%26C(=N)N.C%51(=O)C%27.N%31C(=N)N.N%42C(=N)N.C%40C%15=O.N2%16.N%13%17.N%24%18.N%35%19.N%46%21.N%49%22.N%50%23.N%51%27.N%52%27.N3%28.N4%30.N6%32.S%43C.N7%33.N8%34.N9%36.N%10%37.N%11%38.N%12%39.N%14%40.N%15%41	INVALID
C%13(=O)[C@@H]%12CCC(N)=O.C%26(=O)[C@@H]%14CCC(=O)O.C%28(=O)[C@@H]%16CCC(=O)O.C%32(=O)[C@@H](N)CC(=O)O.[C@H]%17(CC(C)C)C5=O.[C@H]%22(CC(C)C)C(=O)O.CC(C)[C@H]%10C3=O.[C@@H]%14(C5=O)C(C)C.C2(=O)[C@@H]%15CO.C%31(=O)[C@@H]%18C%26.c1%26ccccc1.N13CCC[C@H]1%25.[C@H]%19(CO)C7=O.[C@H]%20(C)C9=O.C%29%25=O.CS%23.N2%10.N%13%12.N%27%14.N%28%15.N%29%16.N%30%17.N%31%18.N5%19.N6%20.N7%21.N9%22	CC(C)C[C@H](N)C(=O)C(=O)[C@H](C(C)C)[C@@H](CCC(=O)O)C(=O)C[C@@H]1NC1=O.CC(C)C[C@H](NC(=O)[C@H](C)N)C(=O)O.CC(C)[C@@H]1NC(=O)[C@H](CO)NC(=O)[C@H](CCC(=O)O)NC(=O)[C@@H]2CCCN2C1=O.CS.N.NC(=O)CC[C@@H]1NC1=O.NC(=O)[C@@H](N)CO.N[C@H](C=O)CC(=O)O.c1ccccc1
[C@H]%15(CCCCN)C%20=O.[C@H]%21(CCC(=O)O)C2=O.[C@H]7(CCC8)C%19=O.[C@H]%12(CC(C)C)C(=O)O.C%15C[C@H](N)C1=O.[C@@H]%16(C%13=O)C(C)C.[C@@H]5(C2=O)C(C)C.[C@@H]%18(C6=O)C(C)C.[C@H]%16(CO)C%13=O.[C@H]6(CS)C%17=O.[C@H]%14(CS)C(=O)O.CS%16.N1%13.N%12%15.N%14%16.N%17%17.N%18%18.N%19%19.N%209.N%10.N2%11.N3%12	CC(C)CC(=O)C(=O)CCCC(=O)O.CC(C)C[C@H](N)C(=O)O.CC(C)[C@H](N)C(=O)[C@@H](CS)C(N)=O.CC(C)[C@H]1C(=O)C(=O)[C@@H]1CO.CCCCC(N)=O.CSN[C@@H](CS)C(=O)O.N.N.N.NCCCC[C@H](CC[C@H](N)C(N)=O)C(N)=O
C%36(=O)[C@@H]%18CCCCN.C5(=O)[C@@H]%24CCCC(=O)O.C9(=O)[C@@H]%30CCCCN.C%10(=O)[C@@H](N)CC(C)C.c1%38c[nH]c2ccccc12.CC(C)C[C@H]%15C%11=O.C%25(=O)[C@@H]%19[C@@H](C)C.C8(=O)[C@@H]%26C(C)C.C3(=O)[C@@H]%16C%34.C%14(=O)[C@@H]%17C%37.c1%37ccccc1.[C@@H]1%33CCCN1%40.C%41(=O)[C@@H]%21C%38.c1%34c[nH]cn1.C%42(=O)[C@@H]%20C.C%43(=O)[C@@H]%21C.C5(=O)[C@@H]%26C.c1%35c[nH]cn1.C7(=O)[C@@H]%28C.C8(=O)[C@@H]%29C.[C@H]%31(C)C%13=O.N%23C(=N)N.C%32C(=O)O.C%39%33=O.N3%15.N%14%16.N%25%17.N%36%18.N%39%19.N%41%20.N%42%21.N%43%22.N4%23.N5%24.N6%26.N7%27.N8%28.N9%29.N%10%30.N%11%31.N%13%32	CC(C)C[C@H](N)C(=O)N[C@@H](CCCCN)C(=O)N[C@@H](C)C(=O)C(=O)[C@H](C(C)C)[C@@H](C)C(=O)C(=O)[C@@H](N)CCCC(=O)O.CC(C)C[C@H](NC(=O)[C@H](Cc1c[nH]cn1)NC(=O)[C@H](Cc1ccccc1)NC(=O)[C@@H](NC(=O)[C@@H]1CCCN1)C(C)C)C(=O)N[C@@H](C)C(=O)NCC(=O)O.C[C@H](N)C(N)=O.C[C@H](NC(=O)[C@H](Cc1c[nH]c2ccccc12)[C@@H](C)C(N)=O)C(N)=O.N.N=C(N)NN.NCCCC[C@@H]1NC1=O.c1c[nH]cn1
C%24(=O)[C@@H]9CCC(=O)O.CC[C@H](C)[C@H]6C(=O)O.C2(=O)[C@@H]7CC(=O)O.C%13(=O)[C@@H]8CC(=O)O.C%26(=O)[C@@H]%12CCC%14.C%28(=O)[C@@H]%15CCC%16.C%29(=O)[C@@H]%19[C@@H](C)CC.C3(=O)[C@@H]%20CC(C)C.C4(=O)[C@@H]%21CCC%22.C%30(=O)[C@@H]6C(C)C.C%24(=O)[C@@H]%17CO.C%29(=O)[C@@H]%17C%22.C%24(=O)[C@@H]%10C.c1%23c[nH]cn1.C%27(=O)C%10.N%14C(=N)N.N%16C(=N)N.N%22C(=N)N.N27.N%138.N%249.N%26%10.N%27%12.N%28%15.N%29%16.N%30%18.N3%19.N4%20.N5%21	CC[C@H](C)[C@@H](C(=O)O)[C@H](C(N)=O)C(C)C.CC[C@H](C)[C@@H]1NC(=O)[C@H](CC(C)C)NC(=O)[C@@H](N)CCCC[C@H]([C@@H](CO)C(=O)C(=O)[C@H](CCC(=O)O)NC(=O)[C@H](C)CC(=O)N[C@@H](CCCNC(=N)N)C(N)=O)C(=O)C1=O.N.N=C(N)N.N=C(N)NCCC[C@@H]1NC1=O.O=C(O)C[C@@H]1NC1=O.O=C(O)C[C@@H]1NC1=O.c1c[nH]cn1
4=N.C%17(=O)C%12.C%18(=O)C%15.C2(=O)C(=O)O.N19.N%12%10.S%15C.N%17%12.N%18%14.N%19%15.N%20	INVALID
[C@H]%15(CCCCN)C(=O)O.[C@H]9(CCC%10)C%22=O.[C@H]%14(CC(=O)O)C3=O.C2(=O)[C@@H]6CC%16.C%20(=O)[C@@H](N)CC%17.[C@@H]%12(C%23=O)C(C)C.N1%19CCC[C@H]1%18.[C@H]8(CO)C%24=O.[C@H]%11(CO)C%25=O.C%13(=O)C5.C8C%21=O.N%10C(=N)N.C%19%18%18=O.N24.N%135.S%16C.N%206.N%217.N%228.N%239.N%24%11.N%25%12.N3%14.N4%15	INVALID
CCC(NO)O.C%20(=O)[C@@H]6CCC(N)=O)C2=O.C%13(=O)[C@@H]8CC%12[C@H]%17(CCC%18)C%23=O.[C@H]9(CCC%14)C%13=O.N%17C(=N)N.N%12C(=N)N.C%19(=O)CN.N%12C(=N)N.C%17%18=O.N13.N%134.N%176.N%208.N%219.S%15C.N%22%10.N3%11	INVALID
c1%27c[nH]c2ccccc12.c1%28c[nH]c2ccccc12.c1%32c[nH]c2ccccc12.C4(=O)[C@@H]%16CCC(N)=O.C%40(=O)[C@@H]%17CC(N)=O.C%40(=O)[C@@H]%19CC(C)C.C%26C[C@H]%10C5=O.C%39(=O)[C@@H]%16C(C)C.[C@@H]%20(C8=O)C(C)C.C%25(=O)[C@@H]%12C%29.c1%29ccccc1.C%41(=O)[C@@H]%13CS.C4(=O)[C@@H](N)CC%32.C3(=O)[C@@H]%11C%33.c1%33ccccc1.C%36(=O)[C@@H]%15C%34.[C@H]%24(C%35)C(=O)O.c1%35ccccc1.[C@H]%22(C%28)C7=O.C%34(=O)[C@@H]%19C.N%27C(=N)N.CS%26.N%14%10.N%25%11.N%36%12.N%39%13.N%40%15.N%40%16.N%41%17.N4%18.N5%19.N6%20.N7%21.N8%22.N9%23.N%10%24	CC(C)C[C@@H](C(=O)C(=O)[C@H](CC(N)=O)NC(=O)[C@H](CS)NC(=O)[C@H](C(C)C)[C@@H](CCC(N)=O)C(=O)C(=O)[C@@H](N)CCc1c[nH]c2ccccc12)[C@@H](C)C(=O)C[C@H](NN)C(=O)N[C@@H](Cc1ccccc1)C(=O)N[C@H](C=O)Cc1ccccc1.CC(C)[C@H](N)C(=O)N[C@@H](Cc1c[nH]c2ccccc12)C(N)=O.CSCC[C@H](N)C(N)=O.N.N.N=C(N)Nc1c[nH]c2ccccc12.N[C@@H](Cc1ccccc1)C(=O)O
C3(=O)[C@@H]%18CCC(N)=O.C%36(=O)[C@@H]%20CCCN.C4(=O)[C@@H]%31CCC(N)=O.C5(=O)[C@@H]%32CCCCN.C7(=O)[C@@H]%35CCC(N)=O.c1%46cc[nH]c2ccccc12.C8(=O)[C@@H]%34CCC(N)=O.C9(=O)[C@@H]%37CCC(N)=O.C%47(=O)[C@@H]%21CCC%22.C%49(=O)[C@@H]%24CCC%26.C%51(=O)[C@@H]%27CCC%28.C6(=O)[C@@H]%35CC(N)=O.C%13(=O)[C@@H](N)CC(N)=O.C9(=O)[C@@H]%23CCCCN.C%11(=O)[C@@H]%39CCCCN.[C@H]%41(CCC(N)=O)C%16=O.[C@H]%42(CCCCN)C(=O)O.C%44C[C@H]%17C%15=O.C%18(=O)[C@@H]%42CCC%43.c1%45ccccc1.C%12(=O)[C@@H]%40C.C%14(=O)C%19.N%22C(=N)N.C%50(=O)C%27.N%28C(=N)N.C%10(=O)C%38.N%43C(=N)N.CS%44.N3%17.N%14%18.N%25%19.N%36%20.N%47%21.N%49%23.N%50%24.N%51%27.N%52%29.N4%30.N5%31.N6%32.N7%33.N8%34.N9%35.N%10%37.N%11%38.N%12%39.N%13%40.N%15%41.N%16%42	INVALID
(=O.C%25(=O)[C@@H](N)CC%18.CC[C@H](C)[C@H]8C4=O.C%23(=O)[C@@H]%11CC(=O)O.N28.N%139.N%24%11.N%27%12.S%17C.N%28%14.N5%15.N6%16	INVALID
=O.C2(=O)[C@@H]9CO%17.c1%18ccccc1.[C@H]%12(CO)C%27=O.[C@H]%10(CO)C5=O.[C@H]%14(C)C(=O)O.C%24%16=O.N26.N%137.N%238.N%249.N%26%10.N%27%11.N4%14.N4	INVALID
C%75(=O)[C@@H]%61CCCCN.[C@H]%67(CCC(N)=O)C%14=O.[C@H]%85(CCC(N)=O)C%30=O.[C@H]%88(CCCCN)C%36=O.[C@H]%89(CCCCN)C%37=O.CC[C@H](C)[C@H]%54C%11=O.C%86(=O)[C@@H]%61CC(=O)O.C%10(=O)[C@@H](N)CCC%62.[C@H]%66(CC(N)=O)C%13=O.[C@H]%67(CC(N)=O)C%14=O.[C@@H]%72(C%19=O)[C@@H](C)CC.[C@H]%73(CC(C)C)C%21=O.[C@H]%78(CC(C)C)C%26=O.[C@H]%80(CC(N)=O)C%28=O.[C@@H]%83(C%32=O)[C@@H](C)CC.[C@H]%82(CC(C)C)C%32=O.[C@H]%84(CC(C)C)C%33=O.[C@H]%87(CC(N)=O)C%35=O.[C@@H]%93(C%43=O)[C@@H](C)CC.[C@@H]%98(C%47=O)[C@@H](C)CC.[C@H]%100(CC(N)=O)C%49=O.C%31(=O)[C@@H]%57CC(C)C.C%42(=O)[C@@H]%58[C@@H](C)O.C%97(=O)[C@@H]%63[C@@H](C)O.[C@@H]%69(C%16=O)[C@@H](C)O.[C@@H]%70(C%17=O)[C@@H](C)O.[C@@H]%76(C%23=O)[C@@H](C)O.[C@@H]%79(C%27=O)[C@@H](C)O.[C@@H]%81(C%29=O)[C@@H](C)O.[C@@H]%91(C%39=O)[C@@H](C)O.[C@H]%95(CC%10%103)C%45=O.[C@H]%96(CC%104C%46=O.[C@@H]%10(C%50=O)[C@@H](C)O.C2(=O)[C@@H]%55CO.C%53(=O)[C@@H]%59CO.C%64(=O)[C@@H]%60CO.[C@@H]1%105CCCN1%10.[C@H]%65(C8)C%12=O.c118ccccc1.[C@H]%71(CO)C%18=O.N1%21CCC[C@H]14.[C@H]%74(CO)C%24=O.[C@H]%77(CO)C%25=O.[C@H]%90(CS)C%40=O.[C@H]%94(C9)C%44=O.c19ccccc1.[C@H]%99(C7)C%48=O.N1%50CCC[C@H]14.[C@H]%101(CO)C%52=O.N1%52CCC[C@H]15.C%20(=O)[C@@H]%56C.c16c[nH]cn1.[C@H]%92(C)C%41=O.c17c[nH]cn1.C%68C%15=O.C%85C%34=O.C3%105=O.C%22%106=O.C%51%107=O.C5(=O)O.N2%54.N%20%55.N%31%56.N%42%57.N%53%58.N%64%59.N%75%60.N%86%61.N%97%62.N3%63.N%11%65.N%12%66.N%13%67.N%14%68.N%15%69.N%16%70.N%17%71.N%18%72.N%19%73.N%22%74.N%23%76.N%24%77.N%25%78.N%26%79.N%27%80.N%28%81.N%29%82.N%30%83.N%32%84.N%33%85.N%34%87.N%35%88.N%36%89.N%37%90.N%38%91.N%39%92.N%40%92.N%41%93.N%43%94.N%44%95.S%102C.N%45%96.S%104C.N%46%98.N%47%99.N%48%100.N%49%101	INVALID
C%13(=O)[C@@H]%27CCC(=O)O.C%11(=O)[C@@H]%45CCC(N)=O.[C@H]%53(CCC(=O)O)C%20=O.[C@H]%58(CCCCN)C%23=O.C%35(=O)[C@@H]%29CC(C)C.C%57(=O)[C@@H]%31CCC%32.C%67(=O)[C@@H]%33CC(C)C.C6(=O)[C@@H]%39CCC%40.C9(=O)[C@@H]%43CCC%44.[C@H]%50(CC(N)=O)C%19=O.[C@H]%51(CC(C)C)C%25=O.[C@H]%59(CC(C)C)C(=O)O.CCCC[C@H]%26C%16=O.c1%66ccc(O)cc1.C5(=O)[C@@H]%38CC%61.C%15(=O)[C@@H](N)CC%62.[C@@H]%54(C%18=O)C(C)C.C%24(=O)[C@@H]%29C%65.c1%65ccccc1.[C@@H]1%63CCCN1%46.C%46(=O)[C@@H]%30C%66.C%68(=O)[C@@H]%34CO.C3(=O)[C@@H]%36C%66.C3(=O)[C@@H]%37C%67.c1%67ccccc1.C%12(=O)[C@@H]%47CO.C%14(=O)[C@@H]%48CO.[C@H]%51(CS)C%17=O.[C@H]%52(CO)C%19=O.[C@H]%55(COO)C%21=O.[C@H]%56(C%64)C%22=O.c1%64c[nH]cn1.C%13(=O)C%28.N%32C(=N)N.C4(=O)C%37.N%40C(=N)N.C8(=O)C%41.C%10(=O)C%42.N%44C(=N)N.N%44C(=N)N.CS%60%60.N2%26.N%24%27.N%35%28.N%46%29.N%57%30.N%68%31.N%69%33.N3%34.N4%36.N5%37.S%61C.N6%38.N7%39.N9%41.N%10%42.N%11%43.N%12%45.N%14%47.S%62C.N%15%48.N%16%49.N%17%51.N%18%52.N%19%53.N%20%54.N%21%55.N%22%56.N%23%58.N%25%59	INVALID
C%14(=O)[C@@H]%17CCC(=O)O.c1%42c[nH]c2ccccc12.C6(=O)[C@@H]%32CCC(N)=O.C3(=O)[C@@H]%16CC(N)=O.C%43(=O)[C@@H]%21CC(=O)O.C%44(=O)[C@@H]%22[C@@H](C)CC.C%46(=O)[C@@H]%23CC(C)C.C5(=O)[C@@H]%28CC(C)C.C7(=O)[C@@H]%30CC%31.[C@H]%34(CC(C)C)C%13=O.[C@H]%37(CC(C)C)C(=O)O.C%45(=O)[C@@H]%24[C@@H](C)O.C%45(=O)[C@@H]%24[C@@H](C)O.[C@@H]1%39CCCN1%36.C%42(=O)[C@@H]%20CO.C%43(=O)[C@@H]%26C%39.C4(=O)[C@@H]%27C%41.C8(=O)[C@@H]%31CO.[C@@H]1%40CCCN1%11.C%11(=O)[C@@H](N)CO.C%36(=O)[C@@H]%19C.c1%41c[nH]cn1.N%32C(=N)N.C%25%39=O.C9%40=O.N3%15.N%14%16.N%25%17.N%43%18.N%44%19.N%45%20.N%46%22.N%46%23.N4%24.N5%26.N6%27.N7%28.N8%29.N9%30.S%38C.N%10%32.N%12%33.N%13%35.N%15%37	CC(C)CCC(N)=O.CC(C)C[C@H](NNC(=O)[C@H](CC(N)=O)NC(=O)[C@H](CCC(=O)O)NC=O)C(=O)O.CC[C@H](C)[C@H](NC(=O)[C@@H](N)CC(C)C)C(=O)N[C@@H](C)C(=O)N1CCC[C@H]1C[C@H](NC(=O)[C@H](CC(C)C)NC(=O)[C@H](CC[C@@H](CO)C(N)=O)NC(=O)[C@@H]1CCCN1C(=O)[C@@H](N)CO)C(=O)C(=O)CCC(=O)O.CS.C[C@@H](O)[C@H]1C(=O)C(=O)[C@@H]1[C@@H](C)O.N.N.N.N=C(N)N[C@@H](CCC(N)=O)C(=O)N[C@@H](Cc1c[nH]cn1)C(N)=O.N[C@@H](CO)C(=O)c1c[nH]c2ccccc12
c1%57c[nH]c2ccccc12.[C@H]%46(CCC(=O)O)C%15=O.c1%60c[nH]c2ccccc12.C%25(=O)[C@@H]%26CC(=O)O.C%36(=O)[C@@H]%27CCC%28.C%60(=O)[C@@H]%31CC(C)C.C%62(=O)[C@@H]%33CC(C)C.C5(=O)[C@@H]%35CC(=O)O.C7(=O)[C@@H]%38CC(C)C.C8(=O)[C@@H]%39CC(C)C.C%10(=O)[C@@H]%40CCC%41.C9(=O)[C@@H]%39CCC%108.C%10(=O)[C@@H](N)CCC%48.C%52C[C@H]%22C%11=O.C%14(=O)[C@@H]%23C(C)C.C%47(=O)[C@@H]%29[C@@H](C)O.[C@H]%40(CC%53)C%12=O.[C@@H]%42(C%17=O)[C@@H](C)O.[C@@H]%45(C%19=O)C(C)C.[C@@H]%51(C(=O)O)C(C)C.C3(=O)[C@@H]%24C%56.c1%56ccccc1.C%62(=O)[C@@H]%32C%57.[C@@H]1%54CCCN14.C6(=O)[C@@H]%38C%59.c1%59ccccc1.[C@H]%48(C%55)C%18=O.[C@H]%49(C%60)C%22=O.C%58(=O)[C@@H]%30C.c1%55c[nH]cn1.N%28C(=N)N.N%43C(=N)N.C%45C%16=O.N%48C(=N)N.C%50C%20=O.C3%55%54=O.CS%52.N3%22.N%14%23.N%25%24.N%36%26.N%47%27.N%58%29.N%61%30.N%62%31.N%63%32.N5%33.N7%34.N8%37.N9%38.N%10%39.N%11%40.S%53C.N%12%41.N%13%42.N%15%44.N%16%45.N%17%46.N%18%48.N%19%49.N%20%50.N%21%51	INVALID
[C@H][C@H]6(CCC(=O)O)C%14=O.c1%17c[nH]c2ccccc12.[C@H]%10(CC(=O)O)C%24=O.[C@H]%14(CC(C)C)C(=O)O.[C@H]7(CC(C)C)C%23=O.[C@H]%10(CCC%11)C6=O.C%16C[C@H](N)C3=O.c1%18ccc(O)cc1.[C@H]7(CO)C%21=O.[C@H]8(C%17)C%22=O.[C@H]9(C%18)C%25=O.[C@H]%13(C%19)C%27=O.c1%19ccccc1.c1%16c[nH]cn1.N%11C(=N)N.CS%16.N37.N%218.N%229.N%23%10.N%24%11.N%26%13.N4%14	INVALID
C%33(=O)[C@@H]%16CCC(=O)O.C3(=O)[C@@H]%17CCC(=O)O.CC[C@H](C)[C@H]%10C%39=O.[C@H]%15(CC(C)C)C7=O.[C@H]%20(CC(C)C)C8=O.C%13(=O)[C@@H]%12CO.C%29(=O)[C@@H]%14CS.C%30(=O)[C@@H]%15CS.N1%32CCCC[C@H]1%25.N1%35CCC[C@H]1%26.[C@H]%19(C%27)C4=O.[C@H]%22(CO)C(=O)O.C2(=O)[C@@H]8C.C%24(=O)[C@@H]%14C.[C@H]%18(C)C3=O.c1%27c[nH]cn1.CC%19C5=O.C%33%25=O.C%36%26=O.N27.N%13%11.N%24%11.S%23C.N%34%13.N%37%14.N%38%15.N%39%16.N4C.N5%17.N3%18.N6%18.N7%19.N8%20.N9%21.N%10%22	CC(C)C[C@H](N)C(=O)[C@@H](C)C(=O)NC(=O)[C@H](CC(C)C)[C@H](C=O)CS.CC[C@H](C)[C@H](N[C@@H](CO)C(=O)O)C(=O)N[C@@H](CCC(=O)O)C(=O)C(=O)[C@@H]1CCCCN1.CNC(=O)[C@H](Cc1c[nH]cn1)C(C)C(=O)N[C@@H](CCC(=O)O)C(=O)C(=O)[C@H](C)N.CS.C[C@@H](C(=O)NNC(=O)CCO)[C@H](C=O)CS.N.N.N.N.N.N.O=C[C@@H]1CCCN1
[C@H]%16(CCCCN)C%37=O.[C@H]%26(CCCCN)C%43=O.[C@H]%30(CCC(=O)O)C%10=O.[C@H]%17(CCC%18)C%34=O.[C@H]%19(CC(N)=O)C3=O.[C@H]%25(CC(N)=O)C7=O.[C@H]%29(CC(=O)O)C9=O.C%32C[C@H](N)C2=O.[C@@H]%14(C%12=O)C(C)C.[C@H]%20(CC%33)C%39=O.[C@@H]%21(C6=O)C(C)O.[C@@H]%31(C(=O)O)C(C)C.[C@H]%14(CO)C%24=O.[C@H]%21(CO)C%39=O.[C@H]%27(CO)C5=O.[C@H]%25(C)C4=O.N%18C(=N)N.C%22C%41=O.C%23C3=O.C%28C8=O.C%28C%10=O.N2%12.N%13%14.N%24%15.N%34%16.N%37%17.N%38%19.N%39%20.N%40%21.N%41%22.N3%23.N4%25.N5%26.N6%27.N7%28.N8%29.N9%30.N%10%31	CC(C)[C@H](N)C(=O)O.CC[C@H](N)C(=O)C(=O)[C@H](CO)[C@H](C(=O)N[C@@H](CO)C(=O)N[C@H](C=O)CCCCN)C(C)O.CC[C@H](N)C(=O)NC(=O)[C@H](C(C)C)[C@@H](CO)C(N)=O.C[C@@H](C(N)=O)[C@@H](CC(N)=O)C(N)=O.N.N.N=C(N)NCCC[C@@H]1NC(=O)[C@H](CCCCN)NC1=O.NCC(=O)C(=O)[C@@H](N)CC(N)=O.O=C(O)CC[C@@H]1NC(=O)[C@H](CC(=O)O)NC(=O)CCC(=O)C1=O.O=C1CN1
CC[C@H](C)[C@H]5C%20=O.[C@@H]%10(C%22=O)[C@@H](C)CC.[C@H]%11(CC(=O)O)C%23=O.[C@H]%12(CC(N)=O)C5=O.C%20(=O)[C@@H](N)CC%15.c1%19ccc(O)cc1.C2(=O)[C@@H]6CS.C%13(=O)[C@@H]7CO.[C@H]8(CO)C%21=O.N1%23CCC[C@H]1%17.[C@H]9(CS)C%26=O.[C@H]9(C%19)C3=O.N15CCC[C@H]1%18.c1%16c[nH]cn1.[C@H]%13(C)C3%16=O.C%24%17=O.C%18(=O)O.N26.N%137.S%16C.N%208.N%219.N%25%10.N%22%11.N%24%12.N4%14	INVALID
c1%40c[nH]c2ccccc12.[C@H]%29(CCCCN)C%41=O.[C@H]%30(CCC(=O)O)C7=O.[C@H]%33(CCCCN)C8=O.[C@H]%35(CCC(=O)O)C%15=O.CC[C@H](C)[C@H]%13C%14=O.[C@H]%17(CCC%18)C%41=O.[C@H]%19(CCC%20)C%43=O.[C@H]%22(CCC%23)C%45=O.[C@H]%26(CCC%27)C4=O.[C@@H]%28(C6=O)[C@@H](C)CC.[C@H]%31(CC(N)=O)C%12=O.[C@H]%37(CC(C)C)C(=O)O.C3(=O)[C@@H]%15C.N1%36CCC[C@H]1%38.[C@H]%29(C%40)C9=O.[C@H]%21(C)C%42=O.c1%39c[nH]cn1.[C@H]%31(C)C%10=O.C%16C%25=O.N%18C(=N)N.N%20C(=N)N.N%23C(=N)N.C%24C%44=O.N%27C(=N)N.C%25%38=O.N3%13.N%14%15.N%25%16.N%36%17.N%40%19.N%41%21.N%42%22.N%43%24.N4%26.N5%28.N6%29.N7%30.N8%31.N9%32.N%10%33.N%11%35.N%12%37	CC(C)C[C@H](NC(=O)[C@H](CC(N)=O)[C@@H](C)C(=O)N[C@@H](CCCCN)C(N)=O)C(=O)O.CC[C@H](C)[C@H](N)C(N)=O.CC[C@H](C)[C@H](NC(=O)[C@H](C)C(=O)[C@@H](N)CCC(=O)O)C(N)=O.C[C@H](N)C(=O)N[C@H](C=O)CCCNC(=N)N.N=C(N)NCCC[C@@H]1NC1=O.N=C(N)NCCC[C@H](N)C(=O)NCC=O.N=C(N)NCCC[C@H](NN1CCC[C@H]1C(=O)C(=O)CN)C(=O)C(=O)[C@H](CCCCN)[C@@H](Cc1c[nH]c2ccccc12)C(N)=O.O=C(O)CC[C@@H]1NC1=O.c1c[nH]cn1
%113(CO)C%57=O.N1%69CCC[C@H]1%11.N1%74CCC[C@H]1%12.[C@H]6(CO)C%80=O.N1%83CCC[C@H]1%13.N1%91CCC[C@H]1%16.N1%39CCC%123=O.C%83%114=O.C3%17=O.C%166=O.C%25%32=O.C%27%20=O.C%949=O.C%97%22=O.C%38	INVALID
C2(=O)[C@@H]8CCCCN.C%22(=O)[C@@H]%10CCCCN.C3(=O)[C@@H](N)CC(N)=O.[C@H]%14(CC(N)=O)C5=O.C%16C[C@H]6C4=O.C%23(=O)[C@@H]9[C@@H](C)O.C%24(=O)[C@@H]7CO.[C@@H]1%18CCCN1%23.N1%25CCC[C@H]1%19.N13CCC[C@H]1%20.[C@H]%15(CO)C(=O)O.C%24%17=O.C%25%18=O.C%15%19=O.C%16%20=O.CS%16.N26.N%137.N%228.N%249.N%25%10.N%27%11.N%28%12.N4%14.N5%15	CS.C[C@@H](O)[C@H](N)C(=O)N1CCC[C@H]1C(=O)N1CCC[C@H]1C(=O)[C@@H](CO)C(=O)O.N.N.NCCCC[C@H](NC(=O)[C@@H](N)CCCCN)C(=O)N[C@@H](CCC(=O)[C@@H]1CCCN1C(=O)[C@@H](N)CC(N)=O)C(=O)N[C@@H](CC(N)=O)C(N)=O.N[C@@H](CO)C(=O)C=O
C%62(=O)[C@@H]%32CCC(=O)O.C7(=O)[C@@H]%38CCCCN.[C@H]%48(CCCCN)C%18=O.CC[C@H](C)[C@H]%22C%15=O.C%24(=O)[C@@H]%27CC(C)C.C%55(=O)[C@@H]%29CC(=O)O.C6(=O)[C@@H]%37CC(N)=O.C%11(=O)[C@@H]%40CC(=O)O.[C@H]%44(CC(C)C)C%16=O.[C@H]%47(CC(=O)O)C%21=O.[C@H]%49(CC(=O)O)C(=O)O.C%13(=O)[C@@H]%26C(C)C.C%46(=O)[C@@H]%28CC%50.c1%53ccc(O)cc1.c1%55ccc(O)cc1.C%12(=O)[C@@H](N)CC%51.c1%54ccc(O)cc1.C%56(=O)[C@@H]%30C%52.C%57(=O)[C@@H]%31C%52.C3(=O)[C@@H]%33CO.C%10(=O)[C@@H]%39CO.C%14(=O)[C@@H]%41C%54.C2(=O)[C@@H]%23C.c1%52c[nH]cn1.C4(=O)[C@@H]%34C.C8(=O)[C@@H]%38C.[C@H]%43(C)C%17=O.[C@H]%47(C)C%19=O.C5(=O)C%36.C9(=O)C%41.N2%22.N%13%23.N%24%26.N%35%27.S%50C.N%46%28.N%56%29.N%56%30.N%57%31.N3%32.N4%33.N5%34.N7%36.N8%37.N9%38.N%10%39.N%11%40.N%12%41.S%51C.N%14%42.N%15%43.N%16%44.N%17%45.N%18%47.N%19%48.N%21%49	CC(C)C[C@@H]1NC1=O.CC[C@H](C)[C@H](NC(=O)[C@H](C)NC(=O)[C@@H](NC(=O)[C@@H](N)CC(C)C)C(C)C)C(=O)N[C@@H](C)C(N)=O.CSCC[C@@H]1NC1=O.CSCC[C@H](N)C(N)=O.C[C@@H](C(=O)N[C@@H](CCCCN)C(N)=O)[C@@H](CC(=O)O)C(=O)N[C@@H](CC(=O)O)C(=O)O.C[C@H](NC(=O)CNC(=O)[C@H](CCCCN)[C@@H](C)C(=O)N[C@H](C=O)CC(N)=O)C(=O)N[C@@H](CO)C(=O)N[C@H](C=O)CCC(=O)O.NC(=O)C[C@@H](Cc1ccc(O)cc1)C(N)=O.N[C@@H](CC[C@@H]1NC1=O)C(=O)N[C@@H](CC(=O)O)C(=O)c1ccc(O)cc1.O=C(O)C[C@@H]1NC1=O.O=C1N[C@H]1CO.Oc1ccccc1.c1c[nH]cn1
C%45(=O)[C@@H]%21CCC(=O)O.C3(=O)[C@@H]%24CCC(N)=O.CC[C@H](C)[C@H]%14C6=O.C%13(=O)[C@@H]%15CC(N)=O.C%44(=O)[C@@H]%19CCC%20.C%45(=O)[C@@H]%25CCC%26.[C@H]%32(CCC%33)C%10=O.c1%39ccc(O)cc1.[C@H]%34(CC(C)C)C9=O.C%35(=O)[C@@H]%17C(C)C.c1%40ccc(O)cc1.c1%41ccc(O)cc1.C6(=O)[C@@H]%29C(C)C.[C@@H]1%37CCCN1%44.C%44(=O)[C@@H](N)C%38.c1%38ccccc1.C%42(=O)[C@@H]%28C%39.[C@H]%31(C%40)C%11=O.[C@H]%36(C)C(=O)O.C2(=O)C%15.N%20C(=N)N.C%43(=O)C%22.N%26C(=N)N.C3(=O)C%28.C6(=O)C%28.C%30C%12=O.N2%14.N%13%15.N%24%16.N%35%17.N%42%18.N%43%19.N%44%21.N%45%22.N3%23.N4%25.N5%27.N6%28.N7%29.N8%30.N9%31.N%10%32.N%11%34.N%12%36	CC(C)C[C@@H]1NC(=O)[C@H](Cc2ccc(O)cc2)NC1=O.CC(C)[C@@H]1NC1=O.CCC[C@@H]1NC1=O.CC[C@H](C)[C@H](NC(=O)C[C@@H](CC(N)=O)C(N)=O)C(=O)C(=O)[C@@H](N)C(C)C.C[C@H](NC(=O)CN)C(=O)O.N.N.N=C(N)NCCC[C@H](N)C(=O)C(=O)[C@H](CCC(=O)O)NC(=O)[C@@H](N)Cc1ccccc1.N=C(N)NCCC[C@H](NC(=O)CN)C(=O)N1CCCC1.NC(=O)CC[C@H](N)C(=O)C(=O)C[C@@H](Cc1ccc(O)cc1)C(N)=O.O=C1CN1.Oc1ccccc1
C%13(=O)[C@@H]7CCC(=O)O.C%19(=O)[C@@H]6CCCN.C%23(=O)[C@@H]%12CCCCN.C%24(=O)[C@@H](N)CCCCNN.[C@H]%15(CCCCN)C2=O.[C@H]%19(CCCCN)C(=O)O.C4C[C@H]5C%23=O.C%13(=O)[C@@H]8CCC9.[C@H]%17(CCC%18)C%26=O.C%21(=O)[C@@H]%14.[C@H]%16(C%18)C%26=O.c1%15c[nH]cn1.[C@H]%16(C)C3=O.N9C(=N)N.C%11C%22=O.C%20(=O)C%11.N%18C(=N)N.N24.N%125.N%186.N%207.N%218.N%22%11.N%23%12.N%24%14.N%25%15.N3%16.N4%17	C[C@@H](C(N)=O)[C@H]1CCCC[C@H](N)C(=O)C1=O.N.N.N=C(N)NCCC[C@H](NC(=O)[CH]NC(=O)[C@@H](N)CCCCNN)C(=O)C(=O)[C@H](CCC(=O)O)NC(=O)CCC(N)=O.N=C(N)NN[C@@H](CCCN)C(=O)[C@@H](CCCCN)C(=O)O.NCCCC[C@@H]1N[C@@H](CCNC(=O)[C@H](CCCCN)c2c[nH]cn2)C(=O)C1=O
C%17(=O)[C@@H]7CCC(N)=O.CC[C@H](C)[C@H]3C%19=O.C%12(=O)[C@@H]5CC(=O)O.[C@H]8(CC(C)C)C%19=O.[C@H]9(CCC%10)C%20=O.[C@@H]%111(C%21=O)[C@@H](C)CC.[C@@H]%11(C%22=O)[C@@H](C)CC.[C@H]%12(CC%15)C%24=O.[C@H]%13(CO)C(=O)O.C2(=O)C4.C%18(=O)CN.N%10C(=N)N.N13.N%124.N%175.N%186.N%197.N%208.N%219.N%22%11.S%15C.N2%14	INVALID
[C@H]9(CCCCN)C%24=O.c1%20c[nH]c2ccccc12.[C@H]%14(CCCCN)C4=O.C3(=O)[C@@H]6CC(N)=O.C%14(=O)[C@@H]7CC(C)C.[C@H]%48(CCC%49)C%23=O.[C@H]%12(CCC%13)C%25=O.C%16C[C@H]5C%23=O.C%22(=O)[C@@H](N)C%19.c1%19ccccc1.N1%25CCC[C@H]1%17.[C@H]%14(C)C(=O)O.C%21(=O)[C@@H]8C.C%21(=O)[C@@H]%10C.c1%18c[nH]cn1.N%13C(=N)N.C%26%17=O.CS%16.N35.N%206.N%217.N%228.N%239.N%24%10.N%26%12.N%27%13.N4%15	CC(C)C[C@H](N)C(=O)[C@@H](CCCCN)C(N)=O.CCC(=O)O.CCCCC(=O)C(=O)[C@H](CCSC)NC(=O)[C@H](CC(N)=O)Nc1c[nH]c2ccccc12.C[C@H](NC(=O)[C@@H](N)CCCCN)C(=O)C(=O)[C@H](C)NC(=O)[C@@H](N)Cc1ccccc1.N.N=C(N)NCCC[C@@H]1NC(=O)[C@@H]2CCCN2C1=O.c1c[nH]cn1
[C@H]4(CCC(N)=O)C%13=O.CC[C@H](C)[C@H](N)C2=O.[C@H]5(CCC6)C%13=O.[C@H]6(CC(C)C)C%20=O.[C@H]%10(CCC%11)C%22=O.[C@H]%12(CC(N)=O)C%24=O.[C@H]%15(CC(C)C)C(=O)O.[C@@H]%14(C%21=O)[C@@H](C)O.[C@H]8(CO)C%21=O.C%151C3=O.C%10C%23=O.N%18C(=N)N.C%18%16=O.N24.N%125.N%186.N%197.N%208.N%229.N%23%11.N%24%12.N%25%14.N3%15	CC(C)C[C@H](CC(N)=O)C(=O)O.CC[C@H](C)[C@H](N)C(=O)N[C@@H](CCC(N)=O)C(=O)C(=O)[C@H](CCC[C@@H](CC(C)C)C(=O)N[C@@H](CO)C(=O)C(=O)[C@@H](N)[C@@H](C)O)N[C@@H](CC(N)=O)C(N)=O.N.N.N=C(N)NC=O.NC(=O)[C@@H]1CCCNC(=O)C1
)C(C)C.C2(=O)[C@@H]%10C(C)C.[C@H]%98(C%28)C%21=O.[C@H]%111(CO)C%44=O.N1%48CCC[C@H]15.[C@H]%114(C%29)C%65=O.N1%61CCC[C@H]16.[C@H]7(C%26)C%20=O.c1%26ccccc1.c1%20c[nH]cn1.[C@@H]1%19CCCN1.N%28C(=N)N.C%10%115=O.C5%12=O.C%12(=O)O.N29.N%19%36=	INVALID
C3(=O)[C@@H]%18CCC(=O)O.C%36(=O)[C@@H]%22CCC(=O)O.C%46(=O)[C@@H]%23CCCCN.c1%44c[nH]c2ccccc12.C9(=O)[C@@H]%31CCC(=O)O.[C@H]%32(CCCCN)C%16=O.CC[C@H](C)[C@H]%17C%11=O.C%14(=O)[C@@H]%19CC(C)C.C%47(=O)[C@@H]%21CC(C)C.C%50(=O)[C@@H]%24CC(C)C.C5(=O)[C@@H]%27CC(N)=O.[C@@H]%33(C%12=O)[C@@H](C)CC.[C@H]%35(CC(=O)O)C%16=O.C5(=O)[C@@H]%28CC%39.C7(=O)[C@@H]%30[C@@H](C)O.C%10(=O)[C@@H](N)CC%40.c1%42ccccc1.[C@@H]1%41CCCN1%46.C4(=O)[C@@H]%29C%43.c1%43ccccc1.C8(=O)[C@@H]%32C%44.[C@H][C@H]%34(CO)C%15=O.C%25(=O)C%20.C%49(=O)C%23.C%51(=O)C%25.C8(=O)C%31.C%38C(=O)O.N3%17.N%14%18.N%25%19.N%36%20.N%47%21.N%48%22.N%49%23.N%50%24.N%51%26.N4%27.S%39C.N5%28.N7%29.N8%30.N9%31.N%10%32.S%40C.N%11%33.N%12%34.N%15%35.N%16%37	INVALID
C%24(=O)[C@@H]%10CCCCN.C%36(=O)[C@@H]%19CCCCN.C3(=O)[C@@H]%26CCC(N)=O.C%37(=O)[C@@H]%12CC(N)=O.C%32(=O)[C@@H]%14CCC%14.C3(=O)[C@@H]%21CC(C)C.C8(=O)[C@@H]%27CCC%28.C(C)[C@H]9C(=O)O.C2(=O)[C@@H]%11[C@@H](C)O.C6(=O)[C@@H]%19CC%30.C%24(=O)[C@@H]%11C%31.c1%31ccccc1.C%28(=O)[C@@H]%15C%32.c1%32c[nH]cn1.C%34(=O)[C@@H]%17C.C%36(=O)[C@@H]%18C.N%15C(=N)N.N%16C(=N)N.C%35(=O)C%20.C4(=O)C%25.N%28C(=N)N.C5(=O)CN.N29.N%13%10.N%24%11.N%32%14.N%33%15.N%34%17.N%35%18.N%36%19.N%37%21.N%38%22.N4%23.N5%25.N6%27.S%30C.N7%28	CC(C)C[C@H](NC(=O)CCC(N)=O)C(=O)C(=O)CCCC(N)=O.CC[C@H](NC(=O)[C@H]([C@@H](C)O)[C@@H](Cc1ccccc1)C(=O)C(=O)[C@@H](N)CCCCN)C(=O)O.CSCC[C@@H](C(=O)N[C@H](C=O)CCCC(=O)[C@H](CC(=O)C1CCC1)NC(=N)N)[C@@H](CCCCN)C(=O)C(=O)[C@H](C)NC(C)=O.C[C@@H]1NC1=O.N.N.N.N.N=C(N)N.N=C(N)NN.NCC(=O)NCC(N)=O.Nc1c[nH]cn1
[C@H]6(CS)C%13=O.[C@H]%16(CCC%17)C%14=O.C%20C[C@H](N)C2=O.[C@@H]7(C%24=O)[C@@H](C)O.c1%23ccc(O)cc1.[C@@H]%14(C5=O)C(C)O.[C@H]8(CS)C%24=O.[C@H]%12(CS)C%26=O.N1%18CCC[C@H]1%22.[C@H]%18(C%23)C3=O.[C@H]7(C)C%27=O.C6C3=O.N9C(=N)N.C%10C%28=O.C%11C%29=O.C%15CC%29=O.N%17C(=N)N.C1%21=O.C%22(=O)O.CS%20.N26.N%137.N%248.N%259.N%25%10.N%26%11.N%27%14.N%28%15.N3%16.N4%18.N5%19	C=O.CC(O)[C@@H](C(N)=O)C(=O)[C@@H](N)CCCNC(=N)N.CSCC[C@H](N)C(N)=O.C[C@@H](O)[C@@H](C(=O)C(=O)[C@@H](N)CS)[C@@H](C)C(N)=O.N.N=C(N)NNNCC(=O)NCCC(=O)C(=O)CNC(=O)CCS.NC(=O)[C@H](CS)CC(=O)C(=O)[C@H](Cc1ccc(O)cc1)N1CCC[C@H]1C(=O)O
C%12(=O)[C@@H]5CCC(=O)O.C%15(=O)[C@@H]8CCCCN.C%18(=O)[C@@H]9CCCCN.C%22(=O)[C@@H]4CCCCN.C%13(=O)[C@@H]4CC(=O)O.C3(=O)[C@@H](N)CC(=O)O.C[C@H]3C(=O)O.C%17(=O)[C@@H]6CC(=O)O.C%20(=O)[C@@H]%10CCC%11.C1(=O)[C@@H]%18C.C%21(=O)[C@@H]9C.C%13(=O)C%14.N13.N%124.N%155.N%176.N%187.N%198.N%209.N%21%10.N%22%12	CC(=O)C(=O)[C@H](CC(=O)O)[C@@H](CCCCN)C(N)=O.CCC[C@H](NC(=O)[C@H](C)[C@@H](CCCCN)C(=O)[C@@H](C)C(N)=O)C(N)=O.C[C@@H](C(=O)O)C(=O)[C@@H](N)CC(=O)O.N.NCCCC[C@H](N)C(=O)N[C@@H](CCC(=O)O)C(N)=O.O=C(O)C[C@@H]1NC1=O
c1%84c[nH]c2ccccc12.C5(=O)[C@@H]%50CCCCN.C6(=O)[C@@H]%51CCCCN.[C@H]%60(CCCCN)C%20=O.[C@H]%65(CCC(=O)O)C%23=O.CC[C@H](C)[C@H]%34C%15=O.C%25(=O)[C@@H]%38CC(C)C.C%36(=O)[C@@H]%40CCC%41.C%47(=O)[C@@H]%42CCC%43.C%86(=O)[C@@H]%45CC(C)C.C%24(=O)[C@@H]%57CC(N)=O.[C@H]%66(CCC%67)C%26=O.[C@H]%71(CC(C)C)C%28=O.[C@H]%71(CC(C)C)C%29=O.C%13(=O)[C@@H](N)CC%78.[C@@H]%68(C%27=O)[C@@H](C)CC.[C@H]%74(CC(N)=O)C%31=O.[C@H]%77(CC(=O)O)C(=O)O.C4(=O)[C@@H]%49CCC%78.C8(=O)[C@@H]%52C(C)C.C7(=O)[C@@H]%53C(C)O.C%10(=O)[C@@H]%55C(C)C.C%12(=O)[C@@H]%56C(C)C.C%11(=O)[C@@H]%57[C@@H](C)O.[C@@H]%61(C%18=O)C(C)C.[C@@H]%62(C%21=O)[C@@H](C)C.c1%86ccc(O)cc1.[C@@H]%75(C%33=O)C(C)C.C%80(=O)[C@@H]%46C%83.c1%83ccccc1.C%87(=O)[C@@H]%48C%84.C9(=O)[C@@H]%54C%81.[C@@H]1%79CCCN1%17.c1%85ccccc1.[C@H]%72(C%86)C%30=O.C%14(=O)[C@@H]%37C.C%69(=O)[C@@H]%44C.c1%81c[nH]cn1.[C@H]%64(C)C%22=O.c1%82c[nH]cn1.[C@H]%73(C)C%32=O.C3(=O)C%39.N%41C(=N)N.N%43C(=N)N.N%56C(=N)N.C%17(=O)C%59C%63C%19=O.N%67C(=N)N.C%16%79=O.N3%34.N%14%35.N%25%38.N%36%39.N%47%40.N%58%42.N%69%44.N%80%45.N%87%46.N4%48.S%77C.N5%49.N6%50.N7%51.N8%52.N9%53.N%10%54.N%11%55.N%12%56.N%13%57.S%78C.N%15%59.N%16%60.N%18%61.N%19%62.N%20%63.N%21%64.N%22%65.N%23%66.N%24%68.N%26%70.N%27%71.N%28%72.N%29%73.N%30%74.N%31%75.N%32%76.N%33%77	CC(C)C[C@@H](C(=O)N[C@@H](C)C(N)=O)[C@@H](CC(C)C)C(=O)N[C@@H](C)C(=O)N[C@@H](CC(N)=O)C(=O)N[C@H](C(N)=O)C(C)C.CC(C)C[C@@H]1NC1=O.CC(C)[C@@H]1NC1=O.CC(C)[C@@H]1NC1=O.CC(C)[C@H](NC(=N)N)C(N)=O.CCC(N)=O.CC[C@H](C)[C@H](NC(=O)CNC(=O)[C@H](CCCNC(=N)N)NC(=O)[C@@H](N)CCCNC(=N)N)C(=O)NC1C(=O)N2CCC[C@H]2C(=O)N[C@@H](CCCCN)C(=O)NC1C(=O)N[C@H](C(=O)N[C@@H](C)C(=O)N[C@@H](CCC(=O)O)C(=O)N[C@@H](CCCNC(=N)N)C(N)=O)C(C)C.CC[C@H](C)[C@H](NC(=O)[C@H](CC(N)=O)[C@H](C(=O)N[C@H](C(=O)N[C@@H](Cc1c[nH]cn1)C(=O)N[C@H](C(=O)N[C@@H](CCCCN)C(=O)N[C@@H](CCCCN)C(=O)N[C@@H](CCCCC[C@H](N)C(N)=O)C(=O)N[C@@H](Cc1c[nH]c2ccccc12)C(=O)N[C@@H](Cc1ccccc1)C(=O)N[C@@H](CC(C)C)C(=O)c1ccc(O)cc1)C(C)O)C(C)C)[C@@H](C)O)C(N)=O.CS.CS[C@@H](CC(=O)O)C(=O)O.C[C@@H]1NC1=O.c1c[nH]cn1.c1ccccc1
[C@H]%22%19CCCC(=O)O)C%38=O.[C@H]%25(CCC(=O)O)C5=O.[C@H]%27(CCC(=O)O)C5=O.[C@H]%25(CC(=O)O)C7=O.[C@H]%28(CC(C)C)C(=O)O.C%29C[C@H]%14C%24=O.C2(=O)[C@@H](N)CC%30.[C@@H]%16(C%33=O)C(C)C.[C@@H]%17(C%34=O)C(C)C.[C@@H]%21(C%38=O)C(C)C.[C@@H]%23(C8=O)C(C)C.[C@@H]%26(C%12=O)C(C)C.[C@H]%15(CO)C%37=O.[C@H]%15(C%32)C%39=O.c1%32ccccc1.N15CCC[C@H]1%31.[C@H]%22(C)C%10=O.C%18C%35=O.C6%31=O.CS%29.N2%14.S%24C.N%24%15.N%33%16.N%34%17.N%36%18.N%37%19.N%38%20.N%39%21.N4%22.N6%23.N7%25.N8%26.N9%27.N%10%28	INVALID
C%13(=O)[C@@H]%11CCC(=O)O.C6(=O)[C@@H]%21CCC(=O)O.CC[C@H](C)[C@H]%10C9=O.C%30(=O)[C@@H]%15CC(=O)O.C%32(=O)[C@@H]%17CCC%18.C7(=O)[C@@H]%19CC(=O)O.C8(=O)[C@@H](N)[C@@H](C)O.[C@@H]1%26%26CCCN1%28.[C@@H]1%27CCCN1%29.C%29(=O)[C@@H]%16CO.C%33(=O)[C@@H]%20CO.C5(=O)[C@@H]%22CO.C%34(=O)[C@@H]%14C.C6(=O)[C@@H]%19C.C%24(=O)C%14.C%30(=O)C%12.C%31(=O)C%14.N%23C(=N)N.C2%26=O.C%31%27=O.N2%10.N%13%11.N%24%12.N%31%14.N%32%15.N%33%16.N%34%18.N%36%19.N4%20.N5%21.N6%22.N8%23	INVALID
C%30(=O)[C@@H](N)CCC(=O)O.c1%26cc[nH]22ccccc12.[C@H]%21(CCCCN)C5=O.CC[C@H](C)[C@H]9C%31=O.[C@H]%14(CC(=O)O)C%31=O.[C@H]%19(CCC%19)C8=O.C%29(=O)[C@@H]%15[C@@H](C)O.c1%27ccc(O)cc1.[C@H]%20(CC%23)C3=O.[C@@H]%17(C6=O)[C@@H](C)O.[C@@H]%21(C7=O)[C@@H](C)O.C%25(=O)[C@@H]%12C%26.c1%26ccccc1.C%29(=O)[C@@H]%13CO.[C@H]%16(C%27)C%30=O.[C@H]%22(C%28)C8=O.c1%28ccccc1.C%14(=O)[C@@H]%10C.C%28(=O)[C@@H]%11C.[C@H]%15(C)C%32=O.[C@H]%18(C)C%35=O.[C@H]%20(C)C4=O.N%23C(=N)N.N39.N%14%10.N%25%11.N%28%12.N%29%13.N%30%15.N%31%16.N%32%17.N%33%18.N4%20.S%24C.N6%20.N6%21.N7%22	INVALID
C4(=O)[C@@H]%29CCC(=O)O.c1%44c[nH]c2ccccc12.c1%46c[nH]c2ccccc12.C8(=O)[C@@H]%34CCC(=O)O.C%50(=O)[C@@H]%28CC(=O)O.C7(=O)[C@@H]%33CCCCN.C%12(=O)[C@@H]%39CCC(=O)O.CC[C@H](C)[C@H]%18C(=O)O.C%36(=O)[C@@H]%22CC(C)C.C%47(=O)[C@@H]%23CCC%24.C%50(=O)[C@@H]%27CC(=O)O.C%11(=O)[C@@H]%29[C@@H](C)CC.C%12(=O)[C@@H]%35CC(N)=O.C%25(=O)[C@@H]%19[C@@H](C)O.C%10(=O)[C@@H]%37CC%42.C3(=O)[C@@H]%19C%44.C%49(=O)[C@@H]%27C%45.c1%45ccccc1.C%15(=O)[C@@H]%32C%46.[C@H]%40(CO)C%17=O.C5(=O)[C@@H]%30C.C%36(=O)C%21.C%16(=O)[C@@H]%38C.C%51(=O)C%30.C6(=O)C%31.N%41C(=N)N.N3%18.N%14%19.N%25%20.N%36%21.N%47%22.N%49%23.N%50%26.N%49%27.N%50%28.N4%29.N5%30.N6%31.N7%32.N8%33.N9%34.N%10%35.S%42C.N%11%37.N%12%38.N%13%39.N%15%40	CCC[C@H](NC(=O)[C@H](Cc1ccccc1)[C@@H](CC(=O)O)C(=O)C(=O)[C@H](CC(=O)O)NN)C(=O)N[C@@H](CC(C)C)C(=O)C(=O)CN.CC[C@H](C)[C@@H](C(=O)N[C@@H](CCSC)C(=O)N[C@@H](CC(N)=O)C(=O)C(=O)[C@@H](N)CCC(=O)O)[C@@H](CCC(=O)O)C(N)=O.CC[C@H](C)[C@H](NC(=O)[C@H](Cc1c[nH]c2ccccc12)[C@H](C(N)=O)[C@@H](C)O)C(=O)O.C[C@H](CC=O)C(N)=O.C[C@H](N)C=O.N.N.N=C(N)N.NCCCC[C@H](NC(=O)[C@@H](N)CCC(=O)O)C(=O)N[C@@H](Cc1c[nH]c2ccccc12)C(=O)N[C@H](C=O)CO.O=C1CN1
[C@H]8(CC(=O)O)C%24=O.[C@H]%17(CCC%18)C%28=O.[C@H]%18(CCCCN)C(=O)O.[C@H]%14(CC(C)C)C9=O.C%19C[C@H]6C2=O.[C@H]7(C%23)C%13=O.c1%23ccccc1.N1%24CCC[C@H]1%20.[C@H]%10(CS)C%27=O.NN12CCC[C@H]1%21.[C@H]%16(CS)C5=O.[C@H]9(C)C%27=O.[C@H]%14(C)C%30=O.[C@H]%15(C)C%31=O.[C@H]%17(C)C4=O.C%12C%29=O.N%18C(=N)N.C%13C7=O.C%25%20=O.C3%21=O.CS%19.N26.N%137.N%258.N%269.N%27%10.N%28%12.N%29%13.N%30%15.N2%16.N4%17.N5%18	INVALID
[C@H]%17(CCC(=O)O)C%31=O.[C@H]6(CC(C)C)C%24=O.[C@H]8(CCC9)C%25=O.[C@H]%10(CC(=O)O)C%27=O.[C@H]%12(CC(=O)O)C%29=O.[C@H]%14(CC(=O)O)C%30=O.[C@H]%15(CC(=O)O)C4=O.[C@H]%16(CC(C)C)C5=O.[C@@H]%18(C%28(=O)[C@@H](C)O.C2(=O)[C@@H]7C%22.N1%13CCC[C@H]1%21.c1%22c[nH]cn1.N9C(=N)N.C%11C%28=O.C%19C(=O)O.C%25%20=O.C%14%21=O.N26.N%137.N%248.N%24C.N%23%10.N%26%11.N%27%12.N%28%14.N%29%15.N%31%16.N3%17.N4%18.N5%19	INVALID
c1%24c[nH]c2ccccc12.[C@H]%21(CCC(N)=O)C(=O)O.C[C@@H](C)[C@H](N)C3=O.[C@@H]%11(C%27=O)C(C)C.[C@H]%16(CC%22)C%30=O.[C@H]5(CCO)C4=O.[C@H]%19(C%24)C5=O.N17CCC[C@H]1%23.[C@H]%11(C)C%26=O.[C@H]%15(C)C%31=O.N%13C(=N)N.C%20C%103=O.C8%23=O.N3%10.N%14%11.N%25%12.N%27%15.N%28%16.S%22C.N%29%17.N4%18.N6%19.N8%20.N9%21	INVALID
1%18ccc(O)cc1.CC(C)C%18)C%12C)O.[C@H]6(CO)C%20=O.[C@H]4(CS)C%22=O.N2%12.N%10%19.N	INVALID
C%17(=O)[C@@H]%12CCC(=O)O.CC[C@H](C)[C@H]4C(=O)O.C19(=O)[C@@H]7CCC8.C%18(=O)[C@@H]%12[C@@H](C)CC.C%20(=O)[C@@H]%12CC(=O)O.C%17(=O)[C@@H]5CC%15.C%21(=O)[C@@H]%10C(C)C.C%22(=O)[C@@H]%14C(C)C.C%18(=O)[C@@H]5CO.C%12(=O)[C@@H]6C.C%19(=O)[C@@H]9C.N%11C(=N)N.N%14C(=N)N.N24.N%125.N%166.S%15C.N%177.N%189.N%19%10.N%20%11.N%21%12.N%22%14	INVALID
C%35(=O)[C@@H]%30CCC(N)=O.C%46(=O)[C@@H]%32CCCCN.[C@H]%43(CCCCN)C%11=O.[C@H]%44(CCC(=O)O)C%11=O.[C@H]%49(CCC(=O)O)C%14=O.CC[C@H](C)[C@H]%26C%10=O.C%66(=O)[C@@H]%36CC(C)C.C4(=O)[C@@H]%37[C@@H](C)CC.C5(=O)[C@@H]%38[C@@H](C)CC.C6(=O)[C@@H]%39CC(C)C.C9(=O)[C@@H](N)CC(N)=O.[C@@H]%45(C%12=O)[C@@H](C)CC.[C@@H]%47(C%15=O)[C@@H](C)O.[C@H]%49(CC(=O)O)C%17=O.[C@H]%50(CCC%51)C%18=O.[C@H]%54(CC(C)C)C%20=O.[C@H]%58(CC(N)=O)C%25=O.[C@H]%59(CC(=O)O)C(=O)O.C%13(=O)[C@@H]%28[C@@H](C)O.C%68(=O)[C@@H]%33[C@@H](C)O.C7(=O)[C@@H]%40C(C)C.C8(=O)[C@@H]%42CC%60.[C@@H]%48(C%16=O)C(C)C.[C@H]%53(CCC%61)C%19=O.[C@@H]%55(C%22=O)[C@@H](C)C.[C@H]%56(CC%62)C%23=O.C%35(=O)[C@@H]%31C%63.C%65(=O)[C@@H]%34CO.C3(=O)[C@@H]%37CO.[C@H]%52(C%64)C%20=O.c1%64ccccc1.c1%63c[nH]cn1.[C@H]%58(C)C%25=O.C2(=O)C%27.N%51C(=N)N.N2%26.N%13%27.N%24%28.N%35%29.N%46%30.N%57%31.N%65%32.N3%33.N%66%34.N3%36.N4%37.N5%38.N6%39.N7%40.N8%41.S%60C.N9%42.N%10%43.N%11%44.N%12%45.N%14%47.N%15%48.N%16%49.N%17%50.N%18%52.N%19%53.S%61C.N%19%54.N%20%55.N%21%56.N%22%56.S%62C.N%23%58.N%25%59	CC(C)C[C@@H]1NC1=O.CC(C)C[C@H](N)C(=O)C(=O)[C@H](Cc1ccccc1)NC(=O)[C@H](CCCNC(=N)N)NC(=O)[C@H](CC(=O)O)[C@@H](CCC(=O)O)C(=O)N[C@H](C(=O)N[C@H](C(N)=O)C(C)C)[C@@H](C)O.CC(C)C[C@H](N)C(=O)N[C@@H](CO)C(=O)N[C@@H](CCCCN)C(=O)N[C@@H](CCC(N)=O)C(=O)C(=O)[C@@H](N)Cc1c[nH]cn1.CC(C)[C@@H]1NC1=O.CC(C)[C@H](N)C(N)=O.CC[C@H](C)[C@@H](C(N)=O)[C@@H](CO)C(=O)N[C@H](C=O)[C@@H](C)O.CC[C@H](C)[C@@H]1NC1=O.CC[C@H](C)[C@@H]1NC1=O.CC[C@H](C)[C@H](NC(=O)CNC(=O)[C@@H](N)[C@@H](C)O)C(=O)N[C@@H](CCCCN)C(=O)C(=O)[C@@H](N)CCC(=O)O.CSCCC[C@@H]1NC1=O.CSCC[C@H](N)C(N)=O.CSCC[C@H](NC(=O)[C@@H](N)CC(N)=O)C(N)=O.C[C@H]1C(=O)C(=O)[C@@H]1CC(N)=O.N.N[C@@H](CC(=O)O)C(=O)O
C2(=O)[C@@H]%17CCC(N)=O.C%24(=O)[C@@H]%19CCC(=O)O.C%44(=O)[C@@H]%23CCCCN.C%45(=O)[C@@H]%23CCCCNO.CCCCN)C7=O.[C@H]%28(CCCCN)C7=O.[C@H]%29(CCCCN)C%10=O.[C@H]%30(CCCCN)C%14=O.CC[C@H](C)[C@H]%15C5=O.C%13(=O)[C@@H]%16CC(N)=O.C%35(=O)[C@@H]%18CCC%18.C%43(=O)[C@@H]%25[C@@H](C)CC.[C@H]%36(CCC%37)C(=O)O.C4(=O)[C@@H](N)CC%38.c1%41ccc(O)cc1.c1%42ccc(O)cc1.C%44(=O)[C@@H]%20C%39.c1%39ccccc1.[C@H]%31(C%40)C8=O.c1%40ccccc1.[C@H]%31(C%41)C%12=O.C3(=O)[C@@H]%27C.C%35(=O)C%22.C%32C%11=O.N%33C(=N)N.N%37C(=N)N.N2%15.N%13%16.N%24%17.N%35%18.N%43%19.N%43%20.N%44%21.N%45%22.N%46%23.N3%25.N4%26.N5%27.S%38C.N6%28.N7%29.N8%30.N9%31.N%10%32.N%11%33.N%13%36	INVALID
C%36(=O)[C@@H](N)CCC(N)=O.c1%35ccc[nH]22ccccc12.[C@H]%30(CCC(=O)O)C(=O)O.CC(C)C[C@H]%11C%37=O.[C@H]%13(CCC%22)C%42=O.[C@H]%24(CC(C)C)C6=O.[C@H]%29(CC(C)C)C(=O)O.[C@@H]%16(C%39=O)C(C)C.c1%31ccc(O)cc1.c1%32ccc(O)cc1.C3(=O)[C@@H]%12C%32.C%25(=O)[C@@H](N)C%33.c1%33ccccc1.[C@H]%17(C%34)C%40=O.c1%34ccccc1.[C@H]%20(C%35)C%40=O.[C@H]%23(C%37)C7=O.c1%37ccccc1.C%18C%38=O.C%21C4=O.C%26C7=O.C%27C9=O.N3%11.N%14%12.N%25%14.N%36%16.N%38%17.N%39%18.N%40%19.N%40%20.N%41%21.N%42%23.N4%24.N6%26.N7%27.N8%28.N9%29	INVALID
N[C@H]%18(CCC(=O)O)C%43=O.[C@H]%20(CCC(=O)O)C4=O.[C@H]%34(CCC(=O)O)C(=O)O.C%24(=O)[C@@H]%15CCC%16.[C@H]%19(CC(N)=O)C%43=O.[C@H]%22(CCC%23)C%45=O.[C@H]%25(CCC%26)C5=O.[C@H]%26(CC(=O)O)C6=O.[C@H]%29(CC(N)=O)C7=O.[C@H]%33(CC(N)=O)C%10=O.[C@H]%31(CCC%32)C%12=O.C%36C[C@H]%12C%42=O.C%35(=O)[C@@H](N)C(C)C.[C@H]%21(CO)C3=O.[C@H]%28(CO)C8=O.N1%16CCC[C@H]1%38.[C@H]%17(C)C%44=O.[C@H]%36(C)C%11=O.C1(=O)C%14.N%16C(=N)N.N%26C(=N)N.C%27C5=O.C%30C9=O.N%32C(=N)N.C%17%38=O.CS%36.N2%14.N%13%14.N%24%15.N%35%15.S%37C.N%43%17.N%40%18.N%42%19.N%44%20.N%45%21.N3%22.N4%25.N5%26.N6%27.N7%28.N8%29.N9%30.N%10%31.N%11%33.N%12%34	INVALID
)[C@@H](C)O.c1%18c[nH]cc(O)cc12.[C@@H]1%15CCCN1%13.C%25(=O)[C@@H]9C%17.C4(=O)[C@@H](N)CS.N14CCC[C@H]1%16.c1%17c[nH]cn1.[C@H]%10(C)C5=O.C3%15=O.C6%16=O.N27.S%12C.N%268.N%259.N%28%10.N5%11	INVALID
[C@H]%13(CCCCN)C%27=O.[C@H]%15(CCC(N)=O)C4=O.[C@H]%15(CCCCN)C6=O.c1%21c[nH]c2ccccc12.[C@H]%16(CC(N)=O)C7=O.C%14(=O)[C@@H]9CC7.c1%20ccc(O)cc1.C%23(=O)[C@@H]%12[C@@H](C)O.C%24(=O)[C@@H]%14C(C)C.[C@@H]%17(C5=O)C(C)C.C%22(=O)[C@@H]%12C%20.[C@H]%18(C%21)C(=O)O.C3(=O)C9.C%25(=O)CN.N38.N%149.N%22%10.N%23%11.N%24%12.N%25%13.N%27%15.N4%16.N5%17.N6%18	CC(C)[C@@H](C(N)=O)C(=O)[C@H](CCC(=O)[C@H](CC(N)=O)NC(=O)[C@H](CCC(N)=O)[C@@H](CCCCN)C(=O)N[C@@H](Cc1c[nH]c2ccccc12)C(=O)O)CC(N)=O.CC(C)[C@@H]1NC1=O.C[C@@H](O)[C@@H](C(N)=O)[C@@H](Cc1ccc(O)cc1)C(N)=O.N.NCCCC[C@H](NC(=O)CN)C(N)=O
C2(=O)[C@@H]%15CCCCN.CC(C)C[C@H]8C6=O.C%26(=O)[C@@H]%14CC(C)C.[C@@H]1%20CCCN1%22.[C@@H]1%21CCCN1%23.C%27(=O)[C@@H]%10CS.C%29(=O)[C@@H]%12C%22.c1%22ccccc1.C%29(=O)[C@@H]%16CS.C%30(=O)[C@@H]%17C%25.[C@H]%18(CO)C(=O)O.C%24(=O)[C@@H]9C.C%28(=O)CN.C%19C%20=O.N28.N%249.N%26%11.N%28%12.N%29%14.N3%15.N4%16.N5%17.S%19C.N6%18	C1CCNC1.CC(C)C[C@H](N)C(N)=O.CC(C)C[C@H](NC(=O)[C@@H](N)CCCCN)C(=O)N[C@@H](CO)C(=O)O.CSCC(=O)[C@@H]1CCCN1C[C@H](NC(=O)CN)C(=O)C(=O)[C@@H](N)CS.C[C@@H]1NC1=O.C[C@H](N)C=O.O=CCCS.c1ccccc1
OC%27(=O)[C@@H]%14CCCCN.[C@H]%20(CCCCN)C7=O)[C@H]8C5=O.C2(=O)[C@@H]%21CCC%22.C4(=O)[C@@H](N)CC(C)C.C%13(=O)[C@@H]%10C%22.c1%22ccccc1.C%26(=O)[C@@H]%16CO.C%28(=O)[C@@H]%18CO.C3(=O)[C@@H]%19CO.C%24(=O)C%11.C%27(=O)C%12.C%25(=O)C%15.N%22C(=N)N.N28.N%139.N%24%10.N%25%11.N%26%13.N%27%14.N%28%15.N3%17.N4%18.N5%19.N6%20.N7%21	INVALID
C%13(=O)[C@@H]8CCC(N)=O.[C@H]9(CCC(N)=O)C%22=O.[C@H]%14(CCCCN)C4=O.[C@H]%15(CCC(N)=O)C6=O.[C@H]%10(CC(C)C)C%20=O.[C@H]%11(CC(N)=O)C%23=O.CC(C)C[C@H]6C%21=O.C2(=O)[C@@H]7CO.C%19(=O)[C@@H]9C%18.c1%18ccccc1.[C@H]%10(CO)C%25=O.[C@H]%11(CO)C%25=O.[C@H]%14(CO)C3=O.N14CCC[C@H]1%17.[C@H]%17(C)C(=O)O.C5%17=O.CS%16.N26.N%137.N%208.N%219.N%22%10.N%23%11.N%24%12.N%25%14.N3%15.N5%16	CC(C)C[C@@H](C(=O)N[C@@H](CCC(N)=O)C(=O)N[C@@H](CO)C(N)=O)[C@@H](CO)C(=O)C(=O)[C@H](CO)[C@@H](CC(N)=O)C(N)=O.CC(C)C[C@@H](C(N)=O)C(=O)[C@H](CCC(N)=O)NC(=O)[C@H](CO)[C@@H](CCCCN)C(=O)N1CCC[C@H]1[C@@H](C)C(=O)O.CSNC=O.N.N.NC(=O)CC[C@@H](C(N)=O)[C@H](C=O)Cc1ccccc1
S)C%20=O.[C@H]%103(C%15)C%22=O.[C@H]8(CO)C%27=O.N1%102CCC[C@H]1%14.C2(=O)[C@@H]7C.C%24(=O)[C@@H]9C.c1%14c[nH]cn1.N%22C(=O)N.C3%12=O.N156.N%217.N%238.N%25C	INVALID
[C@H]%25(CCCCN)C8=O.[C@H]%31(CCCCN)C%11=O.CC[C@H](C)[C@H]%15C5=O.C%35(=O)[C@@H]%19CC(=O)O.C%43(=O)[C@@H]%22CC(N)=O.C%44(=O)[C@@H]%23CC(N)=O.[C@H]%27(CC(C)C)C3=O.[C@H]%30(CC(C)C)C%12=O.[C@H]%29(CC(N)=O)C%14=O.[C@H]%32(CCC%33)C(=O)O.C%13(=O)[C@@H]%18CC%34.C%44(=O)[C@@H](N)CC%36.[C@@H]%29(C%10=O)[C@@H](C)O.C2(=O)[C@@H]%17CC%37.C%24(=O)[C@@H]%19CO.C%41(=O)[C@@H]%20CO.[C@@H]1%38CCCN14.N16CCC[C@H]1%39.[C@H]%26(C)C6=O.[C@H]%29(C)C8=O.NN%33C(=N)N.C4%38=O.C7%39=O.N2%16.N%13%17.S%34C.N%24%18.N%42%19.N%43%20.N%44%21.N%44%22.N%48%23.S%37C.N5%25.N7%26.N8%27.N9%28.N%10%29.N%11%30.N%12%31.N%14%32	CC(C)C[C@@H]1NC(=O)[C@H](CCCCN)NC1=O.CC(C)C[C@H](N)C=O.CC[C@H](C)CC(=O)N[C@@H](CCCCN)C(=O)C(=O)[C@H](C)NC(=O)[C@H]([C@@H](C)O)[C@@H](CC(N)=O)C(=O)N[C@@H](CCCN(N)C(=N)N)C(=O)O.CC[C@H](N)C(=O)C(=O)[C@@H](N)CC(N)=O.CSCC[C@H](NC(=O)[C@H](CCSC)NC(=O)[C@H](CO)[C@H](C=O)CC(=O)O)C(N)=O.C[C@@H]1NC(=O)[C@@H]2CCCN2C1=O.N.N.NN[C@@H](CC(N)=O)C(=O)N[C@H](C=O)CO.O=C1[C@@H]2CCCN12
[C@H]%21(CCCCCN)C(=O)O.CC[C@H](C)[C@H]7C4=O.C%29(=O)[C@@H]%10CCC%11.C%30(=O)[C@@H]%13CCC%14.C%31(=O)[C@@H]%15CC(=O)O.[C@H]%20(CC%23)C5=O.C2(=O)[C@@H]8C%27.c1%27ccccc1.C%13(=O)[C@@H]9CO.C%26(=O)[C@@H]%16CO.[C@@H]1%25CCCN1%30.C%32(=O)[C@@H]%17CO.[C@H]%19(CO)C5=O.N%11C(=N)N.N%15C(=N)N.C%33(=O)CN.C%31%26=O.CS%22.N27.N%138.N%249.N%29%10.N%30%11.N%31%15.N%32%16.N%33%17.N3%18.N3%19.N4%20.S%23C.N5%21	CCC[C@H](C(=O)[C@@H](N)CO)C(=O)N1CCCC1.CC[C@H](C)[C@H](NC(=O)[C@@H](N)Cc1ccccc1)C(=O)N[C@@H](CCSC)C(=O)C(=O)[C@H](CO)NN.CS.N.N.N=C(N)NCCC[C@@H]1NC1=O.N=C(N)N[C@@H](CC(=O)O)C(=O)C(=O)C(=O)[C@H](CO)NC(=O)[C@H](CO)NC(=O)CN.NCCCCC[C@H](N)C(=O)O
C2(=O)[C@@H](N)CCCCN.[C@H]%11(CCCCN)C%29=O.[C@H]%15(CCCCN)C%31=O.CC[C@H](C)[C@H]7C%24=O.[C@H]9(CC(=O)O)C%27=O.[C@H]%14(CCC%15)C%30=O.[C@H]%16(CC(N)=O)C%31=O.[C@H]%21(CC(=O)O)C5=O.[C@H]%10(CCC%110)C7=O.[C@H]%22(CCC%23)C(=O)O.[C@H]%14(C)C%30=O.N%15C(=N)N.C%18C%28=O.N%18C(=N)O.C%19C3=O.N%23C(=N)N.N%25C(=N)N.C%20C5=O.N27.N%138.N%24%10.N%25%11.N%27%12.N%29%14.N%30%15.N%31%16.N%32%17.N3%19.N4%20.N5%21.N6%22	CC[C@H](C)[C@H]1C(=O)N[C@@H](CCC[C@@H](CCCCN)C(N)=O)C1=O.C[C@H]1C(=O)C(=O)[C@@H]1CCC[C@@H](CCCCN)C(=O)C(=O)[C@@H](N)CC(N)=O.N.N.N=C(N)NCCC[C@H](N)C(=O)O.N=C(N)NN.N=C(N)NN.N=C(O)NCC=O.NC(=O)CCC(=O)O.NCC(=O)C(=O)[C@@H](N)CC(=O)O.NCCCC[C@H](N)C(N)=O.O=C1CN1
[C@H]%10(CCC(N)=O)C4=O.[C@H]%18(CCCCN)C(=O)O.[C@H]%11(CCC%12)C%28=O.[C@H]%14(CC(N)=O)C%29=O.[C@H]%16(CC(C)C)C5=O.C%19C[C@H]6C%23=O.C2(=O)[C@@H]7[C@@H](C)O.c1%21ccc(O)cc1.[C@@H]%15(C%24=O)C(C)C.C%22(=O)[C@@H](C)O.[C@H]%15(C%21)C%27=O.C%22(=O)[C@@H]8C.C9C%23=O.N%12C(=N)N.C%26%20=O.CS%19.N26.N%137.N%228.N%239.N%25%10.N%27%11.N%28%14.N%30%15.N3%16.N4%17.N5%18	C=O.CC(C)C[C@H](N)C(=O)N[C@@H](CCCCN)C(=O)O.CC(C)[C@@H](C=O)[C@@H](Cc1ccc(O)cc1)C(=O)N[C@@H](CCCNC(=N)N)C(=O)N[C@H](C=O)CC(N)=O.CSCC[C@H](NC(=O)[C@@H](N)[C@@H](C)O)C(=O)C(=O)CN.C[C@H](N)C(=O)C(=O)[C@@H](C)O.N.NC(=O)CC[C@H](N)C(N)=O
[C@H]%16(CCCCN)C3=O.CC(C)C[C@H]5C%26=O.C2(=O)[C@@H]6CC%17.C%21(=O)[C@@H]9CO.C%22(=O)[C@@H]8C%19.C%23(=O)[C@@H]%10CO.[C@H]%14(CO)C%27=O.[C@H]%15(CO)C4=O.C%13(=O)[C@@H]7C.C%24(=O)(%10)C.c1%18c[nH]cn1.c1%19c[nH]cn1.C%25(=O)[C@@H]%13C.C%26(=O)[C@@H]%14C.C%16C(=O)O.N25.S%18C.N%136.N%207.N%218.N%229.N%23%10.N%25%12.N%26%13.N%27%14.N3%15.N4%16	INVALID
[C@H]%18(CCCCN)C%38=O.[C@H]%19(CCCC(N)=O)C%39=O.[C@H]%20(CCC(=O)O)C%39=O.[C@H]%23(CCCCN)C8=O.[C@H]%30(CCCCN)C(=O)O.C2(=O)[C@@H]%12CCC%13.C%13(=O)[C@@H]%14CC(C)C.C%33(=O)[C@@H]%17CC(C)C.[C@H]%25(CCC%26)C4=O.[C@H]%27(CC(=O)O)C7=O.[C@H]%28(CCC%29)C9=O.C%36(=O)[C@@H](N)CC%31.[C@@H]%22(C5=O)[C@@H](C)O.C%34(=O)[C@@H]%16CO.[C@H]%21(C%32)C%10=O.c1%32c[nH]cn1.N%13C(=N)N.N%26C(=N)N.C%22C3=O.N%26C(=N)N.N%29C(=N)N.N2%11.N%13%12.N%33%15.N%34%16.N%36%17.S%31C.N%38%19.N%39%20.N3%21.N4%22.N5%23.N6%25.N7%27.N8%30	CC(C)CCC(=O)CCC[C@H](NNC(=N)N)C(N)=O.CSCC[C@H](N)C(=O)N[C@@H](CC(C)C)C(N)=O.C[C@@H](O)[C@H](CC(=O)N[C@H](C=O)Cc1c[nH]cn1)C(=O)N[C@@H](CCCCN)C(=O)N[C@@H](CCCCN)C(=O)O.N=C(N)N.N=C(N)NCCCCC=O.N=C(N)NCCC[C@H](N)C(N)=O.NCCCCCC(=O)N[C@@H](CCCC(N)=O)C(=O)C(=O)[C@@H](N)CCC(=O)O.O=C(O)C[C@@H]1NC1=O.O=C1N[C@H]1CO
[C@H]%15(CCC(N)=O)C%27=O.[C@H]%16(CCCCN)C4=O.CC[C@H](C)[C@H]5C%24=O.C%13(=O)[C@@H]6CC(C)C.C%20(=O)[C@@H]%10CCC%11.C%21(=O)[C@@H](N)CC%18.[C@H]%12(CC%19)C%26=O.[C@H]%17(CC%19)C(=O)O.C2(=O)C6.N%11C(=N)N.C%22(=O)C9.C%23(=O)C%12.C%13C%26=O.C%14C3=O.C%15C3=O.N%20C(=N)N.N25.N%136.N%207.N%218.N%229.S%23C.N%23%11.N%25%12.N%26%14.N%25%15.N3%15.N4%16.N5%17	CC[C@H](C)[C@@H](C=O)NC(=O)C[C@@H](CC(C)C)C(=O)CC(=O)C(=O)[C@H](CCCC[C@H](N)C(=O)O)CC(=O)SC.CC[C@H](N)C(N)=O.N.N.N.N=C(N)NCCCCC(=O)NC(=N)N.NCC(=O)C(=O)C[C@H](C=O)CCC(N)=O.NCCCC[C@@H]1NC1=O.NNN.O=C1CN1
C%32(=O)[C@@H]%16CCCCN.c1%31c[nH]c2ccccc12.C%33(=O)[C@@H]%19CCCCN.C4(=O)[C@@H]%20CCC(=O)O.C8(=O)[C@@H](N)CC(C)C.C%24C[C@H]%11C9=O.C3(=O)[C@@H]%12C(C)C.C%14(=O)[C@@H]%13CO.C%28(=O)[C@@H]%15C%30.c1%30ccccc1.[C@@H]1%26CCCN1%36.N19CCC[C@H]1%28.N18CCC[C@H]1%29.[C@H]%21(C%31)C7=O.C%33(=O)[C@@H]%17C.c1%18C%10n1.C%19C8=O.C%23C(=O)O.C%36%27=O.C%35%28=O.C9%29=O.CS%24.N3%11.N%14%12.N%25%13.N%32%15.N%33%16.N%35%17.N%37%18.N4%19.N6%20.N7%21.N8%22.N%10%23	CC(C)C[C@H](N)C(=O)N1CCC[C@H]1C=O.CSCC[C@H](NC(=O)[C@@H](NC(=O)[C@@H](N)CO)C(C)C)C(=O)N1CCC[C@H]1C(=O)[C@H](Cc1ccccc1)NC(=O)[C@@H](N)CCCCN.C[C@H](NC=O)C(=O)C(=O)[C@H](CCCCN)CC(N)=O.NC(=O)[C@@H](N)CCC(=O)O.NC1=NC1NCC(=O)O.O=C1N[C@H]1Cc1c[nH]c2ccccc12.O=CN1CCCC1
C1(=O)[C@@H]5CCC(=O)O.C%19(=O)[C@@H]%11CCC(=O)O.[C@H]%17(CCC(=O)O)C%24=O.CC[C@H](C)[C@H]4C%24=O.C%13(=O)[C@@H]5CCC6.C%21(=O)[C@@H]8CC(=O)O.C%22(=O)[C@@H]%12CC(=O)O.[C@H]%14(CCC%15)C3=O.[C@H]%16(CC(C)C)C1=O.[C@H]%18(CC(N)=O)C(=O)O.C%23(=O)C9C=%19.C%10C%22=O.N%14C(=N)N.N%15C(=N)N.C%15C3=O.N14.N%135.N%176.N%208.S%19C.N%219.N%22%10.N%23%11.N%24%12.N%26%15.N2%16.N2%17.N4%18	INVALID
[C@H]%10(CCC(=O)O)C%29=O.[C@H]%18(CCC%19)C5=O.[C@H]%21(CC(=O)O)C(=O)O.C2(=O)[C@@H](N)CC%22.[C@@H]9(C%31=O)C(C)C.[C@@H]%20(CC5=O)C(C)C.N1%24CCC[C@H]1%23.[C@H]%12(C%27)C%34=O.c1%25ccccc1.[C@H]%17(C%26)C%36=O.c1%25c[nH]cn1.C%15C%29=O.N%19C(=N)N.C%26%23=O.N28.S%22C.N%139.N%28%10.N%29%11.N%30%13.N%31%14.N%32%15.N3%16.N4%17.N5%18.N6%20.N7%21	CC(C)[C@H](N)CC(=O)C(=O)[C@@H](N)CCCNC(=N)N.CC(C)[C@H](NN)C(N)=O.CCC=O.CSCC[C@H](N)C(N)=O.N.N.NCC(=O)C(=O)[C@@H](N)CCC(=O)O.N[C@@H](CC(=O)O)C(=O)O.N[C@H](C=O)CC(=O)[C@@H]1CCCN1.c1ccc(-c2c[nH]cn2)cc1
CC[C@H](C)[C@H]6C%27=O.[C@H]%15(CC(=O)O)C4=O.C2(=O)[C@@H]7C(C)C.C%24(=O)[C@@H](N)CC%18.[C@H]%15(C%19)C3=O.N26.N%137.N%229.S%17C.N%23%10.N%25%11.N%26%13.S%18C.N4%15.N5%16	CC[C@H](C)[C@@H](C=O)NC(=O)[C@@H](NN)C(C)C.CS.CSCC[C@H](N)C=O.C[C@@H](C=O)[C@@H](CC(=O)O)C(N)=O.N.N.N.N
[C@H]%17(CCC(=O)O)C6=O.CC(C)C[C@H]6C%24=O.[C@H]7(CCC8)C%22=O.[C@H]9(CC(C)C)C%25=O.[C@H]%15(CC(=O)O)C5=O.[C@@H]9(C%22=O)C(C)C.[C@@H]%10(C%25=O)[C@@H](C)O.c1%21ccc(O)cc1.[C@@H]%17(C4=O)C(C)C.N1%23CCC[C@H]1%19.[C@H]%16(C%21)C3=O.N15CCC[C@H]1%20.[C@H]%12(C)C%12=O.N8C(=N)N.C%13(=O)CN.C%23%19=O.C%20(=O)O.N26.N%138.N%229.N%23%10.N%24%12.N%25%14.N%26%15.N3%16.N4%17.N5%18	INVALID
[C@H]%18(CCC(N)=O)C(=O)O.[C@H]%18(CC(N)=O)C(=O)O.C%19C[C@H](N)C2=O.[C@@H]9(C%25=O)[C@@H](C)O.[C@@H]%11(C%27=O)[C@@H](C)O.c1%25ccc(O)cc1.N13CCC[C@H]1%20.[C@H]%14(CO)C4=O.[C@H]%16(C%21)C7=O.N15CCC[C@H]1%22.C%15C5=O.C6%22=O.CS%19.N%139.N%23%10.N%25%11.N%27%14.N%28%15.N%29%16.N6%17.N7%18	C1CCNC1.CSCC[C@H](N)C=O.C[C@@H](O)[C@H](N)C(=O)N[C@H](C=O)CO.C[C@@H](O)[C@H](N)C(=O)c1ccc(O)cc1.C[C@H](N)C(N)=O.N.NC(=O)CC[C@@H](C(=O)O)[C@@H](CC(N)=O)C(=O)O.NCC(=O)N1CCC[C@H]1C(N)=O
C%31(=O)[C@@H](N)CCCN.c1%28c[nH]c2ccccc12.[C@H]%24(CCCCN)C(=O)O.C%14(=O)[C@@H]%11CC(C)C.C%25(=O)[C@@H]%12CC(=O)O.[C@H]%13(CC(=O)O)C%31=O.[C@H]%22(CCC%23)C%32=O.[C@H]%15(CC(C)C)C7=O.[C@@H]%16(C5=O)C(C)C.c1%29ccc(O)cc1.[C@H]%19(CC%26)C4=O.c1%26ccccc1.[C@H]%18(C%28)C6=O.[C@H]%20(C%30)C8=O.c1%30ccccc1.c1%27c[nH]cn1.C3(=O)C%10.N%23C(=N)N.C%17C%34=O.N%23C(=N)N.C%32(=O)O.N39.N%14%10.N%25%11.N%29%12.N%31%13.N%32%15.N%33%16.N%36%17.N4%18.N5%19.N6%21.N7%22.N8%24	CC(C)C[C@H](N)C(=O)N[C@@H](CCCNC(=N)N)C(=O)C(=O)O.CC(C)C[C@H](NC(=O)[C@H](CC(=O)O)Nc1ccc(O)cc1)C(=O)NCC(N)=O.CC(C)[C@H](N)C(=O)N[C@@H](CCc1ccccc1)C(=O)N[C@@H](Cc1c[nH]c2ccccc12)C(N)=O.N=C(N)N.NCC=O.NCCCC[C@H](NC(=O)CCc1ccccc1)C(=O)O.NCCC[C@H](N)C(=O)C(=O)[C@@H](N)CC(=O)O.c1c[nH]cn1
[C@H]%13(CCC(N)=O)C%23=O.C%13(=O)[C@@H]5CC(C)C.C%19(=O)[C@@H]8CC(N)=O.[C@H]9(CC(C)C)C%21=O.[C@H]%10(CC(N)=O)C%25=O.[C@H]%12(CCCCN)C2=O.[C@H]%15(CC%15)C(=O)O.[C@H]8(C%16)C%22=O.C%18(=O)[C@@H]8C.C%20(=O)[C@H](C)N.c1%16c[nH]cn1.C2(=O)C4.C%20(=O)C6.C%11C%23=O.C%14C2=O.N13.N%124.N%175.N%196.N%207.N%218.N%229.N%23%11.N%24%12.N%25%14.N2%15	CC(C)C[C@H](N)C(=O)[C@@H](CCC(N)=O)C(=O)C(=O)CN.CC(C)C[C@H](NC(=O)[C@H](Cc1c[nH]cn1)[C@@H](CC(N)=O)C(=O)NCC(=O)C(=O)[C@H](C)N)C(=O)N[C@@H](C)C=O.N.N.N.NC(=O)CCC(=O)NCC(N)=O.NCCCC[C@@H]1NCC(=O)C1=O.O=C(O)C1CC1
C%41(=O)[C@@H]%22CCCCN.C%46(=O)[C@@H]%23CCCCN.c1%38c[nH]c2ccccc12.C%44(=O)[C@@H]%26CCC(=O)O.CC[C@H](C)[C@H]%13C7=O.C%14(=O)[C@@H]%16CC(C)C.C%40(=O)[C@@H]%17CC(C)C.C%41(=O)[C@@H]%18CCC%19.C%42(=O)[C@@H]%20CC%32.C6(=O)[C@@H](N)C(C)C.[C@@H]%30(C%12=O)C(C)C.C3(=O)[C@@H]%15C%37.[C@@H]1%34CCCN1%36.C5(=O)[C@@H]%27C%38.[C@H]%27(CO)C%10=O.N18CCC[C@H]1%35.[C@H]%31(C%39)C(=O)O.c1%39ccccc1.C%43(=O)[C@@H]%21C.C%28C%24=O.N%19C(=N)N.C%36%34=O.C8%35=O.N3%13.N%14%15.N%25%16.N%40%17.N%41%18.S%32C.N%42%20.N%43%22.N%45%23.S%33C.N4%24.N5%26.N6%27.N8%28.N%10%29.N%11%30.N%12%31	CC(C)C[C@@H]1NC1=O.CC(C)[C@H](N)C(=O)N[C@@H](Cc1ccccc1)C(=O)O.CC(C)[C@H](N)C(N)=O.CCC(=O)N[C@@H](CCCCN)C(=O)C(=O)[C@@H](N)CCCNC(=N)N.CC[C@H](C)[C@@H](C=O)NC(=O)[C@H](C)NC(=O)[C@@H](N)CC(C)C.CS.CSCC[C@@H]1NC1=O.NC(=O)[C@H](CO)[C@@H](Cc1c[nH]c2ccccc12)C(=O)N[C@H](C=O)CCC(=O)O.NCC(N)=O.NCCCC[C@H](N)C=O.O=C1[C@@H]2CCCN12.O=C1[C@@H]2CCCN12
C%29(=O)[C@@H]%25CCC(N)=O.CC[C@H](C)[C@H]8C3=O.C%13(=O)[C@@H]9[C@@H](C)CC.C%27(=O)[C@@H]%10CC(N)=O.C%27(=O)[C@@H]%16CC(C)C.[C@H]%17(CC(N)=O)C4=O.[C@H]%18(CCC%19)C6=O.C%29(=O)[C@@H]%15[C@@H](C)O.C%28(=O)[C@@H]%15CO.[C@@H]1%21CCCN1%31.[C@H]%20(C%22)C5=O.C%24(=O)[C@@H]%11C.c1%22c[nH]cn1.C%31(=O)CN.C%20C(=O)O.C%30%21=O.N28.N%139.N%24%10.N%26%11.N%27%12.N%28%14.N%29%15.N%30%16.N6%17.N7%18.N8%20	CC(C)C[C@H](NC(=O)[C@@H]1CCCN1C(=O)CN)C(=O)C(=O)[C@H](CC(N)=O)NC(=O)[C@H](C)N.CCC[C@H](N)C(=O)N[C@H](C=O)CC(N)=O.CC[C@H](C)[C@@H]1NC1=O.CC[C@H](C)[C@H](N)C=O.C[C@@H](O)[C@@H](C(=O)C(=O)CCCC(N)=O)[C@@H](CO)C(N)=O.N.N.N.O=C[C@@H](CC(=O)O)Cc1c[nH]cn1
[C@H]%11(CCCCN)C%22=O.[C@H]%10(CCCCN)C%23=O.[C@H]%12(CCCCN)C3=O.C2(=O)[C@@H]6CCCCN.CC(C)C[C@H]5C(=O)O.C%20(=O)[C@@H](N)C(C)C.[C@H]%16(CC(=O)O)C(=O)O.C%20(=O)[C@@H]8[C@@H](C)O.C2(=O)[C@@H]9CCS.[C@@H]1%17CCC[C@H]1%19.C%20(=O)[C@@H]7CO.[C@H]%11(CS)C%25=O.[C@H]%15(CO)C(=O)O.C%19%17=O.N24.N%125.N%166.N%187.N%198.N%209.N%21%10.N%22%11.N%23%13.N%25%14.N3%15.N4%16	CC(C)C[C@H](N[C@@H](CCCCN)C(=O)N[C@@H](CO)C(=O)O)C(=O)O.CC(C)[C@H](N)C(=O)C(=O)[C@@H](N)[C@@H](C)O.NCCCC[C@@H](C(N)=O)[C@@H](CS)C(N)=O.NCCCC[C@H](N)C(N)=O.NCCCC[C@H](N[C@@H](CC(=O)O)C(=O)O)C(=O)C(=O)[C@H](CCS)NC(=O)[C@@H](N)CO.NN.O=C1[C@@H]2CCC[C@@H]12
C%14(=O)[C@@H]%34CCCCN.C%14(=O)[C@@H]%37CCC(=O)O.C%47(=O)[C@@H]%39CCC(=O)O.C%69(=O)[C@@H]%42CCCCN.C6(=O)[C@@H]%48CCC(N)=O.C%11(=O)[C@@H]%55CCCCN.[C@H]%63(CCC(=O)O)C%22=O.[C@H]%64(CCCCN)C%23=O.[C@H]%65(CCCCN)C%28=O.[C@H]%72(CCCCN)C%31=O.c1%79c[nH]c2ccccc12.C9(=O)[C@@H]%52CCC(=O)O.C%13(=O)[C@@H]%54CCCCN.C%13(=O)[C@@H]%55CCCCCN.[C@H]%61(CCCCN)C%20=O.[C@H]%66(CCCCN)C%26=O.CC[C@H](C)[C@H]%33C%17=O.C%58(=O)[C@@H]%40CCC%41.C%12(=O)[C@@H]%53CC(N)=O.C%16(=O)[C@@H]%57CCC%59.[C@H]%60(CC(C)C)C%19=O.[C@H]%68(CCC%70)C%28=O.[C@H]%71(CC(=O)O)C%30=O.[C@H]%73(CC%74)C(=O)O.C%36(=O)[C@@H]%38C(C)C.C4(=O)[C@@H]%45[C@@H](C)O.C7(=O)[C@@H]%49[C@@H](C)O.C%16(=O)[C@@H](N)CC%76.C%80(=O)[C@@H]%43C%78.C5(=O)[C@@H]%46C%79N1%23CCC[C@H]1%77.[C@H]%67(CO)C%29=O.C%84(=O)[C@@H]%44C.c1%78c[nH]cn1.C8(=O)[C@@H]%50C.C%10(=O)[C@@H]%51C.C%15(=O)[C@@H]%56C.N%41C(=N)N.C3(=O)C%35.N%59C(=N)N.C%62C%19=O.C%70C%32=O.N%74C(=N)N.C%24%77=O.N3%33.N%14%34.N%25%35.N%36%37.N%47%38.N%58%39.N%69%40.N%80%42.N%81%43.N4%44.N5%45.N6%46.N7%48.N8%49.N9%50.N%10%51.N%11%52.N%12%53.N%13%54.N%15%55.N%16%56.S%75C.N%17%57.N%18%60.N%19%61.N%20%62.N%21%63.N%22%64.N%24%65.N%26%66.N%27%67.N%28%68.N%29%71.N%30%72.N%31%72.N%32%73	INVALID
[C@H]%25(CCC(=O)O)C3=O.C2(=O)[C@@H]%16CCCCN.C%13(=O)[C@@H]%17CC(=O)O.[C@H]%20(CC(=O)O)C%43=O.[C@H]%21(CC(=O)O)C%44=O.[C@H]%21(CC(=O)O)C%45=O.[C@H]%22(CC(C)C)C4=O.[C@H]%26(CC(C)C)C7=O.[C@H]%27(CC(C)C)C8=O.[C@H]%28(CC(C)C)C%11=O.[C@H]%29(CCC%30)C%12=O.[C@H]%32(CC(C)C)C%14=O.[C@H]%33(CC(=O)O)C%15=O.C%37C[C@H]%15C%42=O.C%24(=O)[C@@H]%18C(C)C.C%35(=O)[C@@H](N)CC%38.[C@@H]%23(C6=O)C(C)C.[C@@H]%31(C8=O)C(C)C.N15CCC[C@H]1%39.[C@H]%27(CS)C%15=O.[C@H]%33(CO)C9=O.[C@H]%36(C)C(=O)O.N%30C(=N)N.C6%39=O.CS%37.N2%15.N%13%16.N%24%17.N%35%18.S%41C.N%43%20.N%44%21.N%45%22.N3%23.N4%25.N5%26.N6%27.N7%28.N8%29.N9%31.N%10%32.N%11%33.N%12%34	CC(C)C[C@H](N)C=O.CC(C)C[C@H](NC(=O)[C@H](CC(C)C)NN1CCC[C@H]1C(=O)C(=O)[C@@H](NC(=O)[C@H](CCC(=O)O)NC(=O)[C@H](CC(C)C)NC(=O)[C@H](CC(=O)O)[C@@H](CC(=O)O)C(N)=O)C(C)C)C(N)=O.CCC(=O)O.CC[C@H](N)C(=O)N[C@H](C(=O)N[C@@H](CC(=O)O)C(=O)N[C@@H](CCCCN)C(=O)NC(=O)[C@H](CS)[C@@H](CC(C)C)C(=O)C(=O)[C@@H](NC(=O)[C@H](CO)[C@@H](CC(=O)O)C(=O)[C@H](C=O)CCSC)C(C)C)C(C)C.CS.N.N=C(N)NCCC[C@H](N)C(N)=O.O=C(O)C[C@@H]1NC1=O
%17ccccc1.C2(=O)[C@@H]%11C%18.C%25(=O)[C@@H]%12CS.c1%14c[nH]cn1.C4(=O)[C@@H]%10CC(=O)O.N26.N%187.N%248.N39.N4%10.	INVALID
c15c[nH]c2ccccc12.c1%84c[nH]c2ccccc12.C6(=O)[C@@H]%44CCC(=O)O.C%15(=O)[C@@H]%52CCC(=O)O.C%19(=O)[C@@H]%54CCCCN.[C@H]%57(CCC(N)=O)C%26=O.[C@H]%61(CCC(=O)O)C%28=O.CC[C@H](C)[C@H]%30C%23=O.C7(=O)[C@@H]%42CCC%43.C%11(=O)[C@@H]%46CCC%48.C%12(=O)[C@@H]%50CCC%51.C%13(=O)[C@@H]%53CC(C)C.C%21(=O)[C@@H]%56CC(C)C.C3(=O)[C@@H]%31C%22.C%14(=O)[C@@H]%32C%78.[C@@H]1%67CCCN1%36.[C@@H]1%68CCCN1%47.C%47(=O)[C@@H]%33C%64.c1%86ccccc1.C%58(=O)[C@@H]%34C%65.c1%65ccccc1.C5(=O)[C@@H]%40C%78.[C@@H]1%71CCCN19.C9(=O)[C@@H]%45C%81.[C@@H]1%72CCCN1%13.[C@@H]1%73CCCN1%16.[C@@H]1%74CCCN1%17.[C@@H]1%75CCCN1%19.N1%21CCC[C@H]1%76.N1%23CCC[C@H]1%77.[C@H]%59(CO)C%27=O.N1%26CCC[C@H]1%77.c1%78c[nH]cn1.c1%79c[nH]cn1.C%80(=O)[C@@H]%35C.C%85(=O)[C@@H]%37C.c1%81c[nH]cn1.C4(=O)[C@@H]%41C.C%15(=O)[C@@H]%48C.C%75(=O)C%38.N%43C(=N)N.[C@H]%63(C)C%29=O.C%10(=O)C%49.C%17(=O)C%55.N%57C(=N)N.C%20(=O)[C@H]%59C..C%22(=O)C%35.N%48C(=N)N.C%62C(=O)O.C%25%67=O.C%36%68=O.C8%70=O.C%12%71=O.C%15%72=O.C%16%73=O.C%18%74=O.C%21%76=O.C%24%76=O.C%29%77=O.N3%30.N%14%31.N%25%32.N%58%33.N%69%34.N%80%35.N%83%37.N%86%38.N4%39.N5%40.N6%41.N7%42.N8%44.N%10%45.N%11%46.N%12%49.N%15%50.N%18%52.N%18%53.N%21%54.N%23%55.N%26%56.N%27%59.N%28%60.N%29%62	INVALID
C%30(=O)[C@@H]%15CCC(=O)O.C%33(=O)[C@@H]%16CCC(N)=O.[C@H]%18(CC(N)=O)C%35=O.[C@H]%22(CC(N)=O)C5=O.C%25C[C@H]7C%34=O.c1%26ccc(O)cc1.[C@@H]%17(C3=O)[C@@H](C)O.C%24(=O)[C@@H]%11C%26.[C@H]%16(C%27)C4=O.c1%27ccccc1.[C@H]%23(CO)C(=O)O.C2(=O)[C@@H]8C.c1%26c[nH]cn1.C%24(=O)[C@@H]9C.C%31(=O)[C@@H]%12C.C%34(=O)[C@H](C)N.[C@H]%16(C)C%36=O.C%32(=O)C%10.N%18C(=N)N.C%20C6=O.CS%25.N27.N%138.N%249.N%28%10.N%29%11.N%30%12.N%31%14.N%32%15.N%33%16.N%34%17.N3%18.N3%19.N4%20.N5%22.N6%23	CSCC[C@H](NC(=O)[C@H](C)N)C(=O)C(=O)[C@H](C)N.C[C@@H](C=O)NC(=O)[C@H](CCC(N)=O)[C@@H](Cc1ccccc1)C(=O)NCC(=O)N[C@@H](CO)C(=O)O.C[C@@H](O)[C@H](N)C(N)=O.C[C@H](N)C(=O)C(=O)[C@@H](N)Cc1ccc(O)cc1.C[C@H](NC(=O)[C@H](CCC(=O)O)NC(=O)CN)C(N)=O.N.N=C(N)N[C@H](C=O)CC(N)=O.NC(=O)C[C@@H]1NC1=O.c1c[nH]cn1
[C@H]%56(CCCCN)C%22=O.c1%70c[nH]c2ccccc12.C3(=O)[C@@H]%28CCC%29.C%47(=O)[C@@H]%33CC(C)C.[C@H]%50(CCC%51)C%18=O.C%36(=O)[C@@H]%31CCC%32.C%58(=O)[C@@H]%39CC(=O)O.C5(=O)[C@@H]%40CCC%41.C%106(=O)[C@@H](N)CC(C)C.[C@H]%42(CC(C)C)C9=O.[C@H]%50(CCC%51)C%15=O.[C@H]%61(CC(C)C)C(=O)O.C%62CC[C@H]%27C8=O.C7(=O)[C@@H](N)C(C)C.[C@H]%60(CC%63)C%26=O.C%87(=O)[C@@H]%37CO.C%72(=O)[C@@H]%38C%68.c1%68ccccc1.C7(=O)[C@@H]%44CO.[C@@H]1%65CCCN19.[C@H]%45(C%70)C%13=O.[C@H]%53(C%67)C%19=O.[C@H]%55(CO)C%20=O.[C@H]%57(CO)C%21=O.[C@H]%59(C%71)C%24=O.c1%71ccccc1.N1%26CCC[C@H]1%66.C%14(=O)[C@@H]%30C.C%25(=O)[C@@H]%31C.C%69(=O)[C@@H]%35C.[C@H]%43(C)C%11=O.[C@H]%48(C)C%16=O.c1%67c[nH]cn1.[C@H]%56(C)C%23=O.N%29C(=N)N.C%71(=O)C%35.N%10CC(=N)N.N%51C(=N)N.C%46C%12=O.C%49C%15=O.C%52C%17=O.C8%65=O.C%66(=O)O.CS%62.N3%27.N%14%28.N%25%30.N%36%31.N%47%33.N%58%33.N%69%34.N%73%35.N%75%37.N4%38.N5%39.N6%40.N7%40.N%64%42.N%65%43.N%10%44.N%11%45.N%13%46.N%15%48.N%16%49.N%17%50.N%18%52.N%19%53.N%20%54.N%21%55.N%22%56.N%23%59.N%24%60.S%63C.N%26%61	INVALID
C3(=O)[C@@H]%34CCC(=O)O.c1%81c[nH]c2ccccc12.c1%82c[nH]c2ccccc12.[C@H]%61(CCCCN)C%19=O.[C@H]%64(CCC(=O)O)C%23=O.c1%83c[nH]c2cccc12.[C@H]%65(CCC(=O)O)C%27=O.[C@H]%66(CCCCN)C%28=O.[C@H]%71(CCCCN)C%29=O.[C@H]%71(CCCCN)C%30=O.[C@H]%73(CCCCN)C(=O)O.C8(=O)[C@@H](N)CCC(N)=O.CC[C@H](C)[C@H]%33C9=O.C%14(=O)[C@@H]%35CC(C)C.C%58(=O)[C@@H]%39CC(=O)O.C%80(=O)[C@@H]%42CCC%43.C5(=O)[C@@H]%45CC(C)C.[C@H]%50(CC(C)C)C%11=O.[C@H]%53(CCC%54)C%13=O.[C@H]%63(CC(N)=O)C%26(=O)O.[C@@H]%62(C%21=O)C(C)CCC%76.[C@@H]%67(C%23=O)[C@@H](C)CC.c1%79ccc(O)cc1.C%47(=O)[C@@H]%38[C@@H](C)O.C7(=O)[C@@H]%48CC%75.[C@@H]%49(C%10=O)C(C)C.[C@@H]%51(C%11=O)[C@@H](C)C.[C@@H]%52(C%12=O)C(C)C.[C@@H]%62(C%20=O)[C@@H](C)O.[C@H]%72(CC%77)C%32=O.C%25(=O)[C@@H]%37C%78.C%80(=O)[C@@H]%41C%78.c1%78ccccc1.C%58(=O)[C@@H]%40CO.C4(=O)[C@@H]%41C%101.[C@H]%55(CO)C%13=O.[C@H]%56(C%82)C%15=O.[C@H]%57(C%83)C%18=O.[C@H]%70(CO)C%31=O.[C@H]%74(CS)C(=O)O.[C@H]%67(C)C%24=O.N%43C(=N)N.C6(=O)C%46.N%54C(=N)N.C%57C%16=O.N3%33.N%14%34.N%25%35.N%36%37.N%47%38.N%58%39.N%69%40.N%80%41.N%84%42.N4%42.N5%44.N6%45.N7%46.S%75C.N8%48.N9%49.N%10%50.S%76C.N%11%51.N%12%52.N%13%55.N%15%56.N%17%57.N%18%59.N%19%60.N%20%61.N%21%62.N%22%63.N%23%64.N%24%65.N%26%66.N%27%67.N%28%68.N%29%70.N%30%71.N%30%72.S%77C.N%31%73.N%32%74	INVALID
C1(=O)[C@@H]5CCC(N)=O.[C@H]6(CCC(N)=O)C%24=O.[C@H]%15(CCCCN)C3=O.CC(C)C[C@H]4C(=O)O.[C@H]7(CC(N)=O)[C@@H]%22C=O.C%19(=O)[C@@H](N)CC(N)=O.[C@H]%12(CCC%12)C%22=O.[C@@H]8(C%21=O)[C@@H](C)O.[C@H]%10(CC%17)C%25=O.[C@H]9(C)C%22=O.N%15C(=N)N.N14.N%125.N%186.N%197.N%208.N%219.N%22%10.S%23C.N%24%11.N%25%13.N%25%14.N3%16	CC(C)C[C@H](NC(=O)[C@@H](N)CCC(N)=O)C(=O)O.CC[C@H](NC(=O)[C@H](C)NC(=O)[C@@H](N)[C@@H](C)O)C(N)=O.CS.N.N=C(N)N[C@@H](CCCCN)C(N)=O.NC(=O)CC[C@H](N)C(N)=O.NC(=O)C[C@H](NC(=O)[C@@H](N)CC(N)=O)[C@H](C=O)C(=O)C1CCC1
C%36(=O)[C@@H](N)CCC(N)=O.C%33(=O)[C@@H]%16CCCCN.[C@H]%22(CCC(N)=O)C(=O)O.CC(C)[C@H]8C%37=O.C2(=O)[C@@H]%10CCC%11.C%30(=O)[C@@H]%15[C@@H](C)O.C%32(=O)[C@@H]%17[C@@H](C)O.C3(=O)[C@@H]%19[C@@H](C)O.[C@@H]%21(C7=O)[C@@H](C)O.C%28(=O)[C@@H]%16CO.[C@H]%20(C%23)C4=O.[C@H]%21(C%26)C6=O.c1%26ccccc1.C%24(=O)[C@@H]%14C.c1%23c[nH]cn1.C%13(=O)C9.N%10C(=N)N.N28.N%129.N%24%10.N%27%12.N%28%14.N%29%15.N%30%16.N%31%17.N%32%18.N4%19.N5%20.N6%21.N7%22	CCC[C@H](NC(=N)N)C(=O)N[C@H](C=O)C(C)C.C[C@@H](O)[C@@H](C(=O)N[C@@H](CCC(N)=O)C(=O)O)[C@@H](Cc1ccccc1)C(N)=O.C[C@@H](O)[C@@H](C=O)NC(=O)[C@@H](N)Cc1c[nH]cn1.C[C@@H](O)[C@H](N)C(N)=O.C[C@@H](O)[C@H](N)C(N)=O.C[C@H](NC(=O)[C@H](CO)[C@H](C=O)CCCCN)C(N)=O.NC(=O)CC[C@H](N)C=O.NNCC=O
[C@H]%18(CCCCN)C%35=O.[C@H]%19(CCCCN)C%55=O.[C@H]%26(CCCCN)C%10=O.[C@H]%11(CC(=O)O)C%13=O.[C@H]%15(CC(=O)O)C%34=O.[C@H]%16(CC(=O)O)C%39=O.[C@@H]%23(C6=O)[C@@H](C)CC.[C@H]%25(CC(=O)O)C7=O.[C@H]%27(CC(C)C)C8=O.[C@H]%30(CC(=O)O)C(=O)O.[C@H]%17(CC(C)C)C%38=O.[C@H]%20(CC(=O)O)C4=O.C2(=O)[C@@H](N)[C@@H](C)O.[C@H]%14(CO)C%24=O.[C@H]%21(CO)C%39=O.[C@H]%21(CO)C5=O.[C@H]%27(C%32)C5=O.c1%32ccccc1.[C@H]%27(C%33)C3=O.c1%33ccccc1.[C@H]%15(C)C%35=O.C%22C3%31=O.N2%11.N%13%12.N%24%14.N%34%15.N%35%16.N%36%17.N%37%18.N%38%19.N%38%20.N%39%21.N3%22.N4%23.N5%25.N6%26.N7%27.N8%28.N9%29.N%10%30	INVALID
[C@H]%21(CCCCN)C6=O.C%33(=O)[C@@H]%16CCCCCN.c1%30c[nH]c2ccccc12.C%35(=O)[C@@H]%19CCCCN.C4(=O)[C@@H]%18CC(C)C.C%38(=O)[C@@H]%18CC(N)=O.C4(=O)[C@@H]%20CC(N)=O.C%26C[C@H]9C4=O.[C@@H]%18(C5=O)C(C)C.c1%31ccc(O)cc1.[C@@H]%23(C7=O)C(C)C.[C@@H]1%27CCCN1%32.C%32(=O)[C@@H]%15CS.C%35(=O)[C@@H]%17C%30.C%36(=O)[C@@H]%20CO.[C@H]%22(C%28)C8=O.[C@H]%24(C%29)C(=O)O.c1%28c[nH]cn1.c1%29c[nH]cn1.C3(=O)C%10.C%35(=O)C%13.N%26C(=N)N.C%25%27=O.CS%26.N39.N%14%10.N%25%11.N%34%12.N%35%13.N%37%15.N%38%16.N%39%17.N%40%18.N4%19.N5%20.N6%21.N7%22.N8%24	CC(C)CC(=O)N[C@@H](Cc1c[nH]cn1)C(=O)N[C@@H](Cc1c[nH]cn1)C(=O)O.CC(C)C[C@@H](C(=O)C(=O)[C@H](CC(N)=O)[C@H](C=O)CO)[C@@H](CC(N)=O)C(=O)N[C@H](C=O)CCCCCN.CC(C)[C@H](N)C(N)=O.CS.N.N=C(N)NCC[C@H](NC(=O)CN)C(=O)N[C@@H](CCCCN)C(=O)C(=O)[C@@H](N)Cc1c[nH]c2ccccc12.NC(=O)[C@@H]1CCCN1C(=O)[C@@H](N)CS.NCCCC[C@@H]1NC1=O.O=C1CN1.Oc1ccccc1
C5(=O)[C@@H]%17CCC(=O)O.C%36(=O)[C@@H](N)CCC(=O)O.[C@H]%20(CC(N)=O)C3=O.[C@H]%27(CCCCN)C(=O)O.CC(C)C[C@H]9C%36=O.C%33(=O)[C@@H]%15CCC%16.C%33(=O)[C@@H]%17CCC%18.[C@H]%26(CC(C)C)C7=O.C%34(=O)[C@@H]%19CC%28.C%35(=O)[C@@H]%15CO.[C@H]%22(CO)C6=O.[C@H]%23(C%31)C7=O.C2(=O)[C@@H]%10C.C%32(=O)[C@@H]%14C.C%34(=O)[C@@H]%21C.c1%31c[nH]cn1.C%24(=O)C%12.N%18C(=N)N.N%26C(=N)N.N29.N%13%10.N%24%11.N%33%12.N%30%14.N%32%15.N%33%17.N%34%18.S%29C.N%35%19.N%36%20.N3%22.N4%23.N5%25.N6%26.N7%27	CC(C)C[C@H](NC(=N)N)C(=O)C(=O)[C@@H](N)Cc1c[nH]cn1.CC(C)C[C@H](NC(=O)[C@H](C)N)C(=O)C(=O)[C@@H](N)CCC(=O)O.CCC[C@@H](C(=O)C(=O)[C@H](CCCNC(=N)N)[C@@H](CCC(=O)O)C(N)=O)[C@@H](CO)C(=O)N[C@@H](CC)C(=O)C(=O)CC.CS.C[C@H](N)C(N)=O.N.NC(=O)C[C@H](N)C(=O)N[C@@H](CO)C(N)=O.NCCCC[C@H](N)C(=O)O.NNCC(N)=O
C%23(=O)[C@@H]9CCC%10.C%25(=O)[C@@H]%11CCC%12.C%26(=O)[C@@H]%14CC(C)C.[C@H]%18(CCC%19)C(=O)O.C%20C[C@H]6C%28=O.C%24(=O)[C@@H]7=O)C(C)C.C%27(=O)[C@@H](N)CS.N1%23CCC[C@H]1%22.[C@H]%15(CO)C4=O.[C@H]%17(CO)C4=O.C2(=O)[C@@H]7C.N%10C(=N)N.N%12C(=N)N.N%19C(=N)N.C%16C5=O.C%27%22=O.CS%20.N26.N%137.N%248.N%259.N%26%11.N%27%13.N%28%15.N%30%16.N4%17.N4%18	INVALID
C%25(=O)[C@@H]%39CCC(=O)O.C%47(=O)[C@@H]%41CCC(=O)O.C%58(=O)[C@@H]%42CCC(=O)O.c1%87c[nH]c2ccccc12.[C@H]%45(CCCCN)C4=O.c1%88cc[nH]c2ccccc12.[C@H]%48(CCCCN)C6=O.[C@H]%51(CCCCN)C8=O.[C@H]%52(CCC(=O)O)C9=O.CC%69(=O)[C@@H](N)CC(=O)O.CC[C@H](C)[C@H]%35C%80=O.C3(=O)[C@@H]%37[C@@H](C)CC.[C@H]%49(CC(=O)O)C7=O.[C@H]%50(CC(=O)O)C9=O.[C@H]%53(CCC%54)C%12=O.[C@H]%56(CC(N)=O)C%13=O.[C@H]%62(CC(=O)O)C%19=O.[C@H]%64(CC(=O)O)C%21=O.[C@H]%68(CC(=O)O)C%28=O.[C@H]%72(CC(=O)O)C%29=O.[C@H]%73(CC(=O)O)C%31=O.[C@H]%55(CC%78)C%15=O.[C@@H]%57(C%22=O)[C@@H](C)O.[C@@H]%63(C%23=O)[C@@H](C)O.[C@@H]%65(C%23=O)[C@@H](C)O.[C@H]%71(CC%79)C%30=O.[C@H]%75(CC%82)C%34=O.C%36(=O)[C@@H]%40C%86.c1%86ccccc1.N1%10CCC[C@H]1%83.N1%11CCC[C@H]1%84.N1%16CCC[C@H]1%85.[C@H]%59(C%88)C%20=O.[C@H]%61(CO)C%32=O.[C@H]%67(CO)C%33=O.[C@H]%77(CO)C(=O)O.[C@H]%46(C)C5=O.[C@H]%66(C)C%25=O.[C@H]%72(C)C%31=O.C%14(=O)C%38.N%54C(=N)N.C%57C%16=O.C%60C%18=O.C%61C%21=O.C%65C%26=O.C%11%83=O.C%12%84=O.C%17%85=O.N3%35.N%14%37.N%25%38.N%36%39.N%47%40.N%58%41.N%69%42.N%80%43.N%89%44.N4%45.N4%46.N5%48.N6%49.N7%50.N8%51.N9%52.N%12%54.N%13%55.S%78C.N%15%56.N%17%57.N%18%59.N%19%60.N%20%61.N%21%62.N%22%63.N%23%64.S%79C.N%24%66.N%26%67.N%27%68.N%28%70.N%29%71.S%81C.N%30%72.N%31%73.N%32%74.N%33%75.S%82C.N%34%77	INVALID
C2(=O)[C@@H]%41CCC(N)=O.C%13(=O)[C@@H]%42CCC(=O)O.C%46(=O)[C@@H]%44CCCN.C%68(=O)[C@@H]%48CCCCN.C%90(=O)[C@@H]%50CCCCN.C5(=O)[C@@H]%53CCCCN.C6(=O)[C@@H]%54CCCCN.C%10(=O)[C@@H]%59CCC(N)=O.[C@H]%74(CCC(N)=O)C%28=O.[C@H]%75(CCCCN)C%31=O.C6(=O)[C@@H]%54CCC(N)=O.C7(=O)[C@@H]%55CCC(N)=O.[C@H]%83(CCCCN)C%37=O.CC[C@H](C)[C@H]%40C%16=O.C%35(=O)[C@@H]%43CC(N)=O.C%57(=O)[C@@H]%45CCC%47.C%79(=O)[C@@H]%49CC(C)C.C3(=O)[C@@H]%51CC(C)C.C8(=O)[C@@H]%56CC(C)C.C9(=O)[C@@H]%58CC(N)=O.C%12(=O)[C@@H]%61CC(C)C.C%14(=O)[C@@H]%62CC(N)=O.C%17(=O)[C@@H]%66CC(C)C.C%15(=O)[C@@H](N)C(C)C.[C@H]%67(CC(C)C)C%21=O.[C@H]%69(CC(N)=O)C%22=O.[C@H]%70(CC(C)C)C%23=O.[C@H]%72(CC(N)=O)C%26=O.[C@H]%72(CC(C)C)C%27=O.[C@H]%76(CC(C)C)C%30=O.[C@H]%80(CC(N)=O)C%34=O.[C@H]%84(CC(=O)O)C%38=O.[C@H]%63(CC%86)C%17=O.[C@H]%71(CC%88)C%25=O.[C@@H]%73(C%28=O)[C@@H](C)O.c1%89ccc(O)cc1.C3(=O)[C@@H]%41CO.[C@H]%65(CO)C%18=O.[C@H]%82(CO)C%36=O.[C@H]%85(C%89)C(=O)O.C%11(=O)[C@@H]%60C.[C@H]%64(C)C%19=O.[C@H]%77(C)C%29=O.[C@H]%81(C)C%32=O.C%24(=O)C%42.N%47C(=N)N.N2%40.N%13%41.N%24%42.N%35%43.N%46%44.N%57%45.N%68%48.N%79%49.N%90%49.N2%50.N3%51.N4%52.N5%53.N6%54.N7%55.N8%56.N9%58.N%11%59.N%12%60.N%14%61.N%15%62.N%16%63.S%86C.N%17%64.N%18%65.N%19%66.N%20%67.N%21%69.N%22%70.N%23%71.S%87C.N%25%72.N%26%73.N%27%74.N%28%75.N%29%76.N%30%77.N%32%78.S%88C.N%33%80.N%34%81.N%36%82.N%37%83.N%38%84.N%39%85	CC(C)C[C@@H]1NC(=O)[C@H](C)NC1=O.CC(C)C[C@@H]1NC1=O.CC(C)C[C@@H]1NC1=O.CC(C)C[C@H](NC(=O)[C@H](CC(N)=O)NC(=O)[C@@H](N)C(C)C)C(=O)N[C@@H](C)C(=O)N[C@H](C=O)CCC(N)=O.CC(C)C[C@H]1C(=O)N[C@@H](CCC(N)=O)C(=O)C(=O)[C@H]([C@@H](C)O)NC(=O)[C@@H]1CC(N)=O.CC[C@H](C)[C@H](NC(=O)[C@H](CCC(N)=O)[C@@H](CO)C(=O)C(=O)[C@@H](N)CC(C)C)C(=O)N[C@@H](CCSC)C(=O)C(=O)[C@H](CC(C)C)NC(=O)[C@H](C)N.CS.CSCC[C@H](NC(=O)[C@H](CC(C)C)NC(=O)[C@H](CC(N)=O)NC(=O)[C@@H](N)CC(C)C)C(N)=O.C[C@H](NC(=O)[C@@H](N)CC(N)=O)C(N)=O.N.N.N=C(N)NCCC[C@@H]1NC1=O.NC(=O)CC[C@@H]1NC1=O.NC(=O)C[C@@H](CCC(=O)O)C(N)=O.NC(=O)C[C@@H]1NC1=O.NC(=O)C[C@@H]1NC1=O.NCCCC[C@@H]1NC1=O.NCCCC[C@@H]1NC1=O.NCCCC[C@@H]1NC1=O.NCCCC[C@H](N)C(N)=O.NCCCC[C@H](N)C=O.NCCCC[C@H]1C(=O)C(=O)[C@@H]1CCC(N)=O.NCCC[C@@H]1NC1=O.N[C@@H](Cc1ccc(O)cc1)C(=O)O.O=C(O)C[C@@H]1NC1=O.O=C1N[C@H]1CO.O=C1N[C@H]1CO
C%35(=O)[C@@H]%16CCCCN.C%41(=O)[C@@H]%25CCC(=O)O.[C@H]%29(CCC(N)=O)C%10=O.CC[C@H](C)[C@H]%12C3=O.C%39(=O)[C@@H]%20CCC%21.[C@H]%26(CC(N)=O)C6=O.[C@@H]%27(C8=O)[C@@H](C)CC.[C@H]%28(CCC%29)C9=O.[C@H]%30(CC(N)=O)C%10=O.[C@H]%33(CC(=O)O)C%11=O.[C@H]%34(CC(=O)O)C(=O)O.C%42(=O)[C@@H]%18C(C)C.C%44(=O)[C@@H]%23C(C)C.c1%38ccc(O)cc1.C2(=O)[C@@H]%14C%37.C%13(=O)[C@@H]%15C%38.C%24(=O)[C@@H]%17CO.CC%40(=O)[C@@H]%22CO.[C@H]%31(CS)C7=O.c1%37c[nH]cn1.C%43(=O)[C@@H]%19C.N%21C(=N)N.C3(=O)CN.C%25C4=O.N%29C(=N)N.C5%36=O.N2%12.N%13%14.N%24%15.N%39%16.N%40%17.N%41%18.N%42%19.N%43%20.N%44%22.N3%23.N4%25.N5%26.N6%27.N7%28.N8%30.N9%31.N%10%32.N%11%34	INVALID
C3(=O)[C@@H]%22CCC(=O)O.C%25(=O)[C@@H]%23CCC(=O)O.C%36(=O)[C@@H]%26CCCCN.c1%53c[nH]c2ccccc12.C7(=O)[C@@H](N)CCC(=O)O.[C@H]%34(CCC(=O)O)C9=O.[C@H]%42(CCC(=O)O)C%15=O.c1%53cc[nH]22ccccc12.[C@H]%43(CCCCN)C%18=O.[C@H]%46(CCCCN)C%19=O.CC[C@H](C)[C@H]%21C8=O.C%47(=O)[C@@H]%27CC(C)C.C%54(=O)[C@@H]%28CC(N)=O.C%54(=O)[C@@H]%31CC(=O)O.[C@H]%37(CC(=O)O)C%10=O.[C@H]%39(CCC%40)C%16=O.[C@H]%43(CC%49)C%15=O.C%55(=O)[C@@H]%29C%52.[C@H]%38(C%53)C%12=O.N1%19CCC[C@H]1%51.c1%52c[nH]cn1.C%56(=O)[C@@H]%30C.C4(=O)[C@@H]%32C.C7(=O)[C@H](C)N.[C@H]%35(C)C%10=O.[C@H]%39(C)C%11=O.C%41C%13=O.C%45C%16=O.C%48C(=O)O.C5%50=O.C%20%51=O.N3%21.N%14%22.N%25%23.N%36%24.N%47%26.N%53%27.N%60%28.N%54%29.N%55%30.N4%31.N5%32.N6%33.S%49C.N7%34.N8%35.N9%37.N%10%38.N%11%39.N%12%41.N%13%42.N%15%43.N%16%44.N%17%45.N%18%46.N%20%48	INVALID
C%23=O.[C@H]9(CCC(N)=O)C%24=O.[C@H]%12(CCC(=O)O)C3=O.CC[C@H](C)[C@H]5C(=O)O.C%16(=O)[C@@H]7C(C)C.C%19(=O)[C@@H](N)CC%13.C%18(=O)[C@@H]%106CO.[C@H]%10(CO)C%21=O.[C@H]%11(C%17)C%22=O.c1%17ccccc1.C1%15=O.N25.N%136.N%187.S%15C.N%208.N%209.N%22%10.N%23%11.N3%12	INVALID
[C@H]7(CCC(=O)O)C%22=O.[C@H]%11(CCC(=O)O)C%23=O.[C@H]%14(CC(N)=O)C%24=O.[C@H]%18(CCCCN)C5=O.CC(C)C[C@H]7C(=O)O)C2=O.[C@H]%17(CC(C)C)C4=O.C1(=O)[C@@H]8CC(C)C.C9C%25=O.C%10C%24=O.C%12C%26=O.C%15C%27=O.C%16C3=O.N27.N%138.N%219.N%22%10.N%23%11.N%24%12.N%26%14.N%27%15.N3%16.N4%17.N5%18.N6%19	INVALID
C%36(=O)[C@@H]%21CCCCN.c1%54c[nH]c2ccccc12.C%56(=O)[C@@H]%26CCC(N)=O.[C@H]%39(CCC(N)=O)C%18=O.C8(=O)[C@@H]%37CCCCN.CC[C@H](C)[C@H]%19C%10=O.C%14(=O)[C@@H]%21CC(=O)O.[C@H]%44(CC(N)=O)C%16=O.C3(=O)[C@@H]%20CC(C)C.C%47(=O)[C@@H]%24CCC%26.C%58(=O)[C@@H]%28CCC%29.C%57(=O)[C@@H]%30CCC%31.C4(=O)[C@@H]%33CC(=O)O.C9(=O)[C@@H]%35CC%37.[C@H]%42(CCC%43)C%13=O.[C@H]%46(CC(N)=O)C%15=O.C%25(=O)[C@@H]%22CC%49.C9(=O)[C@@H](N)CC%50.[C@H]%40(CC%52)C%12=O.[C@@H]%48(C(=O)O)C(C)C.C5(=O)[C@@H]%32C%53.C7((=O)[C@@H]%34CO.C8(=O)[C@@H]%35CO.[C@H]%45(CO)C%17=O.C6(=O)[C@@H]%36C.N%26C(=N)N.C%56(=O)C%27.N%29C(=N)N.N%31C(=N)N.N%43C(=N)N.N3%19.N%14%20.N%25%21.S%49C.N%36%22.N%47%23.N%56%24.N%57%27.N%58%28.N4%30.N5%32.N6%33.N7%34.N8%35.N9%38.S%51C.N%10%39.N%11%40.S%52C.N%12%41.N%13%42.N%15%44.N%16%45.N%17%46.N%18%48	INVALID
C%20C[C@H]7C3=O.C2(=O)[C@@H]8CCCCN.C%24(=O)[C@@H]%12CCCCN.C%25(=O)[C@@H]%14CCC(N)=O.C%27(=O)[C@@H]%14CC(N)=O.C%28(=O)[C@@H]%18CCC%19.C%32(=O)[C@@H]%23[C@@H](C)O.C3(=O)[C@@H](N)CC%21.C%24(=O)[C@@H]9CO.C%27(=O)[C@@H]%11C%23.c1%23ccccc1.C%29(=O)[C@@H]%15CO.[C@H]%18(CS)C5=O.N15CCC[C@H]1%22.C%13(=O)[C@@H]%10C.C%29(=O)[C@@H]%17C.N%19C(=N)N.C%19C(=O)O.C6%22%22=O.CS%20.N27.N%248.N%249.N%26%10.N%27%12.N%28%14.N%29%15.N%30%16.N3%17.S%21C.N4%18.N6%19	INVALID
C%25(=O)[C@@H]%21CCC(=O)O.C%53(=O)[C@@H]%28CCC(=O)O.C%55(=O)[C@@H]%32CCCCN.[C@H]%44(CCCCN)C(=O)O.C%47(=O)[C@@H]%22CCC%24.c1%48c[nH]c2ccccc12.C6(=O)[C@@H]%32CCCCN.C%11(=O)[C@@H](N)CC(C)C.[C@H]%41(CCCCN)C%18=O.CC[C@H](C)[C@H]%19C%12=O.[C@H]%38(CC(C)C)C%15=O.[C@H]%39(CCC%40)C%15=O.[C@H]%43(CC(N)=O)C%17=O.C3(=O)[C@@H]%20C(C)C.c1%49ccc(O)cc1.C%52(=O)[C@@H]%27[C@@H](C)O.C%54(=O)[C@@H]%29[C@@H](C)O.C5(=O)[C@@H]%30[C@@H](C)O.C5(=O)[C@@H]%33C(C)O.C%10(=O)[C@@H]%38CC.%45.C%36(=O)[C@@H]%23C%49.[C@@H]1%46CCCN19.[C@H]%42(C%51)C%16=O.c1%51ccccc1.C7(=O)[C@@H]%34C.C9(=O)[C@@H]%37C.C4(=O)C%31.N%35C(=N)N.N%40C(=N)N.C8%46=O.N3%19.N%14%20.N%25%21.N%36%22.N%47%23.N%52%26.N%53%27.N%54%27.N%55%28.N4%29.N5%30.N6%31.N8%32.N8%33.N%10%34.N%11%35.S%45C.N%12%38.N%13%38.N%15%39.N%16%41.N%17%42.N%18%44	INVALID
C%21(=O)[C@@H]8CCC(=O)O.[C@H]%18(CCC(N)=O)C(=O)O.CC[C@H](C)[C@H]5C%24=O.[C@H]%14(CCC%15)C3=O.C2(=O)[C@@H]6[C@@H](C)O.C%23(=O)[C@@H](N)CC%19.C%13(=O)[C@@H]7CO.N1%24CCC[C@H]1%20.[C@H]9(O)C%26=O.C%20(=O)[C@@H]%10C.N%14C(=N)N.C%12C%27=O.C%13C3=O.N%15C(=N)N.C%16%17C4=O.C%25%20=O.N15.N%126.N%137.N%208.N%219.N%22%10.S%19C.N%23%12.N%25%14.N%26%15.N2%16.N3%17.N4%18	CC[C@H](C)[C@H](N)C(=O)N1CCC[C@H]1C(=O)[C@H](C)N.CSCC[C@H](N)C(N)=O.C[C@@H](O)[C@H](NCC=O)C(=O)NC(N)C(=O)N[C@@H](CCC(N)=O)C(=O)O.N=C(N)NCCC[C@H](NC(=N)N)C(=O)C(=O)CC(=O)[C@@H](N)CO.NC(=O)N[C@@H](CCC(=O)O)C(=O)N[C@@H](O)C(N)=O
[C@H]%14(CCC(=O)O)C%24=O.[C@H]%18(CCCCN)C%39=O.[C@H]%22(CCCCN)C6=O.[C@H]%12(CC(=O)O)C%33=O.[C@H]%23(CC(=O)O)C7=O.[C@H]%27(CCC%28)C9=O.c1%29ccc(O)cc1.c1%30ccc(O)cc1.[C@@H]%21(C%36=O)C(C)O.c1%31ccc(O)cc1.[C@@H]%26(C8=O)C(C)C.[C@H]%17(C%29)C%34=O.[C@H]%19(C%30)C7=O.[C@H]%25(C%31)C8=O.C%13(=O)[C@@H]%10C.C%13(=O)CN.C%16C3=O.C%27C(=O)N.C29.N%13%10.N%13%11.N%24%12.N%32%15.N%33%16.N%34%17.N%36%18.N%37%19.N%38%20.N4%21.N5%23.N6%25.N7%26.N8%27	CC(C)[C@H](N)C(=O)C(=O)[C@H](Cc1ccc(O)cc1)NC(=O)CCCCCN.CC(O)[C@H](N)C(=O)N[C@H](C=O)CCCCN.CCC[C@H](CC(N)=O)C(C)=O.C[C@H](NN)C(=O)C(=O)CN.N.N.N.N[C@@H](CC(=O)O)C(=O)C(=O)[C@@H](N)Cc1ccc(O)cc1.O=C1N[C@H]1Cc1ccc(O)cc1.O=CCNC(=O)[C@H](CC(=O)O)NC(=O)CCCC(=O)O
C%40(=O)[C@@H]%26CCC(N)=O.c1%38c[nH]c2ccccc12.C7(=O)[C@@H]%27CCCCN.[C@H]%32(CC(=O)O)C(=O)O.C%33CC[C@H]%15C%10=O.C%25(=O)[C@@H]%19C(C)C.C5(=O)[C@@H]%17C(C)C.C8(=O)[C@@H]%29C(C)O.C9(=O)[C@@H](N)CC%34.C%14(=O)[C@@H]%18C%38.C%40(=O)[C@@H]%24CO.[C@@H]1%35CCCN1%41.C%41(=O)[C@@H]%21CO.N1%12CCC[C@H]1%37.C3(=O)[C@@H]%16C.C4(=O)[C@@H]%23C.C8(=O)[C@@H]%27C.C7(=O)[C@@H]%28C.[C@H]%31(C)C%15=O.C%36(=O)C%20.C4%35=O.C%13%37=O.CS%33.N3%16.N%14%17.N%25%18.N%36%19.N%37%20.N%39%21.N%40%22.N%42%23.N4%24.N5%26.N6%27.N8%28.N9%29.S%34C.N%10%30.N%11%31.N%13%32	CC(C)[C@H](NC(=O)CN)C(=O)N[C@@H](Cc1c[nH]c2ccccc12)C(=O)N[C@H](C(=O)N[C@@H](CCC(N)=O)C(=O)C(=O)[C@@H](N)CO)C(C)C.CSCCC[C@@H](C(N)=O)C(=O)[C@H](C)N.CSCC[C@H](N)C(=O)N[C@H](C(=O)C(=O)[C@H](C)[C@@H](CCCCN)C(=O)C(=O)[C@H](C)N)C(C)O.C[C@@H]1NC1=O.C[C@H](N)C(=O)C(=O)[C@@H]1CCCN1C(=O)[C@@H](N)CO.N.N.O=C(O)C[C@H](NC(=O)[C@@H]1CCCN1)C(=O)O
[C@H]%14(CCC(=O)O)C%31=O.[C@H]%15(CCC(=O)O)C%30=O.[C@H]%15(CCC(=O)O)C%32=O.[C@H]%18(CCCCN)C3=O.[C@H]%20(CCC(=O)O)C5=O.[C@H]%21(CC(=O)O)C7=O.[C@H]%22(CCC%23)C6=O.CC(C[C@H](N)C%13=O.[C@@H]%11(C%33=O)[C@@H](C)O.[C@@H]%21(C%34=O)[C@@H](C)O.N1%13CCC[C@H]1%27.[C@H]%16(C%29)C%33=O.c1%29ccccc1.N1%32CCC[C@H]1%28.[C@H]%19(CO)C9=O.[C@H]%24(CO)C%10=O.C%12C%32=O.N%23C(=N)N.C%25C4=O.C%26C(=O)O.C2%27=O.C3.C%31%28=O.CS%26.N2%11.N%24%12.N%30%15.N%31%16.N%32%17.N%33%18.N%35%19.N3%20.N4%21.N5%22.N6%24.N8%25.N9%26	INVALID
C%35(=O)[C@@H]%32CCC(N)=O.C%68(=O)[C@@H]%38CCCCN.[C@H]%43(CCCCN)C%11=O.[C@H]%51(CCC(N)=O)C%17=O.[C@H]%53(CCCCN)C%20=O.[C@H]%58(CCCCN)C%25=O.CC[C@H](C)[C@H]%28C4=O.C%46(=O)[C@@H]%33CC(=O)O.[C@@H]%37(C5=O)[C@@H](C)CC.[C@H]%39(CC(C)C)C7=O.[C@H]%48(CC(N)=O)C%17=O.[C@H]%52(CC(=O)O)C%16=O.[C@H]%53(CC(C)C)C%19=O.[C@H]%55(CCC%56)C%22=O.[C@H]%58(CC(=O)O)C%25=O.[C@H]%59(CC(C)C)C%26=O.[C@H]%61(CC(=O)O)C%27=O.C%24(=O)[C@@H]%30[C@@H](C)O.C%24(=O)[C@@H]%31C(C)C.C%68(=O)[C@@H]%34C(C)C.C%70(=O)[C@@H]%36C(C)C.C3(=O)[C@@H](N)CC%62.[C@@H]%41(C%10=O)[C@@H](C)O.[C@@H]%45(C%12=O)C(C)C.[C@@H]%47(C%14=O)[C@@H](C)C.[C@@H]%49(C%18=O)C(C)C.[C@@H]1%63CCCN1%70.[C@H]%40(C%64)C6=O.[C@H]%41(CO)C8=O.[C@H]%42(C%66)C9=O.c1%66ccccc1.[C@H]%50(C%67)C%15=O.c1%67ccccc1.[C@H]%60(C%65)C%23=O.C2(=O)[C@@H]%29C.c1%64c[nH]cn1.[C@H]%37(C)C5=O.c1%65c[nH]cn1.C%61C(=O)O.C%62%63=O.N2%28.N%13%29.N%24%30.N%35%31.N%46%32.N%57%33.N%68%34.S%62C.N3%36.N4%37.N5%38.N6%39.N7%40.N8%41.N9%42.N%10%43.N%11%44.N%12%45.N%14%47.N%15%48.N%16%49.N%17%50.N%18%51.N%19%52.N%20%53.N%21%54.N%22%55.N%23%58.N%25%59.N%26%60.N%27%61	CC(C)C[C@@H](C(=O)N[C@@H](CC(=O)O)C(=O)N[C@H](C(=O)N[C@@H](CCC(N)=O)C(=O)C(=O)[C@H](CC(N)=O)NC(=O)[C@@H](N)Cc1ccccc1)C(C)C)[C@@H](CCCCN)C(N)=O.CC(C)C[C@@H]1NC(=O)[C@H](Cc2c[nH]cn2)NC1=O.CC(C)C[C@H](N)C(=O)N[C@@H](Cc1c[nH]cn1)C(N)=O.CC(C)[C@@H]1NC(=O)[C@@H](N)CCC(=O)[C@@H]2CCCN2C1=O.CC(C)[C@@H]1NC1=O.CC(C)[C@@H]1NC1=O.CC(C)[C@H](N)C(=O)C(=O)[C@@H](N)CCCCN.CC(C)[C@H](NC(=O)[C@H](CCC(N)=O)NC(=O)[C@@H](N)CC(=O)O)C(=O)C(=O)[C@@H](N)[C@@H](C)O.CCC[C@@H]1NC1=O.CC[C@H](C)[C@H](NC(=O)[C@H](C)N)C(N)=O.CC[C@H](C)[C@H]1C(=O)C(=O)[C@@H]1C.CS.C[C@@H](O)[C@@H](C(=O)N[C@@H](CCCCN)C(N)=O)[C@@H](CO)C(N)=O.N.NC(=O)C(CC(=O)O)CC(=O)O.NCCCC[C@H]1C(=O)C(=O)[C@@H]1CC(=O)O.O=C1N[C@H]1Cc1ccccc1
c1%49c[nH]c2ccccc12.[C@H]%35(CCC(=O)O)C%10=O.[C@H]%40(CCC(=O)O)C%15=O.[C@H]%42(CCCCN)C%16=O.[C@H]%43(CCCCN)C%18=O.CC[C@H](C)[C@H]%18C%47=O.[C@@H]%23(C%50=O)[C@@H](C)CC.[C@H]%26(CCC%27)C%51=O.[C@H]%28(CC(C)C)C4=O.[C@H]%29(CC(N)=O)C5=O.[C@H]%31(CC(C)C)C8=O.[C@H]%33(CCC%34)C%12=O.[C@@H]%37(C%13=O)[C@@H](C)CC.[C@H]%39(CC(C)C)C%17=O.[C@H]%41(CC(N)=O)C%19=O.[C@H]%44(CC(=O)O)C(=O)O.C3(=O)[C@@H]%19C(C)C.C%14(=O)[C@@H]%21[C@@H](C)O.C%36(=O)[C@@H](N)CC%45.[C@@H]%37(C9=O)[C@@H](C)O.[C@@H]1%48CCCN1%47.[C@H]%24(C%49)C%51=O.[C@H]%38(CO)C%11=O.N%27C(=N)N.C%32C7=O.N%34C(=N)N.C%36%48=O.N3%19.N%14%19.N%25%20.N%36%21.S%45C.N%48%22.N%50%23.N%50%24.N%51%26.N%52%28.N4%29.N5%30.N6%31.N7%32.N8%33.N9%35.N%10%37.N%11%38.N%12%39.N%13%40.N%15%41.N%16%42.N%17%43.N%18%44	CC(C)C[C@H](N)C(=O)N[C@@H](CC(N)=O)C(N)=O.CC[C@H](C)[C@@H](C(=O)N[C@@H](CCC(=O)O)C(=O)N[C@@H](CC(N)=O)C(=O)[C@H](C(=O)NNC(=O)[C@@H](N)[C@@H](C)O)C(C)C)[C@H](C(=O)N[C@@H](CCC(=O)O)C(N)=O)[C@@H](C)O.CC[C@H](C)[C@@H]1NC1=O.CC[C@H](C)[C@H](C(=O)[C@H](CCCCN)NC(=O)[C@H](CC(C)C)NC(=O)[C@H](CCCNC(=N)N)NC(=O)[C@@H](N)CC(C)C)C(=O)N1CCC[C@H]1C(=O)C(=O)[C@@H](N)CCSC.N.N.N=C(N)NCCC[C@H](N)C(=O)C(=O)[C@@H](N)Cc1c[nH]c2ccccc12.NCCCC[C@@H]1NC1=O.N[C@@H](CC(=O)O)C(=O)O.O=C1CN1.O=C1N[C@H]1CO
[C@H]%11(CCC(=O)O)C%41=O.[C@H]%15(CCC%16)C%32=O.[C@H]%22(CCC%23)C%34=O.[C@H]%30(CCC%31)C6=O.CC(C)[C@H]8C%24=O.[C@@H]%21%21(C5=O)[C@@H](C)O.[C@H]9(CS)C%24=O.[C@H]%12(CS)C%33=O.[C@H]%14(CS)C%34=O.[C@H]%18(C%29)C%35=O.c1%29ccccc1.[C@H]%17(C%30)C%38=O.c1%30ccccc1.N13CCC[C@H]1%28.[C@H]%20(CS)C4=O.[C@H]%22(CS)C7=O.[C@H]%25(CS)C(=O)O.C2(=O)CN.N%16C(=N)N.N%23C(=N)N.N%31C(=N)N.C3%28=O.CS%26.N28.N%139.N%24%10.N%31%11.N%32%12.N%33%14.N%34%15.N%35%17.N%37%18.N%38%19.N4%20.N5%21.N6%22.N7%25	INVALID
[C@H]6(CCC7)C%21=O.[C@H]%14(CCC%15)C%23=O.C4C[C@H][C@H]5C2=O.c1%18ccc(O)cc1.c1%20ccc(O)cc1.[C@@H]8(C%24=O)C(C)C.[C@H]%10(C%20)C%26=O.N%10%12C(=N)N.N%107C(=N)N.C35C%26=O.N7C(=N)N.C%12C%27=O.C%17C%28=O.C%29%15=O.CS%19.N25.N%136.N%138.N%219.N%22%10.N%23%11.N%24%13.N%26%15.N%27%16.N3%17.N4%18	CC(C)[C@H](NN[C@@H](CCCN(N)C(=N)N)C(N)=O)C(N)=O.CS.N.N=C(N)N.N=C(N)N(CC(N)=O)[C@@H](Cc1ccc(O)cc1)C(=O)C(=O)C(NCC=O)[C@@H]([CH]CCNc1ccc(O)cc1)C(N)=O.NC(=O)CCCCC=O
C2(=O)[C@@H]%10CCCCN.C%29(=O)[C@@H]%17CCCCN.[C@H]%18(CCCCN)C4=O.[C@H]%21(CCCCN)C6=O.[C@H]9(CC(=O)O)C7=O.[C@@H]%22(C(=O)O)[C@@H](C)O.[C@H]%19(C%23)C5=O.c1%23ccccc1.C%13(=O)C%11.C%26(=O)C%12.C%25(=O)C%14.C%27(=O)C%15.C%20C8=O.N29.N%13%10.N%25%11.N%27%12.N%28%14.N%29%15.N%30%16.N%31%17.N3%18.N5%19.N6%20.N7%21.N8%22	C[C@@H](O)[C@H](NC(=O)CNC(=O)[C@H](CCCCN)NC(=O)[C@H](CC(=O)O)NC(=O)[C@H](CCCCN)NC(=O)CNC(=O)CN)C(=O)O.N.NCCCC[C@H](N)C(=O)NCC(=O)NCC=O.NCCCC[C@H](N)C=O.O=C1N[C@H]1Cc1ccccc1
(N)C2=O.[C@H]9(CC(N)=O)C2=O.c1%16ccc(O)cc1.N%11C(=O)O.C%24%14=O.N25.N%236.N%247.N28.N4%10	INVALID
[C@H]%15(CCCCN)C%36=O.[C@H]%18(CCCCN)C3=O.[C@H]%26(CCC(N)=O)C(=O)O.CC[C@H](C)[C@H]%11C%35=O.[C@H]%15(CC(=O)O)C%42=O.C2(=O)[C@@H]%13CC%27.C%24(=O)[C@@H](N)CC%28.C%13(=O)[C@@H]%14C%32.c1%33ccccc1.N1%36CCC[C@H]1%29.N1%35CCC[C@H]1%30.[C@H]%17(CO)C%35=O.[C@H]%20(C%34)C%38=O.c1%34ccccc1.[C@H]%19(CO)C4=O.[C@H]%20(CO)C4=O.[C@H]%21(CO)C6=O.[C@H]%23(CO)C7=O.N17CCC[C@H]1%31.[C@H]%16(C)C5=O.[C@H]%21(C)C%11=O.C8=O.C%22C9=O.C%36%30=O.C8%31=O.N2%12.S%27C.N%13%12.N%24%14.S%28C.N%32%14.N%33%15.N%36%16.N%37%17.N3%18.N4%19.N5%20.N6%21.N8%22.N%10%23.N%11%25	CC[C@H](C)[C@H](C(=O)[C@H](C)[C@@H](CO)C(N)=O)C(=O)N1CCC[C@H]1C(=O)N[C@@H](C)C(N)=O.CSCC[C@@H](C(=O)NN)C(=O)[C@H](CN)NC(=O)[C@@H](N)CCSC.N.NC(=O)CCCC(=O)O.NCC=O.NCCCC[C@@H](C(=O)N1CCCC1)[C@H](C=O)CC(=O)O.NCCCC[C@@H]1NC1=O.N[C@@H](CO)C(=O)C(=O)[C@H](CO)[C@H](C=O)Cc1ccccc1.N[C@@H](CO)C(=O)N1CCC[C@H]1C(=O)C=O.N[C@H](C=O)CO.Nc1ccccc1
C%13(=O)[C@@H]%18CCCCN.C4(=O)[C@@H]%29CCCCN.[C@H]%34(CCCCN)C%15=O.[C@H]%40(CCC(N)=O)C(=O)O.CC[C@H](C)[C@H]%17C9=O.C%46(=O)[C@@H]%23CC(=O)O.C%47(=O)[C@@H]%26CCC%27.[C@H]%33(CC(=O)O)C%10=O.C%35(=O)[C@@H]%19CC(C)C.C8(=O)[C@@H](N)C(C)C.[C@@H]%31(C%11=O)C(C)C.[C@H]%39(CC(=O)O)C(C)C.[C@@H]1%41CCCN1%35.C%46(=O)[C@@H]%21CO.C3(=O)[C@@H]%28CC%42.c1%42ccccc1.[C@H]%33(CO)C%12=O.C%43(=O)[C@@H]%22C.c1%43c[nH]cn1.C6(=O)[C@@H]%30C.[C@H]%32(C)C%10=O.[C@H]%38(C)C%14=O.C2(=O)C%18.N%27C(=N)N.C%24%40=O.C%34%41=O.N2%17.N%13%18.N%24%19.N%44%20.N%45%21.N%46%22.N%47%23.N%48%25.N3%26.N4%28.N5%29.N6%30.N7%31.N8%32.N9%33.N%11%34.N%12%36.N%14%37.N%15%38.N%16%39	CC(C)C[C@H](NC(=O)[C@@H](CCC(N)=O)C(=O)O)C(=O)N1CCC[C@H]1C(=O)[C@@H](CCCCN)C(=O)N[C@@H](C)C(N)=O.CC(C)[C@@H](N)CC(=O)O.CC(C)[C@H](N)C(=O)N[C@@H](C)C(=O)C(=O)[C@H](CC(=O)O)[C@@H](CO)C(N)=O.CC(C)[C@H](N)C(N)=O.CC[C@H](C)[C@H](NC(=O)C[C@@H](CCCCN)C(N)=O)C(N)=O.C[C@@H]1NC1=O.C[C@H](N)C(=O)c1c[nH]cn1.N.N.N=C(N)NCCC[C@H](NC(=O)[C@H](CCc1ccccc1)NC(=O)[C@@H](N)CCCCN)C(=O)N[C@@H](CC(=O)O)C(=O)C(=O)[C@@H](N)CO
[C@H]%18(CCC(=)=O)C%40=O.[C@H]%19(CCC(N)=O)C6=O.[C@H]%21(CCCCN)C7=O.[C@H]%22(CCCCN)C9=O.C2(=O)[C@@H]%12[C@@H](C)CC.[C@H]%16(CCC%17)C4=O.[C@H]%25(CC(=O)O)C%10=O.[C@H]%27(CC(C)C)C(=O)O.C%13(=O)[C@@H]%14C(C)C.[C@@H]%15(C%36=O)[C@@H](C)O.[C@@H]%28(C(=O)O)C(C)C.[C@H]%20(CC%29)C3=O.[C@H]%23(CC%30)C7=O.[C@@H]%26(C9=O)[C@@H](C)O.[C@@H]1%32CCCN1%33.[C@H]%26(CO)C9=O.N13CCC[C@H]1%33.C%24(=O)CN.N%17C(=N)N.C%32%32=O.C3%34=O.N2%11.N%13%12.N%24%14.N%36%15.N%37%16.N%39%18.N%40%19.N3%20.N4%21.S%30C.N5%22.N6%23.N7%24.S%31C.N8%25.N9%26.N%10%28	INVALID
[C@H]%14(CCC(=O)O)C%27=O.CC(C)C[C@H]7C%13=O.[C@H]%11(CC(C)C)C%24=O.[C@H]%12(CC(C)C)C%27=O.[C@H]%18(CC(=O)O)C4=O.[C@H]%19(CC(=O)O)C(=O)O.C2(=O)[C@@H]8C(C)C.c1%19ccc(O)cc1.c1%20ccc(O)cc1.[C@H]%10(C)C%22=O.C9C%25=O.C9C%24=O.N%15C(=N)N.C%16C3=O.C%17C6=O.N27.N%138.N%219.N%22%11.N%23%12.N%25%14.N%26%15.N%27%16.N3%17.N5%18.N6%19	CC(C)C[C@@H]1NC(=O)[C@H](C(C)C)NC1=O.CCC(=O)N[C@@H](CC(C)C)C(=O)C(=O)CCC(=O)N[C@@H](CCC(=O)O)C(=O)C(=O)[C@@H](N)CC(C)C.N.N=C(N)NN.NCC(=O)NCC(N)=O.N[C@H](C=O)CC(=O)O.O=C(O)C[C@@H](C(=O)O)c1ccc(O)cc1.Oc1ccccc1
.C2(=O)[C@@H]%38CS.C9(=O)[C@@H](N)C%17.c1%18ccccc1.[C@@H]14CCC[C@H]1%43.[C@H]4(CO)C%15=O.C6%91=O.C%19%15=O.N2%17.N%23%16.N%32	INVALID
C%13(=O)[C@@H]7CCC(N)=O.C%19(=O)[C@@H]%10CCC(N)=O.[C@H]%12(CCC%13)C%24=O.[C@H]%14(CCC%15)C%25=O.[C@H]4(C)C[C@H]5C3=O.C%21(=O)[C@@H](N)C(C)C.[C@@H]1%18CCCN1%12.C%13(=O)[C@@H]8CO.C%20(=O)[C@@H]9CO.[C@H]%11(CO)C4=O.N%13C(=N)N.N%15C(=N)N.C%15C%23=O.C%16C4=O.C%17C(=O)O.C2%18=O.N15.N%196.N%207.N%218.N%229.N%23%10.N%24%11.N%25%14.N3%16.N4%17	CC(=O)N[C@@H](CCC(N)=O)C(N)=O.CC(C)[C@H](N)C(=O)N[C@@H](CO)C(=O)NC(=N)N.C[C@@H](C[C@H](N)C(=O)NCC(=O)NCC(=O)O)C(=O)[C@H](CO)NC(=O)[C@H](CCCC(=O)[C@H](CCC(N)=O)NC(=O)[C@@H](N)CO)N1CCC[C@H]1C=O.N=C(N)NCCC[C@@H]1NC1=O
C%79=O.N1%88CCC[C@H]1%16.[C@H]%14(CO)C%91=O.[C@H]%102NC%18)C%947=O.c1%31ccccc1	INVALID
C%21(=O)[C@@H]%13CCC(=O)O.CC[C@H](C)[C@H]4C(=O)O.C%22(=O)[C@@H]7CCC8.C%24(=O)[C@@H]9CCC%10.C3(=O)[C@@H](N)CC%17.C2(=O)[C@@H]5CS.C%18(=O)[C@@H]6C%19.c1%19ccccc1.[C@@H]1%18CCCN1%23.C%23(=O)[C@@H]%12CS.C%25(=O)[C@@H]%15C%20.c1%20ccccc1.[C@H]%16(C)C(=O)O.N%10C(=N)N.C%21%18=O.N24.N%135.N%136.N%217.N%229.N%23%11.N%24%12.N%26%14.N%27%15.N3%16	CCC[C@H](N)C(=O)N[C@@H](CCCNC(=N)N)C(=O)N[C@@H](CS)C(=O)N1CCC[C@H]1C(=O)[C@@H](N)Cc1ccccc1.CC[C@H](C)[C@H](NC(=O)[C@H](CS)N[C@@H](CCC(=O)O)C(=O)C=O)C(=O)O.CC[C@H](N)C(=O)N[C@@H](C)C(=O)O.N.N.N[C@H](C=O)Cc1ccccc1
4CC5.C6(=O)[C@@H](N)C%19.c1%18ccccc1.C%13(=O)[C@@H]%10C.c1%15c[nH]cn1.C%24(=O)[C@@H]%12C.C2(=O)C9.C%29(=O)C%13.N28.N%249.N%27%11.N%28%12.N%29%14.N%30	INVALID
[C@H]%10(CCC(=O)O)C%22=O.[C@H]%12(CCCCN)C%28=O.CC[C@H](C)[C@H][C@H]5C%20=O.C2(=O)[C@@H]6CC(C)C.[C@H]%15(CCC(=O)O)C(=O)O.[C@H]9(CC%16)C%24=O.N1%22CCC[C@H]1%17.[C@H]%10(CS)C%24=O.[C@H]%11(C%19)C%27=O.[C@H]%13(CS)C4=O.c1%19c[nH]cn1.C%19(=O)[C@H](C)N.C%21%17=O.C%23%18=O.N25.N%136.N%207.N%218.N%229.N%23%11.N%24%12.N%25%13.N3%14.N4%15	CC[C@H](C)[CH][C@H](NC(=O)[C@H](CC(C)C)N[C@@H](CS)C(=O)N[C@@H](CCC(=O)O)C(=O)O)C(N)=O.CC[C@H](N)C(=O)C(=O)[C@H](CS)[C@@H](CCC(=O)O)C(=O)N1CCC[C@H]1C(N)=O.C[C@H](N)C=O.N.N.NCCCC[C@H](N)C=O.O=CN[C@H](C=O)Cc1c[nH]cn1
C2(=O)[C@@H]%50CCCCN.C%74(=O)[C@@H]%56CCCCN.C%11(=O)[C@@H]%58CCC(N)=O.[C@H]%65(CCCC(N)=O)C%17=O.[C@H]%71(CCC(N)=O)C%27=O.[C@H]%82(CCC(N)=O)C%37=O.[C@H]%97(CCCCN)C%47=O.CC[C@H](C)[C@H]%49C%16=O.C%30(=O)[C@@H]%53CCC(N)=O.C%107(=O)[C@@H]%59[C@@H](C)CC.[C@H]%66(CCC%67)C%20=O.[C@H]%70(CC(C)C)C%24=O.[C@H]%72(CCC%73)C%28=O.[C@H]%79(CCC%80)C%32=O.[C@H]%83(CCC%84)C%37=O.[C@H]%88(CCC%89)C%42=O.[C@H]%91(CCC%92)C%44=O.[C@H]%93(CCC%94)C%45=O.c16ccc(O)cc1.C%63(=O)[C@@H]%55CC%99.c17ccc(O)cc1.C%15(=O)[C@@H](N)C(C)C.c18ccc(O)cc1.c19ccc(O)cc1.[C@@H]%81(C%34=O)C(C)O.[C@@H]%81(C%35=O)C(C)O.[C@@H]%95(CC%46=O)[C@@H](C)O.[C@@H]%97(C%47=O)[C@@H](C)O.[C@H]%98(CCC%101)C%48=O.[C@@H]%100(C(=O)O)[C@@H](C)O.C%19(=O)[C@@H]%51C6.[C@@H]1%102CCCN1%52.C%52(=O)[C@@H]%54C%106.[C@@H]1%103CCCN1%96.C3(=O)[C@@H]%56CS.C%96(=O)[C@@H]%57CS.C%12(=O)[C@@H]%60C7.C%13(=O)[C@@H]%61CO.C%14(=O)[C@@H]%62C8.[C@H]%64(C9)C%16=O.N1%20CCC[C@H]14.N1%24CCC[C@H]14.[C@H]%70(CS)C%26=O.[C@H]%77(CO)C%31=O.[C@H]%78(CS)C%33=O.[C@H]%86(CS)C%36=O.N1%37CCC[C@H]15.[C@H]%87(CO)C%39=O.[C@H]%90(CS)C%43=O.N%67C(=N)N.C%18(=O)C%68.C%69C%23=O.N%73C(=N)N.C%75C%29=O.N%80C(=N)N.N%84C(=N)N.N%89C(=N)N.N%92C(=N)N.N%94C(=N)N.C%41%102=O.C%85%103=O.C%10%104=O.C%21%105=O.C%254=O.C%385=O.N2%49.N%19%50.N%30%51.N%41%53.N%63%54.S%100C.N%74%55.N%96%56.N3%57.N%10%58.N%12%59.N%13%60.N%14%61.N%15%62.N%16%64.N%17%65.N%18%66.N%21%68.N%22%69.N%23%70.N%25%71.N%26%72.N%27%72.N%28%75.N%29%76.N%31%77.N%32%78.N%33%79.N%34%81.N%35%82.N%36%83.N%38%86.N%39%87.N%40%88.N%42%90.N%43%91.N%44%93.N%45%95.N%46%97.N%47%98.S%101C	INVALID
)O)C(=O)O.[C@H]%10CC[C@H]3C%20=O.C%15(=O)[C@@H]5C(C)C.C%17(=O)[C@@H]7C(C)C.C%19(=O)[C@@H](N)C(C)C.[C@H]8(CC%12)C3=O.CS%11.N24.N%165.N%176.N%188.N%209	INVALID
[C@H]%10(CCCCN)C%22=O.C%18(=O)[C@@H]6CCC(N)=O.C%20(=O)[C@@H](N)CCCN.C[C@H](C)[C@H]4C%21=O.C2(=O)[C@@H]8CC%14.C%19(=O)[C@@H]%10C.C%14(=O)C7.C%11C3=O.C%13C(=O)O.N14.N%135.N%136.N%177.N%188.N%199.N%20%10.N%21%11.N3%12	CC(C)[C@H](N)C(=O)NCC(N)=O.C[C@@H](C(N)=O)[C@H](C=O)CCCCN.NCC(=O)CC[C@@H](C=O)NC(=O)[C@@H](N)CCC(N)=O.NCC(=O)O.NCCC[C@H](N)C(N)=O
C2(=O)[C@@H]%18CCCCN.C%24(=O)[C@@H]%18CCCCN.C%49(=O)[C@@H]%25CCCCN.C%49(=O)[C@@H]%27CCCCN.C5(=O)[C@@H]%31CCCCN.[C@H]%42(CCC(=O)O)C(=O)O.CC[C@H](C)[C@H]%17C%11=O.C%13(=O)[C@@H]%19CC(C)C.C%46(=O)[C@@H]%22CCC%23.C5(=O)[C@@H]%29CCC%30.C5(=O)[C@@H]%31[C@@H](C)CC.C%10(=O)[C@@H]%33[C@@H](C)CC.[C@H]%34(CC(C)C)C%14=O.[C@H]%38(CC(=O)O)C%14=O.[C@H]%39(CC(N)=O)C%15=O.[C@@H]%40(C%16=O)[C@@H](C)CC.C%35(=O)[C@@H]%21[C@@H](C)O.C8(=O)[C@@H]%34CC%43.C9(=O)[C@@H]%36C(C)C.N1%37CCC[C@H]1%50.C%51(=O)[C@@H]%28C.N%23C(=N)N.N%30C(=N)N.C7(=O)C%32.N2%16.N%13%17.N%24%18.N%35%19.N%46%20.N%48%21.N%49%22.N%50%25.N%51%26.N3%27.N5%28.N6%29.N7%31.N8%33.S%43C.N9%34.N%10%36.S%44C.N%11%38.N%12%39.N%14%40.N%15%41.N%16%42	CC(N)=O.CC[C@H](C)[C@@H](C(=O)N[C@@H](C)C(N)=O)[C@@H](CCCCN)C(=O)C(=O)[C@@H](N)CCCNC(=N)N.CC[C@H](C)[C@H](N)C(=O)NC(=O)[C@H](CCCCN)[C@@H](CCCCN)C(N)=O.CC[C@H](C)[C@H](NC(=O)[C@H](CC(C)C)NC(=O)[C@@H](N)[C@@H](C)O)C(=O)N[C@@H](CC(=O)O)C(=O)C(=O)[C@H](CC(C)C)[C@@H](CCSC)C(=O)N[C@H](C(=O)N[C@H](C(N)=O)C(C)C)[C@@H](C)CC.CS.N=C(N)NCCC[C@H](N)C(N)=O.NC(=O)C[C@H](N)C(N)=O.NCCCC[C@H](N[C@@H]1CCCN1)C(=O)C(=O)[C@@H](N)CCCCN.N[C@@H](CCC(=O)O)C(=O)O
c1%24c[nH]c2ccccc12.[C@H]%16(CCC(=O)O)C5=O.[C@H]%18(CCC(=O)O)C6=O.[C@H]%11(CCC%12)C%28=O.[C@H]%15(CC(C)C)C%29=O.[C@H]%17(CC%18)C4=O.C%21C[C@H](N)C3=O.[C@@H]9(C%27=O)C(C)C.[C@@H]%14(C%30=O)C(C)C.N1%25CCC[C@H]1%22.[C@H]%20(C%23)C(=O)O.c1%23c[nH]cn1.C8C%27=O.C%10C%31=O.N%12C(=N)N.N%18C(=N)N.C%25%22=O.CS%21.N37.N%148.N%259.N%26%10.N%27%11.N%28%13.N%29%15.N%30%16.N4%17.N5%19.N6%20	CC(C)C[C@@H]1NC1=O.CC(C)[C@H](N)C(=O)C(=O)CN[C@H](C(=O)N[C@@H](CCC(=O)O)C(N)=O)C(C)C.CSCC[C@H](N)C(N)=O.N=C(N)N.N=C(N)NCCC[C@H](N)C(N)=O.NCC=O.O=C(O)CC[C@H](CC[C@@H]1NC1=O)C(=O)N[C@@H](Cc1c[nH]cn1)C(=O)O.O=C1[C@@H]2CCCN12.c1ccc2[nH]ccc2c1
c1%34c[nH]c2ccccc12.c1%33c[nH]c2ccccc12.c1%34c[nH]c2ccccc12.[C@H]%26(CCC(N)=O)C9=O.[C@H]%27(CCC(N)=O)C%13=O.CC[C@H](C)[C@H]%15C6=O.C%25(=O)[C@@H]%18[C@@H](C)O.c1%35ccc(O)cc1.C5(=O)[C@@H](N)CC%31.C%14(=O)[C@@H]%16C%33.C%47(=O)[C@@H]%20C%34.[C@H]%21(C%35)C7=O.[C@H]%22(C%37)C7=O.c1%37ccccc1.N17CCC[C@H]1%32.[C@H]%28(C)C%12=O.C%36(=O)C%19.C%30C(=O)O.C8%32=O.N3%15.N%14%16.N%25%17.N%36%19.N%39%20.N%40%21.S%31C.N6%23.N7%24.N8%26.N9%27.N%11%28.N%13%29%30	CC[C@H](C)[C@H](N)C(N)=O.CSCC[C@H](N)C=O.C[C@@H](O)CC(N)=O.C[C@H](N)C=O.C[C@H](N)C=O.NC(=O)CC[C@H](NC(=O)[C@H](CCC(N)=O)NC(=O)[C@@H]1CCCN1N)C(=O)NCC(=O)O.N[C@@H](Cc1ccc(O)cc1)C(=O)C(=O)CCc1ccccc1.O=C1CN1.O=C1N[C@H]1Cc1c[nH]c2ccccc12.c1ccc2c(-c3c[nH]c4ccccc34)c[nH]c2c1
=O.C%13(=O)[C@@H]9CC(N)=O.[C@H]%12(CC(N)=O)C%29=O.[C@H]%17(CC(N)=O)C(=O)O.c1%20ccc(O)cc1.C2(=O)[C@@H]7C%20.C%23(=O)[C@@H]%10CO.[C@H]%14(CO)C%27=O.[C@H]%16(CO)C3=O.N14CCC[C@H]1%18.C%11C%24=O.C4%18=O.N26.N%127.N%198.N%219.N%22%10.N%23%11.N%25%13.N%26%14.N3%15.N4%16.N5%17C	INVALID
C%21(=O)[C@@H]9CCCCN.C%22(=O)[C@@H](N)CCCCN.[C@H]%10(CC(N)=O)C%23=O.[C@H]%11(CC(C)C)C%26=O.[C@H]%11(CC(=O)O)C%27=O.[C@H]%12(CCC%14)C%29=O.[C@H]%16(CC(C)C)C3=O.[C@H]%17(CCC%18)C5=O.C%20C[C@H]7C%24=O.C%13(=O)[C@@H]8CO.N1%25CCC[C@H]1%21.C2(=O)[C@@H]%10%13CO.N%14C(=N)N.C%15C%28=O.N%18C(=N)N.C%19C(=O)O.CS%20.N27.N%218.N%229.N%23%10.N%25%11.N%27%12.N%28%15.N4%16.N5%17.N6%19	INVALID
[C@H]%11(CCC(NO)O)C%23=O.[C@H]%14(CCC(=O)O)C%24=O.[C@H]%15(CCC(=O)O)C4=O.[C@H]7(CC(C)C)C%24=O.[C@H]%12(CC(=O)O)C3=O.[C@H]%16(CCC%17)C(=O)O.C%18C[C@H][C@H]5C%19=O.[C@@H]%13(C%26=O)[C@@H](C)O.N1%21CCC[C@H]1%19.[C@H]6(C%20)C%22=O.[C@H]%15(CO)C3=O.C2(=O)[C@@H]6C.c1%20c[nH]cn1.[C@H]9(C)C%25=O.C8C%25=O.C%21%19=O.CS%18.N25.N%136.N%177.N%218.N%229.N%23%10.N%24%11.N%25%12.N%26%14.N3%15.N4%16	CC(C)C[C@H](NCCC[C@H](NC(=O)[C@H](CCC(=O)O)[C@@H](CO)C(=O)C(=O)[C@@H](N)CC(=O)O)C(=O)O)C(=O)C(=O)[C@H](CCC(=O)O)NC(=O)[C@@H](N)[C@@H](C)O.CSCC[CH][C@H](NC(=O)[C@H](C)[C@@H](Cc1c[nH]cn1)C(=O)N[C@@H](C)C(=O)C(=O)CN)C(=O)[C@@H]1CCCN1C=O.N.NC(=O)[C@@H](N)CCC(O)NO
c1%42c[nH]c2ccccc12.C%25(=O)[C@@H]%20CCCCN.C%45(=O)[C@@H]%24CCC(N)=O.C4(=O)[C@@H](N)CCCCN.CC[C@H](C)[C@H]%17C5=O.[C@@H]%29(C%10=O)[C@@H](C)CC.[C@H]%34(CCC%35)C%16=O.[C@H]%37(CCC%38)C(=O)O.C%47(=O)[C@@H]%21[C@@H](C)O.c1%43ccc(O)cc1.C%48(=O)[C@@H]%22CC(C)C.[C@@H]%33(C%12=O)[C@@H](C)O.C%14(=O)[C@@H]%18C%42.[C@@H]1%39CCCN1%47.C%45(=O)[C@@H]%23CS.C%46(=O)[C@@H]%26CS.C3(=O)[C@@H]%27C%43.[C@H]%30(CO)C6=O.[C@H]%32(C%41)C%13=O.c1%41c[nH]cn1.C%27C8=O.C%31C9=O.C%32C%16=O.N%35C(=N)N.C%36%39=O.C%35%40=O.N3%17.N%14%18.N%25%19.N%36%20.N%46%21.N%47%22.N%48%23.N%49%24.N5%26.N6%27.N8%28.N9%29.N%10%30.N%11%31.N%12%32.N%13%33.N%15%34.N%16%37	C=O.CC(C)C[C@H](N)C(=O)N[C@@H](CS)C(=O)C(=O)[C@@H](N)CCC(N)=O.CCC[C@H](N)C(=O)O.CC[C@H](C)[C@H](NC(=O)CN)C(=O)N[C@@H](CO)C(N)=O.CC[C@H](C)[C@H](NC(=O)[C@@H](CC(N)=O)Cc1ccc(O)cc1)C(=O)N[C@@H](CS)C(=O)N[C@H](C(=O)N1CCC[C@H]1C(=O)N[C@@H](CCCCN)C(N)=O)[C@@H](C)O.C[C@@H](O)[C@H](NC(=O)[C@@H](CC(=O)C(=O)[C@@H](N)CCCNC(=N)N)Cc1c[nH]cn1)C(N)=O.NCCCC[C@H](N)C=O.O=C1N[C@H]1Cc1c[nH]c2ccccc12
[C@H]%15(CCC(=O)O)C%36=O.[C@H]%16(CCC(=O)O)C%39=O.c1%33c[nH]c2ccccc12.[C@H]%21(CCC(N)=O)C7=O.CC[C@H](C)[C@H]%10C%35=O.C3(=O)[C@@H]%12CC(N)=O.[C@H]%17(CC(C)C)C%38=O.C)C%11C%36=O.[C@H]%18(CC(C)C)C7=O.[C@H]%24(CCC%25)C%11=O.[C@H]%23(CCC%110)C%13=O.[C@H]%22(CC(C)C)C8=O.C%14(=O)[C@@H]%13CC%28.C%34(=O)[C@@H](N)CC%29.[C@@H]%20(C5=O)[C@@H](C)C.c1%32ccc(O)cc1.[C@@H]1%30CCCN1%34.[C@H]%20(C%32)C4=O.c1%31c[nH]cn1.[C@H]%23(C)C%11=O.N%25C(=N)N.N%32C(=N)N.C%26C9=O.C%27C(=O)O.N3%10.N%14%12.S%28C.N%25%13.S%29C.N%35%15.N%35%16.N%36%17.N%37%18.N%39%19.N4%20.N5%21.N6%22.N7%24.N9%27	INVALID
[C@H]%15(CC(=O)O)C%13=O.[C@H]%17(CCCCN)C%24=O.[C@H]%18(CCC(=O)O)C%41=O.[C@H]%20(CCCCN)C%43=O.[C@H]%22(CCC(=O)O)C3=O.[C@H]%30(CCC(=O)O)C%14=O.CC[C@H](C)[C@H](N)C2=O.[C@H]%16(CC(N)=O)C%13=O.[C@H]%19(CC(=O)O)C%44=O.[C@H]%25(CC(=O)O)C5=O.[C@H]%29(CC(C)C)C%10=O.[C@H]%32(CCC%33)C%11=O.[C@@H]%23(C%43=O)C(C)C.[C@@H]%27(C5=O)[C@@H](C)O.[C@@H]%27(C6=O)C(C)O.[C@H]%30(CC%36)C%10=O.N1%37CCC[C@H]1%38.N16CCC[C@H]1%40.[C@H]%34(CO)C(=O)O.C%35%38=O.C7%39=O.N2%16.N%13%17.N%35%18.N%42%19.N%43%20.N%44%21.N%45%22.N%46%23.N3%23.N4%25.N5%27.N7%28.N8%29.N9%30.N%10%31.N%11%32.N%12%33.N%14%34	CC(C)[C@H](N)C(=O)C(=O)[C@@H](N)CCCCN.CC(O)[C@@H](C(=O)N1CCCC1)[C@H](C(=O)C(=O)[C@@H](N)CC(=O)O)[C@@H](C)O.CC[C@@H](C(=O)C(=O)[C@@H](N)CC(C)C)[C@@H](CCC(=O)O)C(=O)N[C@@H](CO)C(=O)O.CC[C@H](C)[C@H](N)C(=O)N[C@@H](CC(N)=O)C(=O)C(=O)CCC(=O)O.N.N.N.NC(=O)[C@@H](N)CC(=O)O.NC(=O)[C@@H](N)CCC(=O)O.NC=O.NCCCC[C@H](N)C=O.NCCC[C@@H]1NC1=O.O=C[C@H](CCC(=O)O)NC(=O)[C@@H]1CCCN1
C8(=O)[C@@H](N)CCC(=O)O.[C@H]%42(CCCCN)C%12=O.CC(C)C[C@H]%20C8=O.C2(=O)[C@@H]%22CC(=O)O.C%46(=O)[C@@H]%25CC(C)C.C4(=O)[C@@H]%29CC(=O)O.[C@H]%34(CCC%36)C9=O.[C@H]%41(CC(C)C)C%18=O.[C@H]%43(CC(C)C)C%20=O.C%13(=O)[C@@H]%21C(C)C.C%35(=O)[C@@H]%25[C@@H](C)O.C%50(=O)[C@@H]%27C(C)C.C%51(=O)[C@@H]%28[C@@H](C)O.C5(=O)[C@@H]%30[C@@H](C)O.[C@@H]%37(C%11=O)[C@@H](C)O.[C@@H]1%45CCCN1%45.C%52(=O)[C@@H]%25CO.[C@H]%31(CO)C%10=O.N1%15CCC[C@H]1%48.[C@H]%44(CO)C(=O)O.[C@H]%33(C)C9=O.[C@H]%39(C)C%14=O.C3(=O)C%27.N%36C(=N)N.C6(=O)C%32.C%38C%15=O.C%40C%14=O.C%24%45=O.C%48%47=O.C%16%48=O.N2%19.N%13%20.N%24%21.N%35%22.N%46%23.N%50%25.N%51%26.N%51%27.N%53%28.N4%29.N6%30.N7%31.N8%32.N9%33.N%10%34.N%11%37.N%12%38.N%14%39.N%16%40.N%17%42.N%18%43.N%19%44	INVALID
[C@H]7(CCC(N)=O)C%24=O.[C@H]9(CCCCN)C%27=O.[C@H]%11(CCC%12)C%29=O.[C@H]%14(CC(=O)O)C%30=O.C%21C[C@H](N)C2=O.[C@@H]8(C%24=O)[C@@H](C)O.[C@@H]%15(C4=O)C(C)C.N1%13CCC[C@H]1%22.[C@H]%10(C%25)C%28=O.c1%25ccccc1.N1%29CCC[C@H]1%23.[C@H]%16(CO)C2=O.[C@H]%17(C)C%32=O.N%12C(=N)N.N%19C(=N)N.C%20C(=O)O.C%18C%22=O.CS%21.N26.N%137.N%248.N%259.N%26%10.N%27%11.N%28%14.N%29%15.N%31%16.N3%17.N4%18.N5%20	CC(C)[C@H](N)C(=O)NCC(=O)[C@@H]1CCCN1N[C@@H](CCC(N)=O)C(=O)C(=O)[C@@H](N)[C@@H](C)O.CSCC[C@H](N)C(=O)C(=O)[C@@H](N)CO.C[C@H](N)C=O.N.N=C(N)N.N=C(N)NCCC[C@H](NC(=O)[C@@H](N)CCCCN)C(=O)N1CCCC1.NCC(=O)O.N[C@@H](Cc1ccccc1)C(=O)N[C@H](C=O)CC(=O)O
C%13(=O)[C@@H]%10CCC(N)=O.C%26(=O)[C@@H]%14CCC(=O)O.C%27(=O)[C@@H](N)CCC(N)=O.[C@H]%15(CCCCN)C3=O.C%24(=O)[C@@H]8CC(C)C.[C@H]%18(CC(=O)O)C(=O)O.[C@H]%16(CC(=O)O)C4=O.C%23(=O)[C@@H]9[C@@H](C)O.C%25(=O)[C@@H]%10C(C)C.[C@@H]%19(C3=O)[C@@H](C)O.[C@@H]1%21CCCN1%22.C2(=O)[C@@H]6C.C%24(=O)[C@@H]%12C.[C@H]%18(C)C5=O.C%14C%28=O.C%17C%31=O.N%20C(=N)N.C%26%22=O.N2%10.N%136.N%207.N%238.N%249.N%25%10.N%26%11.N%27%12.N%28%14.N4%15.N5%16.N6%17.N7%18.N8%19	CC(C)C[C@H](NC(=O)[C@@H](N)[C@@H](C)O)C(=O)C(=O)[C@H](C)NC(=O)[C@@H](N)CCC(N)=O.CC(C)[C@H]1C(=O)NNC(=O)[C@H](C)NC(=O)[C@@H]1CCC(N)=O.C[C@@H](O)[C@H](N)C(=O)C(=O)[C@H](CCCCN)NC(=O)[C@H](CC(=O)O)NC(=O)[C@H](C)[C@@H](CC(=O)O)C(=O)O.N.N=C(N)NNN.NC(=O)C[C@@H](CCC(=O)O)C(=O)C(=O)N1CCCC1.NCC=O
CC[C@H](C)[C@H]3C%19=O.C2(=O)[C@@H]4CCC5.C%18(=O)[C@@H]6[C@@H](C)O.C%19(=O)[C@@H](N)CC%16.[C@@H]9(C%21=O)C(C)C.c1%18ccc(O)cc1.[C@@H]%15(C(=O)O)[C@@H](C)O.C%13(=O)[C@@H]7CO.[C@H]%10(CO)C%21=O.[C@H]%11(CO)C%22=O.[C@H]%12(C%17)C%23=O.c1%17ccccc1.[C@H]%12(C%18)C%25=O.N%105C(=N)N.C%23%17=O.N23.N%134.N%246.N%187.S%16C.N%198.N%209.N%21%11.N%22%12.N%23%14.N3%15	CC[C@H](C)[C@H](NC(=O)[C@H](CCCN(C(=N)N)[C@@H](CO)C(=O)C(=O)[C@@H](N)C(C)C)NC(=O)[C@H](CO)NC[C@@H](C=O)[C@@H](Cc1ccccc1)C(=O)C=O)C(=O)C(=O)[C@@H](N)CCSC.C[C@@H](O)[C@H](N)C(=O)O.C[C@@H](O)[C@H](N)C(=O)c1ccc(O)cc1.N.N.NC(=O)[C@@H](N)CO
C%46(=O)[C@@H]%27CCCCN.[C@H]%39(CCCCN)C%10=O.[C@H]%40(CCC(=O)O)C%15=O.CC[C@H](C)[C@H]%20C7=O.C2(=O)[C@@H]%21CC(=O)O.C%24(=O)[C@@H]%23CC(N)=O.C%54(=O)[C@@H]%28CC(C)C.C%57(=O)[C@@H]%30CC(N)=O.C4(=O)[C@@H]%33CC(N)=O.[C@H]%37(CC(N)=O)C9=O.[C@H]%38(CC(N)=O)C%11=O.[C@H]%42(CC(N)=O)C%16=O.[C@H]%45(CC(C)C)C%18=O.C%35(=O)[C@@H]%26CC%50.C%55(=O)[C@@H]%29[C@@H](C)O.C5(=O)[C@@H]%34C(C)C.C7(=O)[C@@H](N)[C@@H](C)O.[C@@H]%38(C%11=O)[C@@H](C)O.c1%52ccc(O)cc1.[C@@H]1%51CCCN1%55.[C@H]%43(CCO)C%16=O.[C@H]%47(CS)C%18=O.[C@H]%49(C%52)C%19=O.[C@H]%45(C)C6=O.C%13(=O)C%22.C%53(=O)C%31.C3(=O)C%32.C%36C%12=O.C%42C%17=O.C%48C%17=O.C%54%51=O.N2%20.N%13%21.N%24%23.N%35%25.S%50C.N%46%26.N%56%27.N3%28.N%54%29.N%54%30.N%56%31.N3%32.N4%33.N5%34.N6%36.N7%37.N8%38.N9%39.N%10%40.N%11%41.N%14%42.N%14%43.N%15%44.N%16%45.N%17%47.N%18%48.N%19%49	CC(C)C[C@@H](C(=O)C(=O)[C@@H](N)CS)[C@@H](C)C(=O)NCC=O.CC(C)C[C@H](NC(=O)CN)C(=O)C(=O)[C@@H]1CCCN1C(=O)[C@@H](NN[C@H](C=O)CC(N)=O)[C@@H](C)O.CC(C)[C@@H]1NC1=O.CC[C@H](C)[C@H](NC(=O)[C@H](CC(=O)O)NC(C)=O)C(=O)C(=O)[C@@H](N)[C@@H](C)O.CSCC[C@H](NC(=O)[C@H](CCCCN)NNCC=O)C(N)=O.C[C@@H](O)[C@H]1C(=O)C(=O)[C@@H]1CC(N)=O.N.N.N.NC(=O)C[C@@H]1NC1=O.NC(=O)C[C@@H]1NC1=O.NCC(=O)C(=O)C[C@@H](CC(N)=O)C(=O)C(=O)[C@H](CCO)NN.NCCCC[C@H](NC(=O)[C@@H](N)CC(N)=O)C(=O)N[C@@H](CCC(=O)O)C(N)=O.O=C1N[C@H]1Cc1ccc(O)cc1
C%66(=O)[C@@H]%37CCCCN.C%75(=O)[C@@H]%39CCCCN.c1%68c[nH]c2ccccc12.[C@H]%49(CCCCN)C%16=O.[C@H]%56(CCCCN)C%24=O.c1%68c[nH]c2ccccc12.CC[C@H](C)[C@H]%29C6=O.C3(=O)[C@@H]%30CC(=O)O.C%14(=O)[C@@H]%31CC(C)C.C%25(=O)[C@@H]%32CC(C)C.C%36(=O)[C@@H]%33CCC%34..C%58(=O)[C@@H]%35CC(N)=O.[C@H]%44(CCC%45)C9=O.[C@H]%48(CC(C)C)C%13=O.C5(=O)[C@@H](N)CC%62.[C@@H]%42(C7=O)C(C)C.[C@@H]%46(C8=O)C(C)C.[C@@H]%43(C9=O)[C@@H](C)O.[C@@H]%48(C%12=O)[C@@H](C)O.[C@@H]1%63CCCN1%58.C4(=O)[C@@H]%41CO.[C@H]%46(CO)C%10=O.N1%10CCC[C@H]1%64.[C@H]%51(CS)C%13=O.[C@H]%53(CS)C%15=O.[C@H]%54(C%68)C%20=O.[C@H]%52(C%70)C%17=O.c1%70ccccc1.N1%18CCC[C@H]1%65.N1%19CCC[C@H]1%66.[C@H]%55(C%71)C%22=O.c1%71ccccc1.[C@H]%56(CS)C%23=O.[C@H]%59(CS)C%26=O.N1%26CCC[C@H]1%67.[C@H]%60(C%72)C%28=O.c1%72ccccc1.[C@H]%61(CO)C(=O)O.C%69(=O)[C@@H]%38C.[C@H]%40(C)C%120=O.[C@H]%52(C)C%40=O.N%34C(=N)N.C%41C6=O.N%45C(=N)N.C%57C%23=O.C%47%63=O.C%11%64=O.C%19%66=O.C%20%67=O.C%27%67=O.N3%29.N%14%30.N%25%31.N%36%32.N%47%35.N%69%37.N%72%37.N%73%39.N4%39.S%62C.N4%41.N5%42.N6%43.N7%46.N8%48.N9%49.N%12%50.N%13%51.N%15%52.N%16%53.N%17%54.N%21%55.N%22%56.N%23%57.N%24%59.N%27%61	INVALID
C%20(=O)[C@@H]7CCC(=O)O.[C@H]%13(CCC(=O)O)C%28=O.CC(C)C[C@H]5C%23=O.C%24(=O)[C@@H]6CC(C)C.[C@@H]%10(C%25=O)[C@@H](C)O.[C@H]%14(CC%16)C%27=O.[C@@H]1%17CCCN1%21.C%21(=O)[C@@H]8CO.C%22(=O)[C@@H](N)C%18.[C@H]%12(C%18)C%24=O.[C@H]%15(CO)C(=O)O.C2(=O)[C@@H]7C.c1%18c[nH]cn1.C%11C4=O.C%19%16=O.C%22%17=O.N25.N%136.N%207.N%228.N%239.N%24%10.N%25%11.N%27%12.N3%14.N4%15	CC(C)C[C@H](NC(=O)[C@H](C)[C@@H](CCC(=O)O)C(N)=O)C(N)=O.CC(C)C[C@H](N[C@H](C=O)CCC(=O)O)C(=O)C(=O)[C@H](CC[C@H](N)C(=O)C(=O)[C@@H]1CCCN1C(=O)[C@@H](N)CO)NC(=O)[C@@H](N)CCC=O.C[C@@H](O)[C@H](N)C(=O)NCC(=O)N[C@@H](CO)C(=O)O.c1c[nH]cn1
C%36(=O)[C@@H]%43CCCCN.[C@H]%59(CCCCN)C%22=O.[C@H]%61(CCCCN)C%24=O.c1%82c[nH]c2ccccc12.C%18(=O)[C@@H]%63CCCCN.C%19(=O)[C@@H]%64CCC(N)=O.[C@H]%68(CCCCN)C%27=O.[C@H]%71(CCCCN)C%32=O.CC[C@H](C)[C@H]%34C%20=O.C3(=O)[C@@H]%35CC(N)=O.C%14(=O)[C@@H]%37CCC%38.C%47(=O)[C@@H]%39CC%40.C%80(=O)[C@@H]%41[C@@H](C)CC.C5(=O)[C@@H]%46CC%73.C8(=O)[C@@H]%48CC(C)C.C%10(=O)[C@@H]%49CC(C)C.C%11(=O)[C@@H]%51CC(C)C.C%13(=O)[C@@H]%53CC(N)=O.C%15(=O)[C@@H]%55[C@@H](C)CC.C%14(=O)[C@@H]%56C(C)C.C%17(=O)[C@@H]%57CC(C)C.[C@H]%67(CC(C)C)C%30=O.C6(=O)[C@@H]%45[C@@H](C)CC.[C@H]%66(CC(N)=O)C%33=O.C7(=O)[C@@H]%46CC%74.c1%79ccc(O)cc1.c1%81ccc(O)cc1.[C@@H]%63(C%23=O)C(C)C.[C@@H]%65(C%30=O)C(C)C.[C@@H]%72(C(=O)O)C(C)C.[C@@H]1%75CCCN1%47.C%69(=O)[C@@H]%42C%78.C4(=O)[C@@H]%44CO.C%12(=O)[C@@H]%54C%81.[C@@H]1%76CCCN1%17.[C@H]%62(C%82)C%26=O.N1%30CCC[C@H]1%77.C%25(=O)[C@@H]%40C.C7(=O)[C@@H]%50C.[C@H]%68(C)C%29=O.N%38C(=N)N.C%36%75=O.C%16%76=O.C%31%77=O.N3%34.N%14%35.N%36%37.N%47%38.N%58%39.N%69%41.N%80%41.N%83%42.N4%43.N5%44.N6%45.S%73C.N8%46.N9%49.N%10%50.N%11%51.N%12%52.N%13%53.N%15%54.N%16%55.N%18%56.N%19%59.N%20%60.S%74C.N%21%61.N%22%62.N%23%63.N%24%64.N%26%65.N%27%66.N%28%67.N%29%68.N%31%70.N%32%71.N%33%72	CC(C)CCC(N)=O.CC(C)C[C@@H]1NC1=O.CC(C)C[C@H](N)C(=O)C(=O)[C@@H](NC(=O)[C@H](Cc1c[nH]c2ccccc12)NC(=O)[C@H](CCCCN)NC(=O)[C@H](CCC(N)=O)NC(=O)[C@@H](N)CCCCN)C(C)C.CC(C)[C@H](NC(=O)[C@H](CC(N)=O)NC(=O)[C@H](CCCCN)[C@@H](C)C(N)=O)C(=O)O.CC(C)[C@H](NC(=O)[C@H](CCCCN)[C@H](C(N)=O)C(C)C)C(=O)C(=O)[C@@H](N)CCCNC(=N)N.CC[C@H](C)[C@@H]1NC1=O.CC[C@H](C)[C@H](NC(=O)[C@@H](N)CC(N)=O)C(N)=O.CC[C@H](C)[C@H](NC(=O)[C@@H]1CCCN1C(=O)CCC(C)C)C(=O)N[C@@H](Cc1ccc(O)cc1)C(N)=O.CC[C@H](C)[C@H](NC(=O)[C@H](C)N)C(N)=O.CSCC[C@@H](C(=O)N[C@@H](CO)C(=O)N[C@@H](CCCCN)C(=O)C(=O)[C@@H]1CCCN1C(=O)[C@@H](N)CC[C@@H](C)C=O)[C@@H](CCSC)C(=O)C(=O)[C@H](C)NC(=O)[C@@H](N)CC(C)C.N.NC(=O)C[C@@H]1NC1=O.NC(=O)[C@@H]1CCCN1.NCCCC[C@@H]1NC1=O.Oc1ccccc1
[C@H]5(CC(N)=O)C%21=O.[C@H]%12(CCC%13)C%25=O.[C@H]%15(CC(N)=O)C(=O)O.C2(=O)[C@@H](N)CCC%16.[C@@H]6(C%19=O)[C@@H](C)O.[C@@H]%10(C%23=O)[C@@H](C)O.[C@@H]%11(C%24=O)[C@@H](C)O.[C@@H]%14(C3=O)[C@@H](C)O.N1%20CCC[C@H]1%17.[C@H]9(C%18)C%22=O.c1%18c[nH]cn1.N%14C(=N)N.C%22%17=O.N24.S%16C.N%135.N%246.N%197.N%218.N%229.N%22%10.N%23%12.N%25%14.N3%15	CSCCC[C@H](N)C(N)=O.C[C@@H](O)CC(=O)N[C@H](C(N)=O)[C@@H](C)O.C[C@@H](O)[C@H](NC(=N)N)C(=O)N[C@@H](CC(N)=O)C(=O)O.C[C@@H](O)[C@H](NN[C@@H](Cc1c[nH]cn1)C(=O)C(=O)[C@@H]1CCCN1)C(=O)N[C@@H](CCCN[C@@H](CC(N)=O)C(N)=O)C(N)=O
[C@H]%10(CCC(N)=O)C%23=O.[C@H]%10(CCCCN)C%28=O.[C@H]%11(CCCCN)C6=O.[C@H]%13(CCCCN)C8=O.[C@H]%16(C)CN)C(=O)O.[C@H]%12(C%19)C%24=O.N1%24CCC[C@H]1%15.[C@H]%14(C%20)C4=O.[C@H]%15(CS)C6=O.N14CCC[C@H]1%17.N16CCC[C@H]1%18.C2(=O)[C@H](C)N.c1%19c%24=O.c1%20c[nH]cn1.C%27%14=O.C5%16=O.C6%17=O.N29.N%13%10.N%27%11.N%28%12.N%30%14.N%31%15.N7%16	INVALID
CC)NC%22(=O)[C@@H](N)CC(N)=O.CC(C)[C@H])C(=O)O.C2(=O)[C@@H]6CO.[C@@H]1%15CCCCN1%16.C%19(=O)[C@@H]8CO.C%20(=O)[C@@H]%10CO.C%21(=O)[C@@H]%11CO.C%23(=O)[C@@H]9C3CO.C%16%15=O)C.N24.N%125.N%186.N%207.N%218.N%229.N%23%10.N%25%11.N3%12	INVALID
C(N)C[C@H]5C4=O.C%14(=O)[C@@H]7C(C)C.c1%12ccc(O)cc1.c1%14ccc(O)cc1.c1%14ccc(O)cc1.[C@H]%10(C%16)C(=O)O.N26.N%197.N%208.N%219.N%22%11C	CC(C)[C@H](N)C(=O)c1ccc(O)cc1.CCC(=O)O.CN.N.N.N.NCCCC=O.Oc1ccccc1.Oc1ccccc1
CC[C@H](C)[C@H]6C%29=O.C%24(=O)[C@@H]8CCC9.C%25(=O)[C@@H]%11CCC%12.C%27(=O)[C@@H]%14CCC%15.[C@H]%18(CCC%19)C5=O.c1%15ccc(O)cc1.c1%22ccc(O)cc1.[C@@H]%21(C(=O)O)[C@@H](C)O.C2(=O)[C@@H]7CO.C%23(=O)[C@@H]%14CC%22.C%26(=O)[C@@H]%16C%25.C3(=O)[C@H](C)N.N9C(=N)N.N%12C(=N)N.N%19C(=N)N.C%20C4=O.N26.N%137.N%248.N%24%10.N%26%11.N%27%13.N%28%16.S%29C.N%30%18.N%31%19.N4%20.N5%21	CC[C@H](C)[C@H](NC(=O)[C@H](CO)NNC(=O)[C@H](CCCc1ccc(O)cc1)[C@H](C=O)CCc1ccc(O)cc1)C(=O)SC.C[C@@H](O)[C@H](NC(=O)[C@@H](N)CCCNC(=N)N)C(=O)O.C[C@H](N)C=O.N.N.N=C(N)NCCC[C@@H]1NC(=O)[C@@H](N)CC1=O.N=C(N)NCCC[C@@H]1NC1=O.O=C1CN1
C%36(=O)[C@@H]%20CCCCN.C%45(=O)[C@@H]%27CCCCN.C7(=O)[C@@H]%34CCCCN.C%10(=O)[C@@H]%35CCC(=O)O.c1%42c[nH]c2ccccc12.CC[C@H](C)[C@H]%16C%15=O.C3(=O)[C@@H]%17CCC%18.C%14(=O)[C@@H]%22[C@@H](C)CC.C%49(=O)[C@@H]%26CC(NO)O.C6(=O)[C@@H]%31CC(C)C.C%11(=O)[C@@H]%35[C@@H](C)CC.C%14(=O)[C@@H]%19CC%39.C9(=O)[C@@H]%30[C@@H](C)O.C%10(=O)[C@@H]%32C(C)C.C%12(=O)[C@@H]%33C(C)C.C%13(=O)[C@@H]%37C(C)C.C%49(=O)[C@@H]%27C%41.C5(=O)[C@@H]%29C%42.C%47(=O)[C@@H]%23C.C%49(=O)[C@@H]%24C.C%50(=O)[C@@H]%38C.c1%41c[nH]c1.[C@H]%38(C)C(=O)O.N%18C(=N)N.N3%16.N%14%17.S%39C.N%25%19.N%45%20.N%47%21.N%48%23.N%49%24.N%50%26.N4%27.N5%28.N6%29.N7%30.N8%31.N9%32.N%10%33.N%11%34.N%12%35.N%13%37.N%15%38	INVALID
NC%21(=O)[C@@H]8CC(=O)O.C%27(=O)[C@@H]9CC(=O)O.CC(C)C[C@H]5C3=O.[C@@H]1%12CCCN1%13.C%18(=O)[C@@H]5CS.C%19(=O)[C@@H]7C%16.c1%16ccccc1.N1%23CCC[C@H]1%14.[C@H]%10(C%17)C4=O.c1%17ccccc1.C%22(=O)C%10N.C2%12=O.C%24%14=O.N25.N%196.N%207.N%218.N39.N4%10	INVALID
C%36(=O)[C@@H]%23CCC(N)=O.[C@H]%31(CCC(=O)O)C5=O.c1%49c[nH]c2ccccc12.[C@H]%45(CCCCN)C(=O)O.CC[C@H](C)[C@H]%18C7=O.C%36(=O)[C@@H]%23CC(=O)O.C6(=O)[C@@H](N)CC(=O)O.[C@H]%28(CCC%33)C6=O.[C@@H]%37(C%12=O)[C@@H](C)CC.[C@H]%38(CCCCN)C%13=O.[C@H]%43(CCC%44)C%15=O.C%47(=O)[C@@H]%23C(C)C.C%51(=O)[C@@H]%26CC(C)C.C5(=O)[C@@H]%30CCC%46.[C@H]%35(C%49)C%11=O.N18CCC[C@H]1%48.C3(=O)[C@@H]%19C.C%25(=O)[C@@H]%21C.[C@H]%38(C)C%10=O.N%28C(=N)N.N%33C(=N)N.C%39C%17=O.C%42C%16=O.C9%48=O.N3%18.N%14%19.N%25%20.N%36%21.N%47%23.N%50%24.N%51%26.N%51%27.N%52%29.N4%31.N5%32.N6%34.N9%35.N%10%37.N%11%38.N%12%40.N%13%41.N%15%42.N%16%43.N%17%45	CC(=O)N[C@@H](CCCCN)C(=O)O.CC(C)C[C@@H]1NC1=O.CC(C)[C@@H]1NC1=O.CCCCC(=O)C(=O)[C@@H](N)CCC(=O)O.CCC[C@@H]1NC(=O)CNC1=O.CC[C@H](C)[C@@H](C=O)NC(=O)[C@H](C)N.CC[C@H](C)[C@H](NC(=O)[C@H](C)[C@@H](CCCCN)C(N)=O)C(N)=O.C[C@H](N)C(N)=O.N.N.N.N.N.N=C(N)NCCC[C@H](NC(=N)N)C(=O)C(=O)[C@@H](N)CC(=O)O.NC(=O)CC[C@H]1C(=O)C(=O)[C@@H]1CC(=O)O.NC(=O)[C@H](Cc1c[nH]c2ccccc12)NC(=O)[C@@H]1CCCN1
[C@H]%15(CCC(N)=O)C%25=O.[C@H]%29(CCC(N)=O)C6=O.c1%45c[nH]c2ccccc12.[C@H]%41(CCC(=O)O)C(=O)O.[C@H]%16(CC(N)=O)C%25=O.[C@H]%17(CC(C)C)C%36=O.[C@H]%18(CC(C)C)C%46=O.[C@H]%19(CC(C)C)C%50=O.[C@H]%22(CCC%23)C4=O.[C@H]%26(CCC%27)C6=O.[C@H]%32(CC%33)C7=O.[C@H]%34(CCC%35)C%12=O.[C@H]%38(CCC%39)C%13=O.C%43C[C@H](N)C3=O.[C@@H]%21(C%50=O)[C@@H](C)O.[C@H]%15(CO)C%25=O.[C@H]%28(CO)C7=O.[C@H]%30(CO)C9=O.[C@H]%32(CC%45)C%10=O.N%23C(=N)N.C%20C%49=O.C%24C5=O.N%27C(=N)N.N%33C(=N)N.N%37C(=N)N.C%40C%11=O.CS%42.N3%15.N%14%15.N%14%15.N%25%16.N%36%17.N%44%18.N%48%19.N%49%20.N%50%21.N%51%22.N%52%24.N4%26.N5%28.N6%29.N7%30.N8%32.N9%34.N%10%35.N%11%38.N%12%40.N%13%41	CC(C)C[C@@H]1NC1=O.CC(C)C[C@H](N)C(=O)C(=O)[C@@H](N)[C@@H](C)O.CC(C)C[C@H](N)C=O.CCC[C@H](NC(=O)CNC(=O)[C@H](CCCNC(=O)[C@H](CCc1c[nH]c2ccccc12)[C@@H](CCNC(=N)N)C(=O)C(=O)[C@H](CO)NC(=O)CN)NC(=O)[C@@H](N)CO)C(=O)N[C@@H](CCC(=O)O)C(=O)O.CC[C@H](N)C(=O)NNN.CS.N.N=C(N)N.N=C(N)NCCC[C@H](NC(=O)[C@@H](N)CCCNC(=N)N)C(=O)C(=O)[C@@H](N)CCC(N)=O.NC(=O)CC[C@H]1C(=O)C(=O)[C@H](CC(N)=O)NC(=O)[C@@H]1CO.O=C1CN1
)[C@H]6C%28=O.C2(=O)[C@@H]7C%85.[C@@H]1%17CCCN1%23.C%24(=O)[C@@H]8CS.C%25(=O)[C@@H]9CS.C%27(=O)[C@@H](C%20.C%29(=O)[C@@H]%11CS.C%30(=O)[C@@H](N)CS.c1%19c[nH]cn1.c1%20c[nH]cn1.[C@H]%12(C)C3=O.[C@H]%14(C)C(=O)O.C%21%16=O.C%23%17=O.C3%18=O.N26.N%137.N%228.N%249.N%26%10.N%27%11.N%28%12.N5%14	INVALID
C%25(=O)[C@@H]%31CCC(N)=O.C%58(=O)[C@@H]%33CCC(=O)O.C3(=O)[C@@H]%38CCC(=O)O.[C@H]%41(CCCCN)C7=O.[C@H]%45(CCCCN)C%11=O.c1%65c[nH]c2ccccc12.CC[C@H](C)[C@H]%28C5=O.C3(=O)[C@@H]%29CC(N)=O.C%14(=O)[C@@H]%30CC(C)C.[C@H]%34(CCC%35)C%68=O.[C@@H]%44(C%13=O)[C@@H](C)CC.[C@H]%46(CC(N)=O)C%16=O.[C@H]%52(CC(N)=O)C%18=O.[C@H]%56(CC(C)C)C%24=O.[C@H]%59(CC(C)C)C%27=O.[C@H]%60(CC(C)C)C(=O)O.CC(O)C(=O)O.[C@@H]%39(C6=O)C(C)C.[C@@H]%40(C8=O)C(C)C.[C@@H]%50(C%21=O)[C@@H](C)O.[C@@H]%50(C%23=O)C(C)O.[C@@H]%57(C%25=O)C(C)C.C%36(=O)[C@@H]%32CO.[C@@H]1%62CCCN1%57.C%66(=O)[C@@H]%37C%64.C%67(=O)[C@@H](N)CO.C4(=O)[C@@H](N)CO.N1%12CCC[C@H]1%63.[C@H]%48(CO)C%17=O.[C@H]%51(C%65)C%18=O.c1%64c[nH]cn1.[C@H]%43(C)C%11=O.C%42C%12=O.C%53C%19=O.C%54C%20=O.C%55C%26=O.C%47%63=O.N3%28.N%14%29.N%25%30.N%36%31.N%47%32.N%66%33.N%67%34.N%67%35.N4%37.N5%38.N5%39.N6%40.N7%41.N8%42.N9%43.N%10%44.N%11%46.N%13%48.N%15%49.N%16%50.N%17%51.N%18%52.N%19%53.N%20%54.N%21%55.N%23%56.N%24%57.N%26%59.N%27%60	CC(C)C[C@H](NC(=O)[C@H](C(C)O)[C@H](C(=O)NCC(=O)N[C@@H](CC(C)C)C(=O)N[C@@H](CC(C)C)C(=O)O)[C@@H](C)O)C(N)=O.CC(C)[C@H](N)C(=O)N[C@H](C(=O)NCC(=O)N1CCC[C@H]1C(=O)N[C@@H](CO)C(=O)N[C@@H](CCC(N)=O)C(=O)C(=O)[C@H](C(C)C)N1CCCC1)C(C)C.CC(O)C(=O)O.CC[C@H](C)[C@H](N)C(=O)N[C@@H](CCC(=O)O)C(=O)C(=O)[C@H](CC(N)=O)NC(=O)[C@@H](N)CC(C)C.CC[C@H](C)[C@H](N)C(=O)N[C@@H](CO)C(=O)N[C@@H](Cc1c[nH]c2ccccc12)C(=O)C(=O)[C@@H](N)CC(N)=O.C[C@H](N)C(=O)C(=O)CCCCCN.N.NC(=O)C[C@H](N)C(N)=O.NCCCC[C@@H]1NC1=O.NCCC[C@@H](C=O)NC(=O)[C@@H](N)CO.N[C@@H](CO)C(=O)N[C@@H](Cc1c[nH]cn1)C(=O)N[C@H](C=O)CCC(=O)O.O=C1CN1.O=C1CN1
c1%16c[nH]c2ccccc12.[C@H]%13(CCCCN)C(=O)O.CC(C)[C@H])C%14=O.[C@@H]6(C%21=O)[C@@H](C)O.[C@@H]9(C%23=O)[C@@H](C)O.c1%18ccc(O)cc1.C3(=O)[C@@H]%16C%15.c1%15ccccc1.C%12(=O)[C@@H]5C.C%12(=O)CN.C5C%19=O.C7C%20=O.C8C%22=O.C%10C%13=O.C%11C3=O.N33.N%144.N%195.N%206.N%217.N%228.N%23%10.N%24%11.N%25%13	INVALID
C%35(=O)[C@@H]%17CCC(N)=O.C%36(=O)[C@@H]%20CCCCN.CC[C@H](C)[C@H]%11C(=O)O.C%38(=O)[C@@H]%16CC(C)C.C2(=O)[C@@H]%12C(C)C.C%13(=O)[C@@H]%14C(C)C.C%33(=O)[C@@H]%19C(C)C.C%34(=O)[C@@H]%14C(C)C.C%36(=O)[C@@H]%18C(C)C.C7(=O)[C@@H]%23C(C)C.C9(=O)(N)C(C)C.[C@@H]1%29CCCN1%35.[C@@H]1%30CCCN1%36.C3(=O)[C@@H]%21CS.C4(=O)[C@@H]%22CO.C5(=O)[C@@H]%24CO.C6(=O)[C@@H]%20C.C%37(=O)C%15.C%26C%10=O.C%33%29=O.C%34%30=O.N2%11.N%24%12.N%32%14.N%33%15.N%34%16.S%28C.N%36%17.N%36%18.N%37%19.N3%20.N4%21.N5%22.N6%23.N7%25.N8%26.N%10%27	INVALID
C%35(=O)[C@@H]%27CCC(=O)O.C%55(=O)[C@@H]%29CCCCN.C%56(=O)[C@@H]%32CCCCN.C6(=O)[C@@H]%37CCC(N)=O.C%14(=O)[C@@H]%41CCC(N)=O.[C@H]%47(CCCCN)C(=O)O.C%48C[C@H]%20C%16=O.C2(=O)[C@@H]%22CCC%23.C%53(=O)[C@@H]%33[C@@H](C)CC.[C@H]%42(CC(C)C)C%19=O.[C@H]%44(CCC%45)C%20=O.c1%51ccc(O)cc1.C%55(=O)[C@@H]%29[C@@H](C)O.C5(=O)[C@@H]%36[C@@H](C)O.C%15(=O)[C@@H](N)CC%49.C%24(=O)[C@@H]%26CO.C%24(=O)[C@@H]%31C%51.C4(=O)[C@@H]%34CS.C8(=O)[C@@H]%39C%52.c1%52ccccc1.C%10(=O)[C@@H]%40CO.[C@@H]1%50CCCN1%15.[C@H]%43(CO)C%18=O.[C@H]%43(C)C%17=O.N%23C(=N)N.N%45C(=N)N.C%14%50=O.CS%48.N2%21.N%13%22.N%24%26.N%46%27.N%54%28.N%55%29.N%56%30.N%57%31.N3%32.N4%33.N5%34.N6%36.N8%37.N9%38.N%10%39.N%11%40.N%12%41.N%14%42.S%49C.N%16%43.N%18%44.N%19%47	CC(C)C[C@H](N)C(=O)N[C@@H](CCCCN)C(=O)O.CC[C@H](C)[C@@H](C=O)NC(=O)[C@H](CS)NC(=O)[C@@H](NC(=O)[C@H](CCC(N)=O)NC(=O)[C@H](Cc1ccccc1)NC(=O)[C@@H](N)CO)[C@@H](C)O.CSCC[C@@H](C(N)=O)C(=O)[C@H](CCCNC(=N)N)NC(=O)[C@H](CO)[C@@H](C)C=O.CSCC[C@H](N)C(=O)N1CCC[C@H]1C(=O)C(=O)[C@@H](N)CCC(N)=O.C[C@@H](O)[C@H]1C(=O)C(=O)[C@@H]1CCCCN.N.N.N.N=C(N)NCCC[C@H](N)C(N)=O.NCCCC[C@H](N)C(N)=O.N[C@@H](CO)C(=O)C(=O)[C@@H](N)Cc1ccc(O)cc1.N[C@H](C=O)CCC(=O)O
C%24(=O)[C@@H]8CCC%11.C%26(=O)[C@@H](N)CC%15.[C@@H]1%16CCCN1%17.C%19(=O)[C@@H]5CO.[C@H]%10(C%18)C3=O.c1%18ccccc1.[C@H]%10(CO)C4=O.N%136.N%227.S%14C.N%238.N%259.S%15C.N%27%10.S	C1CCNC1.CCC[C@H](N)C=O.CS.CSCC[C@H](N)C=O.N.N.N.N.O=CCCO.O=C[C@H](CO)[C@H](C=O)Cc1ccccc1.S
C%24(=O)[C@@H]9CCC(=O)O.C%26(=O)[C@@H]%18CCCCN.CC[C@H](C)C77C4=O.C2(=O)[C@@H]8CC(=O)O.C%23(=O)[C@@H]%10CC(C)C.C%24(=O)[C@@H]%12CC(=O)O.C%28(=O)[C@@H]%12CCC%14.C2(=O)[C@@H]%10[C@@H](C)CC.C%25(=O)[C@@H]%15[C@@H](C)CC.c1%21ccc(O)cc1.[C@@H]1%20CCCN1%23.C%27(=O)[C@@H]%17C%21.[C@H]%16(CO)C6=O.C%17(=O)[C@@H]%11C.[C@H]%18(C)C5=O.[C@H]%19(C)C(=O)O.C%22(=O)C%14C.C%22%20=O.N27.N%138.N%229.N%24%10.N%25%11.N%26%12.N%27%14.N%28%15.N3%16.N4%17.N5%18.N6%19	INVALID
[C@H]5(CC(C)C)C%19=O.[C@H]7(CC(N)=O)C%21=O.[C@H]%10(CC(N)=O)C%23=O.[C@H]%12(CC(N)=O)C%26=O.[C@H]%15(CC(N)=O)C%27=O.C%17C[C@H](N)C2=O.[C@H]6(C%18)C%13=O.[C@H]9(C%18)C%24=O.[C@H]%15(CO)C%102=O.c1%18c[nH]cn1.[C@H]8(C)C%21=O.C9C%22=O.C%16C(=O)O.CS%17.N26.N%137.N%198.N%209.N%21%10.N%22%11.N%23%12.N%25%14.N3%15.N4%16	INVALID
[C@H]%26(CCC(=O)O)C%36=O.c1%61c[nH]c2ccccc12.c1%60c[nH]c2ccccc12.[C@H]%23(CCC%24)C%25=O.[C@H]%27(CC(NO)O)C%47=O.[C@H]%30(CCC%31)C%63=O.[C@H]%34(CC(C)C)C5=O.[C@H]%37(CC(=O)O)C8=O.[C@H]%40(CC(=O)O)C8=O.[C@H]%41(CC(C)C)C%10=O.[C@H]%42(CC(=O)O)C%15=O.[C@H]%44(CC(=O)O)C%17=O.[C@H]%46(CCC%48)C%18=O.[C@H]%49(CCC%50)C%18=O.[C@H]%52(CCC%52)C%22=O.C%55C[C@H]%22C%14=O.C3(=O)[C@@H](N)CC%56.[C@@H]%28(C%58=O)C(C)C.[C@@H]%32(C%62=O)[C@@H](C)O.[C@@H]%33(C4=O)[C@@H](C)O.c1%59ccc(O)cc1.[C@@H]%104(C%10=O)C(C)C.[C@@H]%40(C%13=O)[C@@H](C)O.[C@@H]%45(C%12=O)C(C)C.[C@H]%34(C%56)C5=O.[C@H]%38(C%57)C7=O.c1%57ccccc1.[C@H]%43(C%59)C%11=O.[C@H]%48(C%60)C%20=O.[C@H]%44(C)C%16=O.[C@H]%54(C)C(=O)O.N%24C(=N)N.N%31C(=N)N.N%50C(=N)N.N%52C(=N)N.C%48C%18=O.C%53C%19=O.CS%55.N3%22.N%14%23.S%56C.N%25%26.N%36%27.N%47%28.N%58%29.N%62%30.N%63%32.N%64%33.N4%34.N5%35.N6%37.N7%38.N8%39.N9%40.N%10%41.N%11%42.N%12%44.N%13%45.N%15%46.N%16%48.N%17%49.N%18%51.N%19%52.N%20%53.N%21%54	INVALID
[C@H]%11(CCCCN)C%23=O.CC(C)C[C@H]5C%20=O.C2(=O)[C@@H]6CC(=O)O.[C@H]9(CC(C)C)C%20=O.[C@H]9(CC(=O)O)C%10=O.[C@H]%12(CC(C)C)C%23=O.[C@H]%12(CC(C)C)C%24=O.[C@H]%15(CC%16)C2=O.C7C%19=O.C%10C%21=O.N%17C(=N)N.C3C3=O.C%16C(=O)O.N25.N%136.N%187.N%208.N%219.N%22%10.N%23%12.N%24%14.N2%15.N4%16	INVALID
[C@H]%30(CCC(N)=O)C6=O.[C@H]%33(CCC(N)=O)C9=O.[C@H]%19(CC(=O)O)C%13=O.[C@H]%21(CC(=O)O)C%47=O.[C@H]%26(CCC%26)C3=O.C2(=O)[C@@H](N)CCC%16.[C@H]%18(CC(C)C)C%35=O.[C@H]%20(CC(=O)O)C%44=O.[C@H]%23(CC(C)C)C%46=O.[C@H]%25(CC(=O)O)C4=O.[C@H]%27(CCC%28)C5=O.[C@H]%30(CC(C)C)C7=O.[C@H]%33(CC(C)C)C%10=O.[C@H]%36(CC(C)C)C%11=O.[C@H]%37(CCC%38)C(=O)O.C%13(=O)[C@@H]%16[C@@H](C)O.[C@H]%21(CC%39)C%47=O.[C@@H]%31(C%11=O)C(C)C.[C@H]%17(C%41)C%35=O.c1%41ccccc1.N1%41CCC[C@H]1%40.[C@H]%29(CO)C8=O.[C@H]%32(CO)C%14=O.N%16C(=N)N.N%26C(=N)N.N%28C(=N)N.N%38C(=N)N.C%34C%12=O.N2%14.N%13%16.N%24%17.N%35%18.N%43%19.N%45%20.N%47%21.N%48%22.S%39C.N3%23.N4%25.N5%27.N6%29.N7%30.N8%31.N9%32.N%10%33.N%11%34.N%12%36	C1CCNC1.CC(C)C[C@@H](C(N)=O)[C@@H](CCC(N)=O)C(=O)N[C@@H](CO)C(=O)NC(=O)[C@@H](N)CCC[C@H](C(=O)C(=O)[C@@H](N)CC(=O)O)[C@@H](C)O.CC(C)C[C@@H](C=O)NC(=O)C1CCC1.CC(C)C[C@H](N)C(=O)C(=O)[C@@H](N)Cc1ccccc1.CC(C)C[C@H](NC(=O)CN)C(=O)C(=O)[C@@H](NC(=O)[C@H](CO)NC(=O)[C@H](CCC(N)=O)[C@@H](CC(C)C)C(N)=O)C(C)C.CSCC[C@H]1C(=O)C(=O)[C@@H]1CC(=O)O.N.N.N=C(N)N.N=C(N)NCCCCC(=O)O.N=C(N)NCCC[C@@H]1NC1=O.N=C(N)NN.N[C@H](C=O)CC(=O)O.O=C(O)C[C@@H]1NC1=O
[C@H]%18(CCC(=O)O)C7=O.CC[C@H](C)[C@H]9C%31=O.C%13(=O)[C@@H]%10CCC%11.[C@H]%15(CC(N)=O)C%32=O.[C@H]%17(CCC%18)C%36=O.[C@H]%25(CCC%26)C(=O)O.[C@H]%22(CCC%23)C5=O.C%24(=O)[C@@H](N)CC%28.[C@H]%17(CO)C%34=O.N1%41CCC[C@H]1%29.N17CCC[C@H]1%30.C%13(=O)[C@@H]%12C.[C@H]%18(C)C5=O.N%11C(=N)N.C%16C%36=O.C%19C4=O.C%20C6=O.N%23C(=N)N.N%26C(=N)N.C%32%29=O.C8%30=O.N29.N%13%10.N%24%12.S%26C.N%31%12.S%28C.N%33%14.N%33%15.N%35%16.N%36%17.N%37%18.N3%19.N4%20.N5%21.N6%22.N8%25	CC[C@H](C)[C@H](N)C(N)=O.CS.CSCC[C@H](N)C(=O)N[C@@H](C)C(=O)C(=O)[C@@H](N)CCCNC(=N)N.C[C@H](N)C(=O)C(=O)[C@H](CCCNC(=N)N)NC(=O)CNC(=O)CN.N.N.N=C(N)NCCC[C@H](NC(=O)[C@@H]1CCCN1C(=O)[C@@H](CCC[C@@H](C(=O)C(=O)CN)[C@H](C=O)CO)CCC(=O)O)C(=O)O.NN[C@@H](CC(N)=O)C(=O)C(=O)[C@@H]1CCCN1
C3(=O)[C@@H]%17CCC(N)=O.C%30(=O)[C@@H]%18CCCCN.[C@H]%23(CCC(N)=O)C9=O.CC[C@H](C)[C@H]%10C%34=O.C2(=O)[C@@H]%11CC(C)C.C%33(=O)[C@@H]%17CC(C)C.[C@H]%18(CC(N)=O)C7=O.CC(C)C)C(=O)O.[C@H]%20(CC(N)=O)C5=O.[C@H]%22(CC(C)C)C6=O.[C@H]%25(CC(N)=O)C7=O.[C@@H]1%27CCCN12.C%24(=O)[C@@H]%14CO.C%32(=O)[C@@H]%16CO.[C@H]%19(CO)C%36=O.[C@H]%21(CO)C5=O.N17CCC[C@H]1%28.C%24(=O)[C@@H]%15C.[C@H]%15(C)C6=O.C%31%27=O.C8%28=O.N2%10.N%13%11.N%24%12.N%30%13.N%31%15.N%32%16.N%33%17.N%34%17.N3%18.N4%19.N5%20.N6%21.N8%22.N9%23.N%10%25	INVALID
CC[C@H](C)[C@H]5C%13=O.[C@H]8(CC(C)C)C%21=O.[C@@H]%12(C%23=O)[C@@H](C)CC.[C@@H]%109(C%27=O)C(C)C.c1%18ccc(O)cc1.[C@H]6(C%18)C%24=O.[C@H]7(C%19)C%22=O.c1%19ccccc1.N1%22CCC[C@H]1%17.[C@H]9(C%20)C%25=O.c1%20ccccc1.[C@H]%10(CO)C%28=O.[C@H]%14(C%21)C4=O.[C@H]%16(CO)C(=O)O.[C@H]%14(C)C%24=O.c1%18c[nH]cn1.C2(=O)CN.N25.N%136.N%207.N%218.N%229.N%24%10.N%24%11.N%26%12.N%27%14.N3%15.N4%16	INVALID
C%24(=O)[C@@H]%18CCC(=O)O.C%46(=O)[C@@H]%22CC(N)=O.[C@H]%27(CC(C)C)C5=O.[C@H]%26(CC(=O)O)C5=O.[C@H]%28(CCC%29)C6=O.[C@H]%30(CC(=O)O)C%10=O.[C@H]%33(CC(N)=O)C%11=O.[C@H]%34(CC(=O)O)C%12=O.[C@H]%32(CC(C)C)C%14=O.[C@H]%38(CC(N)=O)C%15=O.C%39C[C@H]%16C%48=O.C%48(=O)[C@@H](N)CC%40.[C@@H]%26(C9=O)C(C)C.c1%43ccc(O)cc1.C2(=O)[C@@H]%17C%42.c1%41ccccc1.C%24(=O)[C@@H]%19C%42.c1%42ccccc1.[C@@H]1%41CCCN1%46.C%46(=O)[C@@H]%21CO.C%45(=O)[C@@H]%23CO.[C@H]%31(CO)C4=O.[C@H]%33(CO)C9=O.[C@H]%36(C%43)C8=O.[C@H]%30(C)C8=O.N%29C(=N)N.C%37C7=O.C%35%41=O.CS%39.N2%16.N%13%17.N%24%18.N%35%19.N%46%20.N%47%21.N%47%22.S%40C.N%48%23.N4%25.N5%26.N6%27.N7%28.N8%30.N9%31.N%10%32.N%11%33.N%12%34.N%14%36.N%15%38	CC(=O)N[C@@H](CCCNC(=N)N)C(=O)N[C@@H](CC(C)C)C(=O)C(=O)[C@H](CC(=O)O)[C@H](C(=O)C(=O)[C@H](CO)[C@@H](CC(N)=O)C(N)=O)C(C)C.CC(C)C[C@@H]1NC(=O)[C@H](CC(=O)O)[C@@H](C)C(=O)C(=O)[C@H](Cc2ccc(O)cc2)NC1=O.CSCC[C@H](NC(=O)[C@@H](N)CC[C@H](NC=O)C(=O)C(=O)[C@@H](N)CCC(=O)O)C(=O)C(=O)[C@@H](N)CCSC.N.N.NC(=O)C[C@@H]1NC1=O.NC(=O)C[C@H](NN[C@@H](CO)C(N)=O)C(=O)N1CCC[C@H]1c1ccccc1.NC(=O)[C@@H](N)CO.N[C@H](C=O)CO.O=C(O)C[C@@H]1NC1=O.c1ccccc1
[C@H]%19(CCC(=O)O)C%46=O.[C@H]%20(CCC(N)=O)C%45=O.[C@H]%27(CCC(=O)O)C5=O.[C@H]%28(CCC(N)=O)C6=O.[C@H]%34(CC(N)=O)C(=O)O.[C@H]%16(CCC%17)C%42=O.[C@H]%22(CC(C)C)C%44=O.[C@H]%29(CCC%30)C4=O.[C@H]%33(CC(=O)O)C%10=O.C%36C[C@H](N)C2=O.[C@@H]%21(C%43=O)C(C)C.[C@@H]%25(C4=O)C(C)C.[C@H]%32(CC%37)C%11=O.[C@H]%18(C%40)C%13=O.c1%40ccccc1.[C@H]%21(C%39)C%41=O.[C@H]%23(CS)C3=O.[C@H]%26(C%41)C9=O.c1%41ccccc1.N15CCC[C@H]1%38.c1%39c[nH]cn1.[C@H]%26(C)C8=O.C%15C%13=O.N%17C(=N)N.N%30C(=N)N.C%31C%12=O.C%32C%12=O.CS%36.N2%14.N%13%15.N%24%16.N%35%18.N%41%19.N%42%20.N%43%21.N%44%22.N%46%23.N4%25.N4%26.N6%27.N7%28.N8%29.N9%31.N%10%32.S%37C.N%11%33.N%12%34	CC(C)C[C@@H]1NC1=O.CSCC[C@H](CC(=O)C(=O)CNC(=O)[C@H](CC(=O)[C@H](Cc1c[nH]cn1)[C@H](C(N)=O)C(C)C)[C@@H](C)C(=O)N[C@@H](CCCNC(=N)N)C(=O)C(=O)[C@@H](NN)C(C)C)C(=O)N[C@@H](CC(=O)O)C(N)=O.CSCC[C@H](N)C(N)=O.N=C(N)NCCC[C@H](N)C(=O)N[C@H](C=O)CCC(N)=O.NC(=O)CC[C@H](N)C(=O)N[C@@H](CCC(=O)O)C(=O)N1CCCC1.NC(=O)C[C@H](N)C(=O)O.NCC(=O)C(=O)[C@@H](N)Cc1ccccc1.O=C[C@H](CS)NC(=O)[C@H](CCC(=O)O)Nc1ccccc1
C%30(=O)[C@@H](N)CCC(=O)O.C%27(=O)[C@@H]%18CCC7.C%13(=O)[C@@H]9CC(=O)O.C%28(=O)[C@@H]%12CCC%13.C[C@H]6C%29=O.C%24(=O)[C@@H]%10[C@@H](C)O.c1%21ccc(O)cc1.c1%22ccc(O)cc1.[C@H]%19(CC%22)C(=O)O.C2(=O)[C@@H]8C.C%25(=O)[C@@H]%11C.N7C(=N)N.C%16C3=O.C%17C4=O.N%19C(=N)N.C%18C5=O.CS%20.N26.N%137.N%238.N%259.N%26%10.N%27%11.N%29%12.N%30%15.N%31%16.N2%17.N3%18.N4%19.S%21C	CS.CSc1ccc(O)cc1.C[C@@H](O)[C@H](N)C=O.C[C@H](N)C(=O)N[C@@H](C)C(=O)N[C@H](C=O)CCCC(=O)[C@H](CC(=O)O)NC(=O)[C@H](C)NC(=O)[C@@H](CC=O)CCCNC(=N)N.N.N=C(N)N[C@@H](CCc1ccc(O)cc1)C(=O)O.NC(=O)[C@@H](N)CCC(=O)O.NCC(N)=O.NCC(N)=O
C3(=O)[C@@H]%52CCCCN.C%17(=O)[C@@H]%53CCC(N)=O.C%28(=O)[C@@H]%54CCC(N)=O.[C@H]%60(CCC(N)=O)C8=O.[C@H]%62(CCC(N)=O)C%10=O.c17c[nH]c2ccccc12.C%13(=O)[C@@H](N)CCCCN.[C@H]%79(CCC(N)=O)C%26=O.[C@H]%80(CCC(N)=O)C%27=O.[C@H]%82(CCC(N)=O)C%31=O.[C@H]%87(CCC(N)=O)C%36=O.[C@H]%90(CCC(N)=O)C(=O)O.CC[C@H](C)[C@H]%51C%15=O.C%72(=O)[C@@H]%57CCC%58.c116ccc(O)cc1.C%61(=O)[C@@H]%56C(C)C.[C@@H]%69(C%18=O)C(C)C.[C@H]%73(CC%102)C%21=O.[C@H]%75(CCCCN)C%22=O.[C@H]%88(CC(C)C)C%37=O.C%39(=O)[C@@H]%55C6.[C@@H]13CCCN1%61.C%12(=O)[C@@H]%66C7.[C@H]%70((CO)C%19=O.N1%29CCC[C@H]1%104.[C@H]%81(CO)C%31=O.N1%33CCC[C@H]15.[C@H]%86(CS)C%35=O.[C@H]%98(CS)C%47=O.C%94(=O)[C@@H]%60C.[C@H]%84(C)C%32=O.[C@H]%96(C)C%45=O.[C@H]%97(C)C%46=O.C%56C%83=O.C%59C4=O.C%63C%10=O.N%58C(=N)N.C%11(=O)C%65.C%64C%12=O.C%66C%14=O.C%67C%15=O.C%68C%16=O.C%74C%22=O.C%76C%23=O.C%77C%24=O.C%78C%25=O.C%85C%34=O.C%89C%38=O.C%89C%40=O.C%90CC%41=O.C%91C%42=O.C%93C%44=O.C%99C%48=O.C%50%103=O.C8%104=O.C%30%104=O.C%33%105=O.N3%51.N%17%52.S%102C.N%28%53.N%39%54.N%50%55.N%72%56.N%83%57.N%94%59.N4%59.N9%60.N%10%62.N%11%63.N%12%65.N%13%66.N%14%67.N%15%68.N%16%69.N%18%70.N%19%71.N%20%73.S%103C.N%21%75.N%22%76.N%23%77.N%24%78.N%25%79.N%26%80.N%27%81.N%30%82.N%31%84.N%33%85.N%34%86.N%35%87.N%36%88.N%37%89.N%38%90.N%40%91.N%41%92.N%42%93.N%43%95.N%44%96.N%45%97.N%46%98.N%47%99.N%48%100.N%49%101	INVALID
C%35(=O)[C@@H]%34CCC(=O)O.C%67(=O)[C@@H]%39CCCCN.C5(=O)[C@@H]%44CCC(N)=O.C6(=O)[C@@H]%45CCC(N)=O.C7(=O)[C@@H]%49CCC(=O)O.C%20(=O)[C@@H]%63CCC(N)=O.CC[C@H](C)[C@H]%30C(=O)O.C%13(=O)[C@@H]%32CC(C)C.C%57(=O)[C@@H]%37CCC%38.C%77(=O)[C@@H]%40CCC%41.C5(=O)[C@@H]%45[C@@H](C)CC.C%11(=O)[C@@H]%50CCC%51.C%12(=O)[C@@H]%52CC(N)=O.C%14(=O)[C@@H]%53[C@@H](C)CC.C%17(=O)[C@@H]%56CCC%58.C%18(=O)[C@@H]%60CCC%61.C%27(=O)[C@@H]%67CC(=O)O.C2(=O)[C@@H]%31[C@@H](C)O.C3(=O)[C@@H]%42[C@@H](C)O.C%12(=O)[C@@H]%54CC%70.C2(=O)[C@@H]%33CO.C%82(=O)[C@@H]%43CO.[C@@H]1%71CCCN13.C9(=O)[C@@H]%47C%75.c1%75ccccc1.C%10(=O)[C@@H]%48CO.C%19(=O)[C@@H]%64C%76.c1%76ccccc1.[C@@H]1%72CCCN1%26.C%26(=O)[C@@H]%66CO.[C@@H]1%73CCCN1%26.C%24(=O)[C@@H]%34C.C%22(=O)[C@@H]%69C.N%38C(=N)N.C%46(=O)C%36.N%41C(=N)N.N%51C(=N)N.N%58C(=N)N.C%16(=O)C%59.C%23(=O)C%62.N%61C(=N)N.C%65C%29=O.C%102%71=O.C%25%72=O.C%25%73=O.N2%30.N%13%31.N%24%33.N%35%34.N%46%36.N%57%37.N%68%39.N%78C.N%82%40.N4%42.N5%43.N6%44.N7%45.N8%47.N9%49.N%10%50.N%11%52.N%12%53.S%70C.N%14%54.N%15%55.N%16%56.N%17%59.N%18%60.N%19%62.N%21%63.N%23%64.N%25%65.N%27%66.N%28%67.N%29%69	INVALID
C3(=O)[C@@H]%39CCCCN.C4(=O)[C@@H]%40CCCCN.C6(=O)[C@@H]%44CCCCN.C%12(=O)[C@@H]%50CCC(N)=O.C%13(=O)[C@@H]%51CCCCN.C%15(=O)[C@@H](N)CCCCN.[C@H]%56(CCC(N)=O)C%19=O.[C@H]%56(CCC(N)=O)C%22=O.[C@H]%56(CCCCN)C%25=O.[C@H]%61(CCCCN)C%26=O.[C@H]%62(CCC(N)=O)C%27=O.[C@H]%65(CC(N)=O)C(=O)O.CC[C@H](C)[C@H]%29C%16=O.C%35(=O)[C@@H]%33CC(=O)O.C%46(=O)[C@@H]%34CC(N)=O.C5(=O)[C@@H]%41CCC%42.C%10(=O)[C@@H]%49CC(=O)O.C%15(=O)[C@@H]%53CCC%54.C%14(=O)[C@@H]%55CC(N)=O.[C@@H]%59(C%20=O)[C@@H](C)CC.[C@H]%59(CC(C)C)C%21=O.[C@H]%64(CC(N)=O)O)C%28=O.C2(=O)[C@@H]%30C(C)C.C%68(=O)[C@@H]%37[C@@H](C)O.C3(=O)[C@@H]%43[C@@H](C)O.C7(=O)[C@@H]%44C(C)C.C8(=O)[C@@H]%45CC%66.[C@@H]%52(C%18=O)C(C)C.C%57(=O)[C@@H]%36CO.C%73(=O)[C@@H]%37CO.C%72(=O)[C@@H]%38CO.C9(=O)[C@@H]%48C%70.[C@H]%60(CS)C%22=O.N1%22CCC[C@H]1%69.C%13(=O)[C@@H]%32C.c1%70c[nH]cn1.C%24(=O)C%31.N%42C(=N)N.C%10%48C%17=O.N%54C(=N)N.C%23%69=O.N2%29.N%13%30.N%24%31.N%35%32.N%46%33.N%57%33.N%68%34.N%72%36.N%73%37.N3%38.N4%39.N5%40.N6%41.N7%43.N8%44.S%66C.N9%45.N%10%47.N%12%48.N%14%49.N%15%50.N%16%51.N%17%52.N%18%53.N%19%55.N%20%56.N%21%58.N%23%59.N%25%60.N%26%61.N%27%62.N%28%63.S%67C.N%28%65	INVALID
C%13(=O)[C@@H]%11CCC(=O)O.C%31(=O)[C@@H]%17CCC(=O)O.C%34(=O)[C@@H]%12CCC(=O)O.C%35(=O)[C@@H]%18CCCCN.C%37(=O)[C@@H]%21CCC(=O)O.CC(C)C)[C@H]%10C(=O)O.C2(=O)[C@@H]%20CCC%21.C%31(=O)[C@@H]%13C%28.c1%28ccccc1.C%31(=O)[C@@H]%16C%29.c1%30ccccc1.C2(=O)[C@@H]%23C%29.c1%29ccccc1.C5(=O)[C@@H]%23CO.C8(=O)[C@@H]%26CO.C%30(=O)[C@@H]%15C.C%36(=O)[C@@H]%19C%27.c1%27c[nH]cn1.N%21C(=N)N.C%32(=O)C%28.C%33(=O)CN.N2%10.N%13%11.N%24%12.N%31%14.N%32%15.N%33%15.N%34%16.N%35%17.N%36%18.N3%19.N4%20.N5%21.N6%22.N7%23.N8%25.N9%26	INVALID
C%13(=O)[C@@H]%16CCC(N)=O.C%24(=O)[C@@H]%17CCC(=O)O.C%39(=O)[C@@H]%19CCC(=O)O.C3(=O)[C@@H]%24CCCCN.[C@H]%23(CCC(N)=O)C6=O.[C@H]%26(CCCCN)C7=O.CC[C@H](C)[C@H]%15C%41=O.[C@H]%21(CC(C)C)C%42=O.[C@H]%22(CC(=O)O)C8=O.[C@H]%25(CCC%26)C%10=O.[C@H]%28(CC(C)C)C%11=O.[C@H]%30(CC(C)C)C%12=O.[C@H]%31(CC(C)C)C(=O)O.C%35(=O)[C@@H]%18C(C)C.c1%38ccc(O)cc1.[C@@H]1%34CCCN1%38.N1%36CCCN1%39.[C@H]%29(C%38)C4=O.C%43(=O)[C@@H]%20C.C%40(=O)CN.N.C2%33=O.C%13%34=O.C%41%36=O.N2%15.N%13%16.N%24%17.N%39%18.N%41%19.N%42%20.N%43%21.N4%22.N5%23.N6%25.N8%26.N9%28.N%10%29.N%11%30.N%12%31	CC(C)C[C@@H]1NC(=O)[C@H](C)NC1=O.CC(C)C[C@H](NC(=O)[C@H](CC(C)C)NC(=O)[C@@H](N)CC(C)C)C(=O)O.CC(C)[C@H](N)C=O.CC[C@H](C)[C@H](NC=O)C(=O)C(=O)N1CCCN1C(=O)[C@@H](N)CCC(=O)O.C[C@H](NC(=O)[C@H](CCC[C@H](C=O)CCCCN)NC(=O)[C@@H](N)CCC(N)=O)C(=O)N[C@@H](CC(=O)O)C(N)=O.N.NC(=O)CC[C@H](N)C(=O)C(=O)[C@@H]1CCCN1c1ccc(O)cc1.NCC=O.NCCCC[C@@H](C=O)C(=O)[C@@H](N)CCC(=O)O
O[C@H]9(CC(C)C)C%22=O.[C@H]%10(CCC%11)C%23=O.[C@H]%15(CCC%16)C(=O)O.C6(N)C2=O.C%10%12C%19=O.N%11C(=N)N.N%16C(=N)N.C%17=O.N26.N%137.N%219.N%23%10.N%24%11.N3%14	INVALID
C%13(=O)[C@@H]%16CCC(=O)O.[C@H]%26(CCC(=O)O)C6=O.[C@H]%27(CCCCN)C7=O.[C@H]%29(CCCCN)C(=O)O.CC[C@H](C)[C@H]%10C%34=O.C2(=O)[C@@H]%12CCC%14.C%24(=O)[C@@H]%17CC(=O)O.[C@H]%25(CCC%26)C%11=O.C%33(=O)[C@@H](N)CCC(=O)O.[C@H]%30(CC(N)=O)C(=O)O.[C@@H]%11(C%16=O)C(C)C.[C@H]%21(CS)C%35=O.[C@H]%22(C%32)C3=O.[C@H]%23(CO)C6=O.N14CCC[C@H]1%31.c1%32c[nH]cn1.[C@H]%20(C)C%36=O.N%15C(=N)N.C%18C%34=O.C%19C4=O.C%28C8=O.N2%10.N%13%12.N%24%14.N%32%16.N%33%17.N%34%18.N%35%20.N%36%21.N%37%22.N3%23.N5%25.N6%27.N7%28.N8%29.N9%30	CC(=O)N1CCCC1.CC[C@H](C)[C@H](NC(=O)[C@H](CCCNC(=O)[C@H](CC(=O)O)NC(=O)[C@@H](N)CCC(=O)O)NC(=O)[C@H](CCC(=O)O)C(=O)[C@@H](C(=O)[C@@H](N)CCC[C@@H](CCC(=O)O)C(=O)C(=O)[C@H](CO)NC(=O)[C@@H](N)Cc1c[nH]cn1)C(C)C)C(=O)C(=O)CN.C[C@@H]1NC(=O)[C@H](CS)NC1=O.N.N=C(N)N.NC(=O)C[C@H](N)C(=O)O.NCCCC[C@H](NC(=O)CNC(=O)[C@@H](N)CCCCN)C(=O)O
C%24(=O)[C@@H]%16CCCCN.C4(=O)[C@@H]%22CCC(N)=O.[C@H]%28(CCC(N)=O)C(=O)O.CC[C@H](C)[C@H]%12C9=O.C%33(=O)[C@@H]%15CC(C)C.C%38(=O)[C@@H]%19CC(C)C.C3(=O)[C@@H]%20CC(C)C.C5(=O)[C@@H]%21CC(=O)O.C7(=O)[C@@H]%25[C@@H](C)CC.[C@H]%25(CC(C)C)C%11=O.[C@H]%26(CC(C)C)C%14=O.[C@H]%27(CC(=O)O)C%10=O.C%13(=O)[C@@H]%14CO.[C@@H]1%30CCCN1%35.[C@@H]1%31CCCN1%38.C3(=O)[C@@H]%21CO.C6(=O)[C@@H]%23C%32.C8(=O)[C@@H]%26CS.C%34(=O)[C@@H]%17C.c1%32c[nH]cn1.C2%29=O.C%36%30=O.C%37%31=O.N2%12.N%13%14.N%24%15.N%34%16.N%37%17.N%38%18.N%39%19.N4%20.N5%21.N6%22.N7%23.N8%25.N9%26.N%10%27.N%11%28	CC(C)C[C@@H](C(=O)[C@@H](CO)C(N)=O)[C@@H](CS)C(N)=O.CC(C)C[C@@H](C=O)NC(=O)[C@H](CCCCN)NC(=O)[C@H](C)NC(=O)[C@@H]1CCCN1C(=O)[C@@H](N)CC(C)C.CC[C@H](C)[C@@H](C(=O)N[C@@H](Cc1c[nH]cn1)C(=O)N[C@@H](CCC(N)=O)C(=O)N[C@@H](CC(C)C)C(=O)C(=O)[C@H](CO)[C@@H](CC(=O)O)C(N)=O)[C@@H](CC(C)C)C(=O)N[C@@H](CCC(N)=O)C(=O)O.CC[C@H](C)[C@H](NC=O)C(N)=O.N.O=C(O)C[C@@H]1NC1=O.O=C[C@@H]1CCCN1
C2(=O)[C@@H]%16CCCCN.[C@H]%21(CCC(N)=O)C%44=O.[C@H]%22(CCCCN)C%45=O.[C@H]%31(CCC(=O)O)C%14=O.CC[C@H](C)[C@H]%15C%35=O.C%13(=O)[C@@H]%17CC(C)C.[C@H]%18(CC(C)C)C%46=O.[C@H]%19(CCC%20)C4=O.[C@H]%27(CCC%28)C6=O.[C@@H]%32(C9=O)[C@@H](C)CC.[C@H]%30(CC(N)=O)C%10=O.[C@H]%33(CC(C)C)C%12=O.C%24(=O)[C@@H](N)[C@@H](C)O.[C@@H]%25(C3=O)C(C)C.[C@@H]%34(C(=O)O)C(C)C.[C@@H]1%42CCCC11%37.N1%45CCC[C@H]1%39.[C@H]%28(C%40)C%11=O.c1%40c[nH]cn1.N%20C(=N)N.C%23C5=O.C%26C7=O.N%28C(=N)N.C%31C8=O.C%24%37=O.C%43%38=O.C3%39=O.N2%15.N%13%16.N%24%17.S%36C.N%36%18.N%43%19.N%44%21.N%46%22.N%47%23.N4%25.N5%26.N6%27.N7%29.N9%30.N%10%31.N%11%32.N%12%33.N%14%34	INVALID
C%16(=O)[C@@H]%10CCC(=O)O.C%18(=O)[C@@H]9CC(C)C.[C@H]%11(CC(C)C)C%22=O.[C@H]%14(CC(=O)O)C(=O)O.C2(=O)[C@@H]5[C@@H](C)O.C%19(=O)[C@@H](N)CO.C%21(=O)[C@@H]5CO.C%13(=O)[C@@H]7C.[C@H]%12(C)C%23=O.N24.N%125.N%176.N%187.N%198.N%209.N%21%10.N%22%11.N%23%14.N3%14	CC(C)C[C@@H]1NC1=O.CC(C)C[C@H](N)C(=O)N[C@@H](C)C=O.C[C@@H](O)[C@@H](C(N)=O)[C@@H](CO)C(=O)N[C@H](C=O)CCC(=O)O.C[C@H](N)C(=O)N[C@@H](CC(=O)O)C(=O)O.N.N.NC(=O)[C@@H](N)CO
c1%55c[nH]c2ccccc12.C%36(=O)[C@@H]%28CCCCN.C%58(=O)[C@@H]%31CCCCN.C4(=O)[C@@H]%35CCCCN.C%10(=O)[C@@H]%43CCC(=O)O.C%15(=O)[C@@H](N)CCC(=O)O.c1%59c[nH]c2ccccc12.[C@H]%49(CCC(=O)O)C%19=O.[C@H]%50(CCCCN)C%20=O.C8(=O)[C@@H]%40CC(N)=O.C%15(=O)[C@@H](N)CC(N)=O.[C@H]%46(CC(=O)O)C%21=O.[C@H]%51(CC(C)C)C%21=O.CC(C)C[C@H]%23C%16=O.C%58(=O)[C@@H]%30C(C)C.C%64(=O)[C@@H]%34C(C)C.C%12(=O)[C@@H]%42C(C)C.C3(=O)[C@@H]%24CO.C%14(=O)[C@@H]%26CC%55.C%47(=O)[C@@H]%31C%56.c1%56ccccc1.C%62(=O)[C@@H]%32CO.C%63(=O)[C@@H]%33C%57.C5(=O)[C@@H]%37C%64.c1%64ccccc1.C7(=O)[C@@H]%40CO.C9(=O)[C@@H]%41C%54.C%13(=O)[C@@H]%44CO.[C@H]%48(C%59)C%17=O.C%25(=O)[C@@H]%27C.c1%54c[nH]cn1.[C@H]%51(C)C%22=O.C%52C(=O)O.N3%23.N%14%24.N%25%26.N%36%27.N%47%29.N%58%30.N%62%31.N%62%32.N%63%33.N4%34.N5%35.N7%37.N8%38.N9%39.N%10%40.N%11%41.N%12%42.N%13%43.N%15%44.N%16%45.N%17%46.N%18%48.N%19%49.N%20%50.N%21%51.N%22%52	CC(C)C[C@@H](C(=O)C(=O)[C@H](CC(=O)O)NC(=O)[C@@H](N)Cc1c[nH]c2ccccc12)[C@@H](C)C(=O)NCC(=O)O.CC(C)C[C@H](NC(=O)[C@H](CO)NC(=O)[C@H](CCc1c[nH]c2ccccc12)NC(=O)[C@H](C)NC(=O)CCCCCN)C(N)=O.CC(C)[C@@H]1NC(=O)[C@H](CCCCN)NC(=O)[C@@H](NC(=O)[C@H](CO)[C@@H](CC(N)=O)C(N)=O)CC1=O.CC(C)[C@@H]1NC1=O.CC(C)[C@H](N)C(=O)C(=O)[C@H](CCCCN)[C@@H](Cc1ccccc1)C(N)=O.C[C@@H]1NC1=O.N.NC(=O)C[C@H](N)C(=O)C(=O)[C@@H](N)CCC(=O)O.NC(=O)[C@@H](N)CO.NC(=O)[C@@H](N)Cc1c[nH]cn1.NC(=O)[C@H](CCC(=O)O)NC(=O)[C@@H](N)CO.NCCCC[C@@H]1NC1=O.O=C(O)CC[C@@H]1NC1=O.c1ccccc1
c1%27c[nH]c2ccccc12.c1%28c[nH]c2ccccc12.[C@H]%20(CCC(=O)O)C8=O.[C@H]%15(CC(C)C)C%33=O.C%23C[C@H]%10C%32=O.C3(=O)[C@@H](N)CC%24.[C@@H]%13(C%31=O)C(C)C.c1%29ccc(O)cc1.[C@H]%12(C%27)C%30=O.[C@H]%16(C%26)C%33=O.[C@H]%17(CO)C%35=O.[C@H]%18(C%28)C4=O.[C@H]%19(C%29)C6=O.[C@H]%10(C)C%34=O.[C@H]%21(C)C7=O.C%14(=O)C%11.C%26(=O)O.CS%23.N3%10.S%24C.N%14%11.N%30%13.N%31%15.N%32%16.N%33%17.N%34%18.N4%19.N5%20.N6%21.N8%22	CSCC[C@@H](C(=O)N[C@@H](CC(=O)O)C(=O)C(=O)[C@H](CC(C)C)NC(=O)[C@@H](NC(=O)CCc1c[nH]c2ccccc12)C(C)C)[C@@H](C)C(=O)N[C@@H](Cc1c[nH]c2ccccc12)C(=O)N[C@@H](Cc1ccc(O)cc1)C(=O)N[C@@H](C)C=O.CSCC[C@H](N)C(N)=O.NC(=O)[C@@H](N)CCC(=O)O.N[C@H](C=O)CO.O=C1CN1
C2(=O)[C@@H]%10CCC(=O)O.[C@H]%23(CCC(N)=O)C8=O.C2(=O)[C@@H]%12CC(=O)O.C%32(=O)[C@@H]%15CC(C)C.C%31(=O)[C@@H]%16CC(C)C.C%32(=O)[C@@H]%17CCC%18.[C@H]%20(CC(C)C)C6=O.[C@H]%22(CC(=O)O)C7=O.C%30(=O)[C@@H]%14CO.[C@@H]1%27CCCN1%30.CC3(=O)[C@@H]%19C%28.c1%28ccccc1.C5(=O)[C@@H](N)CO.C%24(=O)[C@@H]%12C.C%29(=O)[C@@H]%15C.N%18C(=N)N.C%32(=O)C%20.C%36(=O)C%14.C%25%26C(=O)O.N29.N%13%10.N%24%11.N%29%12.N%31%14.N%32%15.N%33%17.N%35%19.N%37C.N3%20.N5%21.N6%22.N7%23.N8%25	INVALID
C%24(=O)[C@@H]%17CCCCN.C%40(=O)[C@@H]%20CCCCN.[C@H]%25(CCCCN)C7=O.[C@H]%31(CCC(=O)O)C%10=O.[C@H]%31(CCCCN)C%12=O.CC[C@H](C)[C@H]%14C%42=O.C%38(=O)[C@@H]%18CC(=O)O.C%39(=O)[C@@H]%19CC(=O)O.[C@H]%22(CC(N)=O)C4=O.[C@H]%23(CC(C)C)C3=O.[C@H]%25(CCC%26)C5=O.[C@H]%33(CC(N)=O)C(=O)O.[C@H]%29(CCC%30)C%11=O.C%35(=O)[C@@H]%20[C@@H](C)O.C%41(=O)[C@@H](N)CC%34.[C@@H]%32(C6=O)C(C)C.[C@H]%21(CO)C%42=O.[C@H]%21(C%37)C3=O.c1%37ccccc1.[C@H]%28(C)C9=O.C2(=O)C%16N%30C(=N)N.N%30C(=N)N.N2%14.N%13%15.N%24%16.N%35%17.N%39%18.N%40%19.S%36C.N%41%20.N5%21.N6%22.N7%23.N8%25.N9%27.N%10%28.N%11%29.N%12%32.N%13%33	CC(C)[C@H](NC(=O)[C@H](CCCCN)[C@@H](CCC(=O)O)C(=O)N[C@@H](C)C(N)=O)C(=O)N[C@H](C=O)CC(N)=O.CCC[C@@H](C(N)=O)[C@@H](CCCCN)C(=O)N[C@@H](CC(C)C)C(=O)C(=O)[C@H](Cc1ccccc1)[C@@H](CO)C(=O)C(=O)[C@@H](NC(=O)C(NC(=O)[C@H](CCCCN)NC(=O)[C@H]([C@@H](C)O)[C@@H](CCCCN)C(=O)N[C@@H](CC(=O)O)C(=O)N[C@H](C=O)CC(=O)O)N(CCC[C@@H]1NC1=O)C(=N)N)[C@@H](C)CC.CC[C@H](N)C(N)=O.CS.N.N=C(N)N.NN[C@@H](CC(N)=O)C(=O)O
CC[C@H](C)[C@H]6C%27=O.[C@H]%11(CCC%14)C%28=O.[C@H]%14(CC(C)C)C%29=O.cc1%19ccc(O)cc1.c1%20ccc(O)cc1.C%24(=O)[C@@H]9C(C)C.C%25(=O)[C@@H](N)CC%17.c1%22ccc(O)cc1.C2(=O)[C@@H]7CS.[C@@H]1%18CCCN1%24.C%24(=O)[C@@H]8C%19.C%25(=O)[C@@H]%10C%20.[C@H]9(CO)C%28=O.[C@H]%12(C%21)C4=O.c1%21ccccc1.[C@H]%15(C%22)C5=O.[C@H]%16(CS)C(=O)O.C%13%18=O.N26.N%137.N%238.N%259.N%26%10.S%17C.N%27%11.N3%12.N4%15.N5%16	INVALID
[C@H]%14(CCC(=O)O)C(=O)O.CC(C)C[C@H]4C%18=O.[C@H]%12(CCC%13)C%19=O.[C@H]%10(CC(=O)O)C%21=O.C%13(=O)[C@@H]5C(C)C.N7C(=N)N.C%17(=O)CN.C9C%19=O.C%11C%21=O.N%25C(=N)N.N14.N%125.N%176.N%188.N%199.N%20%11.N%21%12.N3%14	CC(C)C[C@H](N)C(N)=O.CC(C)[C@@H]1N[C@H](C(=O)C(=O)CN)CCCC1=O.N.N=C(N)N.N=C(N)N.NCC(=O)C(=O)CCC(=O)O.NCC(N)=O.N[C@@H](CCC(=O)O)C(=O)O
[C@H]%10(CCCCN)C2=O.CC[C@H](C)[C@H]5C%13=O.[C@H]7(CC(=O)O)C%20=O.[C@@H]%11(C%21=O)[C@@H](C)CC.[C@@H]%12(C%24=O)[C@@H](C)CC.[C@H]%15(CC(C)C)C3=O.[C@H]6(CC%17)C%26=O.c1%19ccc(O)c1.[C@@H]9(C%26=O)[C@@H](C)O.c1%18ccc(O)cc1.N1%22CCC[C@H]1%18.[C@H]8(C%18)C%24=O.[C@H]%16(C%19)C(=O)O.C2(=O)[C@@H](C)CN.N%16C(=N)N.C%23%17=O.N25.N%136.N%207.N%218.N%229.N%23%10.N%24%11.N%25%12.N%27%14.N4%15.N4%16	INVALID
[C@H]%29(CCC(=O)O)C%59=O.[C@H]%31(CCC(N)=O)C5=O.[C@H]%34(CCC(=O)O)C%10=O.[C@H]%38(CCC(=O)O)C%14=O.[C@H]%40(CCC(=O)O)C%19=O.[C@H]%25(CC(C)C)C%46=O.[C@H]%27(CC(N)=O)C%57=O.[C@H]%29(CC(C)C)C6=O.[C@H]%41(CCC%42)C%20=O.[C@H]%45(CC(=O)O)C(=O)O.C%47C[C@H](N)C2=O.[C@@H]%26(C%56=O)C(C)C.c1%53ccc(O)cc1.[C@@H]%40(C%16=O)[C@@H](C)O.N12CCC[C@H]1%48.N18CCC[C@H]1%48.N1%10CCC[C@H]1%49.[C@H]%32(C%50)C%15=O.[C@H]%36(C%51)C%15=O.[C@H]%43(C%52)C%18=O.[C@H]%20(C)C%13=O.[C@H]%22(C)C%57=O.c1%50c[nH]cn1.c1%51c[nH]cn1.c1%52c[nH]cn1.[C@H]%44(C)C%20=O.C%22C%35=O.C%23C%57=O.C%28C%58=O.C%30C4=O.C%33C7=O.C%37C%17=O.N%42C(=N)N.C%24%47=O.C9%48=O.C%11%49=O.CS%47.N%13%21.N%24%22.N%35%23.N%46%25.N%55%26.N%56%27.N%57%28.N%58%29.N3%30.N4%31.N5%32.N6%33.N7%34.N9%36.N%11%37.N%12%38.N%14%39.N%15%40.N%16%41.N%17%43.N%18%44.N%19%45	CC(C)C[C@@H](C(=O)NCC(=O)N[C@@H](CCC(=O)O)C(=O)N1CCC[C@H]1C(=O)NCC(=O)N[C@@H](Cc1c[nH]cn1)C(=O)N[C@@H](C)C=O)[C@H](C=O)CCC(=O)O.CC(C)C[C@@H]1NC1=O.CC(C)[C@H](N)C(=O)N[C@@H](CC(N)=O)C(=O)C(=O)[C@H](C)CC(=O)NCC(=O)NCC(N)=O.CS.C[C@@H](C(N)=O)C(=O)[C@H](CCCNC(=N)N)NC(=O)[C@H]([C@@H](C)O)[C@@H](CCC(=O)O)C(=O)N[C@@H](CC(=O)O)C(=O)O.N.NC(=O)CC[C@H](N)C(=O)N1CCC[C@H]1[C@@H]1CCCN1.NC(=O)[C@@H](N)CCC(=O)O.NCC(=O)N[C@@H](CCC(N)=O)C(=O)N[C@@H](Cc1c[nH]cn1)C(=O)C(=O)[C@H](Cc1c[nH]cn1)NC=O.Oc1ccccc1
[C@H]%11(CCC(=O)O)C%29=O.[C@H]%16(CCC(N)=O)C%34=O.[C@H]%21(CCCCN)C6=O.[C@H]%10(CC(=O)O)C%28=O.[C@H]%13(CCC%15)C%29=O.[C@H]%16(CCC%17)C%32=O.[C@H]%18(CC(C)C)C%33=O.[C@H]%19(CC(C)C)C4=O.[C@H]%20(CC(=O)O)C5=O.C%23C[C@H](N)C2=O.[C@@H]%11(C2=O)C(C)C.[C@@H]%12(C%32=O)[C@@H](C)O.[C@@H]%15(C8=O)[C@@H](C)O.N1%13CCC[C@H]1%25.N1%28CC[C@H][C@H]%26.c1%27c[nH]cn1.N%15C(=N)N.C%18C%31=O.C%22C(=O)O.C%24%25=O.C%25%26=O.N29.S%23C.N%24%10.N%28%11.N%29%12.N%31%14.N%32%15.N%33%16.N4%18.N5%19.N6%20.N7%21.N8%22	INVALID
C%35(=O)[C@@H]%20CCC(=O)O.C%42(=O)[C@@H]%21CCC(=O)O.C9(=O)[C@@H]%37CCCCN.CC[C@H](C)[C@H]%16C(=O)O.C%24(=O)[C@@H]%19[C@@H](C)CC.C%46(=O)[C@@H]%22[C@@H](C)CC.C%48(=O)[C@@H]%24CC(C)C.C7(=O)[C@@H]%32CCC%33.C%11(=O)[C@@H]%34CC(N)=O.C%14(=O)[C@@H]%38CC(=O)O.C%13(=O)[C@@H]%22[C@@H](C)O.C4(=O)[C@@H]%28CC%39.C7(=O)[C@@H]%31[C@@H](C)O.C%15(=O)[C@@H](N)CC%40.C2(=O)[C@@H]%17CS.C%40(=O)[C@@H]%26CO.C6(=O)[C@@H]%30CO.[C@@H]1%41CCCN1%11.C6(=O)[C@@H]%27C.C%46(=O)C%22.N%33C(=N)N.C%12(=O)C%37.C%10%41=O.N2%16.N%13%17.N%24%18.N%35%19.N%44%20.N%45%22.N%47%23.N%47%25.N3%26.N4%27.S%39C.N5%28.N6%29.N7%30.N8%31.N9%32.N%10%34.N%12%36.N%14%37.N%15%38.S%40C	CC[C@H](C)[C@@H](C(=O)C(=O)CN)[C@H](C(=O)N[C@@H](CS)C(=O)N[C@H](C(=O)O)[C@@H](C)CC)[C@@H](C)O.CC[C@H](C)[C@H](NC(=O)[C@@H](N)CCC(=O)O)C(=O)[C@H](C=O)CC(C)C.CS.CSCC[C@H](N)C(=O)N[C@@H](C)C(=O)C(=O)[C@@H](N)CO.C[C@@H](O)[C@H](N)C(=O)C(=O)[C@H](CCCNC(=N)N)NC(=O)[C@H](CCCCN)CC(N)=O.N.N.NC(=O)C[C@@H]1NC(=O)[C@@H]2CCCN2C1=O.NC(=O)[C@H](CC(=O)O)NC(=O)[C@@H](N)CCC(=O)[C@@H](N)CO.NN.O=CCCCC(=O)O
c111cc[nH]c2ccccc12.CC[C@H](C)[C@H]%13C%43=O.C%37(=O)[C@@H]%20CC(C)C.[C@H]%26(CC(C)C)C7=O.[C@H]%26(CC(C)C)C8=O.[C@H]%30(CC(C)C)C%11=O.[C@H]%31(CC(C)C)C(=O)O.C%14(=O)[C@@H]%16C(C)C.C%25(=O)[C@@H]%21[C@@H](C)C.C%42(=O)[C@@H](N)CC%32.C%25(=O)[C@@H]%17CO.C%39(=O)[C@@H]%19C%33.C%41(=O)[C@@H]%23CO.[C@H]%27(CO)C%10=O.[C@H]%28(CO)C%12=O.C%36(=O)[C@@H]%18C.c1%33c[nH]cn1.[C@H]%25(C)C6=O.C%38(=O)[C@@H]%22C.C%29C4=O.N3%13.N%14%15.N%25%16.N%36%17.N%38%18.N%39%19.N%40%20.N%42%21.N%43%22.N4%23.N5%24.N6%26.N8%27.N9%28.N%10%29.N%11%30.N%12%31	INVALID
c1%35c[nH]c2ccccc12.C4(=O)[C@@H](N)CCC(N)=O.c1%38c[nH]c2ccccc12.CC[C@H](C)[C@H]%12C5=O.C%14(=O)[C@@H]%15CC(N)=O.C%40(=O)[C@@H]%19CCC%20.C%40(=O)[C@@H]%21[C@@H](C)CC.[C@@H]%24(C7=O)[C@@H](C)CC.c1%37ccc(O)cc1.[C@@H]%28(C8=O)C(C)O.[C@@H]%31(C(=O)O)[C@@H](C)O.C3(=O)[C@@H]%13CO.C%25(=O)[C@@H]%16C%35.C4(=O)[C@@H]%23C%37.[C@H]%26(C%32)C6=O.[C@H]%27(C%33)C%10=O.[C@H]%29(C%34)C%11=O.C%47(=O)[C@@H]%17C.[C@H]%18(C)C%41=O.c1%32c[nH]cn1.c1%33c[nH]cn1.c1%34c[nH]cn1.N%20C(=N)N.C%30C9=O.N3%12.N%14%13.N%25%13.N%36%15.N%38%16.N%39%17.N%40%18.N%41%19.N%42%20.N%43%21.N4%22.N5%23.N5%23.N6%24.N7%26.N8%27.N9%29.N%10%30.N%11%31	CC(O)CC(=O)N[C@@H](Cc1c[nH]cn1)C(=O)NCC(=O)N[C@@H](Cc1c[nH]cn1)C(=O)N[C@H](C(=O)O)[C@@H](C)O.CC[C@H](C)[C@@H]1NC(=O)[C@H](Cc2c[nH]cn2)NC1=O.CC[C@H](C)[C@H](N)C(=O)C(=O)[C@H](CCCNC(=N)N)NC(=O)[C@H](C)N.CC[C@H](C)[C@H](NC(=O)[C@H](CO)NC(=O)[C@@H](N)CC(N)=O)C(=O)N[C@@H](Cc1ccc(O)cc1)C(=O)C(=O)[C@@H](N)CCC(N)=O.C[C@H](N)C=O.N.N.N.NC(=O)[C@H](Cc1c[nH]c2ccccc12)Nc1c[nH]c2ccccc12
C%13(=O)[C@@H]%20CCC(=O)O.C%52(=O)[C@@H]%29CCC(=O)O.C7(=O)[C@@H]%30CCCCN.CC(C)C[C@H]%19C%10=O.C%24(=O)[C@@H]%22CCCCN.C4(=O)[C@@H]%23CCC(N)=O.C6(=O)[C@@H]%32CCCCNN.C7(=O)[C@@H]%35CCC(=O)O.C8(=O)[C@@H]%36CCCCN.[C@H]%44(CCCCN)C(=O)O.C%46(=O)[C@@H]%23CCC%25.C%49(=O)[C@@H]%27CC(N)=O.C%51(=O)[C@@H]%31CC(C)C.C3(=O)[C@@H]%41CCC%42.[C@H]%41(CCC%42)C%16=O.[C@H]%43(CC(N)=O)C%17=O.C9(=O)[C@@H]%38CC%45.C%50(=O)[C@@H]%28C.[C@H]%38(C)C%12=O.[C@H]%40(C)C%15=O.C2(=O)C%21.C%49(=O)C%26.C3(=O)CN.N%33C(=N)N.C%38C%14=O.N%37C(=N)N.N%42C(=N)N.N2%19.N%13%20.N%24%21.N%35%22.N%48%23.N%49%26.N%50%27.N%51%28.N%52%29.N4%30.N6%31.N7%32.N8%34.N9%36.N%10%37.S%47C.N%11%38.N%12%39.N%14%40.N%15%42.N%16%43.N%17%44	CC(C)C[C@H](NC(=O)[C@@H](N)CCCCNN)C(=O)N[C@@H](C)C(=O)N[C@@H](CC(N)=O)C(=O)C(=O)CN.CCC[C@@H](C=O)[C@@H](CCC(N)=O)C(=O)N[C@@H](CCCCN)C(=O)C(=O)[C@H](CCC(=O)O)N[C@@H](CCCCN)C(=O)NCC(=O)N[C@@H](CC(C)C)C(=O)NNC(=N)N.CC[C@@H](C(=O)N[C@@H](CCCCN)C(N)=O)[C@@H](C)C(N)=O.CS.C[C@H](NC(=O)CN)C(=O)NNC(=N)N.N.N=C(N)N.NCCCC[C@H](NC(=O)[C@H](CC(N)=O)NC(=O)[C@@H]1CCCCCC[C@H]1C(=O)C(=O)CN)C(=O)O.O=C(O)CC[C@@H]1NC1=O.O=C(O)CC[C@@H]1NC1=O
[C@H]6(CCC(=O)O)C%17=O.[C@H]7(CCC8)C%23=O.[C@H]%10(CCC%11)C%23=O.N1%12CCC[C@H]1%16.N1%13CCC[C@H]1%17.[C@H]9(C%19)C%19=O.[C@H]%12(CO)C%20=O.N1%21CCC[C@H]1%18.[C@H]%14(CO)C3=O.[C@H]%15(CS)C(=O)O.[C@H]5(C)C%18=O.[C@H]%13(CS)C%27=O.N8C(=N)N.N%11C(=N)N.C%13%16=O.C%22%17=O.N2%16.N%135.N%176.N%197.N%209.N%21%10.N%23%12.N%24%14.N3%15	C[C@H](NC(=O)[C@@H]1CCCN1[C@@H](CO)C(=O)N[C@H]1CC1=O)C(=O)[C@@H]1CCCN1N[C@@H](CCCNC(=N)N)C(=O)C(=O)[C@@H](N)CCCNC(=N)N.N.N.N[C@@H](CO)C(=O)N[C@@H](CS)C(=O)O.O=CN[C@@H](CCC(=O)O)C(=O)[C@@H]1CCCN1[C@H](C=O)CS
C%36(=O)[C@@H]%23CCC(=O)O.C%54(=O)[C@@H]%27CCC(=O)O.[C@H]%30(CCC(N)=O)C6=O.[C@H]%32(CCC(=O)O)C8=O.[C@H]%40(CCCCN)C%15=O.c1%51c[nH]c2ccccc12.CC[C@H](C)[C@H]%20C%10=O.C3(=O)[C@@H]%21CC(C)C.C%14(=O)[C@@H]%22C(C)C.C%36(=O)[C@@H]%23CC(C)C.C%51(=O)[C@@H]%24CCC%26.C%56(=O)[C@@H]%28CC(N)=O.C5(=O)[C@@H]%31CC(=O)O.[C@@H]%33(C9=O)[C@@H](C)CC.[C@H]%35(CCC%37)C%12=O.[C@H]%39(CC(=O)O)C%16=O.[C@H]%41(CC(C)C)C%17=O.[C@H]%44(CCC%48)C%18=O.[C@@H]%43(C%19=O)C(C)C.[C@@H]1%49CCCN1%50.[C@H]%38(C%51)C%13=O.c1%50c[nH]cn1.C%55(=O)C%29.N%34C(=N)N.N%37C(=N)N.C%46C(=O)O.C%49%49=O.N3%20.N%14C.N%25%22.N%36%22.N%47%23.N%53%24.N%54%27.N%55%28.N%56%29.N4%30.N5%31.N6%32.N7%33.N8%35.N9%37.S%48C.N%11%38.N%12%39.N%13%40.N%15%41.N%16%42.N%17%43.N%18%46.N%19%46	CC(C)C[C@H](NC(=O)[C@H](CCCCN)NC(=O)[C@H](C)N)C(=O)N[C@H](C(N)=O)C(C)C.CC(C)C[C@H]1C(=O)C(=O)[C@@H]1CCC(=O)O.CCC[C@H](N)C(=O)c1c[nH]c2ccccc12.CC[C@H](C)[C@@H](C=O)NC(=O)CCC(C)C.CC[C@H](C)[C@H](N)C(N)=O.CNC(=O)[C@@H](N)C(C)C.CSCCCCC(=O)NCC(=O)O.N.N.N=C(N)N.N=C(N)NCCC[C@H](NC(=O)[C@H](CCC(=O)O)NC(=O)[C@@H](N)CCC(N)=O)C(=O)N[C@@H](CC(=O)O)C(N)=O.NC(=O)C[C@@H]1NC(=O)CNC1=O.O=C(O)CC[C@@H]1NC1=O.O=C(O)C[C@@H]1NC1=O.O=C[C@@H]1CCCN1c1c[nH]cn1
C%13(=O)[C@@H]%18CCCCN.C%24(=O)[C@@H]%23CCC(N)=O.C%38(=O)[C@@H]%25CCC(N)=O.C3(=O)[C@@H]%26CCC(N)=O.[C@H]%28(CCCCN)C6=O.CC[C@H](C)[C@H]%14C7=O.C2(=O)[C@@H]%15CC(=O)O.C%24(=O)[C@@H]%14CCC%15.C%37(=O)[C@@H]%16CCC%17.[C@H]%33(CC(C)C)C(=O)O.C%39(O)[C@@H]%19CC(C)C.[C@H]%29(CCC%30)C9=O.[C@H]%31(CC(C)C)C%11=O.C%38(=O)[C@@H]%20[C@@H](C)O.[C@@H]%31(C%10=O)[C@@H](C)O.C%39(=O)[C@@H]%22CO.[C@H]%27(CO)C7=O.[C@H]%32(C%36)C%12=O.C%45(=O)[C@@H]%21C.C6(=O)[C@@H](N)CS.N%15C(=N)N.N%17C(=N)N.N%30C(=N)N.C%40%35=O.N2%14.N%13%15.N%24%16.N%34%18.N%36%19.N%38%20.N%39%21.N%40%22.N%41%23.N4%25.N5%27.N6%28.N8%29.N9%31.N%10%32.N%11%33	CC(C)C[C@H](NC(=O)[C@H](CC(C)C)[C@H](C(=O)N[C@H](C=O)CN[C@@H](CC(C)C)C(O)C(=O)[C@H](CO)NC=O)[C@@H](C)O)C(=O)O.CC[C@H](C)[C@@H](C(=O)C(=O)[C@@H](N)CO)[C@@H](CCC[C@@H](CC(=O)O)C(N)=O)C(=O)C(=O)[C@@H](N)CCC(N)=O.C[C@@H](O)[C@H](N)C(=O)C(=O)[C@@H](N)CCC(N)=O.C[C@H](N)C=O.N=C(N)NCCC[C@H](N)C(N)=O.N=C(N)NCCC[C@H](N)C=O.N=C(N)NNC(=O)[C@@H](N)CCCCN.NC(=O)CCCC=O.NCCCC[C@H](N)C(=O)C(=O)[C@@H](N)CS
C3(=O)[C@@H]%13CCC(=O)O.C%36(=O)[C@@H]%18CCC(=O)O.C%40(=O)[C@@H](N)CCCCN.c1%32c[nH]c2ccccc12.[C@H]%19(CCC(=O)O)C%43=O.[C@H]%24(CCC(=O)O)C9=O.CC[C@H](C)[C@H]%12C%41=O.C%14(=O)[C@@H]%15CC(=O)O.[C@H]%17(CC(=O)O)C%37=O.[C@H]%20(CC(=O)O)C%38=O.[C@H]%23(CC(C)C)C8=O.C%25(=O)[C@@H]%16[C@@H](C)O.[C@@H]%26(C5=O)C(C)C.[C@@H]%29(C7=O)[C@@H](C)O.[C@H]%22(C%32)C4=O.[C@H]%27(CO)C8=O.[C@H]%31(CO)C(=O)O.C%37(=O)C%17.C%23C6=O.C%28C%12=O.C%30C%11=O.N3%12.N%14%13.N%25%15.N%36%16.N%35%17.N%37%18.N%38%19.N%39%20.N%40%21.N%42%22.N4%23.N5%24.N6%26.N7%27.N8%28.N9%29.N%10%30.N%11%31	CC(C)C[C@@H]1CC(=O)N[C@@H](C(C)C)C(=O)N[C@@H](CCC(=O)O)C(=O)N[C@@H]([C@@H](C)O)C(=O)N[C@@H](CO)C(=O)C1=O.CC[C@H](C)[C@@H](C=O)C(=O)CN.C[C@@H](O)[C@H](NC(=O)[C@@H](N)CCC(=O)O)C(=O)N[C@@H](CC(=O)O)C(=O)N[C@@H](CCC(=O)O)C(N)=O.N.NC(=O)[C@@H](N)Cc1c[nH]c2ccccc12.NCC(=O)N[C@@H](CO)C(=O)O.NCCCC[C@H](N)C(N)=O.N[C@@H](CC(=O)O)C(=O)N[C@H](C=O)CCC(=O)O.O=C(O)C[C@@H]1CC(=O)C1=O
C3(=O)[C@@H]9CCCCN.c1%24c[nH]c2ccccc12.[C@H]%17(CCCCN)C5=O.[C@H]%20(CCCCN)C(=O)O.C%25(=O)[C@@H]%12CCC%13.[C@H]%16(CC(=O)O)C%31=O.C%21C[C@H]67C%28=O.c1%22ccc(O)cc1.[C@@H]%11(C%30=O)[C@@H](C)O.[C@@H]%19(CC6=O)[C@@H](C)O.C%14(=O)[C@@H]8C%22.C%27(=O)[C@@H](N)CO.[C@H]%15(C%23)C%32=O.c1%23ccccc1.[C@H]%14(C)C%26=O.C%25(=O)C%10.CS%21.N37.N%148.N%259.N%26%10.N%27%11.N%29%13.N%30%15.N%31%16.N%32%17.N3%18.N4%19.N5%20	INVALID
C%36(=O)[C@@H]%18CCCCN.[C@H]%23(CCCCN)C9=O.c1%32c[nH]c2ccccc12.[C@H]%28(CCCN)C(=O)O.C3(=O)[C@@H]%15CC(C)C.C%35(=O)[C@@H]%19CC(=O)O.[C@H]%21(CC(N)=O)C7=O.[C@H]%25(CCC%26)C8=O.C%29C[C@H]%11%12C%38=O.C3(=O)[C@@H]%13C(C)C.[C@@H]%17(C%34=O)C(C)C.c1%31ccc(O)cc1.C%25(=O)[C@@H]%16C%31.[C@H]%20(C%32)C4=O.N16CCC[C@H]1%30.[C@H]%22(C%33)C5=O.c1%33ccccc1.[C@H]%24(C)C%10=O.C%37(=O)CN.N%26C(=N)N.C5%30=O.CS%29.N3%12.N%14%13.N%25%15.N%34%16.N%35%17.N%37%18.N%38%19.N4%20.N5%21.N6%22.N7%23.N8%24.N9%25.N%10%28	INVALID
C%31(=O)[C@@H]%11CCC(=O)O.CC[C@H](C)[C@H]6C(=O)O.c1%23ccc(O)ccc1.C%26(=O)[C@@H]9CC(C)C.C%29(=O)[C@@H]%13CC(=O)O.C%30(=O)[C@@H]%17CCC%18.C%30(=O)[C@@H]9CC%20.C%12(=O)[C@@H]8C%22.C%13(=O)[C@@H]9CS.C%27(=O)[C@@H]%10CS.[C@@H]1%21CCCN1%27.C%28(=O)[C@@H]%17C%23.C%29(=O)[C@@H]%19C%26.c1%26ccccc1.c1%22c[nH]cn1.N%18C(=N)N.C3(=O)C%19.C4((=O)CN.C%26%21%21=O.N37.N%147.N%258.N%289.N%29%10.N%30%11.N%31%12.N%32%14.N4%15.N4%16.N5%17.N6%19	INVALID
C%14(=O)[C@@H]%42CCC(N)=O.c1%93c[nH]c2ccccc12.[C@H]%54(CCCCN)C%11=O.[C@H]%79(CCC(=O)O)C%34=O.c1%94c[nH]c2ccccc12.CC[C@H](C)[C@H]%39C5=O.C%36(=O)[C@@H]%44CC(C)C.C4(=O)[C@@H](N)CC(C)C.[C@H]%53(CC(C)C)C6=O.[C@H]%56(CCCC%57)C%12=O.[C@H]%65(CCC%66)C%18=O.[C@H]%73(CC(=O)O)C%28=O.[C@H]%75(CC(C)C)C%29=O.[C@H]%76(CCC%77)C%31=O.[C@@H]%81(C%35=O)[C@@H](C)CC.[C@H]%83(CC(C)C)C%38=O.[C@H]%84(CC(C)C)C%39=O.[C@H]%85(CC(N)=O)C(=O)O.C3(=O)[C@@H]%40CC%86.C%14(=O)[C@@H]%42C(C)C.c1%92ccc(O)cc1.C%91(=O)[C@@H]%49C(C)C.[C@@H]%51(C8=O)[C@@H](C)O.[C@@H]%59(C%13=O)C(C)C.[C@@H]%68(C%21=O)[C@@H](C)C.[C@@H]%72(C%26=O)C(C)C.[C@@H]%72(C%27=O)C(C)C.[C@@H]1%87CCCN1%69.C%47(=O)[C@@H]%45C%90.c1%90ccccc1.C%80(=O)[C@@H]%48C%92.[C@H]%59(CS)C%15=O.[C@H]%62(C%94)C%16=O.[C@H]%61(C%89)C%17=O.[C@H]%63(CO)C%20=O.N1%23CCC[C@H]1%88.[C@H]%71(CO)C%23=O.[C@H]%74(CO)C%30=O.[C@H]%78(C%93)C%33=O.C%25(=O)[C@@H]%43C.[C@H]%60(CO)C%12=O.[C@H]%55(C)C%32=O.c1%89c[nH]cn1.[C@H]%82(C)C%37=O.N%46C(=N)N.C%50C%107=O.C%52C8=O.N%57C(=N)N.C%64C%19=O.N%66C(=N)N.C%70C%22=O.N%77C(=N)N.C%58%87=O.C%24%88=O.N3%39.S%86C.N%14%41.N%25%42.N%36%43.N%47%44.N%58%45.N%80%46.N%91%48.N%91%49.N4%50.N5%51.N6%52.N7%53.N8%54.N9%55.N%10%56.N%11%59.N%12%60.N%13%61.N%15%62.N%16%63.N%17%64.N%18%65.N%19%67.N%20%68.N%21%70.N%22%71.N%24%72.N%26%73.N%27%74.N%28%75.N%29%76.N%30%78.N%31%79.N%32%81.N%33%82.N%34%83.N%35%84.N%38%85	INVALID
C%22(=O)[C@@H]%10CCCCN.C%25(=O)[C@@H]%12CCCCN.CC[C@H](C)[C@H]6C%27=O.[C@H]%17(CCC%14)C%28=O.[C@H]%13(CCC%15)C%30=O.C%26(=O)[C@@H](N)CC%20.[C@@H]%16(C3=O)[C@@H](C)O.C2(=O)[C@@H]7CS.C%13(=O)[C@@H]8CS.C%24(=O)[C@@H]9CS.[C@H]%12(CS)C%29=O.[C@H]%17(CS)C%29=O.[C@H][C@H]%18(C%21)C4=O.C%23(=O)[C@@H]%11C.c1%21c[nH]cn1.[C@H]%19(C)C(=O)O.N%15C(=N)N.C%26%21=O.N26.N%137.N%228.N%239.N%25%10.N%26%12.S%20C.N%27%13.N%28%15.N%29%16.N3%17.N4%18.N5%19	INVALID
[C@H]%28(CCC(=O)O)C9=O.[C@H]%20(CC(=O)O)C%46=O.[C@H]%22(CC(C)C)C4=O.[C@H]%26(CC(N)=O)C8=O.[C@H]%30(CC%31)C%10=O.C%39C[C@H]%17C%35=O.C%24(=O)[C@@H](N)CC%40.cc1%43ccc(O)cc1.[C@@H]%29(C7=O)C(C)C.[C@@H]%33(C%11=O)[C@@H](C)O.[C@@H]%37(C%15=O)[C@@H](C)O.[C@@H]%38(C(=O)O)[C@@H](C)O.[C@H]%21(C%43)C%45=O.[C@H]%22(CS)C%46=O.[C@H]%23(C%44)C%47=O.c1%44ccccc1.[C@H]%27(C%42)C5=O.N15CCC[C@H]1%41.[C@H]%33(C%42)C%12=O.[C@H]%36(CO)C%14=O.C2(=O)[C@@H]%19C.c1%42c[nH]cn1.C%13(=O)C%18.N%31C(=N)N.C6%41=O.CS%39.N2%17.N%13%18.S%40C.N%35%19.N%45%20.N%46%21.N%46%22.N%47%23.N%48%26.N4%27.N6%28.N7%29.N8%30.N9%32.N%10%33.N%11%34.N%12%36.N%14%37.N%16%38	INVALID
c1%28c[nH]c2ccccc12.[C@H]%11(CCC(=O)O)C%24=O.[C@H]%15(CCCCN)C%34=O.[C@H]9(CC(=O)O)C%25=O.[C@H]%10(CC(=O)O)C%28=O.[C@H]%14(CCC%16)C%32=O.[C@H]%22(CC(C)C)C6=O.C%24C[C@H](N)C3=O.[C@H]%18(CC%26)C4=O.[C@@H]%21(C%30=O)C(C)C.[C@H]%10(C%29)C%24=O.c1%29ccccc1.[C@H]%19(C%30)C%37=O.c1%30ccccc1.[C@H]%21(C%31)C7=O.c1%31ccccc1.[C@H]%23(CO)C(=O)O.[C@H]%12(C)C%33=O.C%13C%36=O.N%16C(=N)N.N%29C(=N)N.CS%24.N39.N%149.N%25%11.N%33%12.N%34%13.N%35%15.N%36%17.N%37%18.S%26C.N4%19.N5%20.N6%21.N7%22.N8%23	CSC(=O)[C@H](Cc1ccccc1)[C@@H](CC(=O)O)C(=O)c1c[nH]c2ccccc12.CSCC[C@@H]1NC(=O)[C@H](CC(=O)[C@H](C(C)C)[C@@H](Cc2ccccc2)C(=O)N[C@@H](CC(C)C)C(N)=O)NC1=O.C[C@@H]1NC1=O.N.N=C(N)N.N=C(N)NCCC[C@H](N)C=O.NCCCC[C@H](N)C(=O)NCC(N)=O.N[C@@H](CO)C(=O)O.N[C@H]1CCC(=O)[C@H](CCC(=O)O)NC(=O)[C@H](CC(=O)O)NC1=O.c1ccccc1
C%24(=O)[C@@H]%42CCC(=O)O.[C@H]%48(CCCCN)C6=O.[C@H]%49(CCC(N)=O)C5=O.[C@H]%80(CCC(N)=O)C%38=O.[C@H]%52(CCC%53)C9=O.[C@H]%54(CC(C)C)C%11=O.[C@H]%60(CC(C)C)C%15=O.[C@H]%63(CC(=O)O)C%18=O.[C@H]%64(CC(C)C)C%22=O.[C@H]%70(CC(=O)O)C%27=O.[C@H]%71(CC(C)C)C%30=O.[C@H]%73(CCC%74)C%32=O.[C@H]%77(CC(C)C)C%34=O.[C@H]%76(CC(C)C)C%34=O.C%82C[C@H]%39C%79=O.C2(=O)[C@@H]%40[C@@H](C)O.C%46(=O)[C@@H]%43CC%83.C%68(=O)[C@@H](N)CC%84.C%57(=O)[C@@H]%44[C@@H](C)O.[C@@H]%56(C%12=O)[C@@H](C)O.[C@@H]%59(C%16=O)C(C)C.[C@@H]%66(C%23=O)C(C)C.c1%91ccc(O)cc1.c1%92ccc(O)cc1.c1%93ccc(O)cc1.[C@@H]%78(C%36=O)C(C)C.C%13(=O)[C@@H]%41CO.[C@@H]1%85CCCN1%46.[C@H]%45(CS)C%90=O.N13CCC[C@H]1%87.[C@H]%55(CO)C%10=O.[C@H]%58(CO)C%16=O.[C@H]%61(C%89)C%17=O.[C@H]%62(CO)C%19=O.[C@H]%64(C%91)C%21=O.[C@H]%67(C%92)C%26=O.N1%27CCC[C@H]1%88.N1%28CCC[C@H]1%88.[C@H]%72(C%93)C%31=O.[C@H]%50(C)C8=O.[C@H]%76(CS)C%33=O.[C@H]%69(C)C%25=O.[C@H]%75(C)C%36=O.[C@H]%81(C)C(=O)O.C%47C3=O.C%51C7=O.C%55C%14=O.N%74C(=N)N.C%35%86=O.C4%87=O.C%28%88=O.C%29%88=O.CS%82.N2%39.N%13%40.N%35%41.S%83C.N%46%42.N%68%44.S%84C.N%79%45.N%90%47.N%84%47.N5%48.N6%49.N8%50.N9%51.N%10%52.N%11%54.N%12%55.N%14%56.N%15%58.N%16%59.N%17%60.N%18%61.N%19%62.N%20%63.N%21%64.N%22%65.S%85C.N%23%67.N%25%69.N%26%70.N%29%71.N%30%72.N%31%73.N%32%75.N%33%76.N%34%77.N%36%78.N%37%80.N%38%81	CC(C)CC(=O)N[C@@H](Cc1ccc(O)cc1)C(=O)N[C@@H](CC(=O)O)C(=O)N1CCC[C@H]1[C@@H]1CCCN1C(=O)C(=O)N[C@@H](CC(C)C)C(=O)N[C@@H](Cc1ccc(O)cc1)C(=O)N[C@@H](CCCNC(=N)N)C(=O)N[C@@H](C)C(=O)C(=O)[C@@H](N)C(C)C.CC(C)C[C@@H](C(N)=O)[C@@H](Cc1ccc(O)cc1)C(N)=O.CC(C)C[C@@H]1NC1=O.CC(C)C[C@H](N)C(=O)C(=O)[C@H](CC(C)C)[C@@H](CS)C(N)=O.CC(C)C[C@H](NC(=O)[C@H](C)NC(=O)[C@@H](N)CC(=O)O)C(=O)N[C@@H](CO)C(=O)C(=O)[C@@H](N)C(C)C.CCC[C@H](NC(=O)[C@H](CO)CC(=O)N[C@H](C(N)=O)[C@@H](C)O)C(=O)NCC=O.CSCCCC(=O)N1CCC[C@H]1SC.CSCC[C@H](N)C(=O)N[C@H](C=O)[C@@H](C)O.CSCC[C@H](NC(=O)[C@@H](NC(=O)[C@H](CO)NC=O)[C@@H](C)O)C(=O)N[C@@H](CS)C(=O)NCC(=O)N1CCC[C@H]1C=O.C[C@@H]1NC1=O.C[C@@H]1NC1=O.C[C@H](NC(=O)[C@@H](N)CCC(N)=O)C(=O)O.N.NCCCC[C@@H]1NC(=O)[C@H](CCC(N)=O)NC1=O.N[C@H](C=O)CCC(=O)O.O=C1N[C@H]1CO
C%30(=O)[C@@H]%16CCC(=O)O.CC[C@H](C)[C@H]8C%35=O.C%24(=O)[C@@H]%11CC(C)C.C%28(=O)[C@@H]%12CCC%14.C%30(=O)[C@@H]%16CC(C)C.C%33(=O)[C@@H]%15CC(C)C.[C@@H]%17(C5=O)[C@@H](C)CC.c1%25ccc(O)cc1.C%34(=O)[C@@H](N)CC(C)C.[C@H]%18(CC(C)C)C4=O.[C@@H]%20(C7=O)C(C)C.C%29(=O)[C@@H]4C%25.[C@H]%19(CO)C3=O.[C@H]%20(CO)C6=O.[C@H]%21(C%27)C(=O)O.c1%27ccccc1.C2(=O)[C@@H]%10C.N%14C(=N)N.C%29(=O)C%15.C%32(=O)C%17.C%32%23=O.N28.N%139.N%24%10.N%29%11.N%30%12.N%31%14.N%32%15.N%34%16.N3%17.N4%18.N5%19.N6%20.N7%21	CC(C)C[C@@H](C=O)CC(=O)C(=O)[C@H](Cc1ccc(O)cc1)C(=O)[C@@H](N)CC(C)C.CC(C)C[C@H](N)C(N)=O.CC(C)C[C@H]1C(=O)C(=O)[C@@H]1CCC(=O)O.CC(C)[C@@H](C(=O)N[C@@H](Cc1ccccc1)C(=O)O)[C@@H](CO)C(N)=O.CC[C@H](C)[C@@H](C=O)NC(=O)[C@H](C)NC(=O)[C@@H](N)CC(C)C.CC[C@H](C)[C@H](CC(=O)C=O)C(=O)N[C@@H](CO)C(N)=O.N.N.N.N=C(N)NCCC[C@H](N)C=O
c1%41c[nH]c2ccccc12.CC[C@H](C)[C@H]%13C%14=O.[C@@H]%16(C%45=O)[C@@H](C)CC.[C@H]%20(CC(C)C)C%42=O.[C@H]%26(CC(C)C)C7=O.[C@H]%29(CCC%30)C8=O.[C@H]%31(CC(C)C)C%10=O.[C@H]%33(CC(C)C)C%12=O.[C@H]%34(CC(N)=O)C(=O)O.C%14(=O)[C@@H]%15CC%35.C%14(=O)[C@@H](N)CC%38.[C@@H]%17(C%44=O)[C@@H](C)O.[C@H]%28(CC%39)C7=O.[C@H]%18(CS)C%36=O.[C@H]%22(CS)C%44=O.[C@H]%23(CO)C%45=O.[C@H]%24(CO)C4=O.[C@H]%26(C%41)C5=O.[C@H]%27(C%42)C6=O.[C@H]%32(C%40)C%11=O.c1%40c[nH]cn1.C%19C%46=O.N%30C(=N)N.N3%13.S%35C.N%14%15.S%37C.N%25%16.N%36%17.N%42%18.N%43%19.N%44%20.N%45%21.N%47%23.N3%24.N4%26.N5%27.N6%28.S%39C.N7%29.S%40C.N9%31.N%10%32.N%11%33.N%12%34	CC(C)C[C@H](NC(=O)[C@H](Cc1c[nH]cn1)NC(=O)[C@@H](N)CC(C)C)C(=O)N[C@@H](CC(N)=O)C(=O)O.CC[C@H](C)[C@H](N)C(=O)C(=O)[C@@H](N)CO.CC[C@H](N)C(=O)N[C@@H](CCSC)C(=O)C(=O)[C@@H](NN[C@@H](CO)C(N)=O)[C@@H](C)CC.CS.CS.CSCC[C@@H]1NC(=O)[C@H](CC(=O)[C@@H](N)CC(C)C)NC(=O)[C@H](Cc2c[nH]c3ccccc23)[C@@H](CC(C)C)C(=O)C1=O.C[C@@H](O)[C@H](NC(=O)[C@@H](N)CS)C(=O)C(=O)CCS.N.N=C(N)NCCC[C@H](N)C=O.NCC=O
(N)[C@H]4C3=O.C2(=O)[C@@H]5[C@@H](C)O.c1%15ccc(O)cc1.[C@@H]8(C%25=O)[C@@H](C)O.[C@H]%19(C%14)C%27=O.[C@H]%10(CC(=O)O.N24.N%175.N%197.N%218.N%11%10	INVALID
[C@H][C@H]5C2=O.[C@H]%14(CCC%15)C3=O.[C@H]%16(C)C3=O.N%12C(=N)N.C%13%16=O.C7C%16=O.N25.N%137.N%228.N%239.N%24%11.N%26C	CCCCC(=O)C(=O)[C@H](C)C(=O)NCC=O.CN.N.N.N.N=C(N)N.[CH][C@@H]1NC1=O
C%20(=O)[C@@H]9CCC(=O)O.CC[C@H](C)[C@H]4C%24=O.C%13(=O)[C@@H]7CCC8.C%19(=O)[C@@H]%10CCC%11.[C@H]%16(CC(C)C)C2=O.c1%18ccc(O)cc1.C%21(=O)[C@@H]9C(C)C.C%22(=O)[C@@H]%13C(C)C.C%23(=O)[C@@H](N)C(C)C.[C@H]%12(C%18)C%25=O.[C@H]%15(C)C%26=O.C%13(=O)C6.N8C(=N)N.N%11C(=N)N.C%17C3=O.N14.N%125.N%196.N%207.N%219.N%22%10.N%23%12.N%24%14.N%25%15.N2%16.N3%17	CC(C)C[C@@H]1NC1=O.CC(C)[C@@H](C(=O)N[C@@H](CCCNC(=N)N)C(=O)NCC=O)C(=O)[C@H](CCCNC(=N)N)NC(=O)[C@H](CCC(=O)O)[C@H](C(N)=O)C(C)C.CC(C)[C@H](N)C(N)=O.CC[C@H](C)[C@H](N)C(N)=O.C[C@@H](C=O)NC(=O)[C@@H](N)Cc1ccc(O)cc1.O=C1CN1
[C@H]%16(CCC(=O)O)C%39=O.[C@H]%19(CCC(N)=O)C8=O.CC[C@H](C)[C@H](N)C2=O.[C@H]%15(CC(N)=O)C%36=O.[C@H]%17(CCC%18)C%38=O.[C@H]%26(CC(=O)O)C3=O.[C@@H]%27(C5=O)[C@@H](C)CC.c1%34ccc(O)cc1.[C@H]%25(CC%29)C8=O.[C@@H]%27(C%11=O)[C@@H](C)O.[C@H]%11(C%33)C%34=O.c1%33ccccc1.[C@H]%22(CO)C3=O.[C@H]%22(C%34)C6=O.N16CCC[C@H]1%31.[C@H]%28(CO)C(=O)O.N1%10CCC[C@H]1%32.[C@H]%14(C)C%24=O.[C@H]%20(C)C%37=O.[C@H]%21(C)C%39=O.[C@H]%22(C)C%11=O.C%15C%40=O.C%18C6=O.C7%31=O.C%10%32=O.N2%12.N%13%14.N%24%15.N%35%15.N%36%16.N%37%17.N%38%19.N%39%20.N3%21.N4%22.N5%23.N7%25.S%30C.N8%26.N9%27.N%11%28	CC[C@H](C)[C@@H](C(N)=O)[C@H](C(=O)[C@@H](Cc1ccccc1)C(=O)c1ccc(O)cc1)[C@@H](C)O.CC[C@H](C)[C@H](N)C(N)=O.CC[C@H](NC(=O)[C@@H]1CCCN1C(=O)[C@H](C)[C@@H](CO)C(=O)C(=O)[C@@H](N)CC(=O)O)C(=O)C(=O)[C@H](CCC(N)=O)NC(=O)[C@H](CCCCC=O)NC(=O)[C@H](C)N.CS.C[C@H](N)C(=O)C(=O)[C@H](CCC(=O)O)NC(=O)[C@@H](CC=O)CC(N)=O.C[C@H](N)C(=O)NN.C[C@H](N)C(=O)N[C@@H](CO)C(=O)O.N.O=C1[C@@H]2CCCN12
C%13(=O)[C@@H]9CCC(N)=O.C%19(=O)[C@@H]%10CCC(=O)O.[C@H]%11(CCC(=O)O)C%25=O.[C@H]%15(CCCCN)C(=O)O.C%18(=O)[C@@H]4CC(C)C.C%19(=O)[C@@H](N)CC(C)C.[C@@H]%12(C%21=O)C(C)C.C2(=O)[C@@H]6CS.C%21(=O)[C@@H]8CO.N1%21CCC[C@H]1%16.[C@H]%12(CS)C3=O.[C@H]%10(C%17)C4=O.c1%17ccccc1.[C@H]%14(CO)C3=O.N26.N%137.N%188.N%199.N%20%10.N%21%11.N%22%12.N%23%14.N4%15	CC(C)C[C@@H](C(=O)N[C@@H](CO)C(=O)C(=O)[C@H](C(C)C)[C@@H](CS)C(=O)C(=O)[C@@H](N)CO)C(=O)[C@H](Cc1ccccc1)[C@@H](CCC(=O)O)C(=O)C(=O)[C@@H](N)CC(C)C.N.N.NC(=O)CC[C@H](N)C(N)=O.NCCCC[C@H](N)C(=O)O.O=C1N[C@H]1CS.O=C[C@H](CCC(=O)O)NN1CCCC1
[C@H]7(CCC(=O)O)C%13=O.[C@H]%10(CCC%11)C%173=O.[C@H]7(CC(=O)O)C%19=O.[C@H]9(CCC%10)C%19=O.[C@H]%13(CC(C)C)C%24=O.C%15C[C@H](N)C2=O.c1%17ccc(O)cc1.[C@@H]4(C%22=O)C(C)C.[C@H]5(C%16)C%18=O.[C@H]%15(C%17)C(=O)O.C8C%20=O.C%12C%22=O.C%12C%23=O.N%15C(=N)N.N%22C(=N)N.CS4.N15.N%186.N%197.N%208.N%219.N%22%10.N%23%13.N3%15	INVALID
C%27(=O)[C@@H]%12CCC(N)=O.[C@H]%16(CCC(N)=O)C6=O.c1%24c[nH]c2ccccc12.[C@H]%17(CC(=O)O)C%30=O.[C@H]%24(CCC%25)C%31=O.[C@H]%19(CC(C)C)C7=O.C%22C[C@H]9C%29=O.C%30(=O)[C@@H]%13[C@@H](C)O.C%28(=O)[C@@H](N)C(C)C.C3(=O)[C@@H]%13C%24.C%14(=O)[C@@H]%10C.C%25(=O)[C@@H]%11C.C%28(=O)[C@@H]%15C.N%26C(=N)N.C%20C5=O.C%21C(=O)O.CS%22.N39.N%14%10.N%25%11.N%28%12.N%29%13.N%30%15.N%31%16.N%32%17.N4%18.N5%19.N6%20.N8%21	CC(C)C[C@@H](C=O)NC(=O)CNC(=O)[C@H](CCC(N)=O)NC(=O)[C@H](CCCC(=O)[C@H](C)N)c1c[nH]c2ccccc12.CC(C)[C@H](N)C(=O)C(=O)[C@H](C)N.CSCC[C@H](NC(=O)[C@H](C)[C@H](C(=O)C(=O)[C@@H](N)CC(=O)O)[C@@H](C)O)C(N)=O.C[C@@H]1NC1=O.N.N=C(N)N.NC(=O)CC[C@H](N)C=O.NCC(=O)O
C%24(=O)[C@@H]%11CCC(N)=O.C%26(=O)[C@@H]%11CCC(=O)O.[C@H]%18(CCC(=O)O)C(=O)O.CC[C@H](C)[C@H]8C%29=O.C2(=O)[C@@H]9CC(=O)O.C%27(=O)[C@@H]%14CC(C)C.C%27(=O)[C@@H]%15CC(C)C.C%22(=O)[C@@H]%10C(C)C.c1%25ccc(O)cc1.[C@@H]%15(C5=O)[C@@H](C)O.[C@@H]1%21CCCN1%26.C%28(=O)[C@@H](N)CO.[C@H]%19(CO)C3=O.[C@H]%20(C%25)C(=O)O.C%18C5=O.C%19%22=O.N28.S%21C.N%139.N%23%10.N%24%11.N%27%12.N%28%14.N%29%15.N3%16.N4%17.N5%18.N6%19.N7%20	CC(C)C[C@H](NC(=O)[C@@H](N)CO)C(=O)C(=O)[C@H](CC(C)C)[C@H](C(=O)C(=O)C[C@@H](CCC(=O)O)C(=O)O)[C@@H](C)O.CC(C)[C@H](N)C(=O)C(=O)[C@@H](CO)C(N)=O.CC[C@H](C)[C@H](NC(=O)[C@@H](N)CC(=O)O)C(N)=O.CS[C@@H]1CCCN1C(=O)[C@H](CCC(=O)O)[C@@H](CCC(N)=O)C(N)=O.N.N.N.N.N[C@@H](Cc1ccc(O)cc1)C(=O)O
[C@H]9(CCC(=))O)C%23=O.[C@H]%12(CCCCN)C4=O.[C@H]3(CC4)C%24=O.C%16C[C@H](N)C2=O.[C@@H]6(C%20=O)[C@@H](C)O.c1%18ccc(O)cc1.c1%19ccc(O)cc1.[C@H]%11(CC%17)C%27=O.[C@H]%13(CC%18)C3=O.[C@H]%15(C%19)C(=O)O.c1%17c[nH]cn1.[C@H]%14(C)C%22=O.C5C%13=O.C6C%21=O.N8C(=N)N.C%11C%25=O.CS%16.N25.N%136.N%207.N%218.N%22%10.N%23%11.N%24%12.N3%14.N4%15	INVALID
CC[C@H](C)[C@H]7C6=O.C%27(=O)[C@@H]%10[C@@H](C)CC.C%29(=O)[C@@H]%12[C@@H](C)CC.C%32(=O)[C@@H]%15CCC%15.C4(=O)[C@@H]%19CC(N)=O.C%13(=O)[C@@H]%10[C@@H](C)O.c1%21ccc(O)cc1.c1%23ccc(O)cc1.c1%23ccc(O)cc1.C5(=O)[C@@H](N)CC%21.C%28(=O)[C@@H]9C%24.C%29(=O)[C@@H]%18C%26.c1%26ccccc1.C%30(=O)[C@@H]%18C%27.C%31(=O)[C@@H]%16C.C%24(=O)C%11.N%16C(=N)N.C3(=O)C%17.N27.N%138.N%249.N%28%10.N%29%11.N%30%12.N%31%14.N%32%15.N4%16.N5%18.N6%19.S%20C	CC=O.CC[C@H](C)[C@@H](C(=O)C[C@H]1C(=O)N[C@@H]([C@@H](C)CC)C(=O)C(=O)[C@@H]1Cc1ccccc1)[C@H](C(N)=O)[C@@H](C)O.CC[C@H](C)[C@H](N)C(=O)N[C@@H](CC(N)=O)C(N)=O.CS.C[C@H](NC(=N)N)C(N)=O.NC(=O)C1CCC1.NC(=O)[C@@H](N)CCc1ccc(O)cc1.NCC(=O)C[C@H](N)C(N)=O.Oc1ccc(-c2ccc(O)cc2)cc1
C%13(=O)[C@@H]%15CCC(N)=O.C%41(=O)[C@@H]%17CCC(N)=O.C%41(=O)[C@@H]%22CCCCN.C6(=O)[C@@H]%29CCCCN.CC[C@H](C)[C@H]%11C8=O.C2(=O)[C@@H]%12CC%14.C%40(=O)[C@@H]%18CCC%19.C%41(=O)[C@@H]%20CC(N)=O.C3(=O)[C@@H]%27CCC%28.C7(=O)[C@@H](N)CC(C)C.[C@@H]%30(C9=O)[C@@H](C)CC.[C@H]%32(CC%33)C(=O)O.c1%36ccc(O)cc1.C%24(=O)[C@@H]%15C%36.C%43(=O)[C@@H]%25C%37.C%44(=O)[C@@H]%26C%38.c1%38ccccc1.C5(=O)[C@@H]%29C%39.c1%39ccccc1.C%45(=O)[C@@H]%21C.c1%34c[nH]cn1.[C@H]%31(C)C%10=O.N%19C(=N)N.N%28C(=N)N.N%33C(=N)N.N2%11.N%13%12.N%24%14.N%35%15.N%40%17.N%41%17.N%42%20.N%43%21.N%44%22.N3%23.N4%25.N5%26.N6%27.N7%29.N8%30.N9%31.N%10%32	CC(C)C[C@H](N)C(N)=O.CC[C@H](C)[C@H](NC(=O)[C@@H]1CCNC(=O)[C@H](Cc2ccc(O)cc2)[C@@H](CCC(N)=O)C(=O)N1)C(=O)N[C@H](C(=O)N[C@@H](C)C(=O)N[C@@H](CCNC(=N)N)C(=O)O)[C@@H](C)CC.C[C@H](N)C(=O)N[C@@H](C)C=O.N.N=C(N)NCCCCC(=O)N[C@@H](CCC(N)=O)C(=O)C(=O)[C@H](CCCCN)NC(=O)[C@H](Cc1ccccc1)NC(=O)[C@H](Cc1ccccc1)[C@@H](CCCCN)C(=O)N[C@@H](CCCNC(=N)N)C(N)=O.NC(=O)C[C@H](N)C(N)=O.c1c[nH]cn1
[C@H]7(CCC8)C%21=O.[C@H]%12(CCC%15)C%22=O.[C@@H]%16(C3=O)[C@@H](C)CC.C2(=O)CN.N8C(=N)N.C9C%23=O.N%14C(=N)N.C%14C(=O)O.C2%15=O.C%18%15=O.N14.N%135.N%206.N%217.N%229.N%23%10.N3%12	C=O.CC[C@H](C)CC(=O)N[C@@H](CCCC(=O)C(=O)CN)C(=O)NCC(N)=O.N.N.N.N=C(N)NCC(=O)O.N=C(N)NCCC[C@@H]1NC1=O
[C@H]%12(CCC(N)=O)C(=O)O.C%13(=O)[C@@H]5CC(N)=O.C%18(=O)[C@@H]7CC(=O)O.CC(C)C[C@H]4C%19=O.c1%14c[nH]cn1.C%17(=O)CN.C8C%20=O.C9C%21=O.C%10C%23=O.N24.N%135.N%176.N%187.S%198.N%209.N%21%10.N%22%11.N3%12	CC(C)C[C@H](N)C(=O)SCC(=O)NCC(=O)NCC=O.N.NC(=O)CC[C@H](N)C(=O)O.NC(=O)C[C@@H]1NC1=O.NCC(N)=O.O=C(O)C[C@@H]1NC1=O.c1c[nH]cn1
C2(=O)[C@@H]5CCC(=O)O.C%18(=O)[C@@H]8CCC(=O)O.[C@H]%11(CCC(=O)O)C(=O)O.C%12C[C@H]44C%18=O.c1%16ccc(O)cc1.[C@@H]%10(C%20=O)[C@@H](C)O.C2(=O)[C@@H]6C%13.[C@H]9(C%14)C3=O.c1%14c[nH]cn1.C%17(=O)CN.C8C%19=O.CS%123.N24.N%135.N%166.N%187.N%198.N%209.N%21%10.N%22%11	INVALID
C%13(=O)[C@@H]6CCC(N)=O.[C@H]9(CCC(N)=O)C%23=O.C2(=O)[C@@H]5CCC%10.C%18C[C@H]5C%24=O.[C@@H]%10(C%23=O)[C@@H](C)O.[C@@H]%11(C%25=O)[C@@H](C)O.[C@@H]%14(C%26=O)[C@@H](C)O.N1%12CCC[C@H]1%19.[C@H]7(C)C%22=O.c1%20c[nH]cn1.c1%21c[nH]cn1.[C@H]9(C)C%27=O.[C@H]%15(C)C%28=O.[C@H]%16(C)C4=O.C%17C(=O)O.CS%18.N24.N%135.N%196.N%217.N%229.N%23%10.N%24%11.N%25%12.N%26%13.N3%15.N4%16.N5%17	CSCC[C@@H](C(=O)N[C@H](C(=O)NN1CCC[C@H]1N[C@@H](CCC(N)=O)C(=O)NNCC(=O)O)[C@@H](C)O)[C@@H](CCC[C@H](C(=O)C(=O)[C@H](CCC(N)=O)[C@@H](C)C=O)[C@@H](C)O)C(=O)NC(=O)[C@H](C)N.C[C@@H](O)CC(N)=O.C[C@H](N)C=O.C[C@H](Nc1c[nH]cn1)C(N)=O.N.c1c[nH]cn1
[C@H]%12(CCC(=O)O)C%30=O.[C@H]%14(CCC(N)=O)C5=O.[C@H]%15(CC(C)C)C%42=O.C%21C[C@H]8C%26=O.C%13(=O)[C@@H]9C(C)C.C%25(=O)[C@@H]%10C(C)C.[C@@H]%11(C%28=O)C(C)C.[C@@H]%17(C4=O)C(C)C.[C@@H]1%22CCCN1%24.C%26(=O)[C@@H](N)CO.[C@H]%16(CO)C%28=O.N15CCC[C@H]1%23.C%11C%27=O.C%17C%29=O.C%18C3=O.C%20C(=O)O.C2%22=O.C6%23=O.CS%21.N28.N%139.N%25%10.N%26%11.N%27%12.N%28%14.N3%15.N4%16.N5%17.N6%18.N7%19.N8%20	CC(C)C[C@@H](C=O)NC(=O)CNC(=O)[C@@H]1CCCN1C(=O)[C@@H](N)CCC(N)=O.CC(C)[C@@H]1NC1=O.CC(C)[C@@H]1NC1=O.CC(C)[C@H](CC=O)C(=O)N[C@@H](CO)C(=O)C(=O)[C@@H](CC(=O)N[C@H](C=O)CCC(=O)O)C(C)C.CSCC[C@H](NC(=O)[C@@H]1CCCN1)C(=O)C(=O)[C@@H](N)CO.N.N.N.NCC(=O)O
c1%17c[nH]c2ccccc12.CC(C)C[C@H]5C%23=O.C3(=O)[C@@H]6CC7.C%20(=O)[C@@H]9CC(NO)O.C%21(=O)[C@@H]%13CCC%15.C%22(=O)[C@@H](N)C%17.[C@H]%11(C%17)C%24=O.[C@H]%15(C%18)C4=O.c1%18ccccc1.N8C(=N)N.N%131C(=N)N.N35.N%196.N%209.S%16C.N%21%10.N%22%11.N%23%13.N%24%14	CC[C@H](N)C(=O)N[C@@H](CC(C)C)C(N)=O.CS.C[C@H](NC(=O)[C@@H](N)Cc1c[nH]c2ccccc12)C(N)=O.N=C(N)N.N=C(N)N[C@@H](CCC[C@H](C=O)Cc1ccccc1)C(N)=O.O=C1N[C@H]1CC(O)NO
[C@H]%13(CCC(N)=O)C%29=O.[C@H]%18(CCCCN)C%30=O.[C@H]%19(CCCCN)C(=O)O.[C@H]6(CCC7)C%13=O.[C@H]9(CCC%10)C%28=O.[C@H]%11(CC(N)=O)C%29=O.[C@H]%48(CC(=O)O)C%18=O.[C@H]%11(CCC%14)C%27=O.[C@H]%15(CCC%16)C2=O.C%20C[C@H](N)C2=O.[C@@H]%17(C3=O)[C@@H](C)O.[C@H]8(CO)C%23=O.[C@H]%14((C%22)C1=O.c1%22ccccc1.[C@H]5(C)C%24=O.C6C%24=O.N%10C(=N)N.N%16C(=N)N.C%27%21=O.CS%20.N25.N%136.N%248.N%259.N%27%11.N%28%12.N%29%14.N%30%15.N%31%17.N3%18.N4%19	INVALID
C%13(=O)[C@@H]7CCCCN.C%21(=O)[C@@H]%11CCC(=O)O.C%24(=O)[C@@H]%22CCC(N)=O.CC[C@H](C)[C@H]6C(=O)O.C%27(=O)[C@@H]%17CCC(=O)O.C4(=O)[C@@H](N)CC(=O)O.C%22(=O)[C@@H]%10C%18.c1%18c[nH]cn1.C%19(=O)[C@@H]%15C.C%21(=O)C9.C%23(=O)C%15.C%103(=O)C%16.N26.N%137.N%198.N%209.N%21%10.N%22%11.N%23%12.N%24%14.N3%15.N3%16.N5%17	INVALID
C2(=O)[C@@H](N)CCCCN.[C@H]%17(CC(C)C)C%24=O.[C@H]%20(CC(C)C)C%46=O.[C@H]%21(CC(C)C)C%48=O.[C@H]%22(CC(C)C)C%50=O.[C@H]%23(CC(N)=O)C%51=O.[C@H]%27(CCC%28)C5=O.[C@H]%31(CCC%32)C7=O.[C@H]%33(CC(=O)O)C8=O.[C@H]%36(CC(=O)O)C9=O.[C@H]%37(CC(C)C)C%10=O.C%41C[C@H]%16C%13=O.[C@@H]%25(CC%47=O)C(C)C.c1%43ccc(O)cc1.c1%44ccc(O)cc1.[C@@H]%26(C6=O)C(C)C.[C@@H]%37(C%11=O)[C@@H](C)O.[C@@H]%39(C%15=O)[C@@H](C)O.[C@H]%16(C%43)C%13=O.[C@H]%20(CO)C%46=O.[C@H]%24(C%44)C3=O.[C@H]%29(CO)C5=O.[C@H]%30(CO)C9=O.[C@H]%34(CO)C%12=O.[C@H]%40(C%42)C(=O)O.c1%42c[nH]cn1.N%28C(=N)N.N%32C(=N)N.C%38C%16=O.N2%16.N%13%17.N%24%18.N%35%19.N%46%20.N%49%21.N%50%22.N%50%23.N%51%25.N3%26.N5%27.N6%29.N7%30.N8%31.N9%33.N%10%34.N%11%36.N%12%37.N%14%39.N%15%40	CC(=O)NC(=O)[C@@H](N)CCCCN.CC(C)C[C@@H](C(=O)N[C@@H](CO)C(N)=O)[C@H](C(=O)N[C@@H](CC(=O)O)C(=O)C(=O)[C@H](CO)NC(=O)[C@H](CCCNC(=N)N)NC(=O)[C@@H](N)CC(=O)O)[C@@H](C)O.CC(C)C[C@@H]1NC1=O.CC(C)C[C@H](N)C(=O)[C@@H](Cc1ccc(O)cc1)C(=O)N[C@H](C(=O)N[C@@H](CO)C(=O)C(=O)[C@@H](N)CCCNC(=N)N)C(C)C.CC(C)C[C@H](N)C=O.CC(C)C[C@H]1C(=O)C(=O)[C@@H]1CO.CC(C)[C@@H](CC=O)NC(=O)[C@@H](N)CC(N)=O.CC[C@H]1C(=O)C(=O)[C@@H]1Cc1ccc(O)cc1.C[C@@H](O)[C@H](N)C(=O)N[C@@H](Cc1c[nH]cn1)C(=O)O.N.N.N
C%20(=O)[C@@H]%12CCCCCN.CC[C@H](C)[C@H]3C%23=O.C%19(=O)[C@@H]4CCC5.C%21(=O)[C@@H]8CC(C)C.[C@@H]%11(C%25=O)[C@@H](C)CC.[C@H]%12(CCC%15)C(=O)O.c1%18ccc(O)cc1.C%21%21(=O)[C@@H]%16C(C)C.C%22(=O)[C@@H]6C(C)C.[C@@H]1C2(=O)[C@@H]4C%18.[C@@H]1%16CCCN1%18.C%18(=O)[C@@H]7C.C%23(=O)[C@H](C)N.C9C%25=O.N5C(=N)N.N%15C(=N)N.C%13%16=O.C2%17=O.N13.N%124.N%195.N%206.N%217.N%228.N%239.N%25%11.N2%13	INVALID
C2(=O)[C@@H]%17CCCCN.[C@H]%25(CCCCN)C5=O.[C@H]%36(CCCCN)C(=O)O.CC[C@H](C)[C@H]%16C%44=O.C%13(=O)[C@@H]%18CC(C)C.C%41(=O)[C@@H]%22[C@@H](C)CC.[C@H]%25(CC(=O)O)C3=O.[C@H]%28(CC(C)C)C6=O.[C@H]%33(CC(C)C)C%11=O.[C@@H]%21(C%43=O)C(C)C.[C@@H]%34(C%10=O)[C@@H](C)O.c1%39ccc(O)cc1.C%42(=O)[C@@H]%23CS.C%43(=O)[C@@H](N)CS.N13CCC[C@H]1%37.[C@H]%27(CO)C5=O.[C@H]%29(C%39)C%10=O.[C@H]%32(CS)C%12=O.N1%14CCC[C@H]1%38.C%35(=O)[C@@H]%20C.[C@H]%30(C)C7=O.[C@H]%31(C)C%10=O.C%29C9=O.C4%37=O.C%15%38=O.N2%16.N%13%17.N%24%18.N%35%19.N%42%20.N%42%21.N%43%22.N%44%23.N%45%25.N3%26.N5%27.N6%28.N7%29.N8%30.N9%31.N%10%32.N%11%33.N%12%34.N%15%36	CC(C)C[C@@H]1NC1=O.CC(C)C[C@@H]1NC1=O.CC(C)[C@H](N)C(=O)C(=O)[C@@H](N)CS.CC[C@H](C)[C@H](N)C=O.CC[C@H](C)[C@H](NC(=O)[C@H](CCCCN)NC(=O)[C@@H](N)CC(C)C)C(=O)N[C@@H](CS)C(=O)N[C@@H](C)C(N)=O.C[C@@H]1NC(=O)C[C@@H](Cc2ccc(O)cc2)C(=O)C(=O)[C@H]([C@@H](C)O)NC(=O)[C@H](CS)NC1=O.C[C@H](N)C(N)=O.N.N.NCCCC[C@@H](C(=O)C(=O)[C@@H](N)CO)[C@@H](CC(=O)O)C(=O)N1CCC[C@H]1C=O.NCCCC[C@H](NC(=O)[C@@H]1CCCN1)C(=O)O
[C@H]%30(CCCCN)C%24=O.[C@H]%47(CCC(=O)O)C%12=O.[C@H]%59(CCC(=O)O)C%23=O.[C@H]%60(CCC(=O)O)C%25=O.[C@H]%63(CCCCN)C%27=O.[C@H]%29(CC(C)C)C%13=O.[C@H]%33(CCC%36)C%63=O.[C@H]%43(CC(C)C)C8=O.[C@H]%44(CC(C)C)C%11=O.[C@H]%51(CC(C)C)C%17=O.[C@H]%53(CC(=O)O)C%19=O.[C@H]%55(CCC%56)C%18=O.[C@H]%56(CC(C)C)C%20=O.[C@H]%58(CC(C)C)C%21=O.[C@H]%61(CC(C)C)C%25=O.[C@H]%65(CCC%66)C(=O)O.C%67C[C@H](N)C2=O.[C@@H]%31(C%35=O)[C@@H](C)O.[C@@H]%41(C6=O)C(C)C.[C@@H]%48(C%14=O)C(C)C.[C@@H]%49(C%15=O)[C@@H](C)C.c1%72ccc(O)cc1.N12CCC[C@H]1%69.[C@H]%32(C%70)C%46=O.c1%70ccccc1.[C@H]%38(CO)C%75=O.[C@H]%37(CO)C%76=O.[C@H]%40(C%71)C3=O.c1%71ccccc1.[C@H]%62(CO)C%26=O.N1%26CCC[C@H]1%70.[C@H]%64(C%72)C%28=O.[C@H]%39(C)C4=O.[C@H]%42(C)C7=O.[C@H]%45(C)C%10=O.N%36C(=N)N.N%56C(=N)N.N%66C(=N)N.C%46%69=O.CS%67.N2%29.N%24%30.N%35%31.N%46%32.N%57%34.N%68%37.N%74%37.N%75%38.N%76%39.N3%40.N4%41.N5%42.N6%43.N7%44.N8%45.N9%47.N%10%48.N%11%49.N%12%51.N%14%52.N%15%53.N%16%55.N%17%56.N%18%58.N%19%59.N%21%60.N%22%61.N%23%62.N%25%63.N%27%64.N%28%65	CC(C)C[C@@H](C=O)CCC[C@H](N)C(=O)N[C@@H](CC(C)C)C(=O)N[C@@H](CCC(=O)O)C(=O)C(=O)[C@@H](N)CC(C)C.CC(C)C[C@H](N)C=O.CC(C)C[C@H](NC(=O)[C@@H](N)CCC(=O)O)C(=O)NNC(=N)N.CC(C)C[C@H](NC(=O)[C@@H](NC(=O)[C@H](C)NC(=O)[C@@H](N)CO)C(C)C)C(=O)N[C@@H](C)C(=O)N[C@H](C(N)=O)C(C)C.CC(C)C[C@H](NC(=O)[C@H](C)N)C(=O)N[C@H](C(=O)N[C@@H](CC(=O)O)C(=O)N[C@@H](CCC(=O)O)C(=O)N[C@@H](CO)C(=O)N1CCCC1)C(C)C.CSCC[C@H](N)C(=O)N1CCC[C@H]1C(=O)C(=O)[C@@H](N)Cc1ccccc1.C[C@@H](O)[C@@H]1NC1=O.N.N.N.N=C(N)NCCCCC(=O)[C@@H](CCCCN)C(=O)N[C@@H](Cc1ccc(O)cc1)C(=O)N[C@@H](CCCNC(=N)N)C(=O)O.NCCCC[C@@H]1NC1=O.O=C1N[C@H]1CO.O=C1N[C@H]1Cc1ccccc1
C%35(=O)[C@@H](N)CCC(=O)O.[C@H]%23(CCCCN)C3=O.[C@H]%27(CCCCN)C8=O.CC[C@H](C)[C@H]%10C%35=O.C2(=O)[C@@H]%13CCC%15.[C@H]%16(CC(N)=O)C%33=O.[C@H]%19(CC(N)=O)C%35=O.[C@H]%20(CC(N)=O)C%37=O.[C@H]%22(CC(N)=O)C4=O.[C@H]%29(CC(C)C)C(=O)O.[C@H]%22(CC(C)C)C7=O.C%13(=O)[C@@H]%17[C@@H](C)O.c1%30ccc(O)cc1.[C@@H]%25(C6=O)[C@@H](C)O.c1%31ccc(O)cc1.[C@@H]%28(C9=O)[C@@H](C)O.C%34(=O)[C@@H](N)C%30.[C@H]%18(C)C7=O.N%15C(=N)N.C%24(=O)C%14.C%26C5=O.N2%10.N%13%12.N%24%14.N%32%16.N%33%17.N%34%18.N%35%19.N%36%20.N%37%21.N3%22.N4%23.N5%25.N6%26.N7%27.N8%28.N9%29	CC(C)C[C@@H](C(=O)C(=O)[C@H](C)NC(=O)[C@@H](N)Cc1ccc(O)cc1)[C@@H](CC(N)=O)C(=O)N[C@@H](CCCCN)C(N)=O.CC(C)C[C@H](NC(=O)[C@@H](NC(=O)[C@@H](N)CCCCN)[C@@H](C)O)C(=O)O.CC[C@H](C)[C@H](NC(=O)[C@H](CCCNC(=N)N)C(=O)[C@@H](NC(=O)[C@@H](N)CC(N)=O)[C@@H](C)O)C(=O)C(=O)[C@@H](N)CCC(=O)O.C[C@@H](O)[C@@H]1NC(=O)CNC1=O.N.NC(=O)C[C@@H]1NC1=O.NC(=O)C[C@H](N)C(N)=O.O=C1CN1.Oc1ccccc1
CC[C@H](C)[C@H]5C%20=O.[C@H]8(CCC9)C%23=O.[C@H]%16(CCC%17)C%25=O.C2(=O)[C@@H]6C(C)O.c1%19ccc(O)C(C)C.[C@H]%12(CC%18)C%24=O.[C@@H]%10(C%26=O)C(C)C.[C@@H]%14(C%27=O)C(C)C.C7C%21=O.N9C(=N)N.N%14C(=N)N.C%20(=O)CN.C%15C3=O.N%17C(=N)N.C%18C(=O)O.N25.N%136.N%127.N%208.N%21%10.N%22%12.S%23C.N%24%14.N%25%15.N4%16	INVALID
C3(=O)[C@@H]%26CCC(N)=O.C%47(=O)[C@@H]%29CCC(N)=O.C%58(=O)[C@@H]%30CCC(=O)O.[C@H]%54(CCC(N)=O)C(=O)O.c1%59c[nH]c2ccccc12.[C@H]%39(CCCCN)C7=O.[C@H]%45(CCCCN)C%16=O.[C@H]%48(CCCCN)C%18=O.[C@H]%51(CCCCN)C%19=O.[C@H]%52(CCCCN)C%21=O.[C@H]%53(CCCCN)C%23=O.C%58(=O)[C@@H]%31CCC%32.[C@H]%33(CC(C)C)C%61=O.[C@H]%34(CC(=O)O)C5=O.[C@H]%37(CC(N)=O)C6=O.[C@H]%38(CC(C)C)C%12=O.[C@H]%41(CCC%42)C%12=O.[C@H]%44(CC(C)C)C%15=O.[C@H]%46(CC(N)=O)C%21=O.[C@H]%50(CC(C)C)C%22=O.C(C)[C@H]%24C%60=O.C%25(=O)[C@@H]%28C(C)C.C%14(=O)[C@@H]%27C%57.N1%102CCC[C@H]1%55.[C@H]%39(C%59)C%10=O.N1%19CCC[C@H]1%56.c1%57c[nH]cn1.[C@H]%40(C)C8=O.C%35C6=O.N%32C(=N)N.N%42C(=N)N.C%43C%11=O.C%49C%17=O.C4%55=O.C%20%56=O.CS%54.N3%24.N%14%26.N%25%27.N%36%28.N%58%29.N%61%30.N%62%31.N%62%33.N4%34.N5%35.N6%37.N7%39.N9%40.N%10%41.N%11%43.N%12%44.N%13%45.N%15%46.N%16%48.N%17%49.N%18%50.N%20%51.N%21%52.N%22%53.N%23%54	INVALID
[C@H]%42(CCC(=O)O)C%11=O.[C@H]%45(CCCCN)C%12=O.[C@H]%45(CCCCN)C%14=O.C2(=O)[C@@H]%25CCC(=O)O.[C@H]%47(CCC(=O)O)C%16=O.[C@H]%49(CCC(=O)O)C%19=O.CC[C@H](C)[C@H]%23C9=O.C2(=O)[C@@H]%26CC(=O)O.C%65(=O)[C@@H]%31CC(C)C.C8(=O)[C@@H]%41CC(=O)O.[C@H]%43(CCC%44)C%15=O.[C@H]%52(CC(=O)O)C%18=O.[C@H]%48(CC(=O)O)C%17=O.[C@H]%49(CC(C)C)C%20=O.[C@H]%54(CCC%55)C%21=O.C%24(=O)[C@@H]%27C(C)C.C%66(=O)[C@@H]%32CC%58.C9(=O)[C@@H](N)C(C)C.[C@H]%53(CC%59)C%23=O.[C@H]%51(C%61)C%16=O.C%35(=O)[C@@H]%28C.[C@H]%33(C)C4=O.[C@H]%38(C)C%10=O.c1%60c[nH]cn1.C%12(=O)[C@@H]%50C.c1%61c[nH]cn1.[C@H]%60(C)C%22=O.c1%62c[nH]cn1.[C@H]%50(C)C%25=O.C%46(=O)C%29.C%57(=O)C%30.C3(=O)C%34.C4(=O)C%37.C5(=O)[C@@H]%37C.C6(=O)[C@@H]%39C.N%44C(=N)N.C%56C(=O)O.N2%23.N%13%25.N%24%26.N%35%27.N%46%28.N%57%29.N%65%30.S%58C.N%66%32.N3%33.N4%36.N5%37.N6%38.N7%39.N8%40.N9%41.N%10%42.N%11%43.N%12%45.N%14%47.N%15%48.N%16%49.N%17%50.N%18%51.N%19%52.N%20%53.N%21%54.N%22%56	CC(=O)N[C@@H](C)C(=O)C(=O)C[C@@H](C)C(N)=O.CCC[C@@H]1NC1=O.CC[C@H](NC(=O)[C@H](CC(C)C)[C@@H](CCC(=O)O)C(=O)N[C@@H](CC(=O)O)C(=O)N[C@@H](Cc1c[nH]cn1)C(=O)C(=O)[C@H](CCC(=O)O)NC(=O)[C@H](CCCCN)[C@@H](CCCCN)C(=O)C(=O)[C@H](C)[C@@H](C)C(=O)[C@@H](CCC(=O)O)C(=O)C(=O)[C@H](CC(=O)O)NC(=O)[C@@H](NC(=O)[C@H](C)NC(=O)CNC(=O)CNC(=O)CCC(C)C)C(C)C)C(=O)[C@H](C(=O)C(=O)[C@@H](N)C(C)C)[C@@H](C)CC.CSCC[C@@H]1NC1=O.C[C@@H](C(=O)NCC(=O)O)c1c[nH]cn1.C[C@H](N)C(=O)N[C@@H](C)C(=O)N[C@@H](CCC(=O)O)C(=O)N[C@@H](CCCNC(=N)N)C(=O)N[C@@H](CC(=O)O)C(N)=O.N.N.N.N.N.NC(=O)[C@@H](N)CC(=O)O.c1c[nH]cn1
C%40(=O)[C@@H]%20CCC(=O)O.[C@H]%31(CCCCN)C9=O.[C@H]%33(CCC(=O)O)C%12=O.CC[C@H](C)[C@H]%14C%44=O.C%43(=O)[C@@H]%22CC(C)C.C%44(=O)[C@@H](N)CC(=O)O.[C@H]%28(CCC%26)C8=O.[C@@H]%30(C%10=O)[C@@H](C)CC.c1%40ccc(O)cc1.[C@@H]%27(C6=O)C(C)C.C2(=O)[C@@H]%15C%34.c1%39ccc(O)cc1.C%41(=O)[C@@H]%19CC%36.C%42(=O)[C@@H]%25C(C)C.C%43(=O)[C@@H](N)C(C)C.[C@H]%32(CC%38)C%11=O.C%13(=O)[C@@H]%16C%39.C%24(=O)[C@@H]%17C%40.[C@H]%23(CO)C4=O.[C@H]%29(CO)C5=O.N%29C(=N)N.C(=O)O.N2%14.N%13%15.N%24%16.N%35%18.S%36C.N%41%19.N%42%20.S%42C.N%43%22.N%44%23.N4%25.N5%27.N6%28.S%38C.N7%29.N9%30.N%10%31.N%11%32.S3C.N%12%33	CC(C)C[C@H](N)C(=O)C(=O)[C@@H](N)C(C)C.CC(C)[C@H](NC(=O)[C@@H](N)CO)C(=O)N[C@@H](CCC(=O)O)C(=O)c1ccc(O)cc1.CCC(=O)N[C@@H](Cc1ccc(O)cc1)C(=O)N[C@@H](C)C(=O)N[C@H](C(=O)C(=O)[C@@H](N)CC(=O)O)[C@@H](C)CC.CCC[C@@H](C=O)NC(=O)[C@@H](NC(=O)[C@H](CO)NC(=N)N)C(C)C.CC[C@H](C)[C@@H]1NC(=O)[C@H](CCCCN)NC1=O.CS.CS.CSCC[C@@H]1NC1=O.CSCC[C@@H]1NC1=O.N.N.O=C(O)CC[C@@H]1NC1=O.O=CO
[C@H]%18(CCCCN)C%15=O.[C@H]%37(CCCCN)C%16=O.C2(=O)[C@@H](N)CCCCN.[C@H]%21(CC(C)N)C%45=O.[C@H]%23(CCCCN)C%47=O.[C@H]%27(CCC(=)=O)C5=O.[C@H]%19(CC(C)C)C%35=O.[C@H]%22(CC(N)=O)C%46=O.[C@H]%26(CC(N)=O)C%47=O.[C@H]%28(CC(C)C)C7=O.[C@H]%29(CC(C)C)C%11=O.[C@H]%33(CC(N)=O)C%15=O.C%40C[C@H]%17C%24=O.c1%42ccc(O)cc1.c1%43ccc(O)cc1.c1%44ccc(O)cc1.[C@@H]%39(C(=O)O)C(C)C.[C@H]%20(C%42)C%35=O.N13CCC[C@H]1%41.[C@H]%30(C%42)C8=O.[C@H]%32(C%43)C9=O.[C@H]%33(C%44)C%12=O.[C@H]%36(CO)C%14=O.C%26C3=O.CS%40.N2%17.N%13%18.N%24%19.N%35%20.N%45%21.N%46%22.N%47%23.N%48%25.N4%26.N5%27.N6%28.N7%29.N8%30.N9%31.N%10%32.N%11%33.N%12%34.N%14%36.N%15%37.N%16%38.N%17%39	INVALID
C%21(=O)[C@@H]9CCCCN.C%22(=O)[C@@H]%11CCC(=O)O.C%27(=O)[C@@H]%12CCC(=O)O.C3(=O)[C@@H]%14CCC(=O)O.CC[C@H](C)[C@H]7C6=O.C%24(=O)[C@@H]%15[C@@H](C)CC.C%25(=O)[C@@H]%17[C@@H](C)CC.C4(=O)[C@@H]%18CC(=O)O.[C@@H]1%19CCCN1%24.C%29(=O)[C@@H]%15C%20.c1%20ccccc1.C%28(=O)[C@@H]%10C.C%23(=O)C%14.C2%19=O.N27.N%138.N%219.N%22%10.N%25%11.N%26%12.N%27%14.N%28%15.N4%16.N5%17.N6%18	CC[C@H](C)[C@@H](C(=O)N1CCC[C@H]1C(=O)N[C@H](C(=O)N[C@@H](CC(=O)O)C(N)=O)[C@@H](C)CC)[C@H](C=O)Cc1ccccc1.CC[C@H](C)[C@H](N)C(=O)N[C@@H](CCC(=O)O)C(=O)N[C@@H](C)C(N)=O.N.NC(=O)[C@@H](N)CCC(=O)O.NCCCC[C@@H]1NC1=O.O=CC[C@H](C=O)CCC(=O)O
C%36(=O)[C@@H]%19CCCCN.[C@H]%21(CCC(=O)O)C%51=O.c1%43c[nH]c2ccccc12.CC[C@H](C)[C@H]%15C%49=O.C3(=O)[C@@H]%16CC(N)=O.[C@H]%23(CC(=O)O)C%50=O.[C@H]%26(CCC%27)C5=O.[C@H]%29(CC(C)C)C8=O.[C@H]%30(CC(=O)O)C%12=O.[C@H]%37(CC(C)C)C%16=O.C%25(=O)[C@@H]%18[C@@H](C)O.C%48(=O)[C@@H](N)CC%39.[C@@H]%24(C4=O)[C@@H](C)O.[C@@H]%31(C9=O)C(C)C.[C@H]%33(CC%40)C%11=O.c1%42ccc(O)cc1.[C@@H]%35(C%15=O)[C@@H](C)O.[C@H]%30(CO)C7=O.[C@H]%32(C%42)C8=O.[C@H]%38(C%43)C(=O)O.[C@H]%34(C)C%12=O.[C@H]%35(C)C%13=O.C%14(=O)C%17.C%47(=O)C%20.C%22C%50=O.N%27C(=N)N.N%27C(=N)N.C%28C6=O.N3%15.N%14%16.N%25%17.N%36%18.N%47%19.N%48%20.S%39C.N%49%21.N%49%22.N%50%24.N4%26.N5%28.N6%29.N7%30.N8%31.N9%32.N%10%33.S%41C.N%11%34.N%12%35.N%13%37.N%15%38	CC(C)C[C@H](NC(=O)CNC(=O)[C@H](CCCNC(=N)N)NC(=O)[C@@H](N)[C@@H](C)O)C(=O)C(=O)[C@H](Cc1ccc(O)cc1)NC(=O)[C@@H](N)C(C)C.CC[C@H](C)[C@@H](C(=O)N[C@H](C=O)CCC(=O)O)C(=O)[C@H]([C@@H](C)O)[C@@H](C)C(=O)N[C@@H](CC(C)C)C(=O)[C@@H](CC(N)=O)C(=O)NN[C@@H](Cc1c[nH]c2ccccc12)C(=O)O.CC[C@H](N)C(=O)N[C@@H](C)C(=O)C(=O)[C@H](CC(=O)O)[C@@H](CO)C(N)=O.CS.CSCC[C@H](N)C(=O)NCC(=O)N[C@@H](CCCCN)C(=O)N[C@H](C(=O)NCC(N)=O)[C@@H](C)O.N.N=C(N)N.NCC(=O)C(=O)CCC(=O)O
C%33(=O)[C@@H]%15CCC(N)=O.C%35(=O)[C@@H]%21CC(=O)O.CC[C@H](C)[C@H]9C5=O.C%24(=O)[C@@H]%14CC(C)C.C%30(=O)[C@@H]%14CC(=O)O.C%32(=O)[C@@H]%20CCC(=O)O.c1%28ccc(O)cc1.C4(=O)[C@@H](N)CC%26.[C@@H]%23(C8=O)[C@@H](C)O.C2(=O)[C@@H]%11CO.C%13(=O)[C@@H]%15C%28.C%31(=O)[C@@H]%17CO.C%36(=O)[C@@H]%19C%27.[C@H]%21(C%29)C6=O.c1%29ccccc1.[C@H]%22(CO)C7=O.[C@H]%24(CO)C(=O)O.C3(=O)[C@@H]%10C.c1%27c[nH]cn1.C%26(=O)C%12.C%34(=O)[C@@H]%18C.C%21C6=O.N29.N%13%10.N%24%11.N%30%13.N%31%15.N%33%16.N%34%17.N%36%18.N%37%19.N3%20.S%26C.N5%21.N6%22.N7%23.N8%25	CC(=O)CC[C@H](N)C=O.CC(C)C[C@@H](C(=O)[C@@H](CO)C(=O)O)[C@@H](CC(=O)O)C(N)=O.CC[C@H](C)[C@H](NC(=O)[C@@H](N)CO)C(=O)NCC(=O)C(=O)[C@H](Cc1ccccc1)[C@H](C=O)CC(=O)O.CS.C[C@@H](O)[C@H](NC(=O)[C@@H](N)CO)C(N)=O.C[C@H](NC(=O)[C@@H](N)Cc1c[nH]cn1)C(=O)N[C@@H](CO)C(N)=O.C[C@H](NC(=O)[C@H](Cc1ccc(O)cc1)[C@@H](CCC(N)=O)C(N)=O)C(=O)N[C@H](C=O)CCC(=O)O
C2(=O)[C@@H]8CC(C)C.C%24(=O)[C@@H](N)CCCN.CC[C@H](C)[C@H]7C%26=O.C%13(=O)[C@@H](N)[C@@H](C)O.[C@@H]%12(C%25=O)C(C)C.[C@H]%14(CS)C%27=O.[C@@H]%17(C3=O)C(C)C.C%23(=O)[C@@H]9C)O.[C@H]%14(CC%18)C%27=O.N1%29CCC[C@H]1%20.N15CCC[C@H]1%21.[C@H]%10(C)C%29=O.[C@H]%15(C)C5=O.C%23%19=O.C%30%20=O.C6%21=O.N27.N%138.N%229.N%23%10.N%25%11.N%26%12.N%27%14.N%28%15.N4%16.N6%17	INVALID
[C@H]%20(CCCCN)C%41=O.[C@H]%25(CCCCN)C8=O.CC[C@H](C)[C@H]%11C%38=O.C%24(=O)[C@@H]%14CC(=O)O.[C@H]%17(CCC%18)C7=O.[C@H]%22(CC(=O)O)C%10=O.C2(=O)[C@@H]%12CC%32.[C@H]%27(CCC%28)C%43=O.[C@H]%29(CCC%30)C%103=O.[C@H]%33(CC(C)C)C9=O.C%13(=O)[C@@H]%15CC%33.C%37(=O)[C@@H](N)[C@@H](C)O.[C@H]%19(CC%36)C%45=O.[C@@H]%19(C%42=O)C(C)C.[C@H]%21(CC%37)C3=O.[C@@H]%22(C5=O)C(C)C.[C@@H]%25(C6=O)C(C)C.[C@H]%23(CO)C%49=O.N1%11CCC[C@H]1%39.[C@H]%18(C)C%45=O.[C@H]%26(C)C8=O.N%28C(=N)N.C%38(=O)O.N2%11.S%32C.N%13%12.N%24%14.N%36%15.S%33C.N%40%16.N%41%17.N%42%18.N2%19.S%34C.N%43%20.N%44%21.S%36C.N%45%22.N3C.N4%23.S%39C.N5%25.N6%26.N7%27.N8%29.N9%29.N%10%31	INVALID
C2(=O)[C@@H]%14CCCCN.C%24(=O)[C@@H]%17CCCCN.C%37(=O)[C@@H]%19CCCCN.[C@H]%27(CCCCN)C%10=O.C%30C[C@H]%12C3=O.C2(=O)[C@@H]%15CC(N)=O.[C@H]%23(CCC%23)C9=O.[C@H]%26(CC(C)C)C6=O.C%35(=O)[C@@H]%16[C@@H](C)O.c1%34ccc(O)cc1.c1%34ccc(O)cc1.[C@@H]1%31CCCN11%37.C%37(=O)[C@@H]%18CC%31.[C@H]%22(C%32)C4=O.c1%32ccccc1.[C@H]%22(CO)C5=O.[C@H]%25(C%33)C7=O.[C@H]%27(CO)C8=O.[C@H]%28(C%34)C%11=O.[C@H]%29(CO)C(=O)O.c1%32c[nH]cn1.C%36(=O)[C@@H]%20C.C%38(=O)[C@H](C)N.c1%33c[nH]cn1.N%23C(=N)N.C%38(=O)C%14.N2%12.N%13%14.N%24%15.N%36%16.N%37%17.N%38%18.N%39%19.N4%20.N5%21.N6%22.N7%25.N8%26.N9%27.N%10%28.N%11%29	INVALID
C%68(=O)[C@@H]%33CCC(=O)O.C9(=O)[C@@H]%41CCC(=O)O.[C@H]%49(CCC(=O)O)C%17=O.CC[C@H](C)[C@H]%29C%11=O.C%13(=O)[C@@H]%30CC(=O)O.C%24(=O)[C@@H]%30CC(C)C.C4(=O)[C@@H]%38CCC%39.C7(=O)[C@@H]%40CC(C)C.C8(=O)[C@@H]%44CC(=O)O.[C@H]%48(CC(C)C)C%17=O.[C@H]%50(CC(C)C)C%18=O.[C@H]%50(CC(=O)O)C%20=O.[C@H]%52(CC(=O)O)C%21=O.[C@H]%53(CCC%54)C%23=O.[C@H]%58(CC(=O)O)C%25=O.[C@@H]%56(C%27=O)[C@@H](C)CC.C%35(=O)[C@@H]%32[C@@H](C)O.C%57(=O)[C@@H]%33CC%60.C%68(=O)[C@@H]%34CC%61.C5(=O)[C@@H]%42CC%62.c1%66ccc(O)cc1.C%10(=O)[C@@H](N)CC%63.[C@@H]%45(C%15=O)[C@@H](C)C.C3(=O)[C@@H]%38C%64.c1%64ccccc1.C%46(=O)[C@@H]%31C%65.c1%65ccccc1.C%67(=O)[C@@H]%36C%66.[C@H]%45(CO)C%16=O.[C@H]%51(CO)C%19=O.[C@H]%59(CO)C(=O)O.C3(=O)[C@@H]%37C.[C@H]%55(C)C%25=O.C8(=O)C%43.N%54C(=N)N.N2%28.SS%60C.N%13%29.N%24%30.N%35%30.N%46%31.N%57%32.S%61C.N%68%33.S%61C.N%69%34.N4%36.N5%37.N6%38.N8%40.N9%41.S%62C.N%11%42.S%63C.N%12%43.N%14%44.N%15%45.N%16%47.N%17%48.N%18%49.N%19%50.N%20%51.N%21%52.N%22%53.N%23%55.N%25%56.N%26%58.N%27%59.N%28%60C	CC(C)C[C@H](N)C(=O)C(=O)[C@H](CCC(=O)O)NC(=O)[C@H](CC(C)C)[C@@H](CC(=O)O)C(=O)N[C@@H](CO)C(N)=O.CC(C)C[C@H](N)C=O.CC(C)[C@@H](C(N)=O)[C@@H](CO)C(N)=O.CCC[C@@H](C(=O)N[C@H](C=O)Cc1ccc(O)cc1)[C@@H](Cc1ccccc1)C(=O)C(=O)[C@H](C)NC(=O)[C@H](CCSC)NC(=O)[C@@H](NC(=O)[C@H](CC(=O)O)[C@@H](CC(C)C)C(=O)NNC(=O)[C@@H](NC(=O)[C@H](CC[SH](C)S)[C@@H](CCC(=O)O)C(=O)C(=O)[C@@H](N)CCSC)[C@@H](C)O)[C@@H](C)CC.CC[C@H](C)[C@H](N)C(=O)N[C@@H](CO)C(=O)O.CNN.CS.CSCC[C@H](N)C=O.C[C@H](NC(=O)[C@@H](N)CCCNC(=N)N)C(=O)C(=O)[C@@H](N)CC(=O)O.N.N.NCC(=O)C(=O)[C@@H](N)CC(=O)O.O=C(O)CC[C@@H]1NC1=O.O=C(O)C[C@@H]1NC1=O.O=C1N[C@H]1Cc1ccccc1
C%13(=O)[C@@H]5CCCCN.C%20(=O)[C@@H]8CCCCN.C%21(=O)[C@@H]9CCCCN.CC(C)C)[C@H]4C%22=O.C%13(=O)[C@@H]%12CC(C)C.C2(=O)[C@@H]7CO.C%21(=O)[C@@H]6C%17.c1%16ccccc1.[C@H]%10(CO)C%23=O.[C@H]%11(C%18)C%24=O.c1%18ccccc1.[C@H]%14(C%19)C%25=O.c1%19ccccc1.[C@H]%13(CO)C3=O.C%15(C(=O)O.N23.N%134.N%165.N%196.N%207.N%218.N%229.N%23%10.N%24%11.N%25%12.N3%15	INVALID
C%24(=O)[C@@H]%10CCC(=O)O.C%27(=O)[C@@H]%12CCC(=O)O.C4(=O)[C@@H](N)CCC(N)=O.C%28(=O)[C@@H]%11CCC%12.[C@H]%20(CC(C)C)C(=O)O.C%21C[C@H]9C5=O.C%30(=O)[C@@H]%13[C@@H](C)O.C%32(=O)[C@@H]%14[C@@H](C)O.C3(=O)[C@@H]%19[C@@H](C)O.[C@@H]1%23CCCN1%24.[C@@H]1%25CCCN1%30.C%30(=O)[C@@H]%15CO.C%31(=O)[C@@H]%18CO.C4(=O)[C@@H]%16CO.C%17C8=O.C%13%23=O.C%28%25=O.C%29%26=O.CS%21.N29.N%24%10.N%27%11.N%28%12.N%30%14.N%31%15.N3%17.N5%18.N6%19.N8%20	C=O.CC(C)C[C@H](NC(=O)CNC(=O)[C@@H](N)[C@@H](C)O)C(=O)O.CSCC[C@H](N)C(=O)N[C@@H](CO)C(=O)N[C@@H](CO)C(=O)N[C@H](C=O)[C@@H](C)O.C[C@@H](O)[C@H](C(=O)[C@@H]1CCCN1C(=O)[C@@H](N)CCC(=O)O)C(=O)N1CCC[C@H]1C(=O)C(=O)[C@@H]1CCC[C@@H](CCC(=O)O)C(=O)N1.N.NC(=O)CC[C@H](N)C(=O)C(=O)CCO
%74.c1%282cccc1.[C@H]%138(CS)C%15=O.N1%77CCC[C@H]1%23.[C@H]8(CS)C%91=O.[C@H]%13.C%10)C%959=O.c1%301cccc11.[C@H]%114(C%31)C4=O.c1%13ccccc1.[C@@H]%86C%36Cc	INVALID
C%21(=O)[C@@H]9CCC(=O)O.C%24(=O)[C@@H]%10CCC(=O)O.C%25(=O)[C@@H]%11CCCCN.CC(C)C[C@H]4C3=O.C%19(=O)[C@@H]6CC(C)C.C%11(=O)[C@@H]8C(C)C.c1%18ccc(O)cc1.C%13(=O)[C@@H]5CO.C%21(=O)[C@@H]7CO.[C@@H]1%16CCCN1%21.C%22(=O)[C@@H]%11C%18.C%23(=O)[C@@H]%12C%17.C%27(=O)[C@@H]%14CO.C3(=O)[C@@H]%15C%18.c1%17c[nH]cn1.[C@H]%15(C)C(=O)O.CS%16.N24.N%125.N%206.N%217.N%228.N%239.N%25%11.N%26%12.N%27%13.N3%14.N3%15	CC(C)C[C@H](N)C(=O)C(=O)[C@H](C)[C@@H](C)C(=O)O.CC(C)C[C@H](N)C=O.CC(C)[C@@H]1NC(=O)[C@H](Cc2ccc(O)cc2)NC(=O)[C@H](CCCCN)C1=O.CS[C@@H]1CCCN1N[C@@H](CO)C(=O)C(=O)[C@H](CCC(=O)O)NC(=O)[C@H](Cc1c[nH]cn1)N[C@@H](CO)C(=O)NC(=O)[C@H](CO)NN.N.O=CCCCC(=O)O
[C@H]6(CC(=O)O)C%22=O.[C@H]%13(CC(=O)O)C%25=O.C%15(C[C@H]4C%22=O.C%13(=O)[C@@H]8C(C)C.C2(=O)[C@@H]5C%18.N1%21CCC[C@H]1%16.N1%105CCC[C@H]1%17.[C@H]%10(CO)C%26=O.c1%18c[nH]cn1.C%19(=O)[C@@H]9C.[C@H]%11(C)C%27=O.C%12C3=O.C%23%16=O.C%17(=O)O.CS%15.N24.N%135.N%186.N%197.N%208.N%219.N%22%10.N%23%11.N%25%12.N3%14	INVALID
[C@H]%17(CCCCN)C(=O)O.C2(=O)[C@@H]7CC(C)C.C%13(=O)[C@@H](N)CC(C)C.c1%21ccc(O)cc1.N1%22CCC[C@H]1%17.[C@H]%10(C%18)C%25=O.[C@H]9(C%19)C%26=O.c1%19ccccc1.[C@H]%11(C%20)C%27=O.c1%20ccccc1.[C@H]%15(CO)C3=O.[C@H]%16(C%21)C45=O.C%25(=O)[C@H](C)N.[C@H]%12(C)C%28=O.c1%18c[nH]cn1.C%24(=O)C8.C%24%17=O.N26.N%137.N%248.N%259.N%26%10.N%27%11.N%28%14.N3%14.N4%16.N5%17	INVALID
C%46(=O)[C@@H]%23CCC(=O)O.C%56(=O)[C@@H]%28CCC(N)=O.C%58(=O)[C@@H]%38CC(=O)O.CC[C@H](C)[C@H]%21C%16=O.C%52(=O)[C@@H]%25CC(C)C.C%54(=O)[C@@H]%25CC(N)=O.C3(=O)[C@@H]%29CCC%30.C7(=O)[C@@H]%33CCC%34.[C@H]%47(CC(=O)O)C(=O)O.C%24(=O)[C@@H]%22[C@@H](C)O.C%56(=O)[C@@H]%27[C@@H](C)O.C4(=O)[C@@H]%31[C@@H](C)O.C5(=O)[C@@H]%32[C@@H](C)O.C9(=O)[C@@H]%37C(C)C.cc1%53ccc(O)cc1.C%15(=O)[C@@H]%42CC(C)C.C%36(=O)[C@@H]%26[C@@H](C)O.[C@@H]1%49CCCN1%13.[C@@H]1%50CCCN1%46.C8(=O)[C@@H]%41C%53.[C@@H]1%51CCCN1%15.C%15(=O)[C@@H](N)CC%50.[C@H]%43(CO)C%17=O.[C@H]%44(C%54)C%20=O.C%24(=O)[C@@H]%21C.c1%52c[nH]cn1.C%10(=O)[C@@H]%36C.[C@H]%45(C)C%20=O.N%30C(=N)N.N%34C(=N)N.C2%50=O.C%35%50=O.C%14%51=O.N2%21.N%24%22.N%35%23.N%46%23.N%46%25.N%54%26.N%55%27.N%56%27.N3%28.N4%29.N5%31.N6%32.N7%33.N8%35.N9%36.N%10%37.N%11%38.N%12%39.N%14%40.N%16%41.N%17%42.N%18%43.S%49C.N%19%45.N%20%47	INVALID
[C@H]%19(CCC(=O)O)C8=O.[C@H]%12(CC(=O)O)C%13=O.[C@H]%10(CC(C)C)C%13=O.[C@H]%17(CCC%18)C%34=O.[C@H]%19(CC(C)C)C%36=O.[C@H]%20(CC(C)C)C5=O.[C@H]%28(CCC%29)C9=O.C%31C[C@H](N)C2=O.[C@@H]%11(C%25=O)C(C)C.[C@@H]%16(C%33=O)C(C)C.[C@@H]%21(C4=O)C(C)C.[C@@H]%23(C7=O)C(C)C.[C@@H]%26(C%10=O)C(C)C.N1%34CCC[C@H]1%32.[C@H]%23(C)C3=O.N%18C(=N)N.C%22C6=O.N%18C(=N)N.N%29C(=N)N.C%30C(=O)O.C%35%32=O.CS%31.N2%10.N%13%11.N%24%12.N%32%15.N%33%17.N%35%18.N%36%19.N%38%20.N4%22.N5%23.N6%25.N7%26.N8%28.N9%30	CC(C)CC(=O)NCC(=O)NC(=O)[C@@H](N)C(C)C.CC(C)CC(=O)N[C@@H](CCCNC(=N)N)C(=O)N1CCC[C@H]1C(=O)NNC(=N)N.CC(C)C[C@@H](C(=O)C(=O)[C@@H](N)CC(=O)O)C(=O)[C@@H](NC(=O)[C@H](C(C)C)[C@@H](C)C=O)C(C)C.CC(C)C[C@@H](C(N)=O)[C@@H](CCC(=O)O)C(=O)N[C@@H](CCCNC(=N)N)C(=O)NCC(=O)O.CC(C)C[C@H](N)C(N)=O.CSCC[C@H](N)C(N)=O.N
C%21(=O)[C@@H]%10CCCCN.[C@H]%10(CCCN)C3=O.[C@H]%12(C%19)C%27=O.c1%19ccccc1.C%24(=O)[C@@H](N)CO.[C@H]%14(C)C5=O.C2(=O)C8.C%16C(=O)O.N27.N%138.N%239.N%25%11.N%27%12.N4%14.N5%15	CC(=O)O.C[C@H](N)C(N)=O.N.N.NCC(N)=O.NCCCC[C@@H](C=O)[C@H](C=O)CCCN.N[C@H](C=O)CO.O=C1N[C@H]1Cc1ccccc1
C%24(=O)[C@@H]%17CCCCN.C%35(=O)[C@@H]%22CCCCN.[C@H]%25(CCC(=O)O)C4=O.[C@H]%31(CCC(=O)O)C%12=O.CC[C@H](C)[C@H]%14C4=O.C%13(=O)[C@@H]%15CC(N)=O.C%37(=O)[C@@H]%18CC(N)=O.C%38(=O)[C@@H]%20CC(C)C.C%40(=O)[C@@H]%21CC(C)C.[C@H]%26(CCC%27)C5=O.[C@H]%32(CC(C)C)C(=O)O.C%40(=O)[C@@H]%19CC%33.C2(=O)[C@@H]%16CCC9.[C@H]%28(CS)C6=O.N17CCC[C@H]1%37.[C@H]%30(CO)C%10=O.C3(=O)CN.C%25C7=O.N%27C(=N)N.N1%13.N%13%15.N%24%16.N%35%17.N%40%18.S%33C.N%41%19.N%42%20.N%43%21.N2%22.N3%23.S%36C.N5%25.N6%26.N8%28.N9%29.N%10%31.N%11%32	CC(C)C[C@H](N)C(=O)O.CC(C)C[C@H](N)C=O.CC[C@H](C)CC(=O)C(=O)[C@H](CCC(=O)O)CC(=O)N1CCC[C@H]1C(=O)[C@@H](N)CC(N)=O.CS.CSCC[C@H](N)C(=O)C(=O)[C@@H](N)CC(C)C.N=C(N)NCCC[C@H](NC(=O)[C@@H](N)CS)C(N)=O.NC(=O)C[C@H](N)C(N)=O.NCC(N)=O.NCCCC[C@@H]1NC(=O)[C@H](CCCN)NC(=O)[C@H](CCCCN)NC1=O.O=C[C@H](CCC(=O)O)NC(=O)CCO
[C@H]%10(CCC(=O)O)C5=O.[C@H]4C[C@H]7C3=O.[C@H]8(CC%15)C%16=O.[C@H]9(CO)C%20=O.N27.N%168.N%179.N%18%10.S%13C.	INVALID
C%25(=O)[C@@H]%15CCCCN.C%37(=O)[C@@H]%17CCCCN.c1%35c[nH]c2ccccc12.CC[C@H](C)[C@H]%111C%40=O.C3(=O)[C@@H]%16CC(=O)O.C%39(=O)[C@@H]%19CC(N)=O.[C@H]%26(CCC%27)C9=O.C%14(=O)[C@@H]%12CC%29.C%36(=O)[C@@H]%17C(C)C.[C@@H]%22(C5=O)C(C)C.[C@H]%28(CC%31)C(=O)O.[C@H]%20(CC%33)C5=O.c1%33ccccc1.[C@H]%21(C%35)C7=O.[C@H]%23(C%34)C%11=O.c1%37c[nH]cn1.N19CCC[C@H]1%32.[C@H]%18(C)C5=O.c1%34c[nH]cn1.[C@H]%24(C)C8=O.[C@H]%24(C)C%10=O.C%20C6=O.N%27C(=N)N.C%10%32=O.N3%11.S%30C.N%14%12.N%25%13.N%36%15.N%38%16.N%39%17.N%40%18.N%41%19.N%42%20.N4%21.N5%22.N6%23.N7%24.N9%26.N%10%28.S%31C	INVALID
c1%20c[nH]c2ccccc12.C%23(=O)[C@@H]%13CCC(=O)O.C%23(=O)[C@@H]7CCC8.C%24(=O)[C@@H]%12CC(=O)O.[C@H]%16(CCC%17)C(=O)O.C%18C[C@H]4C4=O.C%21(=O)[C@@H]%14[C@@H](C)O.C%25(=O)[C@@H]9[C@@H](C)O.C%18(=O)[C@@H]9CS.C%25(=O)[C@@H]%11C%20.C3(=O)[C@@H]%15CS.C%13(=O)[C@@H]6C.N8C(=N)N.C%19(=O)C%16.C%23(=O)C%10.C2(=O)CN.C%22%19=O.CS%18.N34.N%145.N%186.N%217.N%229.N%23%10.N%24%11.N%24%12.N%25%13.N3%15.N4%16	INVALID
C%55(=O)[C@@H]%30CCCCN.c1%50c[nH]c2ccccc12.CC[C@H](C)[C@H][C@H]%21C(=O)O.C%14(=O)[C@@H]%22CC(C)C.C%52(=O)[C@@H]%27CC(C)C.C%53(=O)[C@@H]%29[C@@H](C)CC.C7(=O)[C@@H]%34CCC%37.C%10(=O)[C@@H]%39[C@@H](C)CC.C%15(=O)[C@@H]%40CCC%42.C%18(=O)[C@@H]%41CCC%42.c1%51ccc(O)cc1.C%11(=O)[C@@H]%30[C@@H](C)O.C%20(=O)[C@@H](N)CC%44.[C@@H]1%45CCCN1%36.C%45(=O)[C@@H]%28CO.[C@@H]1%46CCCN1%48.C8(=O)[C@@H]%35C%50.[C@@H]1%48CCCN1%15.C%17(=O)[C@@H]%43C%51.N%23C(=N)N.C%25(=O)C%24.C5(=O)C%31.C%12C(=O)C%33.N%37C(=N)N.C%16(=O)C%38.N%42C(=N)N.C3%45=O.C%36%46=O.C%54%48=O.C%15%49=O.N3%21.N%14%22.N%25%24.N%52%26.N%53%27.N%54%28.N5%29.N6%30.N7%31.N9%32.N%10%33.N%11%35.N%12%35.N%16%38.N%17%40.N%18%41.N%19%43.S%44C	C=O.CC(C)C[C@@H]1NC1=O.CC[C@H](C)CC(=O)NCC(=O)CN.CC[C@H](C)[C@H](NC(=O)CNC(=O)CCCCNC(=N)N)C(=O)N[C@@H](CC(C)C)C(N)=O.CC[C@H](C)[CH][C@H](NC=O)C(=O)O.CSCC[C@H](N)C=O.C[C@@H](O)[C@@H](C(=O)N[C@H](C=O)Cc1c[nH]c2ccccc12)[C@H](C=O)CCCCN.N.N.N=C(N)N.N=C(N)N.N[C@@H](Cc1ccc(O)cc1)C(=O)N[C@@H](CCCCCC[C@@H]1NC1=O)C(=O)N1CCC[C@H]1N1CCC[C@H]1C(=O)N1CCC[C@H]1C(=O)[C@H](CO)NC=O.O=C1CN1.O=C1CN1
C%12(=O)[C@@H]%10CCCCN.C%25(=O)[C@@H](N)CCCN.CC(C)C[C@H]5C%26=O.C%13(=O)[C@@H]8CCC9.C%24(=O)[C@@H]%12CCC%14.[C@H]%19(CC(=O)O)C(=O)O.C%23(=O)[C@@H]%11C(C)O.[C@@H]%17(C4=O)C(C)C.C%21(=O)[C@@H]7CS.C%22(=O)[C@@H]%12CS.C%24(=O)[C@@H]%15CS.C2(=O)[C@@H]6C.[C@H]%17(C)C3=O.[C@H]%18(C)C5=O.N9C(=N)N.N16.N%126.N%207.N%218.N%22%10.N%23%11.N%24%12.N%26%15.N%27%16.N3%17.N4%18.N5%19	CC(O)[C@@H]1NC1=O.CCC[C@@H](C(=O)C(=O)[C@H](CS)NC(=O)[C@H](CC(C)C)C(=O)[C@H](C)NC(=O)[C@H](C(C)C)[C@@H](C)C(N)=O)C(=O)[C@H](CCCCN)NC(=O)[C@@H](N)CS.C[C@H](N)C=O.N.N.N=C(N)NCCC[C@@H](C=O)NC(=O)[C@@H](N)CS.NCCC[C@H](N)C=O.N[C@@H](CC(=O)O)C(=O)O
[C@H]8(CCC(N)=O)C%19=O.[C@H]%10(CC(N)=O)C%20=O.[C@H]%15(CC(N)=O)C%22=O.[C@H]%14(CCCN)C(=O)O.C2(=O)[C@@H]5CCC6.C%17(=O)[C@@H](N)CCCN.C6C%20=O.C7C%21=O.C%11C2=O.C%12C%23=O.N24.N%125.S%15C.N%176.N%187.N%198.N%209.N%21%10.N%22%11.N%23%12.N3%14	CS[C@@H](CC(N)=O)C(=O)NCC(=O)C(=O)[C@H](CCCCC(=O)C(=O)[C@H](CC(N)=O)NC(=O)CN)NCC(N)=O.N.N.NC(=O)CC[C@@H]1NC1=O.NCCC[C@H](N)C(=O)O.NCCC[C@H](N)C(N)=O
C%13(=O)[C@@H]%16CCCCN.C%35(=O)[C@@H]%20CCCCN.C%44(=O)[C@@H](N)CCCCN.C%24(=O)[C@@H]%17CCC(N)=O.[C@H]%28(CCC(=O)O)C7=O.[C@H]%39(CCC(N)=O)C(=O)O.C%14C[C@H]%15C%45=O.[C@H]%20(CCC%21)C%47=O.[C@H]%25(CCC%26)C%47=O.[C@H]%29(CC(C)C)C9=O.[C@H]%32(CCC%33)C%10=O.[C@H]%36(CC(N)=O)C%11=O.[C@H]%37(CCC%38)C%14=O.[C@@H]%30(C6=O)C(C)C.C%42(=O)[C@@H]%19CC%41.[C@H]%26(CS)C5=O.[C@H]%27(CS)C7=O.[C@H]%31(CO)C8=O.[C@H]%32(CS)C%12=O.N%21C(=N)N.N%27C(=N)N.N%33C(=N)N.C%44(=O)C%18.N%38C(=N)N.N2%15.N%13%15.N%24%16.N%35%17.N%44%18.S%40C.N%45%19.N%46%20.N%47%22.N%48%23.N3%25.N4%26.N5%27.N6%28.N7%29.N8%30.N9%31.N%10%34.N%11%36.N%12%37.N%14%39	CC(C)C[C@H](N)C(=O)N[C@@H](CO)C(=O)N[C@H](C(=O)N[C@@H](CCC(=O)O)C(=O)C(=O)[C@H](CS)NC(=N)N)C(C)C.CC[C@@H](C=O)NC(=O)[C@@H](N)CCC(=O)[C@H](CCCNC(=N)N)NC(=O)[C@H](CS)[C@@H](CCCNC(=N)N)C(N)=O.CS.N.N.N.N.N=C(N)NCCC[C@@H](C(=O)C(=O)[C@@H](N)CCC[C@@H](CS)C(N)=O)[C@@H](CCCCN)C(=O)N[C@@H](CCC(N)=O)C(=O)N[C@@H](CCCCN)C(N)=O.NC(=O)CC[C@H](N)C(=O)O.NC(=O)C[C@@H]1NC1=O.NCCCC[C@H](N)C(=O)C(=O)CN
[C@H]%19(CCCCN)C%36=O.c1%45c[nH]c2ccccc12.c1%46c[nH]c2ccccc12.[C@H]%29(CCCCN)C9=O.CC[C@H](C)[C@H]%18C%14=O.[C@H]%21(CC(C)C)C%47=O.[C@H]%26(CC(C)C)C%49=O.[C@H]%30(CCC%31)C7=O.[C@H]%33(CC(N)=O)C8=O.[C@H]%39(CCC%40)C(=O)O.C3(=O)[C@@H](N)CC%41.[C@H]%17(CC%42)C%14=O.c1%48ccc(O)cc1.[C@H]%22(C%43)C%49=O.[C@H]%23(C%44)C%50=O.[C@H]%26(CS)C7=O.[C@H]%31(C%43)C%12=O.[C@H]%32(C%45)C%13=O.[C@H]%34(C%46)C%11=O.c1%43c[nH]cn1.c1%44c[nH]cn1.[C@H]%27(C)C%18=O.C%24C%50=O.C%28CC6=O.N%31C(=N)N.C%37C%10=O.C%35C%16=O.N%40C(=N)N.N3%17.S%41C.N%14%18.N%25%19.N%36%20.N%47%21.N%48%22.N%49%23.N%50%24.N%51%26.N4%27.N6%28.N7%29.N8%30.N9%32.N%10%33.N%11%34.N%12%35.N%13%37.S%42C.N%15%38.N%16	CC(C)C[C@@H]1NC1=O.CC(C)C[C@H]1C(=O)C(=O)[C@@H](Nc2ccc(O)cc2)CC[C@@H](C(=O)NCC(N)=O)CCC[C@H](NC(=O)[C@H](CC(N)=O)NC(=O)CNC(=O)[C@H](Cc2c[nH]c3ccccc23)NC(=O)[C@@H](N)CCCCN)C(=O)C(=O)[C@@H]1CS.CC[C@H](C)[C@@H](C(=O)C(=O)[C@H](CCSC)NC(=O)[C@@H](N)CCSC)C(=O)[C@H](C)N.N.N.N.N=C(N)N.N=C(N)NCCCCC(=O)O.NCC(=O)C(=O)[C@@H](N)Cc1c[nH]cn1.NCCCC[C@H](N)C(N)=O.O=C1CCN1.O=C1N[C@H]1Cc1c[nH]c2ccccc12.c1c[nH]cn1
C%18(=O)[C@@H]CCC(C)C.C%19(=O)[C@@H]7CCC(N)=O.C%20(=O)[C@@H]9CCCCN.C%21(=O)[C@@H](N)CC%16.[C@@H]%11(C%26=O)C(C)C.[C@@H]%14(C3=O)C(C)C.[C@H]%10(C)C%23=O.[C@H]%10(C)C%25=O.c1%17c[nH]cn1.[C@H]%14(C)C4=O.C2(=O)C6.N25.N%126.N%187.N%198.N%209.N%16%10.N%22%11.N%23%12.N%25%14.N3%14.N4%15	CC(C)CC[CH]C(=O)N[C@@H](CCC(N)=O)C(N)=O.CC(C)[C@@H](C(=O)NNC(=O)[C@H](C)[C@@H](C)C(=O)NNCC(N)=O)[C@@H](C)C(N)=O.CC(C)[C@H](N)C=O.NCCCC[C@@H]1NC1=O.NCC[C@H](N)C=O.c1c[nH]cn1
C%24(=O)[C@@H]9CC(=O)O.CC[C@H](C)[C@H]6C3=O.C%13(=O)[C@@H]7[C@@H](C)O.C%22(=O)[C@@H]%10[C@@H](C)O.C%27(=O)[C@@H]%12[C@@H](C)O.[C@@H]%158C3=O)[C@@H](C)O.[C@@H]%16(C4=O)C(C)C.C%17(=O)[C@@H]7CS.C%20(=O)[C@@H]9CS.C%23(=O)[C@@H]%11CS.C%25(=O)[C@@H]%14CS.C%26(=O)[C@@H]%14C%19.c1%19ccccc1.C2(=O)[C@@H]NCC%18.[C@H]%17(C%21)C(=O)O.c1%21ccccc1.c1%18c[nH]cn1.N26.N%137.N%228.N%239.N%24%10.N%25%11.N%26%12.N%27%14.N3%15.N4%16.N5%17	INVALID
C%46(=O)[C@@H]%25CCC(=O)O.[C@H]%30(CCC(=O)O)C5=O.[C@H]%32(CCC(=O)O)C6=O.[C@H]%34(CCC(=O)O)C9=O.[C@H]%40(CCC(=O)O)C%10=O.C2(=O)[C@@H]%18CCC%19.C%13(=O)[C@@H]%20CC(C)C.C%24(=O)[C@@H]%21CC(=O)O.C%35(=O)[C@@H]%22CC(=O)O.C%45(=O)[C@@H]%23CC(=O)O.[C@H]%29(CC(=O)O)C3=O.[C@H]%33(CC(C)C)C5=O.[C@H]%37(CCC%38)C%11=O.[C@H]%39(CC(C)C)C%14=O.[C@H]%41(CC(=O)O)C%16=O.C%43C[C@H]%17C%49=O.C%48(=O)[C@@H](N)CC%44.[C@@H]%27(C%51=O)C(C)C.[C@@H]%31(C7=O)[C@@H](C)O.[C@@H]%34(C%10=O)C(C)C.N13CCC[C@H]1%45.[C@H]%36(CS)C%12=O.[C@H]%42(C)C%18=O.N%19C(=N)N.C%26C%14=O.N%38C(=N)N.C%42C(=O)O.C4%45=O.CS%43.N2%17.N%13%18.N%24%20.N%35%21.N%46%22.N%47%23.S%44C.N%49%26.N%50%27.N%51%28.N4%29.N5%30.N6%31.N7%32.N8%33.N9%34.N%10%36.N%11%37.N%12%40.N%14%41.N%16%42	CC(C)C[C@H](N)C(=O)C(=O)[C@@H](N)CCC(=O)O.CC(C)C[C@H](NC(=O)[C@H](CC(=O)O)NC(=O)[C@H](CC(=O)O)NC(=O)CCCC(=O)O)C(N)=O.CC(C)[C@@H](C(=O)C(=O)[C@H](CCC(=O)O)NC(=O)[C@@H](N)CS)[C@@H](CCC(=O)O)C(N)=O.CC(C)[C@H](N)C(N)=O.CSCC[C@H](N)C=O.CSCC[C@H](NC(=O)[C@H](CCCNC(=N)N)C(=O)[C@H](C)CC(=O)O)C(=O)NCC(=O)C(=O)CCC(C)C.C[C@@H](O)[C@@H]1NC(=O)[C@H](CCC(=O)O)NC1=O.N=C(N)NCCC[C@@H]1NC1=O.NC(=O)[C@@H](N)CC(=O)O.N[C@@H](CC(=O)O)C(=O)[C@@H]1CCCN1C(=O)[C@H](CC(=O)O)NC=O
C3=O.[C@H]%17(CCC(=O)O)C%30=O.[C@H]%19(CCC(=O)O)C7=O.[C@H]%21(C)CCC(=O)O)C4=O.C2(=O)[C@H]%11C%24=O.[C@H]%12C%27=O.C%13(=O)C%14.C%17C6=O.N2%10.N%13%12.N%24%13.N%26%15.N%22%15.N%29%16.N3%17.N6%18.N7%19.N8%20	INVALID
C2(=O)[C@@H]%22CCC(N)=O.C%13(=O)[C@@H]%25CCC(N)=O)C%50=O.[C@H]%50(CCCCN)C%18=O.[C@H]%52(CCC(N)=O)C%20=O.[C@H]%26(CC(N)=O)C%57=O.[C@H]%27(CC(N)=O)C%59=O.[C@H]%28(CCC%29)C%60=O.[C@H]%30(CCC%31)C%61=O.[C@H]%32(CCC(N)=O)C7=O.[C@H]%53(CCCCN)C(=O)O.[C@H]%37(CCC(N)=O)C%10=O.[C@H]%38(CCC%39)C%11=O.[C@H]%40(CCCCN)C%12=O.[C@H]%43(CCC%44)C%14=O.[C@H]%46(CC(C)C)C%16=O.[C@H]%47(CCC%48)C%17=O.[C@H]%49(CC(C)C)C%17=O.[C@H]%51(CC(C)C)C%19=O.C%54C[C@H]%21C%49=O.C%35(=O)[C@@H](N)CC%55.[C@@H]%34(C6=O)C(C)C.[C@@H]%45(C%15=O)[C@@H](C)O.C%24(=O)[C@@H]%23C%58.c1%58ccccc1.[C@H]%41(C)C9=O.N%29C(=N)N.C%33C4=O.C%36C3=O.N%39C(=N)N.N%44C(=N)N.N%48C(=N)N.C%36%56=O.CS%54.N2%21.N%13%22.N%24%23.N%35%25.S%55C.N%57%26.N%59%27.N%60%28.N%60%32.N3%33.N4%34.N5%36.N6%37.N8%38.N9%40.N%10%41.N%11%42.N%12%43.N%14%45.N%15%47.N%16%49.N%17%50.N%18%51.N%19%52.N%20%53	INVALID
C%14(=O)[C@@H]%19CCC(N)=O.C%25(=O)[C@@H]%20CCC(=O)O.C%36(=O)[C@@H]%22CCCCN.C%42(=O)[C@@H]%22CCC(=O)O.C%44(=O)[C@@H]%23CCC(=O)O.c1%40c[nH]c2ccccc12.C4(=O)[C@@H]%27CCCCN.C6(=O)[C@@H]%28CCC(=O)O.C7(=O)[C@@H]%30CCC(N)=O.C9(=O)[C@@H](N)CCCCN.[C@H]%34(CCC%33)C%12=O.[C@H]%34(CCC%35)C%15=O.[C@H]%37(CCCN)C(=O)O.CC(C)[C@H]%16C%10=O.[C@@H]%31(C%11=O)C(C)C.[C@@H]1%12CCC[C@H]1%38.C8(=O)[C@@H]%29C.C3(=O)C%18.C%41(=O)C%24.C5(=O)C%30.N%35C(=N)N.C%32C%13=O.N%37C(=N)N.C8%39=O.N3%17.N%14%18.N%25%19.N%36%20.N%41%21.N%42%22.N%43%23.N%44%24.N4%27.N5%28.N6%29.N8%30.N9%31.N%10%32.N%11%33.N%13%37	CC(C)CC(=O)NCC(N)=O.CC(C)[C@H](NC(=O)[C@@H](N)CCCCN)C(=O)NCCC[C@@H](C(=O)C1CCCC1)[C@H](C=O)CCCNC(=N)N.C[C@H](NC(=O)[C@H](CCC(=O)O)NC(=O)C[C@H](C=O)CCC(N)=O)C(=O)C=O.N.N=C(N)N[C@@H](CCCN)C(=O)O.NC(=O)CNC(=O)[C@@H](N)CCC(=O)O.NCCCC[C@@H](C(=O)N[C@@H](CCC(=O)O)C(=O)N[C@@H](CCC(N)=O)C(=O)NCC(N)=O)[C@@H](CCC(=O)O)C(N)=O.NCCCC[C@@H]1NC1=O.c1ccc2[nH]ccc2c1
C2(=O)[C@@H]%17CCC(=O)O.[C@H]%26(CCCC(=O)O)C3=O.[C@H]%33(CCC(N)=O)C%14=O.[C@H]%38(CCC(=O)O)C(=O)O.[C@H]%31(CCCCN)C%10=O.CC[C@H](C)[C@H]%16C%45=O.C%35(=O)[C@@H]%19[C@@H](C)CC.[C@H]%23(CC(=O)O)C%46=O.[C@H]%29(CC(C)C)C8=O.[C@H]%32(CC(C)C)C%12=O.C%42(=O)[C@@H]%23C(C)C.C%45(=O)[C@@H](N)CC%39.c1%41ccc(O)cc1.[C@@H]%30(C%11=O)C(C)C.[C@H]%34(CC%40)C%14=O.[C@H]%36(C%41)C6=O.C%43(=O)[C@@H]%22C.[C@H]%27(C)C4=O.c1%40c[nH]cn1.C%13(=O)C%18.C%42(=O)C%20.C%25C5=O.C%33C%15=O.N2%16.N%13%17.N%24%18.N%35%19.N%42%20.N%43%21.N%44%23.N%45%25.N%46%26.N4%27.N5%28.N6%29.N7%30.N8%31.N9%32.N%10%33.N%11%34.S%39C.N%12%36.N%14%37.N%15%38	CC(C)C[C@H](NC(=O)[C@H](Cc1ccc(O)cc1)NC(=O)[C@@H](N)CC(C)C)C(=O)N[C@@H](CCCCN)C(N)=O.CC(C)[C@@H](C(=O)C(=O)CN)[C@@H](CC(=O)O)C(=O)N[C@H](C=O)CCCC(=O)O.CC(C)[C@H](N)C(=O)N[C@@H](CCc1c[nH]cn1)C(=O)C(=O)[C@H](CCC(N)=O)CC(=O)N[C@@H](CCC(=O)O)C(=O)O.CCC(N)=O.CC[C@H](C)[C@@H]1NC1=O.CC[C@H](C)[C@H](NC(=O)[C@H](CCC(=O)O)NC(=O)CN)C(=O)C(=O)[C@@H](N)CCSC.C[C@@H]1NC1=O.N.N.NCC(N)=O
C%13(=O)[C@@H](N)CCCC(=O)O.CC[C@H](C)[C@H]8C%22=O.[C@H]9(CC(N)=O)C%24=O.[C@H]%12(CC(N)=O)C%28=O.[C@H]%18(CC(=O)O)C5=O.C2(=O)[C@@H]9C(C)C.[C@@H]%14(C3=O)C(C)C.[C@H]%10(CO)C%23=O.[C@H]%14(C%20)C%27=O.c1%20ccccc1.[C@H]%15(CO)C3=O.[C@H]%16(CO)C6=O.[C@H]%19(CO)C(=O)O.N28.N%139.N%22%10.N%23%11.N%24%12.N%26%14.N%27%15.N3%16.N4%17.N5%18.N6%19	CC(C)[C@H]1C(=O)C(=O)[C@H](CO)NC(=O)[C@@H]1Cc1ccccc1.CC[C@H](C)[C@H](NC(=O)[C@H](C(C)C)[C@@H](CC(N)=O)C(=O)N[C@H](C=O)CC(N)=O)C(=O)N[C@@H](CO)C(N)=O.N.N.NC(=O)[C@@H](N)CCCC(=O)O.N[C@@H](CO)C(=O)N[C@@H](CO)C(=O)O.O=C(O)C[C@@H]1NC1=O
C%25(=O)[C@@H]%12CCCCN.C%33(=O)[C@@H]%15CCCCN.C%31(=O)[C@@H]%17CCCCN.c1%29c[nH]c2ccccc12.C%35(=O)[C@@H]%19CCCCN.CC[C@H](C)[C@H]%11C5=O.C%36(=O)[C@@H]%13CC(N)=O.C3(=O)[C@@H]%11CC%27.c1%28ccc(O)cc1.c1%30ccc(O)cc1.[C@@H]%20(C8=O)C(C)C.[C@@H]%24(C9=O)C(C)C.[C@@H]%21(C%10(=O)[C@@H](C)O.C%25(=O)[C@@H]%13CO.C%32(=O)[C@@H]%18C%29.C4(=O)[C@@H](N)C%30.[C@H]%26(CO)C(=O)O.[C@H]%23(C)C7=O.N%18C(=N)N.C%22C6=O.N3%10.S%27C.N%14%11.N%25%12.N%28%13.N%31%15.N%32%16.N%35%17.N%36%18.N4%19.N5%20.N6%21.N7%22.N8%23.N9%24.N%10%26	INVALID
C%25(=O)[C@@H]%17CCC(N)=O.C%45(=O)[C@@H]%28CCCCN.C9(=O)[C@@H]%32CCCCN.C%15(=O)[C@@H]%35CCCCN.c1%43c[nH]c2ccccc12.CC[C@H](C)[C@H]%19C(=O)O.C%14(=O)[C@@H]%21CC(C)C.C%47(=O)[C@@H]%22CCC%23.C5(=O)[C@@H]%26CC(N)=O.C%15(=O)[C@@H]%38CC(N)=O.C%12(=O)[C@@H]%31C(C)C.C%16(=O)[C@@H]%34C(C)C.C%11(=O)[C@@H]%37[C@@H](C)C.C%18(=O)[C@@H](N)CC%39.C%36(=O)[C@@H]%27CO.[C@@H]1%40CCCN1%44.C4(=O)[C@@H]%29CO.[C@@H]1%41CCCN16.C7(=O)[C@@H]%30C%43.[C@@H]1%42CCCN1%11.C%25(=O)C%20.N%23C(=N)N.C%43%40=O.C5%41=O.C%10%42=O.N3%19.N%14%20.N%25%21.N%36%22.N%47%24.N%46%26.N%48%27.N4%28.N5%29.N7%30.N9%31.N%10%32.N%12%33.N%13%34.N%16%35.N%17%37.N%18%38.S%39C	CC(C)C[C@H](N)C(=O)NCC(=O)C(=O)[C@H](CCC(N)=O)N[C@H](C(=O)N1CCC[C@H]1C(=O)N[C@@H](CCCCN)C(=O)N[C@H](C(N)=O)C(C)C)C(C)C.CC[C@H](C)[C@H](N)C(=O)O.CSCC[C@H](N)C(=O)N[C@@H](CC(N)=O)C(=O)C(=O)[C@H](CCCCN)NC(=O)[C@@H](N)C(C)C.N=C(N)NCCC[C@H](NC(=O)[C@@H](N)CO)C(N)=O.NC(=O)C[C@H](N)C(=O)C(=O)[C@@H]1CCCN1.NCCCC[C@@H](C=O)NC(=O)[C@@H](N)CO.O=C1N[C@H]1Cc1c[nH]c2ccccc12.O=C[C@@H]1CCCN1
C%47(=O)[C@@H]%33CCC(NO)O.C%58(=O)[C@@H]%33CCC(=O)O.C%69(=O)[C@@H]%38CCCCN.C7(=O)[C@@H]%42CCC(=O)O.c1%78c[nH]c2ccccc12.C%15(=O)[C@@H]%56CCCCN.C%19(=O)[C@@H]%61CCCCN.[C@H]%66(CCCCN)C%28=O.CC[C@H](C)[C@H]%32C%24=O.C%80(=O)[C@@H]%35CCC%37.C4(=O)[C@@H]%39CC(C)C.C8(=O)[C@@H]%44CC(=O)O.C9(=O)[C@@H]%45CCC%46.C%10(=O)[C@@H]%48CC(C)C.C%12(=O)[C@@H]%49CC(N)=O.C%15(=O)[C@@H]%52CCC%53.C%16(=O)[C@@H]%54CCC%54.C%18(=O)[C@@H]%57CCC%59.C%20(=O)[C@@H]%63CCC%64.C%21(=O)[C@@H]%63CCC%65.C%22(=O)[C@@H]%67[C@@H](C)CC.C%69(=O)[C@@H]%34CC%72.C6(=O)[C@@H]%41CC%74.c1%77ccc(O)cc1.C%23(=O)[C@@H](N)CC%75.c1%79cccc(O)cc1.[C@@H]1%76CCCN1%25.C5(=O)[C@@H]%40C%77.C%17(=O)[C@@H]%55C%78.[C@H]%67(C%79)C%27=O.[C@H]%68(CO)C%29=O.[C@H]%71(C%81)C(=O)O.C3(=O)[C@@H]%30C.C%36(=O)[C@@H]%32C.N%46C(=N)N.C%13(=O)[C@@H]%49C.C%13(=O)[C@@H]%54C.N%37C(=N)N.N%53C(=N)N.N%59C(=N)N.C%11(=O)C%51.N%59C(=N)N.N%64C(=N)N.C%70C%26=O.N%75C(=N)N.C%68C%30=O.C%14%76=O.N3%29.N%14%30.N%36%31.N%47%32.N%58%33.S%72C.N%69%34.N%80%35.N%82%35.N4%38.N5%39.N6%40.S%73C.N7%41.N8%42.N9%43.N%10%44.N%11%45.N%13%48.N%15%49.N%16%50.N%17%51.N%18%54.N%19%55.N%20%56.N%21%60.N%22%61.S%74C.N%23%62.S%75C.N%24%63.N%26%65.N%27%66.N%28%67.N%29%68.N%30%70.N%31%71	INVALID
[C@H]%27(CCC(N)=O)C%46=O.[C@H]%29(CCC(=O)O)C%53=O.[C@H]%33(CCCCN)C7=O.[C@H]%38(CCC(N)=O)C%11=O.[C@H]%42(CCCCN)C%18=O.[C@H]%43(CCCCN)C%19=O.CC(C)[C@H]%20C%24=O.[C@H]%22(CCC%23)C%35=O.[C@H]%33(CC(=O)O)C6=O.C%13(=O)[C@@H](N)C(C)C.[C@H]%22(CC%45)C%12=O.C2(=O)[C@@H]%21C(C)C.[C@@H]%26(C%46=O)C(C)C.[C@@H]%26(CC5=O)C(C)C.[C@@H]%41(C%15=O)C(C)C.[C@@H]%44(C(=O)O)[C@@H](C)O.[C@H]%39(CCO)C%16=O.[C@H]%32(CO)C8=O.[C@H]%37(CO)C9=O.N1%12CCC[C@H]1%48.N1%16CCC[C@H]1%49.[C@H]%28(C)C%54=O.[C@H]%34(C)C%10=O.N%23C(=N)N.N%25C(=N)N.C3%47=O.C%14%48=O.C%17%49=O.N2%20.N%13%21.N%24%22.N%35%25.N%46%27.N%51%28.N%52%29.N%53%30.N%54%31.N4%32.N5%33.N7%34.N8%36.N9%38.N%10%39.N%11%40.N%14%41.N%15%42.N%18%43.N%19%44	C=O.CC(C)[C@@H](CC(N)=O)[C@H](C(=O)C(=O)[C@@H](N)CCC(N)=O)C(C)C.CC(C)[C@H](N)C(=O)N[C@H](C(=O)N[C@H](C(N)=O)C(C)C)C(C)C.CC[C@@H](C(=O)N1CCC[C@H]1C(=O)N[C@H](C(=O)N[C@@H](CCCCN)C(=O)N[C@@H](CCCCN)C(=O)N[C@H](C(=O)O)[C@@H](C)O)C(C)C)[C@@H](CCCNC(=N)N)C(=O)NNC(=N)N.C[C@H](N)C(N)=O.C[C@H](NC(=O)[C@H](CCCCN)[C@H](C=O)CC(=O)O)C(=O)N[C@@H](CCO)C(=O)N1CCC[C@H]1C=O.NC(=O)CC[C@H](NC(=O)CCO)C(N)=O.NC(=O)[C@@H](N)CCC(=O)O.NC(=O)[C@@H](N)CO
C%24(=O)[C@@H]%22CCC(N)=O.C%46(=O)[C@@H]%26CCC(N)=O..C8(=O)[C@@H]%38CCCCN.CC[C@H](C)[C@H]%20C%12=O.C3(=O)[C@@H]%30CCC%31.C6(=O)[C@@H]%34CCC%36.[C@H]%40(CC(C)C)C%14=O.[C@H]%44(CC(N)=O)C%19=O.C%54(=O)[C@@H]%28[C@@H](C)C.c1%49ccc(O)cc1.C3(=O)[C@@H]%38[C@@H](C)O.C%11(=O)[C@@H](N)CC%45.C2(=O)[C@@H]%21CO.C%13(=O)[C@@H]%21C%48.c1%48ccccc1.C%52(=O)[C@@H]%27C%49.C%53(=O)[C@@H]%29CCO.C4(=O)[C@@H]%32C%50.C9(=O)[C@@H]%36CS.[C@H]%44(CS)C%16=O.N1%19CCC[C@H]1%47.c1%47c[nH]cn1.[C@H]%41(C)C%17=O.C%35(=O)C%23.N%31C(=N)N.N%36C(=N)N.C7(=O)C%38.C%43C%18=O.C%47(=O)O.N2%20.N%13%21.N%24%22.N%35%23.N%46%25.N%52%26.N%53%27.N%54%28.N%55%29.N4%30.N5%32.N6%33.N7%34.N8%35.N9%37.N%11%38.S%45C.N%12%39.N%14%40.N%15%41.N%16%42.N%17%43.N%18%44	INVALID
C%91(=O)[C@@H]%54CCCCN.CC[C@H](C)[C@H]%41C%33=O.C2(=O)[C@@H]%42CCC%43.C%14(=O)[C@@H]%44CC(C)C.C%36(=O)[C@@H]%46CCC%48.C%58(=O)[C@@H]%50CC(=O)O.C%80(=O)[C@@H]%52[C@@H](C)CC.C3(=O)[C@@H]%53CC(C)C.C9(=O)[C@@H]%59CC(C)C.C%12(=O)[C@@H]%62CC(N)=O.C%13(=O)[C@@H]%63CC(=O)O.C%15(=O)[C@@H]%64[C@@H](C)CC.C%18(=O)[C@@H]%67CCC%68.C%21(=O)[C@@H]%72CCC%73.C%23(=O)[C@@H]%75[C@@H](C)CC.C%24(=O)[C@@H]%76CC(N)=O.C%29(=O)[C@@H]%79CCC%81.[C@H]%83(CCC%84)C%32=O.[C@H]%85(CC(=O)O)C%34=O.[C@H]%87(CC(N)=O)C%37=O.C%25(=O)[C@@H]%45C(C)C.C%69(=O)[C@@H]%51CC%92.C2(=O)[C@@H]%56C(C)C.C6(=O)[C@@H]%55C(C)C.C%10(=O)[C@@H]%57C(C)C.C%17(=O)[C@@H]%66[C@@H](C)O.C%19(=O)[C@@H]%70C(C)C.C%20(=O)[C@@H]%71C(C)C.C%27(=O)[C@@H]%77[C@@H](C)O.C%28(=O)[C@@H]%78[C@@H](C)O.C%32(=O)[C@@H](N)CC%93.[C@@H]%89(C%40=O)[C@@H](C)O.[C@@H]%90(C(=O)O)[C@@H](C)O.[C@@H]1%93CCCN15.[C@@H]1%94CCCN16.C%11(=O)[C@@H]%60C%97.[C@@H][C@@H]1%95CCCN1%27.[C@H]%86(CO)C%35=O.N1%38CCCC[C@H]1%96.[C@H]%88(CO)C%38=O..C%47(=O)[C@@H]%49C.C%16(=O)[C@@H]%65C.c1%97cc[nH]cn1.N%43C(=N)N.N%48C(=N)N.N%68C(=N)N.C%22(=O)C%71.N%73C(=N)N.N%81C(=N)N.C%31(=O)C%82.N%84C(=N)N.C4%93=O.C5%94=O.C%27%95=O.C%39%96=O.N2%41.N%14%42.N%36%44.N%47%45.N%58%49.N%69%50.S%92C.N%80%51.N%91%52.N3%53.N4%54.N7%55.N8%56.N9%57.N%10%59.N%11%60.N%12%61.N%13%62.N%15%63.N%16%64.N%17%65.S%103C.N%18%66.N%19%67.N%20%70.N%21%71.N%22%72.N%23%74.N%24%75.N%26%76.N%28%77.N%29%78.N%30%79.N%31%82.N%32%83.N%33%85.N%34%86.N%35%87.N%37%88.S%10%93C.N%39%89.N%40%90%90	INVALID
C3(=O)[C@@H]%35CCCCN.c1%75c[nH]c2ccccc12.C%80(=O)[C@@H]%41CCC(N)=O.CC[C@H](C)[C@H]%32C%11=O.C%14(=O)[C@@H]%33CCC%34.C%36(=O)[C@@H]%38CC(C)C.C%47(=O)[C@@H]%39CC(N)=O.C%69(=O)[C@@H]%40CC(C)C.C%79(=O)[C@@H]%41CC(N)=O.C8(=O)[C@@H]%44CC(C)C.C%11(=O)[C@@H]%48CC(C)C.C%11(=O)[C@@H](N)CC(C)C.[C@@H]%54(C%21=O)[C@@H](C)CC.[C@H]%57(CCC%59)C%22=O.[C@@H]%61(C%30=O)[C@@H](C)O.[C@@H]%62(C%31=O)[C@@H](C)O.[C@@H]1%64CCCN1%69.[C@@H]1%65CCCN14.C5(=O)[C@@H]%43CO.C6(=O)[C@@H]%45COO.C7(=O)[C@@H]%46C%74.c1%74ccccc1.C9(=O)[C@@H]%49C%75.C%10(=O)[C@@H]%50CO.N1%13CCC[C@H]1%66.[C@H]%51(CO)C%15=O.[C@H]%54(CO)C%16=O.[C@H]%52(C%77)C%17=O.c1%77ccccc1.[C@H]%53(CO)C%18=O.[C@H]%55(C%78)C%20=O.c1%78ccccc1.N1%20CCC[C@H]1%68.[C@H]%56(CO)C%23=O.N1%24CCC[C@H]1%70.N1%26CCC[C@H]1%71.[C@H]%60(C%79)C%28=O.c1%79ccccc1.N1%28CCC[C@H]1%73.C%25(=O)[C@@H]%37C.[C@H]%49(C)C%12=O.[C@H]%63(C)C(=O)O.N%34C(=N)N.C%78(=O)C%42.N%59C(=N)N.C%58%64=O.C4%65=O.C%15%66=O.C%21%67=O.C%26%68=O.C%27%71=O.C%29%72=O.N3%32.N%14%33.N%25%35.N%36%37.N%47%38.N%58%39.N%69%40.N%81%41.N4%42.N5%43.N6%44.N7%45.N8%46.N9%48.N%10%49.N%11%50.N%12%51.N%15%52.N%16%53.N%17%54.N%18%55.N%21%56.N%22%57.N%27%60.N%29%61.N%31%63	C1CCNC1.CC(C)C[C@@H]1NC(=O)[C@H](COO)NC(=O)[C@H](Cc2ccccc2)NC1=O.CC(C)C[C@H](N)C(=O)N[C@@H](CO)C(N)=O.CC[C@H](C)[C@@H](C(=O)C=O)[C@@H](CO)C(=O)N[C@@H](CO)C(=O)N[C@@H](Cc1ccccc1)C(=O)N1CCC[C@H]1C(=O)N1CCC[C@H]1C(=O)N[C@@H](CC(=O)[C@H](CC(N)=O)[C@H](C=O)CCC(N)=O)C(=O)N1CCCC1.CC[C@H](C)[C@H](NC(=O)[C@H](CCCCN)NC(=O)[C@H](C)NC(=O)[C@H](CC(C)C)NC(=O)[C@H](CC(N)=O)NC(=O)[C@@H]1CCCN1C(=O)[C@@H](N)CC(C)C)C(=O)C(=O)[C@H](CC(C)C)NC(=O)[C@H](Cc1c[nH]c2ccccc12)[C@@H](C)C(=O)N[C@@H](CO)C(=O)C(=O)[C@@H]1CCCN1.C[C@@H](O)[C@@H](C=O)NC=O.C[C@H](NC(=O)C[C@@H](C)O)C(=O)O.N.N=C(N)NCCC[C@@H]1NC1=O.N=C(N)NCCC[C@@H]1NC1=O.NC(=O)[C@@H](N)Cc1ccccc1.NCC=O.N[C@H](C=O)CO.O=C1N[C@H]1CO.O=C1[C@@H]2CCCN12.c1ccccc1
=O.C%27(=O)[C@@H](N)C%10.c1%19ccccc1.C2(=O)[C@@H]8CCO.[C@@H]1%18CCCN1%23.C%24(=O)[C@@H]%12CO.[C@H]%15(CO)C3=O.[C@H]%17(CO)C5=O.C%24(=O)[C@@H]%11C.[C@H]%16(C)C6=O.C%17C(=O)O.C%28(=O)C%10.C%14C%20=O.N27.N%138.N%249.N%26%11.N%27%12.N%28%13.N%29%15.N5%16.N6%17	INVALID
C%13(=O)[C@@H]7CCC(=O)O.C%26(=O)[C@@H]8CCC(N)=O.C%26(=O)[C@@H]%10CCC(N)=O.C%27(=O)[C@@H]%11CC(N)=O.C%28(=O)[C@@H]%14CC(N)=O.CC(C)[C@H][C@H]6C4=O.C3(=O)[C@@H](N)C(C)C.[C@H]%19(CO)C(=O)O.c1%20c[nH]cn1.C%24(=O)[C@@H]%12C.C%25(=O)[C@@H]%15C.C%30(=O)[C@@H]%16C.C2(=O)C9.C%27(=O)C%17.N27.N%127.N%228.N%239.N%25%10.N%26%11.N%27%13.N%28%14.N%29%15.N3%16.N4%17.N5%18.N6%19	CC(C)[C@H](N)C(=O)N[C@@H](C)C=O.CC(C)[CH][C@H](N[C@@H](CO)C(=O)O)C(=O)NCC(=O)C(=O)[C@@H](N)CC(N)=O.C[C@H](N)C(=O)N[C@@H](CCC(N)=O)C(=O)C(=O)[C@@H](N)CCC(N)=O.C[C@H](N)C=O.N.NC(=O)C[C@@H]1NC1=O.NCC(=O)N[C@@H](CCC(=O)O)C(N)=O.c1c[nH]cn1
C3(=O)[C@@H]%81CCC(N)=O.[C@H]%82(CCC(N)=O)C%25=O.[C@H]%91(CCCCN)C%34=O.[C@H]9(CCCCN)C(=O)O.CC[C@H](C)[C@H]%69C%23=O.C%43(=O)[C@@H]%72CCC%73.[C@H]%85(CCC%86)C%29=O.[C@H]%100(CCC%101)C%42=O.[C@H]%103(CC(=O)O)C%45=O.[C@H]%104(CCC%105)C%46=O.[C@H]%107(CCC%108)C%48=O.[C@H]5(CC(C)C)C%46=O.[C@H]8(CC(C)C)C%68=O.C2(=O)[C@@H]%70CC%10.C%54(=O)[C@@H]%74C(C)C.[C@H]%78(CC%11)C%109=O.c1%19ccc(O)cc1.[C@@H]%80(C%24=O)[C@@H](C)O.c1%20ccc(O)cc1.[C@@H]%92(C%35=O)C(C)C.[C@@H]%93(C%36=O)[C@@H](C)O.[C@@H]%95(C%37=O)C(C)C.[C@@H]%97(C%40=O)C(C)C.[C@@H]%99(C%41=O)C(C)C.[C@@H]%116(C%57=O)[C@@H](C)C.[C@@H]%117(C%58=O)C(C)C.[C@@H]%119(C%60=O)C(C)C.c1%22ccc(O)cc1.c1%23ccc(O)cc1.[C@H]4(CC%12)C%62=O.C%98(=O)[C@@H]%79CO.C%109(=O)[C@@H](N)C%19.[C@H]%89(C%18)C%31=O.[C@H]%90(C%20)C%33=O.[C@H]%113(C%21)C%53=O.c1%21ccccc1.N1%51CCC[C@H]1%15.N1%60CCC[C@H]1%16.[C@H]5(C%22)C%63=O.[C@H]6(C%23)C%64=O.N1%66CCC[C@H]1%17.C%65(=O)[C@@H]%75C.C%76(=O)[C@@H]%77C.C%87(=O)[C@@H]%78C.[C@H]%83(CC)C%27=O.c1%18c[nH]cn1.[C@H]%88(C)C%30=O.[C@H]%94(C)C%38=O.[C@H]%114(C)C%55=O.[C@H]7(C)C%66=O.N%73C(=N)N.C%84C%28=O.N%86C(=N)N.C%96C%39=O.N%101C(=N)N.C%102C%44=O.N%105C(=N)N.C%106C%47=O.N%108C(=N)N.C%110C%49=O.C%111C%50=O.C%112C%51=O.C%118C%59=O.C%52%13=O.C%56%15=O.C%61%16=O.C%67%17=O.N2%69.S%10C.N%32%70.S%11C.N%43%71.N%54%72.N%65%74.N%76%75.N%87%77.N%98%78.S%12C.N%109%79.N3%80.N%14%81.N%24%82.N%26%83.N%27%84.N%28%85.N%29%88.N%30%89.N%31%90.N%33%91.N%34%92.N%35%93.N%36%94.N%37%95.N%38%96.N%39%97.N%40%99.N%41%100.N%42%102.N%44%103.N%45%104.N%46%106.N%47%107.N%48%110.N%49%111.N%50%112.N%52%113.N%53%114.N%55%115.N%56%116.N%57%117.N%58%118.N%59%119.N%614.S%12C.N%625.N%636.N%647.N%678.N%689	INVALID
[C@H]%24(CCC(=O)O)C%56=O.[C@H]%29(CCC(=O)O)C5=O.[C@H]%33(CCCCN)C8=O.[C@H]%37(CCC(=O)O)C%11=O.[C@H]%38(CCC(N)=O)C%13=O.c1%51c[nH]c2ccccc12.CC[C@H](C)[C@H]%18C%52=O.C3(=O)[C@@H]%19CC(C)C.C%25(=O)[C@@H]%21CCC%22.C%36(=O)[C@@H]%23CC(C)C.[C@H]%23(CC(N)=O)C%56=O.[C@H]%31(CCC%32)C7=O.[C@H]%34(CCC%35)C%10=O.[C@H]%39(CCC%40)C%12=O.[C@H]%42(CC(NO)O)C%13=O.[C@H]%43(CCC%44)C%17=O.[C@H]%45(CC(C)C)C(=O)O.C%47(=O)[C@@H](N)CC%46.[C@@H]%28(C8=O)C(C)C.[C@H]%41(CC%48)C%15=O.[C@H]%42(C%51)C%16=O.C%14(=O)C%20.C%26C%54=O.N%22C(=N)N.C%27C%55=O.C%30C6=O.N%35C(=N)N.N%40C(=N)N.N%44C(=N)N.C%44C9=O.N3%18.N%14%19.N%25%20.N%36%21.N%47%23.N%47C.N%52%24.N%54%26.S%48C.N%55%27.N%57%28.N4%29.N5%30.N6%31.N7%32.N8%33.N9%34.N%10%37.N%11%38.N%12%39.N%13%41.S%49C.N%15%42.N%16%43.N%17%45	CC(=O)N[C@@H](CCCNC(=N)N)C(=O)N[C@@H](CCC(=O)O)C(=O)N[C@@H](CCC(N)=O)C(=O)C(=O)[C@H](CC(O)NO)[C@@H](Cc1c[nH]c2ccccc12)C(=O)N[C@@H](CCCNC(=N)N)C(=O)N[C@@H](CC(C)C)C(=O)O.CC(C)[C@H](N)C(=O)C(=O)[C@@H](N)CCCCN.CC[C@H](C)[C@@H]1NC(=O)[C@H](CC(C)C)NC(=O)CNC(=O)[C@H](CCCNC(=N)N)NC(=O)[C@H](CC(C)C)[C@@H](CC(N)=O)C(=O)C(=O)[C@H](CCC(=O)O)NC1=O.CC[C@H](N)C(N)=O.CN.CS.CSCC[C@H](N)C(N)=O.N=C(N)NCCC[C@@H]1NC1=O.N[C@@H](CCC(=O)O)C(=O)NCC(=O)N[C@H]1CCCNC1=O.O=C1CN1.O=C1CN1
C%80(=O)[C@@H]%44CCC(=O)O.C3(=O)[C@@H]%45CCC(N)=O.C4(=O)[C@@H](N)CCC(N)=O.[C@H]%50(CCCCN)C8=O.[C@H]%51(CCCCN)C9=O.[C@H]%59(CCC(N)=O)C%15=O.[C@H]%60(CCC(N)=O)C%19=O.[C@H]%65(CCC(N)=O)C%23=O.CC[C@H](C)[C@H]%30C5=O.C2(=O)[C@@H]%31CCCC..C%24(=O)[C@@H]%36CC(=O)O.C%24(=O)[C@@H]%38CCC%39.C%68(=O)[C@@H]%42CC(C)C.[C@H]%47(CC(C)C)C6=O.[C@H]%56(CC(C)C)C%16=O.[C@H]%58(CC(=O)O)C%20=O.[C@@H]%61(C%21=O)[C@@H](C)CC.[C@H]%62(CC(N)=O)C%22=O.[C@H]%63(CC(N)=O)C%25=O.[C@H]%65(CC(C)C)C%25=O.[C@H]%70(CC(C)C)C%27=O.C%35(=O)[C@@H]%37CCC%38.[C@@H]%49(C7=O)[C@@H](C)CC.[C@@H]%71(C%28=O)[C@@H](C)CC.[C@@H]%74(C(=O)O)[C@@H](C)CC.C%71(=O)[C@@H]%43[C@@H](C)C.[C@H]%53(CCC%54)C%12=O.[C@H]%67(CCC%69)C%31=O.C%13(=O)[C@@H]%34C(C)C.C%57(=O)[C@@H]%47[C@@H](C)O.[C@@H]%73(C(=O)O)[C@@H](C)O.N1%15CCC[C@H]1%76.N1%17CCC[C@H]1%77.[C@H]%61(C%78)C%29=O.C%46(=O)[C@@H]%41C.[C@H]%48(C)C%10=O.[C@H]%66(C)C%29=O.c1%78c[nH]cn1.N%39C(=N)N.C%46(=O)C%40.C%52C%11=O.N%54C(=N)N.C%64C%26=O.N%69C(=N)N.C%15%76=O.C%18%77=O.N2%30.N%13%31.N%13%33.N%24%34.N%35%36.N%46%38.N%57%40.N%68%41.N%78%42.N%79%43.N%81%44.N3%45.N4%47.N5%48.N5%49.N6%50.N7%51.N8%52.N9%53.N%10%55.N%11%56.N%12%58.S%75C.N%15%59.N%16%60.N%18%61.N%18%62.N%19%63.N%21%64.N%22%65.N%23%66.N%26%67.N%27%71.N%28%72.N%29%73	INVALID
c1%16ccccccccc1.[C@H]%11(CC(=O)O)C%22=O.C(C)[C@H]5C%21=O.C%19(=O)[C@@H]7C(C)C.[C@H]9(C%16)C%21=O.N%12C(=N)N.C%20(=O)[C@@H]%13C(=O)O.CS%15.N35.N%146.N%187.N%198.N%209.N%21%10.N%22%11.N3%13	CC(C)[C@H](N)C(N)=O.CC[C@@H]1NN[C@@H](C(=O)O)C(=O)N[C@@H](Cc2ccccccccc2)C(=O)C1=O.CS.N.N.N=C(N)N.O=C(O)C[C@@H]1NC1=O
C%14(=O)[C@@H]%37CCCCN.c1%84c[nH]c2ccccc12.C%10(=O)[C@@H]%54CCC(N)=O.C%15(=O)[C@@H]%57CCC(N)=O.[C@H]%67(CCC(=O)O)C%23=O.[C@H]%68(CCCCN)C%24=O.[C@H]%75(CCC(=O)O)C%29=O.CC[C@H](C)[C@H]%34C%19=O.C3(=O)[C@@H]%35CC(C)C.C%47(=O)[C@@H]%39CCC%40.C%75(=O)[C@@H]%42CC(N)=O.C%85(=O)[C@@H]%43CCC%44.C8(=O)[C@@H]%50CCC%51.C%13(=O)[C@@H]%55CC(=O)O.C%16(=O)[C@@H]%61CCC%62.[C@H]%63(CC(=O)O)C%21=O.[C@H]%63(CCC%64)C%23=O.[C@H]%70(CC(=O)O)C%26=O.[C@H]%71(CC(C)C)C%28=O.[C@H]%73(CC(=O)O)C%30=O.[C@H]%74(CC(N)=O)C%31=O.[C@@H]%76(C%33=O)[C@@H](C)CC.C%36(=O)[C@@H]%38CC%78.C5(=O)[C@@H]%49[C@@H](C)O.C%12(=O)[C@@H]%56C(C)C.C%17(=O)[C@@H]%60C(C)C.[C@@H]%66(C%22=O)[C@@H](C)O.[C@@H]1%79CCCN1%36.C9(=O)[C@@H]%53C%84.C%18(=O)[C@@H](N)CS.[C@H]%72(CO)C%20=O.N1%30CCC[C@H]1%82.[C@H]%77(CO)C(=O)O.N1%31CCC[C@H]1%83.C4(=O)[C@@H]%46C.C6(=O)[C@@H]%48C.C7(=O)[C@@H]%52C.C%58(=O)C%41.N%40C(=N)N.N%44C(=N)N.N%46C(=N)N.N%51C(=N)N.N%59C(=N)N.N%64C(=N)N.C%65C%20=O.C%25%79=O.C%30%81=O.C%31%82=O.C%32%83=O.N3%34.N%14%35.N%25%37.S%78C.N%47%38.N%58%39.N%69%41.N%80%42.N%86%43.N4%45.N5%46.N7%48.N8%49.N9%50.N%10%52.N%11%53.N%12%54.N%13%55.N%15%56.N%16%57.N%17%60.N%18%61.S%79C.N%19%63.N%20%65.N%21%66.N%22%67.N%23%68.N%24%70.N%26%71.N%27%72.N%28%73.N%29%74.N%32%75.N%32%76.N%33%77	C=O.CC(C)C[C@H](NC(=O)[C@H](CC(=O)O)NC(=O)[C@@H](N)CCCCN)C(=O)N[C@@H](CC(=O)O)C(=O)N1CCC[C@H]1C=O.CC(C)[C@@H]1NC1=O.CCC[C@H](NC(=O)[C@@H](N)CS)C(=O)N[C@@H](CCC(N)=O)C(=O)N[C@H](C(=O)N[C@@H](CCC(N)=O)C(=O)N[C@@H](C)C(=O)N[C@@H](C)C=O)C(C)C.CC[C@H](C)[C@H](N)C(=O)N[C@@H](CO)C(=O)O.CC[C@H](C)[C@H](NC(=O)[C@H](CC(C)C)NC(=O)[C@H](CCCCN)NC(=O)[C@@H]1CCCN1C(=O)[C@H](CCSC)NC(=O)[C@H](CCCNC(=N)N)NC(=O)CN)C(N)=O.CS.C[C@@H](O)[C@@H]1NC(=O)[C@H](CC(=O)O)[C@@H](CCCNC(=N)N)C(=O)C(=O)[C@H](CCC(=O)O)NC1=O.C[C@@H](O)[C@H](NC(=O)[C@H](CCCNC(=N)N)NC(=O)[C@@H](N)Cc1c[nH]c2ccccc12)C(N)=O.C[C@H](NC(=N)N)C(N)=O.N=C(N)N.N=C(N)NCCC[C@H](N)C=O.NC(=O)C[C@H](NC(=O)[C@H](CCC(=O)O)C(=O)[C@@H](N)CC(N)=O)C(=O)N1CCC[C@H]1C(N)=O.NCC(=O)C(=O)[C@@H](N)CO.O=C(O)C[C@@H]1NC1=O
C%13(=O)[C@@H]%10CCCCN.C%28(=O)[C@@H]%16CCCCN.C5(=O)[C@@H]%18CCC(=O)O.C%31(=O)[C@@H](N)CCC(N)=O)C7=O.[C@H]%21(CCCCN)C(=O)O.C%22CC[C@H]9C4=O.C%30(=O)[C@@H]%15[C@@H](C)O.c1%27ccc(O)cc1.C%13(=O)[C@@H]%11CS.C%28(=O)[C@@H]%14C%26.C%29(=O)[C@@H]%17CS.C%29(=O)[C@@H]%18CS.C%17(=O)[C@@H]%15CO.[C@H]%19(C%27)C6=O.N15CCC[C@H]1%25.C%32(=O)[C@@H]%12C.[C@H]%19(C)C3=O.[C@H]%20(C)C8=O.C%33%24=O.C%26(=O)O.CS%22.N29.N%13%10.N%24%11.N%28%12.N%29%14.N%30%15.N%31%15.N%32%16.N%33%17.N3%18.S%23C.N5%19.N6%20.N7%21	INVALID
C%35(=O)[C@@H]%27CCC(=O)O.C%56(=O)[C@@H]%33CCC(=O)O.C4(=O)[C@@H](N)CC(N)=O.[C@H]%40(CCC(=O)O)C%12=O.CC[C@H](C)[C@H]%22C5=O.C2(=O)[C@@H]%23CC(C)C.C%24(=O)[C@@H]%25CCC%26.C%46(=O)[C@@H]%29CC(=O)O.C%57(=O)[C@@H]%31CCC%32.[C@@H]%38(C%10=O)[C@@H](C)CC.[C@H]%42(CC(C)C)C%15=O.[C@H]%43(CCC%44)C%17=O.[C@H]%47(CC(C)C)C%18=O.[C@H]%48(CC(=O)O)C%21=O.C3(=O)[C@@H]%34C(C)C.[C@@H]%39(C9=O)C(C)C.c1%55ccc(O)cc1.[C@@H]%45(C%20=O)[C@@H](C)O.C%57(=O)[C@@H]%28C%53.c1%53ccccc1.N1%10CCC[C@H]1%51.[C@H]%41(C%54)C%16=O.c1%54ccccc1.N1%19CCC[C@H]1%52.[C@H]%49(C%55)C(=O)O.[C@H]%37(C)C7=O.N%26C(=N)N.C%49(=O)C%30.N%32C(=N)N.N%44C(=N)N.C%48%50=O.C%11%51=O.C%19%52=O.N2%22.N%13%23.N%24%25.N%46%27.N%46%28.N%56%29.N%59%30.N%60%31.N4%33.N5%34.N6%36.N8%37.N9%38.N%11%39.N%12%40.N%14%41.N%15%42.N%16%43.N%17%45.N%19%47.N%20%48.N%21%49	CC(C)C[C@@H]1NC1=O.CC(C)C[C@H](N)C=O.CC[C@H](C)[C@@H]1NC(=O)[C@H](C(C)C)NC(=O)[C@@H]2CCCN2C1=O.CC[C@H](C)[C@H](NC(=O)[C@@H](N)CC(C)C)C(=O)N[C@H](C=O)C(C)C.C[C@@H](O)[C@H](NC(=O)[C@H](CCCNC(=N)N)NC(=O)[C@@H](N)Cc1ccccc1)C(N)=O.C[C@H](N)C=O.N.N=C(N)NCCC[C@@H]1NC1=O.N=C(N)NCCC[C@H](N)C(=O)C(=O)[C@@H](N)Cc1ccccc1.NC(=O)C[C@H](N)C(=O)N[C@@H](CCC(=O)O)C(=O)N[C@@H](CC(=O)O)C(=O)N[C@H](C=O)CCC(=O)O.NC(=O)[C@@H](C=O)CC(=O)O.NCC(=O)[C@@H](Cc1ccc(O)cc1)C(=O)O.O=C(O)CC[C@@H]1NC1=O.O=C1[C@@H]2CCCN12
c1%26c[nH]c2ccccc12.CC[C@H](C)[C@H]8C%32=O.[C@H]%22(CC(C)C)C(=O)O.[C@H]%22(CC(C)C)C(=O)O.[C@H]%18(CCC%20)C%32=O.[C@@H]%12(C%29=O)C(C)C.[C@@H]%15(C%30=O)C(C)C.[C@@H]%16(C%31=O)[C@@H](C)O.[C@@H]%17(C4=O)C(C)C.[C@@H]%18(C6=O)[C@@H](C)O.[C@H]%21(C%26)C%28=O.N14CCC[C@H]11%24.C%14(=O)C%10.C%25(=O)CN.C%11C%28=O.C%19C%29=O.C5%24=O.N38.N%149.N%21%10.N%23%11.N%27%12.N%28%12.N%29%14.N%31%15.N%31%16.N3%17.N4%18.N5%19.N6%21.N7%22	INVALID
C%14(=O)[C@@H]%23CCC(N)=O.C%36(=O)[C@@H]%27CCCCN.C%48(=O)[C@@H]%28CCC(=O)O.c1%56c[nH]c2ccccc12.[C@H]%37(CCCCN)C6=O.[C@H]%39(CCCCN)C%10=O.[C@H]%51(CCCCN)C(=O)O.CC[C@H](C)[C@H]%22C%64=O.C%25(=O)[C@@H]%26CC(=O)O.c1%11cc[nH]c2ccccc12.C%58(=O)[C@@H]%30CC(C)C.[C@H]%34(CC(C)C)C6=O.[C@H]%35(CC(C)C)C8=O.[C@@H]%40(C%12=O)[C@@H](C)CC.[C@H]%41(CC(C)C)C%13=O.[C@H]%44(CCC%45)C%18=O.[C@H]%48(CC(C)C)C%19=O.[C@H]%50(CC(=O)O)C%20=O..CC[C@H](C)[C@H]%21C4=O.C%58(=O)[C@@H]%29[C@@H](C)CC.[C@H]%32(CC(C)C)C9=O.[C@H]%42(CC(N)=O)C%15=O.[C@H]%46(CC%52)C%17=O.[C@@H]%46(C%15=O)[C@@H](C)O.[C@@H]%43(C%16=O)[C@@H](C)O.C3(=O)[C@@H]%24C%53.C%63(=O)[C@@H](N)C%54.c1%54ccccc1.[C@H]%32(C%55)C5=O.c1%55ccccc1.[C@H]%38(CO)C%11=O.C%35C7=O.N%45C(=N)N.C%50C%26=O.N3%21.N%14%23.N%25%24.N%36%26.N%47%27.N%58%28.N%60%29.N%61%30.N%62%31.S%52C.N4%32.N5%33.N6%34.N7%35.N8%37.N9%38.N%10%39.N%11%40.N%12%41.N%13%42.N%15%43.N%16%46.S%53C.N%17%48.N%18%49.N%19%50.N%20%51	INVALID
c1%20c[nH]c2ccccc12.CC(C)C[C@H]4C(=O)O.C%24(=O)[C@@H]8CCC9.c1%18ccc(O)cc1.C%26(=O)[C@@H]%12CCC%13.C%27(=O)[C@@H]%15CC(C)C.C%22(=O)[C@@H]%10CC%17.C3(=O)[C@@H](N)CC%18.C%14(=O)[C@@H]5CS.C%21(=O)[C@@H]7C%19.c1%19ccccc1.C%23(=O)[C@@H]%11CO.C%25(=O)[C@@H]%16C%20.C3(=O)C6.N9C(=N)N.N%13C(=N)N.N34..N55.N%216.N%217.N%228.S%18C.N%23%10.N%24%11.N%25%12.N%26%15.N3%16.S%19C	INVALID
[C@H]%40(CCCCN)C4=O.CC[C@H](C)[C@H]%30C%68=O.C%35(=O)[C@@H]%34CC(N)=O.[C@H]%39(CC(C)C)C%82=O.[C@@H]%47(C8=O)[C@@H](C)CC.[C@@H]%44(C%12=O)[C@@H](C)CC.[C@@H]%48(C%15=O)[C@@H](C)CC.[C@H]%51(CCC%52)C%17=O.[C@H]%53(CC(N)=O)C%18=O.[C@H]%54(CC(=O)O)C%20=O.[C@H]%56(CC(C)C)C%22=O.[C@H]%59(CC(C)C)C%23=O.[C@H]%61(CC(N)=O)C%26=O.[C@@H]%62(C%27=O)[C@@H](C)CC.[C@H]%66(CC(N)=O)C%29=O.[C@H]%67(CC(=O)O)C(=O)O.c1%74ccc(O)cc1.C%24(=O)[C@@H]%33C(C)O.C%46(=O)[C@@H]%37[C@@H](C)O.C%57(=O)[C@@H](N)CC%69.C2(=O)[C@@H]%31C%73.C%35(=O)[C@@H]%36C%75.c1%75ccccc1.N1%67CCC[C@H]1%70.[C@H]%42(C%76)C6=O.c1%76ccccc1.[C@H]%45(CO)C9=O.N19CCC[C@H]1%71.[C@H]%49(CO)C%14=O.N1%10CCC[C@H]1%72.[C@H]%50(CO)C%16=O.[C@H]%55(C%77)C%19=O.c1%77ccccc1.[C@H]%59(C%78)C%21=O.c1%78ccccc1.[C@H]%64(CS)C%23=O.[C@H]%60(C)C%28=O.C%41C3=O.C%58C%25=O.C%79%70=O.C%10%71=O.C%11%72=O.N2%30.N%13%31.N%24%33.N%35%34.N%46%36.N%57%37.S%69C.N%68%38.N%78%39%40.N%81%41.N3%42.N4%43.N5%44.N6%47.N7%48.N8%49.N%10%50.N%12%51.N%14%53.N%15%54.N%16%55.N%17%56.N%18%58.N%19%59.N%20%60.N%21%61.N%22%63.N%25%64.N%26%65.N%27%66.N%28%67	CC(C)C[C@@H](C=O)N[C@@H](CCCCN)C(N)=O.CC(O)[C@@H]1NC1=O.CCC[C@H](NC(=O)[C@@H](N)[C@@H](C)CC)C(=O)N[C@@H](CC(C)C)C(N)=O.CC[C@H](C)CC(=O)N[C@H](C=O)CC(N)=O.CC[C@H](C)[C@H](N)C(=O)N[C@@H](CC(=O)O)C(=O)N[C@@H](C)C(N)=O.CC[C@H](C)[C@H](NC(=O)[C@H](C)N)C(N)=O.CC[C@H](C)[C@H](NC(=O)[C@H](Cc1ccccc1)NC(=O)CN)C(=O)N[C@@H](CO)C(=O)N[C@@H](CC(N)=O)C(=O)NCC(=O)N[C@@H](CS)C(=O)C(=O)[C@H](CC(C)C)[C@@H](Cc1ccccc1)C(=O)N[C@@H](CC(N)=O)C(N)=O.CSCC[C@H](N)C(=O)N[C@H](C(=O)N[C@@H](Cc1ccccc1)C(=O)C(=O)[C@@H](N)CC(N)=O)[C@@H](C)O.NC(=O)[C@H](Cc1ccccc1)NC(=O)[C@@H](N)CO.O=C[C@@H]1CCCN1C(=O)[C@@H]1CCCN1C(=O)CCO.O=C[C@@H]1CCCN1[C@@H](CC(=O)O)C(=O)O.Oc1ccccc1
%29(=O)[C@@H]%17CCCCN.[C@H]%23(CCC%24)C(=O)O.CC[C@H](C)[C@H]9C3=O.C%13(=O)[C@@H]%10CC(C)C.C%13(=O)[C@@H]9CC%25.C%30(=O)[C@@H]%14C(C)C.C%31(=O)[C@@H]%18[C@@H](C)O.C%36(=O)[C@@H](N)CC%25.[C@@H]%19(C8=O)[C@@H](C)O.c1%28ccc(O)cc1.C2(=O)[C@@H]%10CO.C%24(=O)[C@@H]%14CO.C%33(=O)[C@@H]%16C%27.c1%27ccccc1.[C@H]%20(CS)C5=O.[C@H]%21(CO)C7=O.[C@H]%22(C%28)C8=O.[C@H]%21(C)C6=O.C%29(=O)C%11.N%24C(=N)N..N29.N%13%10.S%24%11.N%26%12.N%29%14.N%25C.N%30%15.N%31%16.N%31%17.N%32%18.S%25C.N3%19.N4%20.N6%21.N7%22.N8%23	INVALID
[C@H]%15(CC(=O)O)C%32=O.[C@H]%18(CCC(=O)O)C7=O.[C@H]%20(CCCCN)C8=O.CC(C)C[C@H]8C%36=O.[C@H]%12(CC(=O)O)C%28=O.C%13(=O)[C@@H]%10CC(=O)O.C%24(=O)[C@@H]%11CCC%12..C%31(=O)[C@@H]%16CCC%17.[C@H]%19(CCC%19)C3=O.[C@H]%22(CC(=O)O)C3=O.C%35(=O)[C@@H](N)C(C)O.[C@H]%23(CC%26)C(=O)O.C2(=O)[C@@H]9CS.[C@@H]1%29CCC[C@H]1%27.[C@H]%21(CO)C4=O.[C@H]%23(CO)C6=O.N%12C(=N)N.N%18C(=N)N.C%19C5=O.N%25C(=N)N.N%26C(=N)N.C%30%27=O.N28.N%139.N%24%10.N%25%11.N%28%12.N%29%15.N%31%16.N%32%16.N3%18.N4%20.N5%21.N6%22.N7%23.S%26C	INVALID
)[C@H]5C1=O.N4C(C))N.[C@H]%10(C)C%21=O.c1%18c[nH]cn1.c1%19c[nH]cn1.N%135.N%137.N%218.N%229.N%23%10.N%24%12	INVALID
C%21(=O)[C@@H]5CCC(=O)O.[C@H]%14(CCC%15)C(=O)O.[C@H]%14(CCC%15)C%22=O.C%19(=O)[C@@H]5CCC6.C%20(=O)[C@@H]7CC(C)C.C%17C[C@H]4C%23=O.C%13(=O)C8.C%18(=O)C9.N%15C(=N)N.C%20(=O)C9.N%15C(=N)N.C%22(=O)CN.C%14C2=O.CS%16.N13.N%124.N%175.N%196.N%208.N%219.N%22%10.N%23%11.N%24%12.N%25%15	CC(C)CCC(=O)C(=O)CCC=O.CC=O.CS.N.N.N.N=C(N)NNC(=N)N.NC(=O)[C@H](CCC(=O)O)[C@H]1CCCNC1=O.NCC(=O)C(=O)[C@@H]1CCCCCC[C@H]1C(=O)O.NCC=O.NCC[C@H](NN)C(N)=O
C3(=O)[C@@H]%15CCCCN.C%14(=O)[C@@H]%16CCCCN.c1%38c[nH]c2ccccc12.c1%38c[nH]c2ccccc12.c1%40c[nH]c2ccccc12.C%41(=O)[C@@H]%17CCCCN.[C@H]%31(CCCCN)C(=O)O.CC[C@H](C)[C@H]%13C4=O.C%38(=O)[C@@H]%20CC(C)C.C%42(=O)[C@@H]%21[C@@H](C)CC.C%43(=O)[C@@H](N)CCC%29.[C@H]%24(CC(C)C)C%11=O.C5(=O)[C@@H]%24CC%32.[C@@H]%29(C7=O)[C@@H](C)O.C%40(=O)[C@@H]%18C%35.c1%35ccccc1.C%43(=O)[C@@H]%22C%37.c1%37ccccc1.[C@H]%26(C%38)C%11=O.c1%33c[nH]cn1.C%25(=O)C%19.C%23C8=O.C%22C9=O.C%27C%10=O.N%29C(=N)N.N3%13.N%14%15.N%25%16.N%36%17.N%40%18.N%41%19.N%42%20.N%43%21.N%44%22.N5%23.S%32C.N6%24.N7%26.N8%27.N9%28.N%10%30.N%11%30.N%12%31	CC[C@H](C)[C@@H](C=O)NC(=O)[C@H](CCCCN)NC(=O)[C@H](CCCCN)NC(=O)CNC(=O)[C@@H](N)CCCCN.CC[C@H](C)[C@H](N)C(=O)N[C@@H](CC(C)C)C(=O)C[C@H](NC(=O)[C@@H](CCC[C@H](N)C(=O)C(=O)[C@@H](CC(N)=O)Cc1ccccc1)[C@@H](C)O)C(=O)C(=O)[C@H](CC(C)C)[C@@H](CCSC)C(=O)NCC(=O)NCC(=O)NN.N.N.N=C(N)N.NCCCC[C@H](N)C(=O)O.N[C@@H](Cc1ccccc1)C(=O)c1c[nH]c2ccccc12.c1c[nH]cn1.c1ccc2c(-c3c[nH]c4ccccc34)c[nH]c2c1
O)C%21=O.[C@H]8(CC(N)=O)C%23=O.CC(C)[C@H]4C%20=O.C%19(=O)[C@@H](N)CC(N)=O.[C@H]3(C)C3=O.N13CCC[C@H]1%14.C2(=O)C5.C%10C%18=O.C%12%141=O)C(=O)O.N24.N%135.N%166.N%177.N%188.N%199.N%20%10.N3%12	INVALID
[C@H]%10(CCCN)C%13=O.[C@H]9(CC(=O)O)C%13=O.[C@H]%14(CC(=O)O)C%35=O.[C@H]%16(CC(C)C)C%31=O.[C@H]%15(CC(=O)O)C%32=O.[C@H]%17(CC(C)C)C%33=O.[C@H]%18(CC(C)C)C4=O.[C@H]%21(CC(=O)O)C5=O.[C@H]%23(CC(C)C)C6=O.C%27C[C@H](N)C2=O.[C@@H]%11(C%24=O)C(C)C.c1%30ccc(O)cc1.[C@@H]%19(C3=O)C(C)C.c1%32ccc(O)cc1.[C@@H]%19(C7=O)C(C)C.[C@@H]%20(C%11=O)C(C)C.[C@@H]%25(C8=O)C(C)C.[C@H]%22(C%29)C9=O.c1%29ccccc1.N18CCC[C@H]1%28.C%17C%12=O.C%26C(=O)O.C9%28=O.CS%27.N2%10.N%13%11.N%24%12.N%30%14.N%31%15.N%32%16.N%33%17.N%34%18.N%35%19.N3%20.N4%21.N5%22.N6%23.N7%25.N9%26	CC(C)C[C@@H]1NC1=O.CC(C)C[C@H](CC(=O)NC(=O)[C@@H](C(=O)[C@@H](NC(=O)[C@H](C(C)C)[C@H](C(=O)N[C@H](C(=O)N1CCC[C@H]1C(=O)NCC(=O)O)C(C)C)C(C)C)C(C)C)C(C)C)C(N)=O.CC(C)C[C@H](N)C(=O)N[C@@H](CC(=O)O)C(=O)c1ccc(O)cc1.CSCC[C@H](N)C(=O)N[C@@H](CCCN)C(=O)C(=O)[C@H](CC(=O)O)C(=O)[C@H](Cc1ccccc1)NC(=O)[C@H](CC(=O)O)NC(=O)[C@@H](N)CC(C)C.N.NC(=O)[C@H](CC(=O)O)Nc1ccc(O)cc1
C%14(=O)[C@@H]%16CCCCN.C%36(=O)[C@@H]%19CCCCN.C%42(=O)[C@@H]%20CCCCN.C%43(=O)[C@@H]%22CCCCN.C%45(=O)[C@@H](N)CCCCN.c1%40c[nH]c2ccccc12.[C@H]%27(CCC(=O)O)C8=O.[C@H]%23(CC(N)=O)C4=O.[C@H]%28(CCC%29)C8=O.[C@H]%30(CC(N)=O)C9=O.[C@H]%32(CC(=O)O)C%15=O.[C@H]%35(CCC%37)C(=O)O.C%39C[C@H]%15C%46=O.[C@@H]1%40CCCN1%42.[C@H]%22(CO)C6=O.[C@H]%31(CO)C%10=O.[C@H]%33(C%40)C%12=O.[C@H]%34(C%41)C%13=O.c1%41ccccc1.C%25(=O)[C@@H]%17C.[C@H]%24(C)C6=O.[C@H]%33(C)C%10=O.C%36(=O)C%18.N%29C(=N)N.C4(=O)O.CS%38.N3%15.N%14%15.N%25%16.N%36%17.N%43%18.N%44%19.N%45%20.N%45%21.N%46%22.N4%23.N5%24.N6%26.N7%27.N8%28.N9%30.N%10%31.N%11%32.N%12%33.N%13%34.N%15%35	CCC[C@H](N)C(=O)O.CC[C@@H](C(N)=O)C(=O)[C@@H](N)CC(=O)O.CS.C[C@@H](C(N)=O)[C@@H](C)C(=O)C(=O)[C@@H](N)CO.C[C@H](N)C(=O)C(=O)[C@H](CO)[C@@H](CCCCN)C(=O)NCC(=O)C(=O)[C@@H](N)CCCCN.C[C@H](N)C(=O)N[C@@H](CCCCN)C(=O)NN.N.N.N=C(N)NCCC[C@H](N)C(=O)C(=O)[C@@H](N)CCC(=O)O.NC(=O)C[C@@H]1NC1=O.NC(=O)C[C@H](N)C(=O)C(=O)O.NCCCC[C@H](NC(=O)[C@@H](N)CCCCN)C(=O)N1CCC[C@H]1c1c[nH]c2ccccc12.O=C1N[C@H]1Cc1ccccc1
c1%30c[nH]c2ccccc12.[C@H]%20(CCCCN)C9=O.CC[C@H](C)[C@H](N)C3=O.C%14(=O)[C@@H]%11CCC%11.[C@H]%13(CC(C)C)C%33=O.[C@@H]%15(C%36=O)[C@@H](C)CC.[C@H]%22(CCCC%23)C5=O.[C@H]%24(CC(C)C)C8=O.[C@@H]%12(C%31=O)C(C)C.[C@H]%17(CC%28)C4=O.[C@H]%21(C%30)C7=O.c1%29c[nH]cn1.[C@H]%13(C)C%31=O.C%16CC%32=O.C%16C%29=O.N%23C(=N)N.C%17C%35=O.C%18C%38=O.C%20C5=O.N%23C(=N)N.C%27C(=O)O.C5%31=O.N3%10.N%14%11.S%28C.N%25%12.N%32%13.N%35%15.N%36%16.N%37%17.S%29C.N3%18.N4%19.N5%20.N6%21.N7%22.N8%24.N9%27	CC(C)C[C@@H](C=O)[C@@H](C)C(=O)C(=O)[C@@H](N)C(C)C.CC(C)C[C@@H]1NC1=O.CC[C@H](C)[C@H](N)C(N)=O.CC[C@H](C)[C@H](NC(=O)C[C@@H](CCSC)C(N)=O)C(N)=O.CS.N.N=C(N)N.N=C(N)NCCCC[C@H](NC(=O)[C@@H](N)Cc1c[nH]c2ccccc12)C(=O)C(=O)C[C@@H](CCCCN)C(=O)NCC(=O)O.NC(=O)C1CCC1.NC(=O)CCCC(=O)c1c[nH]cn1.NC=O.NCC=O
C%21(=O)[C@@H]%11CCCCN.C%25(=O)[C@@H]%15CCC(N)=O.C%27(=O)[C@@H](N)CCC%17.[C@H]%16(CCC%17)C(=O)O)[C@H]6C3=O.C2(=O)[C@@H]7[C@@H](C)O.C%22(=O)[C@@H]9C(C)C.C%24(=O)[C@@H]%10CC%18.C%26(=O)[C@@H]%12[C@@H](C)O.C3(=O)[C@@H]%15[C@@H](C)O.[C@@H]1%20CCCN1%21.C%12(=O)C8.N%14C(=N)N.C%15C4=O.N%17C(=N)N.C%25(=O)C%13.C%17C5=O.C%17%20=O.N26.N%137.N%238.N%249.S%25C.N%26%10.N%19%11.N%25%12.N3%14.N4%15.N5%16	INVALID
C%20(=O)[C@@H]%10CCCCN.C%22(=O)[C@@H]%11CCCCN.[C@H]%15(CCC(=O)O)C4=O.CC[C@H](C)[C@H]6C%25=O.[C@@H]%15(C3=O)[C@@H](C)CC.c1%19ccc(O)cc1.C%23(=O)[C@@H]%12[C@@H](C)O.[C@@H]%12(C%27=O)C(C)C.[C@@H]%17(C(=O)O)C(C)C.C2(=O)[C@@H]7C%19.[C@H]%14(CO)C2=O.[C@H]%16(C%18)C5=O.C%21(=O)[C@@H]9C.c1%18c[nH]cn1.C%22(=O)CN.N26.N%137.N%208.N%21%10.N%22%11.N%23%12.N%24%14.N%25%15.N2%15.N3%16.N5%17	CC(C)[C@@H](C=O)[C@H](C(N)=O)[C@@H](C)O.CCC(=O)N[C@@H](CCCCN)C(N)=O.CC[C@H](C)[C@@H](C(=O)N[C@@H](Cc1c[nH]cn1)C(=O)N[C@H](C(=O)O)C(C)C)[C@H](C=O)CCC(=O)O.CC[C@H](C)[C@@H]1NNNC1=O.NCCCC[C@H](N)C(=O)C(=O)CN.N[C@@H](CO)C(=O)C(=O)[C@@H](N)Cc1ccc(O)cc1
c1%99c[nH]c2ccccc12.[C@H]%46(CCC(=O)O)C%58=O.c1%99c[nH]c2ccccc12.[C@H]%62(CCC(=O)O)C%17=O.[C@H]%63(CCCCN)C%16=O.[C@H]%71(CCC(N)=O)C%24=O.[C@H]%89(CCC(=O)O)C%40=O.[C@H]%48(CCC%49)C%69=O.[C@H]%51(CCC%52)C%91=O.[C@H]%59(CC(C)C)C%11=O.[C@H]%60(CCC%61)C%12=O.[C@H]%67(CCC%68)C%19=O.[C@H]%71(CC(=O)O)C%21=O.[C@H]%73(CC(=O)O)C%26=O.[C@H]%72(CC(C)C)C%27=O.[C@H]%78(CCC%79)C%31=O.[C@H]%83(CCC%84)C%34=O.[C@H]%86(CC(N)=O)C%39=O.C%89C[C@H](N)C3=O.c10ccc(O)cc1.[C@@H]%54(C66=O)C(C)C.[C@@H]%74(C%28=O)C(C)C.[C@@H]%87(C%38=O)[C@@H]C)O.N13CCC[C@H]1%90.[C@H]%43(C%98)C%25=O.c1%98ccccc1.[C@H]%45(C%99)C%47=O.[C@H]%56(C%100)C9=O.[C@H]%57(C%97)C%10=O.N1%17CCC[C@H]1%92.N1%21CCC[C@H]1%93.N1%22CCC[C@H]1%94.[C@H]%74(CS)C%32=O.N1%32CCC[C@H]1%95.[C@H]%81(C%101)C%35=O.[C@H]%83(C3)C%37=O.N1%40CCC[C@H]1%96.[C@H]%88(CS)C%42=O.[C@H]%64(C)C%15=O.c1%97c[nH]cn1.[C@H]%75(C)C%28=O.c1%97c[nH]cn1.c1%98c[nH]cn1.C%44C%47=O.N%49C(=N)N.C%50C%80=O.N%52C(=N)N.C%53C%102=O.C%55C7=O.N%61C(=N)N.C%65C%20=O.N%62C(=N)N.N%68C(=N)N.C%76C%30=O.N%79C(=N)N.N%84C(=N)N.C%14%90=O.C%18%92=O.C%22%93=O.C%23%94=O.C%33%95=O.C%96(=O)O.CS%89.N%14%43.N%25%44.N%36%45.N%47%46.N%58%48.N%69%50.N%80%51.N%91%53.N5%54.N6%55.N8%56.N9%59.N%10%60.N%11%62.N%12%63.N%13%64.N%15%65.N%16%66.N%18%67.N%19%70.N%20%71.N%23%72.N%24%73.N%26%74.N%27%75.N%28%76.N%29%77.N%30%78.N%31%81.N%33%82.N%34%83.N%35%85.N%37%86.N%38%87.N%39%88.N%41%89	INVALID
C%36(=O)[C@@H](N)CCCCN.c1%35c[nH]c2ccccc12.[C@H]%17(CCC(N)=O)C%15=O.CC[C@H](C)[C@H]%19C%47=O.C3(=O)[C@@H]%20CC(=O)O.[C@H]%27(CCC%28)C%39=O.[C@H]%30(CC(N)=O)C7=O.[C@H]%38(CCC%39)C%17=O.C%14(=O)[C@@H]%21[C@@H](C)C.c1%35ccc(O)cc1.[C@@H]%24(C%50=O)[C@@H](C)O.[C@H]%22(C%35)C%49=O.[C@H]%23(C%37)C%51=O.c1%37ccccc1.N15CCC[C@H]1%33.[C@H]%23(C)C%42=O.[C@H]%34(C)C%11=O.[C@H]%32(C)C(=O)O.CC%41=O.C%26C4=O.C%29C9=O.C%33C%12=O.C%32C%10=O.C%34C%13=O.C%35C%16=O.N%39C(=N)N.C6%33=O.N3%19.N%14%20.N%25%21.N%36%22.N%47%23.N%48%24.N%39%26.N%40%27.N%41%29.N4%30.N6%31.N8%32.N9%33.N%10%44.N%11%45.N%12%46.N%13%27.N%15%29.N%16%30.N%18%32	CC(=O)NCC(=O)NC(N)=O.CCC[C@H](N)C(=O)CCCCC(=O)[C@@H](CCC(N)=O)C(N)=O.CC[C@H](C)[C@H](NC(=O)[C@H](CC(=O)O)NC(=O)[C@@H](N)C(C)C)C(N)=O.C[C@@H](C=O)[C@H](C=O)Cc1ccccc1.C[C@@H](O)[C@H](N)C=O.C[C@H](CC(N)=O)C(=O)O.C[C@H](CC(N)=O)C(N)=O.N=C(N)NNCC(=O)N[C@H](C=O)CC(N)=O.NC(=O)C[C@@H]1CCCN1.NCCCC[C@H](N)C(=O)N[C@H](C=O)CCC(N)=O.NN.Oc1ccc(-c2c[nH]c3ccccc23)cc1
CC[C@H](C)[C@H]%40C%22=O.C2(=O)[C@@H]%41CC(C)C.C2(=O)[C@@H]%42CCC%43.C%13(=O)[C@@H]%41CC(=O)O.C%13(=O)[C@@H]%42CC(C)C.C%24(=O)[C@@H]%44CC(C)C.C%46(=O)[C@@H]%47CC%48.C%57(=O)[C@@H]%49CCC%50.C%101(=O)[C@@H]%52CC(C)C.[C@H]%66(CCC%67)C%25=O.[C@H]%70(CC(C)C)C%28=O.[C@H]%73(CC(=O)O)C%31=O.[C@H]%82(CCC(=O)O)C(=O)O.c1%92ccc(O)cc1.C%21(=O)[C@@H](N)CC%83.[C@@H]%75(C%31=O)C(C)C.[C@@H]%80(C%38=O)[C@@H](C)O.[C@@H]%81(C%39=O)[C@@H](C)O.C%35(=O)[C@@H]%45C%92.C%79(=O)[C@@H]%52CS.[C@@H]1%84CCCN13.C4(=O)[C@@H]%53CS.C6(=O)[C@@H]%58CS.C%11(=O)[C@@H]%59C%89.C%12(=O)[C@@H]%62C%91.[C@@H][C@@H]1%85CCCN1%17.C%18(=O)[C@@H]%64CS.N1%23CCC[C@H]1%85.N1%28CCC[C@H]1%86.N1%32CCC[C@H]1%87.[C@H]%78(CO)C%36=O.c1%88c[nH]cn1.C5(=O)[C@@H]%55C.C7(=O)[C@@H]%56C.C%14(=O)[C@@H]%63C.C%15(=O)[C@@H]%65C.c1%89c[nH]cn1.c1%91c[nH]cn1.C%21(=O)[C@@H]%71C.[C@H]%76(C)C%37=O.N%43C(=N)N.C%68(=O)C%51.N%50C(=N)N.C5(=O)C%54.N%61C(=N)N.N%67C(=N)N.C%69C%23=O.C%72C%28=O.C%74C%30=O.C%77C%34=O.C%90%84=O.C%16%16%85=O.C%25%86=O.C%29%87=O.C%33%87==O.N2%40.N%13%41.N%24%42.N%35%44.N%46%45.N%57%47.N%68%49.N%79%51.N%90%52.N4%53.N5%54.N6%55.N7%56.N8%58.N9%59.N%10%61.N%11%62.N%14%63.N%15%64.N%16%65.N%18%66.N%19%69.N%20%70.N%21%71.S%83C.N%25%72.N%27%73.N%29%74.N%30%75.N%31%76.N%33%77.N%34%78.N%36%80.N%37%81.N%39%82	INVALID
C%28(=O)[C@@H]%15CCC(=O)O.C%32(=O)[C@@H]%13CCC%14.[C@H]%21(CCC%22)C(=O)O.C%23CC[C@H]8C%31=O.C%31(=O)[C@@H]%16CCC%23.C%34(=O)[C@@H](N)CC%25.c1%29ccc(O)cc1.C%13(=O)[C@@H]%10C%26.C%24(=O)[C@@H]%11CS.C%33(=O)[C@@H]%17CO.[C@H]%18(CO)C3=O.[C@H]%19(C%29)C4=O.[C@H]%20(C%28)C6=O.C2(=O)[C@@H]9C.c1%26c[nH]cn1.C%30(=O)[C@@H]%15C.c1%27c[nH]cn1.N%14C(=N)N.N%22C(=N)N.N%25C(=N)N.N28.N%139.N%24%10.N%26%11.N%30%12.N%31%14.N%32%15.N%33%16.S%33C.N%35%17.N4%19.N5%20.N7%21	CS.C[C@@H](C(N)=O)[C@@H](CCC(=O)O)C(=O)C[C@H](N)C=O.C[C@H](N)C(=O)N[C@H]1CCCCCC[C@H](NC(=O)[C@@H](N)CO)C(=O)C1=O.N.N=C(N)NCCC[C@@H](C(N)=O)C(=O)[C@H](Cc1c[nH]cn1)NC(=O)[C@@H](N)CS.N=C(N)NCCC[C@H](N)C(=O)O.N=C(N)NCC[C@H](N)C=O.O=C1N[C@H]1Cc1ccc(O)cc1.O=CCCO.c1c[nH]cn1
[C@H]%13(CCCCN)C%36=O.[C@H]%19(CCC(N)=O)C%39=O.[C@H]%20(CCCCN)C%43=O.c1%35c[nH]c2ccccc12.[C@H]%17(CCC%18)C6=O.[C@H]%21(CCC%22)C6=O.[C@H]%26(CC(C)C)C8=O.[C@H]%28(CC%29)C9=O.C%31C[C@H](N)C3=O.[C@@H]%16(C%40=O)[C@@H](C)O.c1%34ccc(O)cc1.[C@H]%11(CS)C%25=O.N1%36CCC[C@H]1%32.[C@H]%26(C%34)C7=O.N16CCC[C@H]1%33.[C@H]%27(CO)C%10=O.[C@H]%30(C%35)C%11=O.[C@H]%12(C)C%41=O.[C@H]%24(C)C4=O.N%18C(=N)N.N%22C(=N)N.C%23C9=O.C%38%32=O.C%33(=O)O.CS%31.N3%10.N%14%11.N%25%12.N%37%13.N%38%15.N%40%16.N%41%17.N%42%19.N%43%20.N4%21.N5%24.N6%26.N7%27.N8%28.N9%30	CC[C@H](NC(=O)[C@H](CC(C)C)[C@@H](Cc1ccc(O)cc1)C(=O)N[C@@H](CO)C(=O)NC(=O)[C@@H](N)CCSC)C(=O)C(C)=O.C[C@@H](O)[C@@H]1NC1=O.C[C@H](N)C(=O)N[C@@H](CCCNC(=N)N)C(=O)C(=O)[C@H](CCCNC(=N)N)NC(=O)[C@H](C)NC(=O)[C@H](CS)C(=O)[C@@H](N)Cc1c[nH]c2ccccc12.N.NC(=O)CC[C@H](N)C=O.NCCCC[C@@H]1NC1=O.NCCCC[C@H](N)C(=O)N1CCC[C@H]1C(N)=O.NN1CCC[C@H]1C(=O)O
C3(=O)[C@@H]%16CCCCN.c1%34c[nH]c2ccccc12.C%40(=O)[C@@H]%23CCCCN.C7(=O)[C@@H]%24CCC(=O)O.C4(=O)[C@@H]%26CCC(N)=O.C6(=O)[C@@H]%21CC(=O)O.CC(C)C[C@H]%15C%11=O.C%14(=O)[C@@H]%18CC(C)C.C%36(=O)[C@@H]%20C(C)C.C4(=O)[C@@H]%27CC%30.C8(=O)[C@@H]%28C(C)C.C%25(=O)[C@@H]%17C%27.c1%27ccccc1.C%33(=O)[C@@H]%22C%34.N1%10CCC[C@H]1%32.C%10(=O)[C@@H](N)C%29.c1%33c[nH]cn1.C6(=O)C%13.C%26C%12=O.C%32(=O)O.N3%15.N%14%16.N%25%17.N%36%18.N%38%19.N%39%20.N5%21.N6%23.N8%24.N9%26.S%30C.N%11%27.N%12%28	CC(=O)C(=O)[C@@H](N)CC(=O)O.CC(C)C[C@H](NC(=O)[C@H](CCCCN)NC(=O)[C@H](CC(C)C)NC(=O)[C@@H](N)C(C)C)C(=O)Nc1ccccc1.CSCC[C@H](C[C@@H]1NC1=O)C(=O)C(=O)[C@H](CCC(N)=O)CC(=O)N[C@H](C(=O)N[C@H](C=O)CCC(=O)O)C(C)C.C[C@H](N)C(=O)N1CCC[C@H]1C(=O)O.N.N.NCCCC[C@H](N)C=O.O=C(CCc1c[nH]c2ccccc12)c1c[nH]cn1
C%13(=O)[C@@H]%10CCC(N)=O.[C@H]%11(CCCCN)C%29=O.[C@H]%16(CCCCN)C4=O.CC[C@H](C)[C@H]8C%32=O.[C@H]%17(CCC%18)C5=O.[C@H]%20(CCC%21)C(=O)O.C%31(=O)[C@@H](N)CC%22.c1%26%27ccc(O)cc1.N1%13CCC[C@H]1%23.[C@H]%14(C%26)C3=O.c1%25c[nH]cn1.[C@H]%12(C)C%28=O.[C@H]%15(C)C%29=O.[C@H]%18(C)C5=O.C%24(=O)C9.N%18C(=N)N.C%12C%28=O.C%14C%30=O.C%15C%31=O.C%19C7=O.N%21C(=N)N.C2%23=O.C%37%24=O.N28.N%129.N%26%10.S%22C.N%26%11.N%28%12.N%29%14.N%30%15.N3%16.N4%17.N5%18.N6%19.N7%20	INVALID
CC(C)C[C@H]4C%20=O.C%19(=O)[C@@H](N)CC(C)C.[C@H]%10(CCC%11)C%23=O.[C@H]%14(CCC%15)C2=O.[C@@H]%16(C3=O)[C@@H](C)CC.C%18(=O)[C@@H](N)C(C)C.[C@@H]9(C%22=O)[C@@H](C)O.C2(=O)[C@@H]5CS.C%12(=O)[C@@H]6CS.C%13(=O)[C@@H]7CS.N1%23CCC[C@H]1%18.[C@H]%12(CO)C%26=O.[C@H]8(C)C%21=O.N%11C(=N)N.N%15C(=N)N.C%17C2)O.C%24%18=O.N24.N%135.N%196.N%207.N%218.N%229.N%23%10.N%24%12.N%25%14.N%27%16.N3%17	INVALID
[C@H]%21(CCCCN)C%47=O.[C@H]%24(CCCCN)C%50=O.[C@H]%27(CCCCN)C6=O.[C@H]%32(CCC(=O)O)C9=O.[C@H]%33(CCC(=O)O)C%12=O.c1%48c[nH]c2ccccc12.c1%49c[nH]c2ccccc12.[C@H]%38(CC%39)C(=O)O.C%40C[C@H]%17C%47=O.c1%46ccc(O)cc1.C%14(=O)[C@@H]%19[C@@H](C)O.C%36(=O)[C@@H](N)CC%41.[C@H]%20(CO)C%36=O.[C@H]%23(C%45)C%52=O.c1%45ccccc1.[C@H]%26(CO)C5=O.[C@H]%29(C%46)C7=O.[C@H]%32(C%48)C%10=O.N1%12CCC[C@H]1%42.[C@H]%34(CO)C%15=O.N1%15CCC[C@H]11%44.[C@H]%35(C%49)C%18=O.[C@H]%30(C)C4=O.C%28C6=O.C%32C8=O.N%39C(=N)N.C%12%42=O.C%14%43=O.C%16%44=O.CS%40.N3%17.N%14%18.N%25%19.N%36%20.N%42%21.N%43%22.N%50%23.N%51%24.N%52%26.N4%27.N5%28.N6%29.N7%30.N8%31.N9%32.N%10%33.N%11%34.N%15%35.N%16%37	INVALID
[C@H]%18(CC(=O)O)C5=O.CC[C@H]9C%29=O.C%13(=O)[C@@H]%10C(C)C.C%24(=O)[C@@H]%11C(C)C.C%26(=O)[C@@H]%12C(C)C.C%27(=O)[C@@H]%14CC%21.C%28(=O)[C@@H]%15C(C)C.[C@@H]%20C(=O)O)[C@@H](C)O.[C@H]%17(C%23)C3=O.c1%23ccccc1.[C@H]%17(CO)C6=O.CS%20.N29.N%13%10.N%24%11.N%25%12.N%26%13.N%27%14.N%27%15.N%28%16.N%29%17.N5%18.N6%19.N7%20	INVALID
C%24(=O)[C@@H]%15CCCCN.C%35(=O)[C@@H]%18CCCCN.C%37(=O)[C@@H](N)CC(N)=O.[C@H]%21(CCCCN)C4=O.[C@H]%29(CCCCN)C9=O.CC[C@H](C)[C@H]%12C%38=O.[C@H]%17(CC(C)C)C%41=O.[C@H]%31(CC(C)C)C(=O)O.[C@H]%25(CCC%25)C7=O.[C@H]%25(CCC%26)C8=O.[C@H]%32(CC(=O)O)C(=O)O.[C@@H]%27(C6=O)C(C)C.[C@H]%19(C%33)C%39=O.[C@H]%22(CO)C5=O.[C@H]%22(C%34)C9=O.c1%34ccccc1.c1%34c[nH]cn1.C2(=O)C%14.C%20C%42=O.N%26C(=N)N.C%30C%10=O.N%36C(=N)N.C%13%33=O.N2%12.N%13%14.N%24%15.N%35%16.N%37%17.N%38%18.N%39%19.N%40%20.N%41%21.N3%22.N5%23.N6%27.N7%28.N8%29.N9%30.N%10%31.N%11%32	CC(C)C[C@H](NC(=O)CN)C(=O)O.CC(C)C[C@H](NC(=O)[C@@H](N)CC(N)=O)C(=O)N[C@H](C=O)CCCCN.CC(C)[C@@H]1NC1=O.CC[C@H](C)[C@H](NC(=O)CNC(=O)C[C@@H]1NC1=O)C(=O)N[C@@H](CCCCN)C(N)=O.N.N=C(N)N.N=C(N)NCCCCC(=O)N[C@@H](CCCCN)C(=O)C(=O)[C@H](Cc1ccccc1)[C@@H](CO)C(N)=O.NC(=O)C1CCC1.NCC=O.NCCCC[C@@H]1NC1=O.N[C@@H](CC(=O)O)C(=O)O.c1c[nH]cn1
[C@H]%20(CCC(=O)O)C%38=O.c1%34cccccccc12.C%36(=O)[C@@H]%19CCC(=O)O.[C@H]%23(CCC(=O)O)C5=O.[C@H]%26(CCCCN)C7=O.[C@H]%27(CCC(N)=O)C%10=O.[C@H]%30(CCCCN)C(=O)O.CC[C@H](C)[C@H]%13C%40=O.[C@H]%22(CC(C)C)C6=O.[C@H]%24(CC(=O)O)C9=O.c1%35ccc(O)cc1.C3(=O)[C@@H]%15C%31.C%14(=O)[C@@H]%16C%32.C%25(=O)[C@@H]%18CO.C%36(=O)[C@@H]%20C%33.[C@H]%28(C%34)C8=O.c1%31c[nH]cn1.c1%32c[nH]cn1.C%39(=O)[C@H](C)N.N3%13.N%14%15.N%25%16.N%36%18.N%37%19.N%38%20.N%39%21.N%40%22.N3%23.N6%24.N7%26.N8%27.N9%29.N%10%30	INVALID
C%24(=O)[C@@H]%16CCCCN.C%40(=O)[C@@H]%23CCCCN.C%41(=O)[C@@H]%21CCCCN.[C@H]%28(CCCN)C%11=O.CC[C@H](C)[C@H]%14C8=O.C%35(=O)[C@@H]%18CCC%19.C%43(=O)[C@@H]%22CCC%23.C4(=O)[C@@H]%25CC(C)C.C5(=O)[C@@H]%27CCC%28.[C@H]%26(CC%34)C8=O.c1%39ccc(O)cc1.[C@@H]%29(C%10=O)C(C)C.[C@H]%32(CC%36)C(=O)O.C%37(=O)[C@@H]%17CS.C%38(=O)[C@@H]%18CO.C%40(=O)[C@@H]%20CCS.C%42(=O)[C@@H]%24CO.N19CCC[C@H]1%38.[C@H]%31(C%39)C%10=O.[C@H]%30(CS)C%14=O.C2(=O)C%15.N%19C(=N)N.N%23C(=N)N.N%28C(=N)N.C%30C6=O.C%32C%12=O.N2%14.N%13%15.N%24%15.N%35%16.N%40%17.N%41%18.N%42%20.N%43%21.N%44%22.N3%24.N5%25.N6%26.N7%27.S%36C.N8%28.N9%29.N%10%30.N%11%31.N%12%32.S%37C	CC(C)C[C@@H](C=O)NC(=O)[C@@H](N)CCC[C@@H](CCCN)C(=O)N[C@@H](Cc1ccc(O)cc1)C(=O)C(=O)[C@@H](NN1CCC[C@H]1C(=O)[C@H](CO)[C@@H](CCCNC(=N)N)C(=O)N[C@@H](CCCCN)C(=O)[C@@H](CO)C(=O)N[C@@H](CCS)C(=O)C(=O)[C@H](CCCCN)CCC[C@H](N)C(=O)N[C@@H](CCCCN)C(N)=O)C(C)C.CC[C@@H]1NC(=O)C[C@@H](CS)C(=O)[C@@H]([C@@H](C)CC)C(=O)C1=O.CSC(=O)[C@@H](N)CS.CSCC[C@H](CC(N)=O)C(=O)O.N.N=C(N)N.N=C(N)NN.NCC(N)=O.NN
C%20(=O)[C@@H]%10CCC(N)=O.c1%18c[nH]c2ccccc12.CC[C@H](C)[C@H]5C%24=O.[C@H]%12(CC(=O)O)C%24=O.c1%18ccc(O)cc1.C%22(=O)[C@@H]%11[C@@H](C)O.C%21(=O)[C@@H](N)CC%16.C%14(=O)[C@@H]7C%18.c1%17c[nH]cn1.[C@H]%14(C)C4=O.C%15C(=O)O.N35.N%146.N%207.N%218.N%229.N%23%11.N%24%12.N%25%13.S%16C.N4%15	CC[C@H](C)[C@H](N)C(=O)C(=O)[C@@H](N)CC(=O)O.CSCC[C@H](N)C(N)=O.C[C@@H](C(=O)NCC(=O)O)C(=O)[C@H](C)NC(=O)CCCC(N)=O.C[C@@H](O)[C@H](N)C(N)=O.N.N.Oc1ccc(-c2c[nH]c3ccccc23)cc1.c1c[nH]cn1
C2(=O)[C@@H]6CCC(=O)O.C%19(=O)[C@@H](N)CCCN.[C@H]%10(CC(C)C)C%22=O.C%16(=O)[C@@H]8[C@@H](C)C.C%18(=O)[C@@H]9CC%15.[C@H]%14(CO)C(=O)O.C%12C3==ONN24.N%135.N%126.N%178.S%15C.S%189.N%19%10.N%20%11.N%22%12.N%23%14	INVALID
C%29(=O)[C@@H]%10CCCCN.C%30(=O)[C@@H]%17CCC(=O)O.c1%29cc[nH]c2ccccc12.C%24(=O)[C@@H]%11CC(C)C.C%31(=O)[C@@H]%13CC(=O)O.C%32(=O)[C@@H]%15CC%16.[C@H]%19(CCC%20)C6=O.C%24C[C@H]8C4=O.C%31(=O)[C@@H]%10[C@@H](C)O.C%34(=O)[C@@H](N)CC%26.C%13(=O)[C@@H]9C%27.C%33(=O)[C@@H]%30C%28.c1%28ccccc1.[C@H]%22(C%29)C5=O.c1%27c[nH]cn1.N%16C(=N)N.C%32(=O)C.N%20C(=N)N.C%21C7=O.C%23C(=O)O.C6%26=O.CS%24.N38.N%149.N%25%10.N%31%11.N%32%13.N%33%15.N%33%17.S4C.N%36%18.N4%19.N6%21.N7%22.N8%23	INVALID
[C@H]8(CCC(=O)O)C%22=O.[C@H]9(CCC(=O)O)C%24=O.[C@H]%15(CCCCN)C3=O.[C@H]%16(CCCCN)C4=O.[C@H]%10(CCC%11)C%24=O.[C@H]%10(CC(=O)O)C%26=O.C%18C[C@H](N)C%13=O.[C@@H]7(C%21=O)[C@@H](C)O.[C@@H]%17(C%23=O)C(C)C.N1%13CCC[C@H]1%19.[C@H]%12(CO)C%27=O.[C@H]%15(CS)C5=O.NN%11C(=N)N.C3%19=O.CS%18.N26.N%207.N%218.N%229.N%23%10.N%24%12.N%25%14.N%26%15.N3%16.N4%17	CC(C)[C@H](NC(=O)[C@@H](N)CCCCN)C(N)=O.CSCC[C@H](N)C(=O)N1CCC[C@H]1C(=O)C(=O)[C@H](CCCCN)[C@H](C=O)CS.C[C@@H](O)[C@H](N)C(=O)N[C@@H](CCC(=O)O)C(=O)N[C@@H](CCC(=O)O)C(=O)C(=O)[C@H](CCCN(N)C(=N)N)[C@@H](CC(=O)O)C(N)=O.N.N.N[C@H](C=O)CO
C2(=O)[C@@H]9CCC(=O)O.C%32(=O)[C@@H]%18CCC(=O)O.CC[C@H](C)[C@H]8CC(C)C.C%29(=O)[C@@H]%16CC(=O)O.C%24(=O)[C@@H]%12CC%21.C%31(=O)[C@@H]%14C(C)C.C%36(=O)[C@@H]%17C(C)C.C7(=O)(N)C(C)C.C%13(=O)[C@@H]%10C%27.[C@@H]1%25CCCN1%31.C3(=O)[C@@H]%19CO.N17CCC[C@H]1%26.c1%27c[nH]cn1.C%28(=O)C%11.C%29(=O)C%15.C%30%26=O.C%26(=O)O.N28.N%139.N%24%10.N%24%11.S%22C.N%28%12.N%29%14.N%30%15.N%32%16.N3%17.N4%18.S%23C.N6%19.N7%20.S%25%25C	INVALID
C2(=O)[C@@H]9CCC(N)=O.CC[C@H](C)[C@H]8C5=O.C%31(=O)[C@@H]%11CC(C)C.C%30(=O)[C@@H]%18CC(N)=O.C4(=O)[C@@H](N)CCC%22.C%26(=O)[C@@H]%12C(C)C.C%28(=O)[C@@H]%16[C@@H](C)O.C3(=O)[C@@H]%18C(C)O.C%13(=O)[C@@H]%10CO.[C@@H]1%25CCCN1%28.C%33(=O)[C@@H]%17CO.N16CCC[C@H]1%26.C%29(=O)[C@@H]%15C.C%31(=O)[C@@H]%19C.C%26(=O)C%14.N%22C(=N)N.CC(=O)O.C%23C(=O)N.C%27%25=O.C7%26=O.N28.N%139.N%24%10.N%27%11.N%27%12.N%29%14.N%30%15.N%31%16.N%33%17.N5%18.N4%19.N%11%20.N%12%21.N6%23	CC(=O)O.CC(C)C[C@H](NC(=O)[C@@H]1CCCN1C(=O)[C@@H](N)[C@@H](C)O)C(=O)C(=O)[C@H](C)NC(=O)[C@@H](N)CCCNC(=N)N.CC(C)[C@H](N)C(=O)[C@@H]1CCCN1NCC(N)=O.CC(O)[C@@H](C=O)[C@@H](CC(N)=O)C(=O)N[C@@H](C)C(=O)NCC(=O)C=O.CC[C@H](C)[C@H](NC(=O)[C@H](CCC(N)=O)NC(=O)[C@@H](N)CO)C(N)=O.N.N.O=C1N[C@H]1CO
[C@H]4(CCCCN)C%20=O.[C@H]5(CCC6)C%17=O.[C@H]8(CCC9)C%18=O.[C@H]%12(CC(N)=O)C(=O)O.C%14C[C@H](N)C2=O.[C@H]4(C%15)C%19=O.[C@H]%107(C%16)C%19=O.c1%16ccccc1.[C@H]%10(CO)C%20=O.c1%15c[nH]cn1.N6C(=N)N.N9C(=N)N.C%11C%21=O.CS%14.N2%13.N%13%15.N%184.N%195.N%207.N%218.N%22%10.N%23%12	INVALID
C%47(=O)[C@@H]%24CCCCN.C%50(=O)[C@@H]%23CCCCN.[C@H]%26(CCC(=O)O)C%55=O.c1%50c[nH]c2ccccc12.[C@H]%42(CCC(=O)O)C%12=O.[C@H]%46(CCC(=O)O)C(=O)O.C3(=O)[C@@H]%18CC(=O)O.CC(C)C[C@H]%17C%53=O.C%25(=O)[C@@H]%20CCC%21.C%36(=O)[C@@H]%22CC(=O)O.[C@H]%27(CC(C)C)C%53=O.[C@H]%29(CCC%30)C6=O.[C@H]%33(CC(C)C)C%10=O.[C@H]%34(CCC%35)C%11=O.[C@H]%40(CCC%41)C%16=O.[C@H]%44(CC(C)C)C%15=O.N1%25CCC[C@H]1%49.C%14(=O)[C@@H]%19C.N%21C(=N)N.C%28C4=O.N%30C(=N)N.C%31C7=O.CC%48=O.C%32C8=O.C%37C%10=O.C%38C%13=O.C%39C%17=O.N%41C(=N)N.N3%17.N%14%17.N%25%18.N%36%19.N%36%20.N%47%22.N%51%24.N%52%26.N%53%27.N%54%28.N4%29.N5%31.N6%32.N7%33.N8%37.N9%38.N%10%39.N%11%40.N%12%42.N%13%43.N%15%44.N%16%46	CC(C)C[C@@H]1NC1=O.CC(C)C[C@H](C(=O)CN)C(=O)C(=O)[C@@H](N)CC(C)C.CC(C)C[C@H](NC(=O)CN)C(=O)C(=O)CNC(=O)CNC(=O)[C@H](CCCNC(=N)N)NC(=O)CN.CC=O.CCCCC(=O)N[C@@H](CCCNC(=N)N)C(=O)N[C@@H](CCC(=O)O)C(=O)O.C[C@H](NC(=O)[C@H](CC(=O)O)NC(=O)[C@@H](N)CCCCN)C(=O)NNC(=O)[C@@H](N)CC(=O)O.N=C(N)NCCC[C@H](N)C(=O)N1CCCC1.NCC(N)=O.NCCCCCC(=O)c1c[nH]c2ccccc12.N[C@H](C=O)CCC(=O)O.O=C(O)CC[C@@H]1NC1=O
[C@H]8(CCC(=O)O)C%12=O.[C@H]6(CC(C)C)C%23=O.[C@H]9(CC(=O)O)C%25=O.[C@@H]%11(C%25=O)[C@@H](C)CC.[C@H]%12(CCC%13)C%27=O.[C@H]%15(CCC%16)C3=O.[C@H]%18(CCC%19)C(=O)O.[C@H]5(CC%20)C%24=O.[C@H]7(CO)C%24=O.[C@H]%14(C%21)C%25=O.[C@H]%10(C)C%22=O.c1%21c[nH]cn1.C2(=O)CN.N%16C(=N)N.N%19C(=N)N.N15.N%136.N%207.N%228.N%239.N%24%10.N%25%11.N%26%14.N2%15.N3%17.N4%18	CC[C@H](C)[C@H](NC(=O)[C@@H](N)Cc1c[nH]cn1)C(=O)C(=O)[C@H](CC(=O)O)NC(=O)[C@H](CC(C)C)NCCC[C@@H](C=O)C(=O)[C@H](CCC(=O)O)NC(=O)[C@H](C)N.N=C(N)NCCC[C@H](N)C(=O)O.N=C(N)NCCC[C@H](NC(=O)CN)C(N)=O.N[C@H]1CCN[C@@H](CO)C(=O)C1=O
C%13(=O)[C@@H]%28CCC(=O)O.C%57(=O)[C@@H]%33CCC(=O)O.C%67(=O)[C@@H]%34CCC(=O)O.C%10(=O)[C@@H]%45CCCCN.C%19(=O)[C@@H]%51CCC(=O)O.C%20(=O)[C@@H]%56CCC(N)=O.C%21(=O)[C@@H]%60CCCCN.CC[C@H](C)[C@H]%26C%25=O.C%24(=O)[C@@H]%30CC(C)C.C%46(=O)[C@@H]%32CC(C)C.C%69(=O)[C@@H]%36[C@@H](C)CC.C3(=O)[C@@H]%38CC(C)C.C6(=O)[C@@H]%41CC(C)C.C7(=O)[C@@H]%42CC(=O)O.C%15(=O)[C@@H]%49CCC%50.C%16(=O)[C@@H]%52CCC%53.C%17(=O)[C@@H]%54CCC%55.C%18(=O)[C@@H]%58CC(=O)O.C%23(=O)[C@@H](N)CC(=O)O.C4(=O)[C@@H]%29[C@@H](C)O.c1%64ccc(O)cc1.c1%65ccc(O)cc1.C%66(=O)[C@@H]%34C%64.C5(=O)[C@@H]%40CO.C%11(=O)[C@@H]%47C%65.C%12(=O)[C@@H]%51C%65.C3(=O)[C@@H]%38C.C8(=O)[C@@H]%43C.C9(=O)[C@@H]%44C.C%14(=O)[C@@H]%48C.C2(=O)C%27.N%50C(=N)N.N%53C(=N)N.N%55C(=N)N.C%22(=O)C%59.C%62C(=O)O.N2%26.N%13%27.N%24%29.N%35%30.N%46%31.N%57%32.N%66%33.N%67%34.N%67%36.N3%37.N3%38.N4%39.N5%40.N6%41.N7%42.N8%43.N9%44.N%10%45.N%11%47.N%12%48.N%14%49.N%15%51.N%16%52.N%17%54.N%18%56.N%19%58.N%20%59.N%21%60.N%22%61.N%25%62	CC(C)C[C@@H]1NC1=O.CC(C)C[C@H](N)C(=O)N[C@H](C(N)=O)[C@@H](C)O.CC(C)C[C@H](NC(=O)[C@H](CCC(=O)O)NC(=O)[C@H](Cc1ccc(O)cc1)[C@@H](CCC(=O)O)C(N)=O)C(N)=O.CC(C)C[C@H]1C(=O)C(=O)[C@@H]1C.CC[C@H](C)[C@H](N)C=O.CC[C@H](C)[C@H](NC(=O)CNC(=O)CCCC(=O)O)C(=O)NCC(=O)O.C[C@@H]1NC1=O.C[C@@H]1NC1=O.C[C@H](NC(=O)[C@H](C)[C@@H](CCC(=O)O)C(=O)N[C@@H](CC(=O)O)C(=O)N[C@@H](CCC(N)=O)C(=O)NCC(N)=O)C(=O)N[C@@H](CCCNC(=N)N)C(N)=O.N=C(N)NCCC[C@@H]1NC1=O.N=C(N)NCCC[C@@H]1NC1=O.NCCCC[C@@H]1NC1=O.NCCCC[C@@H]1NC1=O.NN.N[C@H](C=O)CC(=O)O.O=C(O)C[C@@H]1NC1=O.O=C1N[C@H]1CO.O=C1N[C@H]1Cc1ccc(O)cc1
[C@H]%34(CCC(=O)O)C3=O.[C@H]%39(CCC(N)=O)C5=O.[C@H]%50(CCCCN)C%16=O.[C@H]%51(CCCCN)C%19=O.C%13(=O)[C@@H]%27CC(N)=O.C%35(=O)[C@@H]%30CC(C)C.C%46(=O)[C@@H]%29CC(N)=O.C%57(=O)[C@@H]%30CC(C)C.[C@H]%36(CCC%37)C5=O.[C@H]%38(CC(C)C)C9=O.[C@H]%44(CCC%45)C%12=O.[C@H]%47(CCC%48)C%15=O.[C@H]%49(CC(C)C)C%18=O.[C@H]%54(CCC%55)C%22=O.[C@H]%56(CC(N)=O)C%25=O.C%58C)[C@H]%26C%66=O.[C@@H]%41(C6=O)C(C)C.[C@H]%45(CC%59)C%17=O.[C@@H]%56(C(=O)O)[C@@H](C)O.C%24(=O)[C@@H]%28CS.C%64(=O)[C@@H]%32C%63.c1%63ccccc1.C%65(=O)[C@@H]%33C%64.c1%64ccccc1.N16CCC[C@H]1%60.N17CCC[C@H]1%61.c1%66ccccc1.[C@H]%40(CO)C%10=O.[C@H]%43(CS)C%12=O.N1%19CCC[C@H]1%62.[C@H]%53(CO)C%21=O.[C@H]%51(CS)C%23=O.C2(=O)CN.N%37C(=N)N.N%45C(=N)N.C%42C%14=O.C%52C%26=O.N%55C(=N)N.N%55C(=N)N.C8%60=O.C%20%61=O.CS%58.N2%25.N%13%26.N%24%27.N%35%28.N%46%29.N%64%30.N%65%31.N%66%32.N3%33.N4%34.N5%36.N8%38.N9%39.N%10%40.N%11%41.N%12%42.N%14%43.N%15%44.N%16%47.S%59C.N%17%47.N%18%49.N%20%50.N%21%51.N%22%52.N%23%53.N%25%54.N%26%56	INVALID
[C@H]%54(CCC(=O)O)C%15=O.[C@H]%57(CCC(=O)O)C%20=O.c1%85c[nH]c2ccccc12.[C@H]%63(CCC(N)=O)C%31=O.CC[C@H](C)[C@H]%37C%10=O.C3(=O)[C@@H]%37CC(C)C.[C@H]%42(CCC%43)C%10=O.[C@H]%49(CC(N)=O)C%12=O.[C@H]%50(CC(=O)O)C%13=O.[C@H]%52(CC(C)C)C%15=O.[C@H]%55(CC(C)C)C%19=O.[C@@H]%56(C%21=O)[C@@H](C)CC.[C@H]%62(CC(C)C)C%28=O.[C@H]%63(CC(C)C)C%33=O.C%14(=O)[C@@H]%39CC%68.C8(=O)[C@@H]%46CC%70.C9(=O)[C@@H](N)CC%71.c1%86ccc(O)cc1.[C@H]%65(CCC%71)C%34=O.[C@@H]%66(C%35=O)C(C)C.[C@@H]1%72CCCN1%47.C%25(=O)[C@@H]%39CO.[C@@H]1%73CCCN1%86.C%79(=O)[C@@H]%42CO.C%86(=O)[C@@H]%44CO.[C@@H]1%74CCCN15.[C@@H]1%75CCCN17.C7(=O)[C@@H]%46C%84.c1%84ccccc1.N1%23CCC[C@H]1%76.N1%23CCC[C@H]1%77.N1%27CCC[C@H]1%78.N1%29CCC[C@H]1%79.[C@H]%64(C%81)C%32=O.[C@H]%65(C%82)C%32=O.[C@H]%67(C%83)C(=O)O.C%47(=O)[C@@H]%40C.C%69(=O)[C@@H]%41C.[C@H]%51(C)C%16=O.[C@H]%53(C)C%18=O.[C@H]%60(C)C%23=O.[C@H]%61(C)C%27=O.[C@H]%62(C)C%30=O.c1%81c[nH]cn1.c1%83c[nH]cn1.N%43C(=N)N.C%36%72=O.C%80%73=O.C4%74=O.C6%75=O.C%20%76=O.C%24%77=O.C%29%78=O.C%30%79=O.N3%37.S%68C.N%25%38.N%36%39.N%58%40.N%69%41.N%80%42.N4%43.NN6%44.N8%45.S%70C.N%10%46.N%11%48.N%12%49.N%13%50.N%15%51.N%16%52.N%17%53.N%18%54.N%19%55.N%20%56.N%22%57.N%24%59.N%26%60.N%27%61.N%30%62.N%31%63.N%32%64.N%33%65.S%71%71C.N%34%66.N%35%67%67	INVALID
C2(=O)[C@@H]%27CCCCN.C%35(=O)[C@@H]%30CCC(N)=O.C7(=O)[C@@H]%39CCCCN.[C@H]%48(CCC(=O)O)C%16=O.[C@H]%49(CCCCN)C%17=O.[C@H]%52(CCC(=O)O)C%19=O.[C@H]%54(CCC(N)=O)C%22=O.CC[C@H](C)[C@H]%26C9=O.C%24(=O)[C@@H]%29CC(=O)O.C%46(=O)[C@@H]%31[C@@H](C)CC.C%63(=O)[C@@H]%33CC(C)C.C%65(=O)[C@@H]%34CC(C)C.C3(=O)[C@@H]%36CC(C)C.C4(=O)[C@@H]%37CC(=O)O.[C@H]%42(CCC%43)C%12=O.[C@H]%47(CCC%48)C%16=O.[C@H]%51(CC(C)C)C%21=O.[C@H]%56(CC(N)=O)C(=O)O.C%57(=O)[C@@H]%32C(C)C.C8(=O)[C@@H](N)CC%58.[C@@H]%50(C%20=O)[C@@H](C)O.C4(=O)[C@@H]%38CO.N1%10CCC[C@H]1%60.[C@H]%44(CO)C%15=O.[C@H]%55(C%62)C%23=O.N1%23CCC[C@H]1%61.[C@H]%41(C)C%10=O.[C@H]%49(C)C%18=O.c1%62c[nH]cn1.C5(=O)C%40.N%37C(=N)N.N%43C(=N)N.N%48C(=N)N.C%11%60=O.C%25%61=O.N2%26.N%13%27.N%24%28.N%35%29.N%46%30.N%57%31.N%64%32.N%65%33.N%66%34.N3%36.N4%37.N5%38.N6%39.N7%40.N8%41.S%58C.N9%42.N%11%44.N%12%45.N%14%47.N%15%49.N%16%50.N%17%51.N%18%52.N%19%53.N%20%54.N%21%55.N%22%56	CC(C)C[C@@H](C=O)NC(=O)[C@@H](N)CC(C)C.CC(C)C[C@@H]1NC1=O.CC(C)C[C@H](NC(=O)[C@H](CCCCN)[C@@H](C)C(=O)N[C@@H](CCC(=O)O)C(N)=O)C(=O)N[C@@H](Cc1c[nH]cn1)C(=O)N1CCC[C@H]1C=O.CC[C@H](C)[C@H](NC(=O)[C@@H](N)C(C)C)C(=O)N[C@@H](CCC(N)=O)C(=O)N[C@@H](CC(=O)O)C(N)=O.CC[C@H](C)[C@H](NC(=O)[C@@H](N)CCCCN)C(=O)N[C@@H](CCCNC(=N)N)C(N)=O.CSCC[C@H](N)C(=O)N[C@@H](C)C(=O)N1CCC[C@H]1C(=O)N[C@@H](CO)C(N)=O.C[C@@H](O)[C@H](N)C(=O)N[C@@H](CCC(N)=O)C(=O)N[C@@H](CC(N)=O)C(=O)O.N.N=C(N)N.N=C(N)N[C@@H](CC(=O)O)C(=O)C(=O)[C@H](CO)NC(=O)CNC(=O)[C@@H](N)CCCCN.N[C@H]1CCC[C@@H](CCC(=O)O)C(=O)C1=O
c1%29c[nH]c2ccccc12.[C@H]%17(CCC(=O)O)C%35=O.[C@H]%22(CCCCN)C7=O.CC[C@H](C)[C@H]9C%30=O.[C@H]%20(CCC%21)C5=O.[C@@H]%22(C6=O)[C@@H](C)CC.[C@H]%11(CC%28)C%31=O.[C@@H]%16(C%32=O)C(C)C.[C@@H]%15(C%36=O)[C@@H](C)O.[C@@H]%23(C8=O)C(C)C.C3(=O)[C@@H]%11CS.C%29(=O)[C@@H](N)C%29.[C@H]%19(CO)C%34=O.[C@H]%16(CO)C%37=O.[C@H]%18(CS)C3=O.[C@H]%26(CS)C(=O)O.C%14(=O)[C@@H]%11C.[C@H]%26(C)C6=O.C%13C%35=O.N%21C(=N)N.N3%10.N%14%11.S%28C.N%25%12.N%30%13.N%31%15.N%32%16.N%33%17.N%34%18.N%35%19.N%38%20.N4%20.N5%22.N6%23.N7%24.N8%26	CC(C)[C@@H](C(N)=O)[C@H](C=O)CO.CC(C)[C@H](N)C(N)=O.CC[C@H](C)CC(=O)NCC(=O)C(=O)[C@@H](N)CCC(=O)O.CC[C@H](C)[C@@H](C(=O)C(=O)[C@H](C)[C@@H](CS)C(=O)O)[C@@H](CCCCN)C(N)=O.CSCC[C@@H](C(=O)N[C@H](C=O)[C@@H](C)O)[C@@H](CS)C(=O)C(=O)[C@H](CS)NC(=O)[C@@H](N)CO.C[C@@H]1NC1=O.C[C@H](N)C(=O)c1c[nH]c2ccccc12.N.N.N.N=C(N)NCCC[C@H](N)C(N)=O
C5(=O)[C@@H]%45CCC(=O)O.C%10(=O)[C@@H](N)CCC(N)=O.[C@H]%59(CCC(=O)O)C%19=O.[C@H]%61(CCC(=O)O)C%20=O.[C@H]%64(CCC(=O)O)C%25=O.CC[C@H](C)[C@H]%32C%11=O.C%24(=O)[C@@H]%36CC(=O)O.C%35(=O)[C@@H]%37CC(C)C.C%46(=O)[C@@H]%38CCC%39.C%68(=O)[C@@H]%40CC(=O)O.C6(=O)[C@@H]%47CC(N)=O.C7(=O)[C@@H]%48CCC%49.C9(=O)[C@@H]%50CC(=O)O.C%10(=O)[C@@H]%52CC(N)=O.C%12(=O)[C@@H]%55CCC%58.[C@H]%62(CC(C)C)C%21=O.[C@H]%67(CCC%69)C%28=O.[C@H]%67(CCC%69)C%29=O.[C@H]%73(CCC%74)C(=O)O.C2(=O)[C@@H]%33C(C)C.C%84(=O)[C@@H]%42C(C)C.C%79(=O)[C@@H]%51C(C)C.[C@H]%63(CC%76)C%23=O.C%24(=O)[C@@H]%34C%80.c1%80ccccc1.C8(=O)[C@@H]%50C%81.c1%81ccccc1.C%14(=O)[C@@H]%55CO.[C@H]%54(CO)C%15=O.N1%16CCC[C@H]1%77.N1%17CCC[C@H]1%78.[C@H]%62(C%82)C%26=O.c1%82ccccc1.[C@H]%65(CO)C%27=O.C%13(=O)[C@@H]%34C.C%57(=O)[C@@H]%41C.C3(=O)[C@@H]%43C.C3(=O)[C@@H]%44C.[C@H]%53(C)C%16=O.[C@H]%60(C)C%25=O.[C@H]%71(C)C%31=O.N%49C(=N)N.N%58C(=N)N.N%69C(=N)N.C%72C%30=O.N%74C(=N)N.C%17%77=O.C%18%78=O.N2%32.N%13%33.N%24%34.N%35%36.N%46%37.N%57%38.N%68%40.N%79%41.N%84%42.N3%43.N4%44.N6%44.N7%45.N8%47.N9%48.N%10%50.N%11%51.N%12%52.N%14%53.N%15%54.N%18%56.N%19%59.N%19%60.N%20%61.N%21%62.N%22%63.S%75C.N%23%64.N%25%65.N%26%66.N%27%67.N%28%70.N%29%71.N%30%72.N%31%73	CC(C)C[C@@H](C(N)=O)[C@@H](Cc1ccccc1)C(N)=O.CC(C)[C@@H]1NC1=O.CCC[C@@H]1NC(=O)[C@H](C)NC(=O)[C@H](C(C)C)NC(=O)[C@H]([C@@H](C)CC)NC(=O)[C@H](C(C)C)NC(=O)[C@H](C)[C@@H](Cc2ccccc2)C(=O)C(=O)[C@H](CC(=O)O)NC(=O)[C@H](CC(C)C)NC1=O.CC[C@H](N)C(=O)N[C@@H](CCC(=O)O)C(=O)C(=O)[C@H](C)N.CS.C[C@H](N)C(=O)C(=O)[C@H](C)N.C[C@H](NC(=O)[C@@H]1CCCCCC[C@H]1C(N)=O)C(=O)N[C@@H](CCCNC(=N)N)C(=O)O.C[C@H](NC(=O)[C@H](CO)[C@@H](CCCNC(=N)N)C(=O)N[C@@H](CC(N)=O)C(=O)C(=O)[C@@H](N)CCC(N)=O)C(=O)N1CCC[C@H]1C(=O)N1CCC[C@H]1C(N)=O.N.N.N=C(N)N.N=C(N)NCCC[C@H](NC(=O)[C@H](CC(=O)O)[C@@H](Cc1ccccc1)C(=O)N[C@@H](CC(N)=O)C(N)=O)C(=O)N[C@H](C=O)CCC(=O)O.NC(=O)[C@@H](N)CO.O=C(O)CC[C@@H]1NC1=O.O=C(O)CC[C@@H]1NC1=O.O=C(O)C[C@@H]1NC1=O.O=C1CN1.O=C1N[C@H]1CO
C2(=O)[C@@H]%26CCC(=O)O.C%24(=O)[C@@H]%27CCCCN.C9(=O)[C@@H]%40CCCCN.[C@H]%42(CCC(N)=O)C%15=O.[C@H]%50(CCCCN)C%19=O.CC[C@H](C)[C@H]%25C%11=O.C%46(=O)[C@@H]%28CC(C)C.C%64(=O)[C@@H]%30CCC%31.[C@H]%43(CCC%44)C%15=O.[C@@H]%45(C%17=O)[C@@H](C)CC.[C@H]%48(CC(N)=O)C%18=O.[C@H]%49(CC(=O)O)C%20=O.[C@H]%51(CC(N)=O)C%21=O.[C@H]%54(CC%55)C(=O)O.c1%61ccc(O)cc1.C%10(=O)[C@@H](N)CC%56.c1%62ccc(O)cc1.[C@@H]1%58CCCN1%46.C%57(=O)[C@@H]%29CO.C%65(=O)[C@@H]%32CS.C3(=O)[C@@H]%34C%61.C4(=O)[C@@H]%37C%62.C5(=O)[C@@H]%36CO.C7(=O)[C@@H]%39C%63.c1%63ccccc1.C%10(=O)[C@@H]%41C%60.[C@H]%52(C%60)C%14=O.N1%22CCC[C@H]1%59.C6(=O)[C@@H]%38C.C%12(=O)[C@@H]%41C.c1%60c[nH]cn1.C%46(=O)C%29.N%31C(=N)N.N%44C(=N)N.N%55C(=N)N.C%35%58=O.C%23%59=O.N2%25.N%13%26.N%24%27.N%35%28.N%57%29.N%64%30.N%65%32.N3%33.N4%34.N5%36.N6%37.N7%38.N8%39.N9%40.N%10%41.S%56C.N%11%42.N%12%43.N%14%45.N%15%47.N%16%48.N%17%49.N%18%50.N%19%51.N%20%52.N%22%54	CC(C)C[C@@H]1NC(=O)[C@@H]2CCCN2C1=O.CC[C@H](C)[C@@H]1NC(=O)[C@H](CC[C@@H](C(=O)C(=O)[C@@H](N)CCSC)[C@@H](C)C(=O)N[C@@H](CCCNC(=N)N)C(=O)C(=O)[C@H](CCC(N)=O)NC(=O)[C@@H](NC(=O)[C@@H](N)CCC(=O)O)[C@@H](C)CC)NC(=O)[C@H](CC(=O)O)NC1=O.C[C@H](NC(=O)[C@@H](N)Cc1ccccc1)C(=O)N[C@@H](Cc1ccc(O)cc1)C(=O)N[C@@H](Cc1ccc(O)cc1)C(N)=O.N.N.N=C(N)NCCC[C@@H]1NC1=O.N=C(N)NCC[C@H](NN1CCC[C@H]1C=O)C(=O)O.NC(=O)[C@H](CO)CC=O.NCCCC[C@@H]1NC1=O.NCCCC[C@@H]1NC1=O.NCCCC[C@H](NC(=O)[C@@H](N)CC(N)=O)C(=O)N[C@H](C=O)CC(N)=O.O=C1N[C@H]1CO.O=C1N[C@H]1CS.c1c[nH]cn1
C%13(=O)[C@@H]6CCC(N)=O.CC(C)C[C@H]5C%20=O.C%18(=O)[C@@H](N)CC(N)=O.[C@H]9(CCC%10)C%24=O.[C@H]%11(CCC%15)C%25=O.[C@H]%16(CC(=O)O)C%35=O.[C@H]%15(CC(C)C)C2=O.[C@H]%17(CC(C)C)C3=O.[C@H]%18(CC(=O)O)C4=O.[C@@H]7(C%21=O)C(C)C.[C@@H]%12(C%23=O)[C@@H](C)O.[C@H]%10(CS)C%24=O.N16CCC[C@H]1%19.C1(=O)C6.N%10C(=N)N.N%18C(=N)N.C7%19=O.N24.N%125.N%206.N%227.N%238.N%249.N%25%11.N%26%12.N%27%14.N2%16.N3%17.N4%18	CC(C)C[C@@H]1NC1=O.CC(C)C[C@H](CCC[C@@H]1NC1=O)C(=O)NC(=O)[C@H](CC(=O)O)C(=O)[C@@H](N)CC(N)=O.CC(C)C[C@H](N[C@H](C(N)=O)[C@@H](C)O)C(=O)NCC=O.CC(C)[C@@H](C=O)C(=O)[C@@H]1CCCN1[C@H](C=O)CCC(N)=O.N.N.N.N=C(N)N.N=C(N)NN.N[C@H](C=O)CC(=O)O.N[C@H]1CCC[C@@H](CS)C(=O)C1=O
