[C@H]%15(CCCN=C(N)N)C7=O.[C@H]%16(CCCN=C(N)N)C(N)=O.[C@H]%11(CCCCN)C%29=O.CC[C@H](C)[C@H]8C%28=O.[C@H]%12(CC(=O)O)C%31=O.c1%23ccc(O)cc1.C%13(=O)[C@@H]9C(C)C.[C@H]%12(CCN)C3=O.c1%25ccc(O)cc1.[C@@H]1%17CCCN1%13.C%24(=O)[C@@H]%10C%23.[C@@H]1%17CCCN1%26.N1%29CCC[C@H]1%19.N1%31CCC[C@H]1%20.N13CCC[C@H]1%21.[C@H]%14(C%25)C5=O.N15CCC[C@H]1%22.C%27(=O)CN.C2%17=O.C%24%18=O.C%30%19=O.C3%20=O.C4%21=O.C6%22=O.N28.N%249.N%27%10.N%28%11.N%30%12.N4%14.N6%15.N7%16	CC(C)[C@H](N)C(=O)N1CCC[C@H]1[C@@H]1CCCN1.CC[C@H](C)[C@H](NC=O)C(=O)N[C@@H](CCCCN)C(=O)N1CCC[C@H]1C(N)=O.NCC(=O)N[C@@H](Cc1ccc(O)cc1)C(=O)C=O.NCC[C@@H](C(=O)N1CCC[C@H]1C(=O)N[C@@H](Cc1ccc(O)cc1)C(=O)N1CCC[C@H]1C(=O)N[C@@H](CCCN=C(N)N)C(=O)N[C@@H](CCCN=C(N)N)C(N)=O)[C@@H](CC(=O)O)C(=O)N1CCC[C@H]1C=O
C3(=O)[C@@H]8CCCN=C(N)N.[C@H]%19(CCCN=C(N)N)C(N)=O.C%14(=O)[C@@H]9CCC(N)=O.c1%20cccc2ccccc12.[C@H]%14(CCCCN)C%27=O.[C@H]%17(CCCCN)C5=O.CC[C@H](C)[C@H]7C%24=O.C%21(=O)[C@@H]%10CC(N)=O.[C@@H]%15(C%26=O)[C@@H](C)CC.[C@@H]%18(C6=O)C(C)C.C%22(=O)[C@@H]%11C%20.[C@H]%12(CS)C%25=O.[C@H]%16(CS)C4=O.[C@H]%17(C)C6=O.N37.N%148.N%219.N%22%10.N%23%11.N%24%12.N%25%13.N%26%15.N%27%16.N4%17.N5%18.N6%19	CC(C)[C@@H]1NC(=O)[C@H](CCCCN)[C@@H](C)C(=O)C1=O.CC[C@H](C)[C@@H]1NC1=O.CC[C@H](C)[C@H](NC(=O)[C@@H](N)CCCN=C(N)N)C(=O)N[C@@H](CS)C(N)=O.NC(=O)[C@@H](N)CCCN=C(N)N.NCCCC[C@@H](C(=O)N[C@@H](CS)C(N)=O)C(=O)[C@H](CCC(N)=O)NC(=O)[C@H](CC(N)=O)NC(=O)[C@@H](N)Cc1cccc2ccccc12
C9(=O)[C@@H](N)CCCN=C(N)N.C2(=O)[C@@H]%16CCCCN.C8(=O)[C@@H]3CCCCN.[C@H]4(CCCCN)C%13=O.[C@H]5(CCC(=O)O)C%14=O.CC(C)[C@H]%15C%10=O.N1%12CCC[C@H]17.[C@H]6(CO)C(=O)O.C%11(=O)[C@H](C)N.C%127=O.N2%15.N9%16.N%103.N%114.N%135.N%146	CC(C)[C@H](NC(=O)[C@H](CCCCN)NC(=O)[C@@H](N)CCCN=C(N)N)C(=O)N[C@H](C=O)CCCCN.C[C@H](N)C(=O)N[C@@H](CCCCN)C(=O)N[C@@H](CCC(=O)O)C(=O)N[C@@H](CO)C(=O)O.O=C1[C@@H]2CCCN12
C2(=O)[C@@H]%14CCCN=C(N)N.C%13(=O)[C@@H]%15CCCN=C(N)N.C%38(=O)[C@@H]%17CCCN=C(N)N.[C@H]%25(CCCN=C(N)N)C(N)=O.C6(=O)[C@@H]%20CCCCN.CC[C@H](C)[C@H]%12C9=O.C%40(=O)[C@@H]%18CC(C)C.C7(=O)[C@@H]%21CC(=O))O.[C@H]%23(CC(N)=O)C%11=O.c1%33ccc(O)cc1.C8(=O)[C@@H](N)C(C)C.c1%34ccc(O)cc1.[C@@H]1%26CCCN1%35.C%35(=O)[C@@H]%16C%33.[C@@H]1%26CCCN1%36.[C@@H]1%27CCCN1%38.[C@@H]1%28CCCN1%40.[C@@H]1%29CCCN1%41.[C@@H]1%30CCCN15.[C@@H]1%31CCCN16.[C@H]%22(C%34)C%10=O.c1%32cnc[nH]1.C%24%26=O.C%35%27=O.C%37%28=O.C%39%29=O.C4%30=O.C5%31=O.N2%12.N%13%14.N%24%15.N%37%16.N%39%17.N3%18.N4%19.N7%20.N8%21.N9%22.N%10%23.N%11%25	INVALID
CCCCCCCCCCCCCC3=O.[C@H]7(CCCN=C(N)N)C%19=O.[C@H]9(CCCN=C(N)N)C%22=O.[C@H]%13(CCCN=C(N)N)C%25=O.[C@H]8(CCCCN)C%20=O.[C@H]%11(CCCCN)C%23=O.c1%18c[nH]c2ccccc12.[C@H]%16(CCCN)C4=O.[C@@H]%10(C%21=O)C(C)C.[C@@H]%12(C%24=O)C(C)C.[C@@H]%15(C4=O)C(C)C.[C@H]6(C%18)C%14=O.[C@H]%17(C)C(N)=O.N36.N%147.N%198.N%209.N%21%10.N%22%11.N%23%12.N%24%13.N%25%15.N4%16.N5%17	CC(C)[C@@H]1NC1=O.CCCCCCCCCCCCCC(=O)N[C@@H](Cc1c[nH]c2ccccc12)C(=O)N[C@@H](CCCN=C(N)N)C(=O)N[C@@H](CCCCN)C(=O)N[C@@H](CCCN=C(N)N)C(=O)N[C@@H](CCCCN)C(=O)N[C@H](C(=O)N[C@@H](CCCN=C(N)N)C(=O)N[C@H](C(=O)C(=O)[C@@H](N)CCCN)C(C)C)C(C)C.C[C@H](N)C(N)=O
[C@@H]16NC(=O)CNC(=O)[C@H]7NC(=O)CNC(=O)[C@H]8NC(=O)[C@@H]2CSSC[C@H]%41C(=O)N[C@@H]9C(=O)N[C@@H]%10C(=O)N[C@@H]%11C(=O)N[C@@H]%12C(=O)NCC(=O)N[C@@H]%13C(=O)N[C@@H]%14C(=O)N[C@@H]%15C(=O)NCC(=O)N[C@@H]%17C(=O)N2)NC(=O)[C@H]%18NC(=O)CNC(=O)[C@H]%19NC(=O)[C@H]%20NC(=O)[C@H]%21NC1=O)NC(=O)[C@@H]2CCCN3C(=O)CNC(=O)[C@H]%23NC(=O)[C@H]%24NC(=O)CNC(=O)CNC(=O)[C@H]%25NC(=O)[C@H]%28NC(=O)[C@H]%29NC1=O.c1%35c[nH]c2ccccc12.c1%39c[nH]c2ccccc12.[C@H]%45(CCC(=O)O)C%39=O.c1%40c[nH]c2ccccc12.[C@H]6(CC(C)C)C%27=O.[C@@H]7(C%40=O)[C@@H](C)CC.[C@@H]%46(C%42=O)[C@@H](C)O.c1%41ccc(O)cc1.c1%33ccccc1.C5(=O)[C@@H]%44CO.c1%36ccccc1.[C@@H]1%42CCCN1%47.C%16(=O)[C@H](C)N.C8CCCN.C%17CCCN.c1%31cnc[nH]1.C%21CCCN.C%29CCCN.c1%32cnc[nH]1.C%33CCCN.C%34CCCN.C%36CCCN.[C@H]C(C)CC.C%11C(N)=O.C%17C(C)C.[C@H]%13(C)O.C%19C%43.N%10C(=N)N.C%28%42=O.N5%44.N%16%41.N%27%43.C%12%35.C%14O.C%18%37.C%19%43.C%20O.C%22%37.C%23%38.C%24O.C%25%45.C%26O.C%27O.C%30%38	INVALID
[C@H]9(CCCN=C(N)N)C%25=O.[C@H]%15(CCCN=C(N)N)C4=O.[C@H]%17(CCCN=C(N)N)C6=O.c1%19c[nH]c2ccccc12.c1%20c[nH]c2ccccc12.[C@H]%10(CCCCN)C%26=O.c1%21c[nH]c2ccccc12.c1%22c[nH]c2ccccc12.c1%23c[nH]c2ccccc12.CC[C@H](C)[C@H](N)C3=O.[C@H]%18(CC(C)C)C(N)=O.[C@H]7(C%20)C%14=O.N1%26CCC[C@H]1%19.[C@H]%12(C%21)C%28=O.[C@H]%13(C%22)C%30=O.[C@H]%16(C%23)C5=O.C%27%19=O.N37.N%148.N%249.N%25%10.N%27%11.N%28%12.N%29%13.N%30%15.N4%16.N5%17.N6%18	CC(C)C[C@H](NC(=O)[C@H](CCCN=C(N)N)NC(=O)[C@H](Cc1c[nH]c2ccccc12)NC(=O)[C@H](CCCN=C(N)N)NC(=O)[C@@H](N)Cc1c[nH]c2ccccc12)C(N)=O.CC[C@H](C)[C@H](N)C(=O)N[C@@H](Cc1c[nH]c2ccccc12)C(N)=O.NC=O.NCCCC[C@H](NC(=O)[C@@H](N)CCCN=C(N)N)C(=O)N1CCC[C@H]1c1c[nH]c2ccccc12.O=C1N[C@H]1Cc1c[nH]c2ccccc12
C3(=O)[C@@H]6CCCCN.C%14(=O)[C@@H]7CCCCN.c1%16c[nH]c2ccccc12.C%19(=O)[C@@H](N)CCCCN.[C@H]%10(CCCCN)C%22=O.[C@H]%11(CCCCN)C%23=O.CC[C@H](C)[C@H]5C%20=O.C%17(=O)[C@@H]8CC(C)C.[C@H]9(CC(C)C)C%21=O.[C@H]%13(CC(C)C)C4=O.C%18(=O)[C@@H]9C%16.[C@H]%12(CO)C%24=O.N35.N%145.N%176.N%177.N%188.N%199.N%20%10.N%21%11.N%22%12.N%23%13.N4%15	CC[C@H](C)[C@H](NC(=O)[C@H](CCCCN)NC(=O)[C@H](CC(C)C)NC(=O)[C@H](Cc1c[nH]c2ccccc12)[C@@H](CC(C)C)C(=O)N[C@@H](CCCCN)C(=O)N[C@@H](CC(C)C)C(N)=O)C(=O)N[C@@H](CCCCN)C(=O)N[C@H](C=O)CO.NCCCC[C@H](N)C(N)=O.NCCCC[C@H](N)C(N)=O
CCCCCCCCCCCC3=O.[C@H]%14(CCN)C%10=O.c19c[nH]c2ccccc12.[C@@H]%17(C%12=O)[C@@H](C)CC.[C@@H]5(C%14=O)[C@@H](C)CC.[C@H]%16(C7)C%11=O.[C@H]4(C8)C%13=O.c18ccccc1.[C@H]6(C9)C(=O)O.c17cnc[nH]1.N3%15.N%10%16.N%11%17.N%124.N%135.N%146	CCCCCCCCCCCC(N)=O.CC[C@H](C)[C@@H]1NC(=O)[C@H](Cc2cnc[nH]2)NC(=O)[C@H](CCN)C(=O)[C@H]([C@@H](C)CC)NC(=O)[C@H](Cc2ccccc2)NC1=O.N[C@@H](Cc1c[nH]c2ccccc12)C(=O)O
NC(=O)[C@@H]%14CCCN=C(N)N.C%10(=O)[C@@H]%16CCCN=C(N)N.C%11(=O)[C@@H]4CCCN=C(N)N.c17c[nH]c2ccccc12.c18c[nH]c2ccccc12.c19c[nH]c2ccccc12.C3(=O)[C@@H]%15C6.C%10(=O)[C@@H]%17C7.C%12(=O)[C@@H]5C8.C%13(=O)[C@@H](N)C9.N3%14.N%10%15.N%11%16.N%124.N%135	C[C@H](N)C(=O)N[C@@H](CCCN=C(N)N)C(N)=O.NC(N)=NCCC[C@H](NC(=O)[C@H](Cc1c[nH]c2ccccc12)NC(=O)[C@@H](N)Cc1c[nH]c2ccccc12)C(=O)N[C@@H](CCCN=C(N)N)C(=O)C(=O)CCc1c[nH]c2ccccc12
C3(=O)[C@@H]4CCCN=C(N)N.C%15(=O)[C@@H]7CCCN=C(N)N.[C@H]9(CCCN=C(N)N)C%19=O.[C@H]%10(CCCN=C(N)N)C(N)=O.c1%11c[nH]c2ccccc12.c1%12c[nH]c2ccccc12.CC[C@H](C)[C@H]%20C%17=O.C%13(=O)[C@@H]5C(C)C.C%14(=O)[C@@H]6C%11.C%16(=O)[C@@H](N)CS.[C@H]8(C%12)C%18=O.N3%20.N%134.N%145.N%156.N%167.N%178.N%189.N%19%10	CC[C@H](C)[C@H](NC(=O)[C@H](CCCN=C(N)N)NC(=O)[C@@H](NC(=O)[C@H](Cc1c[nH]c2ccccc12)NC(=O)[C@H](CCCN=C(N)N)NC(=O)[C@@H](N)CS)C(C)C)C(=O)N[C@@H](Cc1c[nH]c2ccccc12)C(=O)N[C@@H](CCCN=C(N)N)C(=O)N[C@@H](CCCN=C(N)N)C(N)=O
C2(=O)[C@@H]%14CCCN=C(N)N.C%13(=O)[C@@H]%15CCCN=C(N)N.C%36(=O)[C@@H]%16CCCN=C(N)N.C%38(=O)[C@@H]%18CCCN=C(N)N.[C@H]%26(CCCN=C(N)N)C(N)=O.C6(=O)[C@@H]%21CCCCN.CC[C@H](C)[C@H]%12C9=O.C%40(=O)[C@@H]%17[C@@H](C)CC.C%40(=O)[C@@H]%18CC(C)C.C7(=O)[C@@H]%22CC(=O)O.[C@H]%25(CC(N)=O)C%11=O.c1%33ccc(O)cc1.C8(=O)[C@@H](N)C(C)C.c1%34ccc(O)cc1.[C@@H]1%27CCCN1%35.[C@@H]1%28CCCN1%36.[C@@H]1%29CCCN1%38.[C@@H]1%30CCCN1%40.C3(=O)[C@@H]%19C%33.[C@@H]1%31CCCN15.[C@H]%23(C%34)C%10=O.c1%32cnc[nH]1.C%24%27=O.C%35%28=O.C%37%29=O.C%39%30=O.C4%31=O.N2%12.N%13%14.N%24%15.N%37%16.N%39%17.N3%18.N4%19.N6%20.N7%21.N8%22.N9%23.N%10%25.N%11%26	CC(C)[C@H](N)C(=O)N[C@@H](CC(=O)O)C(=O)N[C@@H](CCCCN)C(N)=O.CC[C@H](C)[C@H](NC(=O)[C@H](CCCN=C(N)N)NC(=O)[C@H](CCCN=C(N)N)NC(=O)[C@@H]1CCCN1C(=O)[C@@H]1CCCN1C(=O)[C@H](CCCN=C(N)N)NC(=O)[C@@H]1CCCN1C(=O)[C@H](CCCN=C(N)N)[C@@H](CC(C)C)C(=O)C(=O)[C@@H](NC(=O)[C@@H]1CCCN1)[C@@H](C)CC)C(=O)N[C@@H](Cc1ccc(O)cc1)C(=O)N[C@@H](CC(N)=O)C(=O)N[C@@H](CCCN=C(N)N)C(N)=O.NC(=O)[C@H](Cc1ccc(O)cc1)NC(=O)[C@@H]1CCCN1.c1c[nH]cn1
C%12(=O)[C@@H](N)CCCN=C(N)N.C1(=O)[C@@H]3CCCCN.[C@H]8(CCCCN)C%16=O.CC[C@H](C)[C@H]2C%14=O.C%11(=O)[C@@H]4CC(C)C.[C@H]7(CC(N)=O)C%16=O.[C@H]7(CC(C)C)C%17=O.[C@@H]6(C%15=O)C(C)C.[C@H]9(CO)C%18=O.[C@H]%10(C)C(=O)O.N12.N%113.N%124.N%135.N%146.N%157.N%168.N%179.N%18%10	CC(C)C[C@@H](C(=O)N[C@@H](CO)C(=O)N[C@@H](C)C(=O)O)[C@@H](CC(N)=O)C(=O)C(=O)[C@@H](N)CCCCN.CC[C@H](C)[C@H](NC(=O)[C@H](CCCCN)NC(=O)[C@H](CC(C)C)NC(=O)[C@@H](N)CCCN=C(N)N)C(=O)N[C@H](C(N)=O)C(C)C.N
C%35(=O)[C@@H]%20CCCN=C(N)N.C%24(=O)[C@@H]%18CCC(N)=O.C%41(=O)[C@@H]%21CCCCN.C%24(=O)[C@@H]%21CCCCN.[C@H]%29(CCCCN)C7=O.[C@H]%31(CCC(N)=O)C%10=O.[C@H]%32(CCC(=O)O)C%10=O.CC[C@H](C)[C@H]%16C6=O.C%35(=O)[C@@H]%23CC(C)C.C3(=O)[C@@H]%27CC(C)C.[C@H]%31(CC(C)C)C9=O.[C@H]%34(CC(C)C)C%12=O.[C@H]%36(CC(C)C)C(=O)O.C%42(=O)[C@@H]%22C(C)C.C%43(=O)[C@@H]%22C(C)C.C%44(=O)[C@@H]%25C(C)C.c1%40ccc(O)cc1.C%13(=O)[C@@H]%19C%37.c1%37ccccc1.[C@H]%33(C%38)C%11=O.[C@H]%36(C%39)C%15=O.c1%39ccccc1.C2(=O)C%17.C5(=O)CN.N2%16.N%13%17.N%24%18.N%35%19.N%41%20.N%42%21.N%43%22.N%44%23.N%45%25.N4%26.N5%27.N6%28.N7%29.N8%30.N9%31.N%10%32.N%11%33.N%12%34.N%14%35.N%15%36	CC(C)C[C@@H](C(=O)O)[C@@H](Cc1ccccc1)C(N)=O.CC(C)C[C@@H](C(N)=O)[C@@H](CCC(N)=O)C(=O)C(=O)[C@@H](N)CCC(=O)O.CC(C)C[C@@H](C=O)NC(=O)CN.CC(C)C[C@@H]1NC1=O.CC(C)C[C@H](NC(=O)[C@@H](N)C(C)C)C(=O)C(=O)[C@H](CCCN=C(N)N)NC(=O)[C@H](CCCCN)[C@@H](CCCCN)C(=O)C(=O)[C@@H](N)CCC(N)=O.CC(C)[C@@H](C(N)=O)[C@H](C(N)=O)C(C)C.CC[C@H](C)[C@H](NC(=O)CNC(=O)[C@H](Cc1ccccc1)NN)C(N)=O.C[C@@H]1NC1=O.N.N.NCCCC[C@@H]1NC1=O.Oc1ccccc1
C2(=O)[C@@H]5CCCCN.C%22(=O)[C@@H](N)CCCCN.[C@H]%12(CCCCN)C3=O.C%18(=O)[C@H]7CCCN.C%21(=O)[C@@H]9[C@@H](O)CN.C=%15(N2)C%23=O.C%13(=O)[C@@H]6C%16.[C@@H]1%14CCCN1%18.C%20(=O)[C@@H]%10CO.c1%16cnc[nH]1.C%14CCCN.C=CN=C(N)N4.C%19(=O)C8.C%17%15=O.N25.N%136.N%177.N%198.N%209.N%21%10.N%22%11.N%23%12.N3%14	INVALID
C2(=O)[C@@H]%11CCCN=C(N)N.C%32(=O)[C@@H]%14CCCN=C(N)N.C4(=O)[C@@H]%18CCCN=C(N)N.C6(=O)[C@@H]%17CCCN=C(N)N.CC(C)C[C@H]%10C9=O.C%34(=O)[C@@H]%15CC(C)C.[C@@H]1%19CCCN1%24.[C@@H]1%20CCCN1%31.[C@@H]1%21CCCN1%34.C%34(=O)[C@@H]%16C%29.c1%29ccccc1.[C@@H]1%22CCCN13.[C@@H]1%23CCCN14.[C@@H]1%24CCCN15.[C@@H]1%25CCCN16.[C@@H]1%26CCCN18.[C@@H]1%27CCCN19.[C@H]%18(C%28)C%10=O.c1%28cnc[nH]1.C%13%19=O.C%30%20=O.C%31%21=O.C%33%22=O.C%35%23=O.C3%25=O.C5%26=O.C7%27=O.C%27(=O)O.N2%10.N%13%11.N%30%12.N%32%14.N%33%15.N%35%16.N6%17.N7%18	CC(C)C[C@H](C(=O)[C@H](Cc1cnc[nH]1)[C@@H](CCCN=C(N)N)C(=O)N1CCC[C@H]1C(=O)N[C@H](C=O)Cc1ccccc1)C(=O)N1CCC[C@H]1C(N)=O.CC(C)C[C@H](NC(=O)[C@@H]1CCCN1C(=O)[C@@H]1CCCN1C(=O)[C@@H](N)CCCN=C(N)N)C(=O)N1CCC[C@H]1C(=O)N1CCC[C@H]1C(N)=O.NC(=O)[C@H](CCCN=C(N)N)NC(=O)[C@@H]1CCCN1[C@@H]1CCCN1C(=O)[C@@H]1CCCN1.NC(N)=NCCC[C@@H]1NC1=O.O=CO
CCCCCCCCCCCC3=O.c1%22c[nH]c2ccccc12.[C@H]%13(CCCCN)C%27=O.[C@H]%17(CCCCN)C%29=O.[C@H]%18(CCCCN)C5=O.[C@H]9(CC(C)C)C%23=O.[C@H]%11(CC(C)C)C%25=O.[C@H]%12(CC(C)C)C%26=O.[C@H]%15(CCCN)C%28=O.[C@@H]%16(CO=O)[C@@H](C)O.[C@@H]%16(C%30=O)C(C)C.[C@H]8(C%22)C%14=O.[C@H]%19(C)C6=O.[C@H]%20(C)C7=O.[C@H]%21(C)C(N)=O.N38.N%149.N%23%10.N%24%11.N%25%12.N%26%13.N%27%15.N%28%16.N%29%17.N4%18.N5%19.N6%20.N7%21	INVALID
[C@@H]%15(CCCN=C(N)N)C5=O.[C@@H]%16(CCCN=C(N)N)C(N)=O.c1%18c[nH]c2ccccc12.[C@@H]9(CCCCN)C%23=O.[C@@H]%10(CCCCN)C%25=O.[C@@H]%11(CCCCN)C%26=O.[C@@H]%12(CCCCN)C%27=O.CC[C@@H](C)[C@@H](N)C3=O.[C@@H]6(CC(C)C)C%14=O.[C@@H]7(C%18)C%21=O.[C@@H]8(C%19)C%22=O.c1%19ccccc1.N1%23CCC[C@@H]1%17.[C@@H]%13(C%20)C%28=O.c1%20ccccc1.C%24%17=O.N36.N%147.N%218.N%229.N%24%10.N%25%11.N%26%12.N%27%13.N4%15.N5%16	CC[C@@H](C)[C@@H](N)C(=O)N[C@H](CC(C)C)C(=O)N[C@H](Cc1c[nH]c2ccccc12)C(=O)N[C@H](Cc1ccccc1)C(=O)N[C@H](CCCCN)C(=O)N1CCC[C@@H]1C(=O)N[C@H](CCCCN)C(=O)N[C@H](CCCCN)C(=O)N[C@H](CCCCN)C(=O)N[C@@H](C=O)Cc1ccccc1.NC(=O)[C@@H](CCCN=C(N)N)NC(=O)[C@H](N)CCCN=C(N)N
C3(=O)[C@@H]4CCCN=C(N)N.C%16(=O)[C@@H]6CCCN=C(N)N.[C@H]8(CCCN=C(N)N)C%20=O.[C@H]%10(CCCN=C(N)N)C(N)=O.c1%12c[nH]c2ccccc12.c1%15c[nH]c2ccccc12.[C@H]9(CCC(N)=O)C%21=O.C%11C[C@H]%22C%19=O.C%14(=O)[C@@H]5C%12.C%17(=O)[C@@H]7C%13.c1%13ccccc1.C%18(=O)[C@@H](N)C%15.CS%11.N3%22.N%144.N%165.N%176.N%187.N%198.N%209.N%21%10	CSCC[C@H](NC(=O)[C@H](CCCN=C(N)N)NC(=O)[C@H](Cc1c[nH]c2ccccc12)NC(=O)[C@H](CCCN=C(N)N)NC(=O)[C@H](Cc1ccccc1)NC(=O)[C@@H](N)Cc1c[nH]c2ccccc12)C(=O)N[C@@H](CCCN=C(N)N)C(=O)N[C@@H](CCC(N)=O)C(=O)N[C@@H](CCCN=C(N)N)C(N)=O
[C@@H]1%10NC(=O)[C@H]%11NC(=O)[C@H]%12NC(=O)[C@H]%13NC(=O)[C@@H]2CCCN2C(=O)[C@H]%14NC(=O)[C@H]%14NC(=O)[C@H]%16NC(=O)[C@H]%17NC(=O)[C@H]%18NC(=O)[C@H]%19NC(=O)[C@H]%20NC(=O)[C@H]%21NC(=O)[C@H]%22NC2=O)NC(=O)[C@H]%22NC(=O)[C@H]%23NC(=O)CNC(=O)[C@H]%24NC(=O)CNC1=O.c1%25c[nH]c2ccccc12.C4(=O)[C@@H]%35CCCCN.c1%28c[nH]c2ccccc12.C%33(=O)[C@@H]6CCCCN.c1%29c[nH]c2ccccc12.c1%30ccc(O)cc1.c1%27ccccc1.c1%31ccccc1.c1%32ccccc1.C%13CCCN.C%14CCCN.C%16CC(N)=O.C%19CC(=O)O.C%22CCCN.C%23CCCN.CC[C@@H]%10C.C%18C(C)C.C7(C)C.C%15(C)=O.C%269=O.C%10(N)=O.C%12%27.S7C.S8C.C%11%29.C%16%27.C%17%28.C%20O.N4%33.N%15%35.N%335.C%17%30.C%24%32	INVALID
CCCCCCCCCCCCCC3=O.[C@H]8(CCCN=C(N)N)C%20=O.[C@H]%11(CCCN=C(N)N)C%24=O.[C@H]%17(CCCN=C(N)N)C(N)=O.[C@@H]6(CCCN)C%14=O.[C@H]7(CCCCN)C%21=O.c1%18c[nH]c2ccccc12.[C@H]%15(CCC(=O)O)C4=O.[C@@H]%16(C5=O)[C@@H](C)CC.[C@@H]9(C%22=O)C(C)C.[C@@H]%12(C%25=O)C(C)C.[C@H]%10(C%18)C%23=O.[C@H]%13(CO)C%26=O.N36.N%147.N%198.N%209.N%21%10.N%22%11.N%23%12.N%24%13.N%25%15.N4%16.N5%17	CC(C)[C@H](NC(=O)[C@@H](N)CCCN=C(N)N)C(=O)N[C@@H](CCCN=C(N)N)C(=O)N[C@H](C=O)CO.CCCCCCCCCCCCCC(=O)N[C@H](CCCN)C(=O)N[C@@H](CCCCN)C(=O)N[C@@H](Cc1c[nH]c2ccccc12)C(=O)N[C@H](C(=O)N[C@@H](CCC(=O)O)C(=O)N[C@H](C(=O)N[C@@H](CCCN=C(N)N)C(N)=O)[C@@H](C)CC)C(C)C
[C@H]%17(CCCN=C(N)N)C4=O.C2(=O)[C@@H]8CCCCN.C%13(=O)[C@@H]9CCCCN.[C@H]%14(CCCCN)C%27=O.[C@H]%15(CCCCN)C%28=O.CC[C@H](C)[C@H]7C%25=O.C%24(=O)[C@@H](N)CC(C)C.[C@H]%16(CC(C)C)C3=O.[C@@H]%19(C6=O)[C@@H](C)CC.[C@@H]%12(C%26=O)C(C)C.[C@@H]%18(C5=O)C(C)C.[C@@H]%20(C(N)=O)C(C)C.C%22(=O)[C@@H]%10C%21.c1%21cnc[nH]1.C%23(=O)C%11.N27.N%138.N%229.N%23%10.N%24%11.N%25%12.N%26%14.N%27%15.N%28%16.N3%17.N4%18.N5%19.N6%20	CC[C@H](C)[C@H](NC(=O)[C@H](CCCCN)NC(=O)[C@H](CCCCN)NC(=O)[C@H](Cc1cnc[nH]1)NC(=O)CNC(=O)[C@@H](N)CC(C)C)C(=O)N[C@H](C(=O)N[C@@H](CCCCN)C(=O)N[C@@H](CCCCN)C(=O)N[C@@H](CC(C)C)C(=O)N[C@@H](CCCN=C(N)N)C(=O)N[C@H](C(=O)N[C@H](C(=O)N[C@H](C(N)=O)C(C)C)[C@@H](C)CC)C(C)C)C(C)C
C%19(=O)[C@@H]8CCCN=C(N)N.C3(=O)[C@@H](N)CCCN=C(N)N.C2(=O)[C@@H]6CCC(N)=O.C%18(=O)[C@@H]7CCC(N)=O.C%21(=O)[C@@H]%10CCC(=O)O.C%23(=O)[C@@H]%14CCCCN.CC[C@H](C)[C@H]4C(=O)O.C%13(=O)[C@@H]5[C@@H](C)CC.c1%17ccc(O)cc1.C%22(=O)[C@@H]%12CC%15.C%20(=O)[C@@H]9C%16.c1%16ccccc1.C%24(=O)[C@@H]%15C%17.N24.N%135.N%186.N%197.N%208.S%15C.N%219.N%22%10.N%23%11.N%24%12.N3%14	CC[C@H](C)[C@@H]1NC1=O.CC[C@H](C)[C@H](NC(=O)[C@H](CCC(N)=O)NC(=O)[C@H](CCC(N)=O)NC(=O)[C@H](CCCN=C(N)N)NC(=O)[C@H](Cc1ccccc1)NC(=O)[C@H](CCC(=O)O)NC(=O)[C@@H]1CC[C@@H](Cc2ccc(O)cc2)C(=O)N1)C(=O)O.CS.NCCCC[C@H](NC(=O)[C@@H](N)CCCN=C(N)N)C(N)=O
[C@H]%22(CCCN=C(N)N)C6=O.[C@H]%24(CCCN=C(N)N)C8=O.[C@H]%26(CCCN=C(N)N)C9=O.c1%30c[nH]c2ccccc12.[C@H]%15(CCCCN)C%36=O.c1%31c[nH]c2ccccc12.c1%32c[nH]c2ccccc12.c1%33c[nH]c2ccccc12.CC[C@H](C)[C@H](N)C3=O.[C@H]%18(CC(C)C)C%39=O.[C@H]%21(CC(C)C)C5=O.[C@@H]%27(C%10=O)[C@@H](C)CC.[C@H]=(C%29)C%14=O.c1%29ccccc1.[C@H]%11(C%30)C%14=O.c1%30ccccc1.[C@H]%12(CS)C%25=O.[C@H]%13(C%31)C%35=O.[C@H]%16(CS)C%37=O.[C@H]%20(C%32)C4=O.[C@H]%23(C%33)C7=O.[C@H]%28(C%34)C(=O)O.C%17C%38=O.N3%11.N%14%12.N%25%13.N%35%15.N%36%16.N%37%17.N%38%18.N%39%19.N%40%20.N4%21.N5%22.N6%23.N7%24.N8%26.N9%27.N%10%28	INVALID
C%19(=O)[C@H](N)CCCN=C(N)N.[C@@H]%10(CCCN=C(N)N)C%21=O.[C@@H]%15(CCCN=C(N)N)C(N)=O.C3(=O)[C@H]6CCCCN.C%14(=O)[C@H]7CCCCN.C%18(=O)[C@H]9CCCC(N)=O.[C@@H]%11(CCCCN)C%22=O.c1%16c[nH]c2ccccc12.CC[C@@H](C)[C@@H]5C%20=O.[C@H]%13(C4=O)[C@H](C)CC.[C@H]%12(C%23=O)C(C)C.C%17(=O)[C@H]8C%16.N35.N%146.N%177.N%188.N%199.N%20%10.N%21%11.N%22%12.N%23%13.N4%15	CC[C@@H](C)[C@@H](NC(=O)[C@@H](CCCCN)NC(=O)[C@@H](CCCCN)NC(=O)[C@@H](Cc1c[nH]c2ccccc12)NC(=O)[C@@H](CCCC(N)=O)NC(=O)[C@H](N)CCCN=C(N)N)C(=O)N[C@H](CCCN=C(N)N)C(=O)N[C@H](CCCCN)C(=O)N[C@@H](C(=O)N[C@@H](C(=O)N[C@H](CCCN=C(N)N)C(N)=O)[C@H](C)CC)C(C)C
C%13(=O)[C@@H]%10CCCCN.C%28(=O)[C@@H]%14CCCCN.C3(=O)[C@@H]%18CCCCN.C7(=O)[C@@H]%21CCCCN.CC(C)C[C@H]9C(N)=O.C%24(=O)[C@@H]%11CC(C)C.C%26(=O)[C@@H]%12CC(C)C.C%29(=O)[C@@H]%15CC(C)C.C%30(=O)[C@@H]%16CC(C)C.C4(=O)[C@@H]%19CC(C)C.C5(=O)[C@@H]%20CC(C)C.C8(=O)[C@@H](N)CC(N)=O.[C@@H]1%22CCCN1%13.[C@@H]1%23CCCN1%28.[C@@H]1%25CCCN17.C2%21=O.C2%22=O.C%27%23=O.C%31%25=O.C6%26=O.N29.N%24%10.N%26%11.N%27%12.N%29%14.N%30%15.N%31%16.N3%17.N4%18.N5%19.N6%20.N8%21	CC(C)C[C@H](N)C(N)=O.CC(C)C[C@H](NC(=O)C(=O)[C@H](CC(C)C)NC(=O)[C@@H]1CCCN1C(=O)[C@H](CCCCN)NC(=O)[C@H](CC(C)C)NC(=O)[C@H](CC(C)C)NC(=O)[C@@H]1CCCN1C(=O)[C@H](CCCCN)C(=O)C(=O)[C@@H]1CCCN1C(=O)[C@H](CCCCN)NC(=O)[C@@H](N)CC(C)C)C(=O)N[C@@H](CC(C)C)C(=O)N[C@@H](CCCCN)C(N)=O.NC(=O)C[C@H](N)C(N)=O
C%46(=O)[C@@H]%28CCCCN.[C@H]%34(CCCCN)C5=O.[C@H]%37(CCCCN)C7=O.[C@H]%42(CCCCN)C%11=O.[C@H]%43(CCCCN)C%16=O.[C@H]%49(CCCCN)C%20=O.CC[C@H](C)[C@H]%22C3=O.C2(=O)[C@@H]%23CCC%25.C%13(=O)[C@@H]%27CC(C)C.C%46(=O)[C@@H]%27[C@@H](C)CC.C%59(=O)[C@@H](N)CCC%31.[C@H]%33(CCC%34)C4=O.[C@@H]%36(C6=O)[C@@H](C)CC.[C@@H]%39(C9=O)[C@@H](C)CC.[C@H]%40(CCC%41)C%11=O.[C@@H]%42(C%14=O)[C@@H](C)CC.[C@@H]%44(C%15=O)[C@@H](C)CC.[C@H]%45(CCC%47)C%17=O.[C@@H]%48(C%18=O)[C@@H](C)CC.[C@@H]%50(C%21=O)[C@@H](C)CC.[C@@H]%51(C(N)=O)[C@@H](C)CC.N1%57CCC[C@H]1%52.N13CCC[C@H]1%53.N17CCC[C@H]1%54.N1%11CCC[C@H]1%55.N1%16CCC[C@H]1%56.N%25C(=N)N.N%28C(=N)N.N%32C(=N)N.C(C(=O.N%41C(=N)N.C%50C%20=O.N%51C(=N)N.C%57%52=O.C8%53=O.C%12%54=O.C%17%55=O.N2%22.N%13%23.N%24%25.N%35%27.N%46%29.N%57%29.N%58%30.N%59%31.N3%33.N4%33.N5%36.N6%37.N8%38.N9%40.N%10%41.N%12%42.N%14%43.N%15%44.N%17%45.N%17%48.N%19%49.N%20%50.N%21%51	INVALID
C2(=O)[C@@H]5CCCCN.C%22(=O)[C@@H](N)CCCCN.[C@H]%11(CCCCN)C3=O.C%18(=O)[C@H]7CCCN.C%21(=O)[C@@H]%10[C@@H](O)CN.C=%15(N2)C%23=O.C%13(=O)[C@@H]6C%16.[C@@H]1%14CCCN1%18.C%20(=O)[C@@H]9CO.c1%16cnc[nH]1.C%12CCCN.=C(N)N4.C4CC=%15.C%19(=O)C8.C%17%14=O.N%135.N%176.N%197.N%208.N%219.N%22%10.N%23%11.N3%12	INVALID
CC[C@H](C)[C@H](N)C2=O.[C@H]%22(CCC%23)C%13=O.[C@@H]%26(C%46=O)[C@@H](C)CC.[C@H]%27(CCC%28)C%57=O.[C@@H]%29(C%61=O)[C@@H](C)CC.[C@@H]%30(C%62=O)[C@@H](C)CC.[C@H]%31(CCC%32)C3=O.[C@@H]%33(C5=O)[C@@H](C)CC.[C@@H]%34(C6=O)[C@@H](C)CC.[C@H]%36(CCC%37)C7=O.[C@@H]%38(C9=O)[C@@H](C)CC.[C@@H]%39(C%10=O)[C@@H](C)CC.[C@H]%40(CCC%41)C%11=O.[C@@H]%42(C%14=O)[C@@H](C)CC.[C@@H]%43(C%15=O)[C@@H](C)CC.[C@H]%44(CCC%45)C%16=O.[C@@H]%47(C%18=O)[C@@H](C)CC.[C@@H]%48(C%19=O)[C@@H](C)CC.[C@H]%49(CCC%50)C%20=O.[C@@H]%51(C(N)=O)[C@@H](C)CC.[C@H]%25(CS)C%13=O.N1%57CCC[C@H]1%53.N13CCC[C@H]1%54.N17CCC[C@H]1%55.N1%11CCC[C@H]1%56.N1%16CCC[C@H]1%58.N1%20CCC[C@H]1%59.N%23C(=N)N.N%28C(=N)N.N%32C(=N)N.N%37C(=N)N.N%41C(=N)N.N%45C(=N)N.N%50C(=N)N.C%24%52=O.C%60%53=O.C4%54=O.C8%55=O.C%12%56=O.C%17%58=O.C%21%59=O.N2%22.N%24%25.N%35%26.N%46%27.N%60%29.N%61%30.N%62%31.N4%33.N5%34.N6%36.N8%38.N9%39.N%10%40.N%12%42.N%14%43.N%15%44.N%17%47.N%18%48.N%19%49.N%21%51	CC[C@H](C)[C@H](N)C(=O)N[C@@H](CCCNC(=N)N)C(=O)C(=O)[C@H](CS)NC=O.CC[C@H](C)[C@H](N)C(=O)N[C@@H](CCCNC(=N)N)C(=O)N1CCC[C@H]1C(=O)N[C@H](C(=O)N[C@H](C(=O)N[C@@H](CCCNC(=N)N)C(=O)N1CCC[C@H]1C(=O)N[C@H](C(=O)N[C@H](C(=O)N[C@@H](CCCNC(=N)N)C(=O)N1CCC[C@H]1C(=O)N[C@H](C(=O)N[C@H](C(=O)N[C@@H](CCCNC(=N)N)C(=O)N1CCC[C@H]1C(=O)N[C@H](C(=O)N[C@H](C(=O)N[C@@H](CCCNC(=N)N)C(=O)N1CCC[C@H]1C(=O)N[C@H](C(=O)N[C@H](C(=O)N[C@@H](CCCNC(=N)N)C(=O)N1CCC[C@H]1C(=O)N[C@H](C(N)=O)[C@@H](C)CC)[C@@H](C)CC)[C@@H](C)CC)[C@@H](C)CC)[C@@H](C)CC)[C@@H](C)CC)[C@@H](C)CC)[C@@H](C)CC)[C@@H](C)CC)[C@@H](C)CC)[C@@H](C)CC
C%28(=O)[C@@H]9CCCN=C(N)N.C%30(=O)[C@@H](N)CCCN=C(N)N.[C@H]%16(CCCN=C(N)N)C(=O)O.C%29(=O)[C@@H]%11CCC(N)=O.CC[C@H](C)[C@H]8C3=O.C3(=O)[C@@H]%14[C@@H](C)CC.[C@@H]1%17CCCN1%13.C%24(=O)[C@@H]%10C%23.c1%23ccccc1.[C@@H]1%18CCCN1%28.C%29(=O)[C@@H]%12C%25.c1%25ccccc1.[C@@H]1%19CCCN1%31.[C@@H]13CCCN13.N14CCC[C@H]1%20.N15CCC[C@H]1%21.N17CCC[C@H]1%22.C2%17=O.C%27%18=O.C%30%19=O.C4%20=O.C5%21=O.C7%22=O.N28.N%249.N%27%10.N%29%11.N%30%12.N3%14.N6%15.N7%16	INVALID
C%58(=O)[C@@H]%30CCCN=C(N)N.C%14(=O)[C@@H]%26CCCCN.[C@H]%38(CCCCN)C9=O.[C@H]%39(CCCCN)C%10=O.[C@H]%40(CCC(N)=O)C%11=O.[C@H]%46(CCCCN)C%18=O.[C@H]%49(CCC(N)=O)C%20=O.CC[C@H](C)[C@H]%23C5=O.C3(=O)[C@@H]%26CC(C)C.C%47(=O)[C@@H]%29CC(N)=O.C%57(=O)[C@@H]%31CC(C)C.C%58(=O)[C@@H]%32CC(=O)O.C%59(=O)[C@@H]%33CC(C)C.[C@H]%42(CC(C)C)C%13=O.c1%55c[nH]c2ccccc12.[C@@H]%44(C%16=O)[C@@H](C)CC.[C@H]%43(CC%53)C%15=O.c1%56ccc(O)cc1.C%25(=O)[C@@H]%28CO.[C@H]%37(CO)C%30=O.[C@H]%49(C%54)C%19=O.[C@H]%51(C%56)C%22=O.C4(=O)[C@H](C)N.[C@H]%34(C)C7=O.c1%54cnc[nH]1.[C@H]%35(C)C8=O.[C@H]%43(C)C%17=O.[C@H]%48(C)C%18=O.C3(=O)C%24.C%33C6=O.C%52C(=O)O.N3%23.N%14%24.N%25%26.N%36%27.N%47%28.N%57%29.N%58%30.N%59%30.N%60%31.N%60%32.N4%33.N5%34.N6%35.N7%37.N8%38.N9%39.N%10%40.N%11%41.N%12%42.N%13%43.N%15%44.N%16%45.N%17%46.N%18%48.N%19%49.N%20%50.N%21%51.N%22%52	CC(C)C[C@H](CC(=O)N[C@@H](C)C(=O)N[C@@H](CCCCN)C(=O)N[C@@H](CCCCN)C(=O)N[C@@H](CCC(N)=O)C(N)=O)C(=O)NN.CC(C)C[C@H](N)C(N)=O.CC(C)C[C@H]1C(=O)C(=O)CNC(=O)[C@@H]1CCCCN.CC[C@H](C)[C@H](N)C(=O)N[C@@H](C)C(=O)N[C@@H](CO)C(=O)[C@@H](CCCN=C(N)N)C(=O)C(=O)[C@H](CC(=O)O)NN[C@@H](CC(C)C)C(=O)N[C@@H](CC(N)=O)C(=O)N[C@@H](CO)C(N)=O.CC[C@H](C)[C@H](NC(=O)[C@H](CC)[C@@H](C)C(=O)N[C@@H](CCCCN)C(=O)C(=O)[C@H](C)N)C(N)=O.C[C@H](N)C(N)=O.N.NC(=O)CC[C@@H](C(N)=O)[C@@H](Cc1cnc[nH]1)C(N)=O.N[C@@H](Cc1ccc(O)cc1)C(=O)NCC(=O)O.c1ccc2[nH]ccc2c1
CCCCCCCCCC3=O.c1%20c[nH]c2ccccc12.c1%22c[nH]c2ccccc12.[C@H]%18(CCCCN)C5=O.[C@H]%15(CCCCN)C%30=O.[C@@H]8(C%14=O)C(C)C.c1%23cccccc1.[C@H]%12(CCN)C%28=O.[C@H]%13(CCN)C%29=O.[C@H]%16(CCN)C4=O.[C@@H]%13(C%30=O)C(C)C.[C@@H]%17(C6=O)[C@@H](C)O.[C@@H]%18(C7=O)C(C)C.[C@H]9(C%20)C%25=O.c1%21ccccc1.[C@H]%10(C%22)C%26=O.[C@H]%19(C%23)C(=O)O.N37.N%148.N%249.N%25%10.N%26%11.N%27%12.N%28%13.N%29%15.N%30%16.N4%17.N5%18.N6%19	INVALID
[C@H]%47(CCCN=C(N)N)C9=O.[C@H]%56(CCCN=C(N)N)C%17=O.[C@H]%64(CCCN=C(N)N)C%25=O.[C@H]%66(CCCN=C(N)N)C%27=O.[C@H]%69(CCCN=C(N)N)C%30=O.[C@H]%73(CCCN=C(N)N)C%33=O.[C@H]%75(CCCN=C(N)N)C(=O)O.C%24(=O)[C@@H]%38CCCCN.C%46(=O)[C@@H]%39CCCCN.C%57(=O)[C@@H]%43CCCCCN.[C@H]%45(CCCCN)C5=O.[C@H]%53(CCCCN)C%12=O.[C@H]%62(CCC(=O)O)C%23=O.[C@H]%70(CCC(=O)O)C%31=O.CC[C@H](C)[C@H]%34C%79=O.C2(=O)[C@@H](N)CC(C)C)C%10=O.[C@H]%58(CC(C)C)C%17=O.[C@@H]%73(C%57=O)C(C)C.C2(=O)[C@@H]%36C(C)C.C%46(=O)[C@@H]%41[C@@H](C)O.[C@@H]%55(C%14=O)C(C)C.c1%83ccc(O)cc1.[C@@H]%61(C%19=O)[C@@H](C)O.[C@@H]%70(C%26=O)C(C)C.c1%84ccc(O)cc1.[C@H]%66(CC%76)C%28=O.[C@H]%48(C%83)C7=O.c1%83ccccc1.N17CCC[C@H]1%76.[C@H]%53(C%78)C%12=O.[C@H]%55(C%80)C%16=O.N1%80CCC[C@H]1%77.[C@H]%71(C%82)C%29=O.[C@H]%72(C%82)C%32=O.c1%78cnc[nH]1.[C@H]%54(C)C%15=O.[C@H]%59(C)C%18=O.[C@H]%63(C)C%22=O.c1%80cnc[nH]1.c1%81cnc[nH]1.c1%82cnc[nH]1.[C@H]%61(C)C%20=O.C%41C3=O.C%58C%21=O.C8%77=O.N2%34.N%13%36.N%24%37.N%35%38.N%46%39.N%57%40.N%68%41.N%79%42.N%85%43.N3%44.N4%45.N5%47.N6%48.N7%49.N8%50.N9%51.N%10%52.N%11%53.N%12%54.N%14%55.N%15%56.N%16%58.N%17%59.N%18%60.N%19%61.N%20%62.N%21%63.N%22%64.N%23%65.N%25%66.N%26%67.N%27%69.N%28%70.N%29%71.N%30%72.N%31%73.N%32%74.N%33%75	INVALID
[C@H]1%59CSSC[C@@H]%60NC(=O)CNC(=O)CNC(=O)[C@H]%61NC(=O)[C@H]%62NC(=O)[C@H]%63NC1=O.C%13(=O)[C@@H]%28CCCCN.C%57(=O)[C@@H]%32CCCCN.C3(=O)[C@@H]%37CCCCN.[C@H]%44(CCCCN)C%12=O.[C@H]%53(CCC(=O)O)C%21=O.[C@H]%53(CCC(=O)O)C%21=O.CC[C@H](C)[C@H]%26C8=O.C%57(=O)[C@@H]%31CC(=O)O.C%69(=O)[C@@H]%33CC(C)C.C4(=O)[C@@H]%38CC(C)C.[C@H]%45(CC(N)=O)C%14=O.[C@H]%55(CC(C)C)C%23=O.C%69(=O)[C@@H]%34[C@@H](C)O.[C@@H]%42(C%10=O)[C@@H](C)O.[C@@H]%49(C%16=O)[C@@H](C)O.[C@@H]%52(C%17=O)[C@@H](C)O.C%62CCN=C(N)N.C5(=O)[C@@H]%39C%65.c1%65ccccc1.C7(=O)[C@@H](N)CO.[C@H]%41(C%66)C9=O.c1%66ccccc1.[C@H]%54(C%67)C%22=O.c1%67ccccc1.[C@H]%43(C)C%11=O.[C@H]%47(C)C%15=O.[C@H]%56(C)C%25=O.C%61CC(N)=O.C%64CCCN.C2(=O)C%27.C%35(=O)C%30.C%70(=O)C%36.C%48C%16=O.C%51C%19=O.C%62C(N)=O.[C@H]%63(C)CC.C%60(=O)O.[C@H]%63(C)O.N2%26.N%13%27.N%24%28.N%35%29.N%46%30.N%57%31.N%68%32.N%69%33.N%70%34.N3%36.N4%37.N5%38.N6%39.N7%40.N8%41.N9%42.N%10%43.N%11%44.N%12%45.N%14%47.N%15%48.N%16%49.N%17%50.N%18%51.N%19%52.N%20%53.N%21%54.N%22%55.N%23%56.N%23%56.N%25%59	CC(C)C[C@H](NC(=O)[C@@H](N)Cc1ccccc1)C(=O)N[C@@H](CCCCN)C(=O)NCC(=O)N[C@H](C(=O)C(=O)[C@@H](N)CC(C)C)[C@@H](C)O.CC(N)=O.CCCCN.CCO.CC[C@H](C)[C@@H]1NC(=O)[C@@H](NC(=O)[C@H](C)NC(=O)[C@H](CC(C)C)NC(=O)[C@@H](N)Cc2ccccc2)CSSC[C@@H](C(=O)O)NC(=O)CNC(=O)CNC(=O)[C@H](CCC(N)=O)NC(=O)[C@H](CCCN=C(N)N)NC1=O.CC[C@H](C)[C@H](NC(=O)CNC(=O)[C@@H](N)CCCCN)C(=O)N[C@@H](Cc1ccccc1)C(=O)N[C@H](C(=O)N[C@@H](C)C(=O)N[C@@H](CCCCN)C(=O)N[C@@H](CC(N)=O)C(=O)N[C@@H](C)C(=O)NCC(=O)C(=O)[C@@H](N)[C@@H](C)O)[C@@H](C)O.C[C@@H](O)[C@H](NC(=O)CN)C(N)=O.N.N.NC(=O)[C@@H](N)CO.NCC(N)=O.NCCCC[C@H](N)C(=O)C(=O)[C@@H](N)CC(=O)O.O=C(O)CC[C@H]1C(=O)C(=O)[C@@H]1CCC(=O)O
C%32(=O)[C@@H]%15CCCN=C(N)N.[C@H]%19(CCCN=C(N)N)C5=O.[C@H]%21(CCCN=C(N)N)C%10=O.[C@H]%18(CCC(N)=O)C3=O.CC[C@H](C)[C@H]%11C%36=O.C%33(=O)[C@@H]%16CC(N)=O.C%34(=O)[C@@H]%17CC(N)=O.[C@H]%22(CC(C)C)C(N)=O.c1%31ccc(O)cc1.C%13(=O)[C@@H]%14C(C)C.C2(=O)[C@@H]%12C%31.[C@@H]1%23CCCN1%32.N1%36CCC[C@H]1%25.N13CCC[C@H]1%26.N15CCC[C@H]1%27.N16CCC[C@H]1%28.[C@H]%20(C%30)C8=O.N18CCC[C@H]1%29.c1%30cnc[nH]1.C%35(=O)CN.C%24%23=O.C%37%25=O.C4%26=O.C6%27=O.C7%28=O.C9%29=O.N2%11.N%13%12.N%24%14.N%33%15.N%34%16.N%35%17.N%37%18.N4%19.N7%20.N9%21.N%10%22	CC[C@H](C)[C@H](NC(=O)[C@H](Cc1ccc(O)cc1)NC(=O)[C@@H](NC(=O)[C@@H]1CCCN1C(=O)[C@H](CCCN=C(N)N)NC(=O)[C@H](CC(N)=O)NC(=O)[C@H](CC(N)=O)NC(=O)CN)C(C)C)C(=O)N1CCC[C@H]1C(=O)N[C@@H](CCC(N)=O)C(=O)N1CCC[C@H]1C(=O)N[C@@H](CCCN=C(N)N)C(=O)N1CCC[C@H]1C(=O)N1CCC[C@H]1C(=O)N[C@@H](Cc1cnc[nH]1)C(=O)N1CCC[C@H]1C(=O)N[C@@H](CCCN=C(N)N)C(=O)N[C@@H](CC(C)C)C(N)=O
C2(=O)[C@@H]%17CCCCN.C%13(=O)[C@@H]%18CCCCN.C%35(=O)[C@@H]%21CCCCN.C%44(=O)[C@@H]%22CCC(=O)O.C3(=O)[C@@H]%26CCCCN.C5(=O)[C@@H]%27CCCCN.C5(=O)[C@@H]%29CCCCN.C9(=O)[C@@H]%32CCCCN.C%10(=O)[C@@H]%33CCCCN.C%14(=O)[C@@H](N)CCCCN.CC(C)C[C@H]%16C%15=O.C%45(=O)[C@@H]%23CC(C)C.C7(=O)[C@@H]%30CCC%32.C8(=O)[C@@H]%31CC(C)C.C%11(=O)[C@@H]%34CC(C)C.C%12(=O)[C@@H]%36CCC%38.[C@@H]1%39CCCN1%44.[C@@H]1%40CCCN1%45.[C@@H]1%41CCCN13.C4(=O)[C@@H]%28C%42.[C@@H]1%42CCCN17.c1%43cnc[nH]1.N%20C(=N)N.N%32C(=N)N.N%37C(=N)N.C%24%39=O.C%44%40=O.C%47%41=O.C6%42=O.N2%16.N%13%17.N%24%18.N%35%19.N%43%21.N%45%22.N%46%23.N%47%25.N4%26.N5%27.N6%28.N8%29.N9%30.N%10%31.N%11%33.N%12%34.N%14%36.N%15%37	CC(C)C[C@H](N)C(=O)N1CCC[C@H]1C=O.CC(C)C[C@H](NC(=O)[C@H](CCCCN)NC(=O)[C@H](CCCCN)NC(=O)[C@@H]1CCCN1C(=O)[C@@H](N)CCC(=O)O)C(=O)NNC(=N)N.CCC[C@H](NC(=O)[C@@H](N)CCCCN)C(=O)N[C@@H](CC(C)C)C(=O)N[C@@H](CCCCN)C(=O)N[C@@H](CC(C)C)C(=O)N[C@@H](CCCCN)C(=O)C(=O)[C@@H](N)CCCCN.N=C(N)N.N=C(N)N.NCCCC[C@@H]1CCC[C@@H](C(=O)N2CCC[C@H]2C[C@H](NC=O)C(=O)N[C@@H](CCCCN)C(=O)N2CCC[C@H]2C(N)=O)NC1=O.NCCCC[C@H](Nc1cnc[nH]1)C(N)=O
C3(=O)[C@@H]%15CCCN=C(N)N.C%14(=O)[C@@H]%16CCCN=C(N)N.C%37(=O)[C@@H]%17CCCN=C(N)N.C%39(=O)[C@@H]%18CCCN=C(N)N.[C@H]%26(CCCN=C(N)N)C(N)=O.C7(=O)[C@@H]%21CCCCN.c1%34c[nH]c2ccccc12.CC[C@H](C)[C@H]%13C%10=O.C%41(=O)[C@@H]%19CC(C)C.C8(=O)[C@@H]%22CC(=O)O.[C@H]%24(CC(N)=O)C%12=O.c1%33ccc(O)cc1.C9(=O)[C@@H](N)C(C)C.c1%35ccc(O)cc1.[C@@H]1%27CCCN1%36.[C@@H]1%28CCCN1%37.[C@@H]1%29CCCN1%39.[C@@H]1%30CCCN1%41.C4(=O)[C@@H]%20C%33.[C@@H]1%31CCCN16.[C@@H]1%32CCCN17.[C@H]%23(C%35)C%11=O.C%25%27=O.C%36%28=O.C%38%29=O.C%40%30=O.C5%31=O.C6%32=O.N3%13.N%14%15.N%25%16.N%38%17.N%40%18.N4%19.N5%20.N8%21.N9%22.N%10%23.N%11%24.N%12%26	CC[C@H](C)[C@H](NC(=O)[C@H](CCCN=C(N)N)NC(=O)[C@H](CCCN=C(N)N)NC(=O)[C@@H]1CCCN1C(=O)[C@@H]1CCCN1C(=O)[C@H](CCCN=C(N)N)NC(=O)[C@@H]1CCCN1C(=O)[C@H](CCCN=C(N)N)NC(=O)[C@@H]1CCCN1C(=O)[C@H](CC(C)C)NC(=O)[C@H](Cc1ccc(O)cc1)NC(=O)[C@@H]1CCCN1C(=O)[C@@H]1CCCN1C(=O)[C@H](CCCCN)NC(=O)[C@H](CC(=O)O)NC(=O)[C@@H](N)C(C)C)C(=O)N[C@@H](Cc1ccc(O)cc1)C(=O)N[C@@H](CC(N)=O)C(=O)N[C@@H](CCCN=C(N)N)C(N)=O.c1ccc2[nH]ccc2c1
[C@@H]1%25NC(=O)CNC(=O)[C@H]%26NC(=O)[C@@H]2CSSC[C@@H]3NC(=O)[C@H]%27NC(=O)CNC(=O)CNC(=O)[C@H]%29NC(=O)[C@H]%30NC(=O)[C@H]%31NC(=O)[C@H]%32NC(=O)[C@H](CSSC[C@H](NC(=O)[C@H]%33NC(=O)[C@H]%34NC(=O)CNC(=O)[C@H](CSSC[C@H](NC(=O)[C@H]%35NC(=O)CNC(=O)CNC(=O)[C@@H]4CCCN4C(=O)[C@H]%37NC(=O)[C@H]%38NC(=O)[C@H]%40NC(=O)[C@H]%41NC(=O)[C@H]%42NC(=O)[C@H]%43NC(=O)[C@H]%44NC4=O)NC(=O)[C@H]%45NC(=O)CNC(=O)[C@H]%46NC(=O)CNC(=O)N3)NC(=O)[C@H]%16NC(=O)[C@H]%29NC(=O)[C@H]%30NC(=O)[C@H]%31NC(=O)[C@H](C)NC(=O)CNC(=O)[C@H]%32NC(=O)[C@H]%33NC(=O)[C@H]%34NC2=O.C%17(=O)[C@@H]%12CCCN=C(N)N.[C@H]%20(CCCCN)C(=O)O.c1%49c[nH]c2ccccc12.C6(=O)[C@@H]%11CC(C)C.C%28CCN=C(N)N.C%15CCN=C(N)N.c1%49ccc(O)cc1.C%50(=O)[C@@H]%13[C@@H](C)O.C%45CCN=C(N)N.C%40CCN=C(N)N.C%12CCN=C(N)N.c1%47ccccc1.c1%48ccccc1.C%26CCCN.C%41CC(N)=O.CC[C@@H]%24C.C%27C(N)=O.C%27C(N)=O.C%32C(C)C.C%35C(N)=O.C%37C(C)C.C%43C(N)=O.C%45C(C)C.C%10(C)C.C%13(C)C.[C@H]%29(C)O.C%28%22=O.[C@H]%20(C)O.C%31C%21.C8%23=O.C%38(C)C.C%44(C)C.N6%13.N%17%11.S%44C.C8%35.S%17C.C%54O.N%50%18.N%51%15.N%53%18.N6%19.N7%20.C9O.C%41O	INVALID
[C@@H]13NC(=O)[C@@H]2CCCN2C1=O.C[C@H]3O	C[C@@H](O)[C@@H]1NC(=O)[C@@H]2CCCN2C1=O
[C@@H]13NC(=O)[C@@H]4NC(=O)[C@H]5NC(=O)[C@@H]6NC(=O)[C@H]7NC(=O)[C@H]8NC1=O.c19ccccc1.CC(C)C3.C4C(C)C.C6C(C)C.[C@H]5(C)O.C6(C)C	CC(C)C[C@@H]1NC(=O)[C@@H](CC(C)C)NC(=O)[C@H]([C@@H](C)O)NC(=O)[C@@H](CC(C)C)NC(=O)CNC(=O)CNC1=O.CCC.c1ccccc1
C3(=O)[C@@H]5CCCN=C(N)N.C%17(=O)[C@@H](N)CCCN=C(N)N.C%14(=O)[C@@H]6CCC(N)=O.[C@H]9(CCCCN)C%19=O.[C@H]%10(CCCCN)C%20=O.c1%13c[nH]c2ccccc12.CC[C@H](C)[C@H]4C%18=O.C%16(=O)[C@@H]8[C@@H](C)CC.[C@H]%12(CC(C)C)C(N)=O.C%15(=O)[C@@H]7C(C)C.[C@H]%11(C%13)C%21=O.N34.N%145.N%156.N%167.N%178.N%189.N%19%10.N%20%11.N%21%12	CC[C@H](C)[C@H](NC(=O)[C@H](CCCN=C(N)N)NC(=O)[C@H](CCC(N)=O)NC(=O)[C@@H](NC(=O)[C@@H](NC(=O)[C@@H](N)CCCN=C(N)N)[C@@H](C)CC)C(C)C)C(=O)N[C@@H](CCCCN)C(=O)N[C@@H](CCCCN)C(=O)N[C@@H](Cc1c[nH]c2ccccc12)C(=O)N[C@@H](CC(C)C)C(N)=O
CC[C@H](C)[C@H](N)C2=O.[C@H]%11(CCC%12)C%13=O.[C@@H]%14(C%35=O)[C@@H](C)CC.[C@@H]%15(C%37=O)[C@@H](C)CC.[C@H]%16(CCC%17)C%38=O.[C@H]%18(CCC%19)C%39=O.[C@H]%20(CCC%21)C%40=O.[C@H]%22(CCC%21)C%41=O.[C@H]%25(CCC%25)C4=O.[C@H]%26(CCC%27)C5=O.[C@@H]%28(C6=O)[C@@H](C)CC.[C@H]%29(CCC%30)C7=O.[C@H]%31(CCC%32)C8=O.[C@H]%33(CCCN)C9=O.[C@H]%34(CC(C)C)C%10=O.[C@@H]%34(C(N)=O)C(C)C.[C@H]%23(C%36)C3=O.c1%36ccccc1.N%12C(=N)N.N%14C(=N)N.N%17C(=N)N.N%21C(=N)N.N%27C(=N)N.N%30C(=N)N.N%33C(=N)N.N2%10.N%13%11.N%24%14.N%35%15.N%37%16.N%38%18.N%39%20.N%40%22.N%41%22.N3%25.N4%26.N5%28.N6%29.N7%31.N8%32.N9%34	CCC[C@H](NC(=O)[C@H](CCCNC(=N)N)NC(=O)[C@@H](NC(=O)[C@@H](NC(=N)N)[C@@H](C)CC)[C@@H](C)CC)C(=O)N[C@H]1CCCCCC[C@@H](C(N)=O)NC1=O.CC[C@H](C)[C@H](N)C(=O)NC(=O)[C@H](CC(C)C)[C@H](C(N)=O)C(C)C.CC[C@H](C)[C@H](NC(=O)[C@H](CCCNC(=N)N)NC(=O)C1CCC1)C(=O)N[C@@H](CCCNC(=N)N)C(=O)N[C@H]1CCCNC1=O.N.N=C(N)N.N=C(N)NCCC[C@@H]1NC1=O.N=C(N)N[C@@H](CCCN)C(N)=O.NC(=O)CCc1ccccc1
C%13(=O)[C@@H]%11CCCN=C(N)N.C%32(=O)[C@@H]%15CCCN=C(N)N.[C@H]%19(CCCN=C(N)N)C8=O.[C@H]%17(CCC(N)=O)C3=O.CC[C@H](C)[C@H]%10C4=O.[C@H]%20(CC(N)=O)C(=O)O.C%31(=O)[C@@H]%14C(C)C.[C@@H]%18(C5=O)C(C)C.[C@@H]1%21CCCN1%13.C%24(=O)[C@@H]%12C%29.N1%34CCC[C@H]1%22.N13CCC[C@H]1%23.N15CCC[C@H]1%25.N16CCC[C@H]1%26.[C@H]%19(C%28)C8=O.N18CCC[C@H]1%27.c1%28cnc[nH]1.C%30(=O)C%16.C%33(=O)CN.C2%21=O.C%34%22=O.C%35%23=O.C3%25=O.C6%26=O.C7%32=O.C9%27=O.N2%10.N%24%11.N%30%12.N%31%14.N%32%15.N%33%16.N%35%17.N4%18.N7%19.N9%20	CC(C)[C@@H]1NC1=O.CC[C@H](C)[C@H](NC(=O)[C@@H]1CCCN1C(=O)[C@H](CCCN=C(N)N)NC(=O)[C@H](C)NC(=O)CNC(=O)CN)C(=O)N[C@H](C(=O)N1CCC[C@H]1C=O)C(C)C.NC(=O)C(=O)[C@@H](N)CCCN=C(N)N.NC(=O)CC[C@@H]1NC(=O)[C@@H]2CCCN2C1=O.NC(=O)C[C@H](NC(=O)[C@@H]1CCCN1)C(=O)O.NC(N)=NCCC[C@H]1C(=O)C(=O)[C@@H]1Cc1cnc[nH]1.O=C1[C@@H]2CCCN12.O=C1[C@@H]2CCCN12
C%32(=O)[C@@H]%15CCCN=C(N)N.C%33(=O)[C@@H]%16CCCN=C(N)N.C%35(=O)[C@@H]%17CCCN=C(N)N.[C@H]%19(CCCN=C(N)N)C5=O.[C@H]%21(CCCN=C(N)N)C%10=O.[C@H]%18(CCC(N)=O)C3=O.CC[C@H](C)[C@H]%11C4=O.C3(=O)[C@@H](N)CC(=O)O.c1%31ccc(O)cc1.C%13(=O)[C@@H]%14C(C)C.C2(=O)[C@@H]%12C%31.[C@@H]1%22CCCN1%32.N1%36CCC[C@H]1%23.N13CCC[C@H]1%25.N15CCC[C@H]1%26.N16CCC[C@H]1%28.[C@H]%20(C%30)C8=O.N18CCC[C@H]1%29.c1%30cnc[nH]1.C%24%22=O.C%34(C)=O.C%36%23=O.C%37%25=O.C4%26=O.C6%27=O.C7%28=O.C9%29=O.N2%11.N%13%12.N%24%14.N%33%15.N%34%16.N%35%17.N4%18.N7%19.N9%20.N%10%21	CC[C@H](C)[C@H](NC(=O)[C@H](Cc1ccc(O)cc1)NC(=O)[C@@H](NC(=O)[C@@H]1CCCN1C(=O)[C@H](CCCN=C(N)N)NC(=O)[C@H](CCCN=C(N)N)NC(C)=O)C(C)C)C(=O)C(=O)[C@@H]1CCCN1C(=O)[C@H](CCCN=C(N)N)NC(=O)[C@@H]1CCCN1C=O.NC(=O)CC[C@H](N)C(=O)C(=O)[C@@H](N)CC(=O)O.NC(N)=NCCC[C@@H]1NC1=O.NC(N)=NCCC[C@@H]1NC1=O.O=C1N[C@@H](Cc2cnc[nH]2)C(=O)N2CCC[C@@H]12.O=C1[C@@H]2CCCN12.O=C[C@@H]1CCCN1
C8(=O)[C@@H]3CCCCN.C%12(=O)[C@@H](N)CCCCN.[C@H]6(CCCCN)C(=O)O.CC(C)C[C@H]%14C%13=O.C2(=O)[C@@H]%15C(C)C.C9(=O)[C@@H]4C(C)C.C%11(=O)[C@@H]5C(C)C.[C@@H]17CCCN1.C%107=O.N2%14.N8%15.N93.N%104.N%125.N%136	CC(C)C[C@H](NC(=O)[C@@H](NC(=O)[C@H](CCCCN)NC(=O)[C@@H](NC(=O)[C@@H]1CCCN1)C(C)C)C(C)C)C(=O)N[C@@H](CCCCN)C(=O)O.CC(C)[C@@H](C=O)NC(=O)[C@@H](N)CCCCN
C2(=O)[C@@H]%11CCCN=C(N)N.C%24(=O)[C@@H]%12CCCN=C(N)N.C%31(=O)[C@@H]%15CCCN=C(N)N.C7(=O)[C@@H]%18CCCN=C(N)N.CC(C)C[C@H]%10C(=O)O.C3(=O)[C@@H]%16CC(N)=O.C8(=O)[C@@H]%21CC(N)=O.C9(=O)[C@@H]%20CCCN.C1%21CC(O)CN1%13.C5(=O)[C@@H]%19C(C)C.[C@@H]1%22CCCN1%24.[C@@H]1%23CCCN1%31.[C@@H]1%25CCCN1%33.[C@@H]1%26CCCN15.[C@@H]1%27CCCN17.c1%28cnc[nH]1.C%31(=O)C%14.C9(=O)CN.C%13%21=O.C%29%22=O.C%30%23=O.C%32%25=O.C%33%26=O.C%35%27=O.C6%28=O.N2%10.N%24%11.N%29%12.N%32%14.N%34%15.N3%16.N4%17.N6%18.N8%19.N9%20	CC(C)C[C@H](NC(=O)[C@@H](N)CCCN=C(N)N)C(=O)O.CC(C)[C@H](NC(=O)[C@H](CC(N)=O)C1CC(O)CN1C=O)C(=O)N1CCC[C@H]1C(=O)N1CCC[C@H]1C(=O)NCC=O.N.NC(=O)C[C@@H]1NC1=O.NC(N)=NCCC[C@@H]1NC(=O)[C@@H]2CCCN2C1=O.NC(N)=NCCC[C@H](N)C(=O)N1CCC[C@H]1C=O.NC(N)=NCCC[C@H](NC(=O)c1cnc[nH]1)C(=O)N1CCC[C@H]1C=O.NCCC[C@H](N)C(=O)C(=O)CN
[C@H]%10(CCCN=C(N)N)C%22=O.C2(=O)[C@@H]6CCCCN.C%13(=O)[C@@H]7CCC(N)=O.C%20(=O)[C@@H](N)CCCCN.[C@H]%12(CCCCN)C%24=O.CC[C@H](C)[C@H]5C%21=O.C%19(=O)[C@@H]8CC(C)C.[C@H]%11(CC(C)C)C%23=O.[C@H]%16(CC(C)C)C(N)=O.c1%18ccc(O)cc1.[C@H]%14(C%17)C3=O.c1%17ccccc1.[C@H]%15(C%18)C4=O.N25.N%136.N%197.N%198.N%209.N%21%10.N%22%11.N%23%12.N%24%14.N3%15.N4%16	CC[C@H](C)[C@H](NC(=O)[C@H](CCCCN)NC(=O)[C@H](CCC(N)=O)NC(=O)[C@@H](N)CC(C)C)C(=O)N[C@@H](CCCN=C(N)N)C(=O)N[C@@H](CC(C)C)C(=O)N[C@@H](CCCCN)C(=O)N[C@@H](Cc1ccccc1)C(=O)N[C@@H](Cc1ccc(O)cc1)C(=O)N[C@@H](CC(C)C)C(N)=O.NCCCC[C@H](N)C(N)=O
C3(=O)[C@@H]4CCCN=C(N)N.[C@H]6(CCCN=C(N)N)C%16=O.[C@H]%10(CCCN=C(N)N)C(N)=O.c1%12cccc2ccccc12.[C@H]7(CCCCN)C%17=O.[C@H]9(CCCCN)C%19=O.CC[C@H](C)[C@H]%20C%14=O.[C@@H]8(C%18=O)C(C)C.C%13(=O)[C@@H]5C%11.C%15(=O)[C@@H](N)C%12.c1%11cnc[nH]1.N3%20.N%134.N%145.N%156.N%167.N%178.N%189.N%19%10	CC(C)[C@H](NC(=O)[C@H](CCCCN)NC(=O)[C@H](CCCN=C(N)N)NC(=O)[C@@H](N)Cc1cccc2ccccc12)C(=O)N[C@@H](CCCCN)C(=O)N[C@@H](CCCN=C(N)N)C(N)=O.CC[C@H](C)[C@@H]1NC(=O)[C@H](CCCN=C(N)N)NC(=O)[C@H](Cc2cnc[nH]2)NC1=O
[C@@H]14NC(=O)[C@H]8NC(=O)[C@H]9NC(=O)[C@@H]2CCCN2C(=O)[C@H]2CCCN2C(=O)[C@H]%10NC(=O)[C@H](C)NC(=O)[C@H]%11NC(=O)[C@H]%12NC(=O)[C@H]%13NC(=O)[C@H](C)NC(=O)[C@H]%14NC(=O)[C@H]%15NC(=O)[C@H]5NC1=O.c16c[nH]c2ccccc12.c17c[nH]c2ccccc12.C%14CCN=C(N)N.C%15CCN=C(N)N.C%10CCCN.C%11CCCN.C5CCCN.CC(C)C4.C%12C(C)C.[C@H]%12(C)O.C8O.C97.C%137	CC(C)C[C@@H]1NC(=O)[C@H](C)NC(=O)[C@H](C)NC(=O)[C@H](CCCN=C(N)N)NC(=O)[C@H](CCCN=C(N)N)NC(=O)[C@H](CCCCN)NC(=O)[C@H](CC(C)C)NC(=O)[C@H](CO)NC(=O)[C@H](Cc2c[nH]c3ccccc23)NC(=O)[C@@H]2CCCN2C(=O)[C@H]2CCCN2C(=O)[C@H](CCCCN)NC(=O)[C@H](C)NC(=O)[C@H](CCCCN)NC1=O.CCO.c1ccc2[nH]ccc2c1
C2(=O)[C@@H]5CCCCN.C%22(=O)[C@@H](N)CCCCN.[C@H]%11(CCCCN)C3=O.C%18(=O)[C@H]7CCCN.C%21(=O)[C@@H]%10[C@@H](O)CN.C%20(=O)[C@@H]9CCN.C=%15(N2)C%23=O.C%13(=O)[C@@H]6C%16.[C@@H]1%14CCCN1%18.c1%16cnc[nH]1.C%12CCCN.N=C(N)N4.C4CC=%15.C%19(=O)C8.C%17%14=O.N%135.N%176.N%197.N%208.N%219.N%22%10.N%23%11.N3%12	N=C(N)NCCC=C(NC(=O)[C@H](CCCCN)NC(=O)[C@H](Cc1cnc[nH]1)NC(=O)[C@@H]1CCCN1C(=O)[C@@H](CCCN)NC(=O)CNC(=O)[C@H](CCN)NC(=O)[C@@H](NC(=O)[C@@H](N)CCCCN)[C@@H](O)CN)C(=O)N[C@@H](CCCCN)C(=O)NCCCCN
[C@H]%95(CCCN=C(N)N)C(=O.[C@H]%101(CCCN=C(N)N)C%48=O.[C@H]%12(CCCN=C(N)N)C%65=O.[C@H]%17(CCCN=C(N)N)C%87=O.[C@H]%18(CCCN=C(N)N)C%91=O.[C@H]%104(CCCN=C(N)N)C%36=O.[C@H]%104(CCCN=C(N)N)C%42=O.[C@H]8(CCCN=C(N)N)C%42=O.[C@H]%109(CCCN=C(N)N)C%47=O.[C@H]%10(CCCN=C(N)N)C%79=O.[C@H]%96(CCCCN)C%40=O.[C@H]%102(CCCCN)C%41=O.[C@H]%115(CCCCN)C%55=O.[C@H]%117(CCCCN)C%51=O.[C@H]%112(CCC(N)=O)C%61=O.[C@H]5(CCCCN)C%62=O.[C@H]%118(CCC(N)=O)C%70=O.CC[C@H](C)[C@H]%93C%14=O.C%91(=O)[C@@H](N)CC(N)=O.[C@H]%94(CCC(=O)O)C%42=O.[C@H]%10((CC(=O)O)C%43=O.[C@H]%116(CC(=O)O)C%45=O.[C@H]%11((CC(C)C)C%50=O.[C@H]%111(CC(C)C)C%57=O.[C@H]%116(CC(N)=O)C%62=O.[C@H]%131(CC(C)C)C%79=O.[C@@H]%123(C%32=O)C(C)C.[C@@H]%99(C1=O)C(C)C.[C@@H]%130(C%78=O)C(C)C.[C@@H]%99(C%27=O)[C@@H](C)O.c1%36ccc(O)cc1.[C@@H]%44(C%66=O)[C@@H](C)O.c1%38ccc(O)cc1.[C@@H]%16(Cc=O)C(C)C.[C@@H]%18(C%66=O)[C@@H](C)O.[C@@H]%15(C%68=O)[C@@H](C)O.[C@@H]%15(C%58=O)C(C)C.[C@@H]%132(C%73=O)C(C)C.[C@@H]%18(C%80=O)[C@@H](C)O.C2(=O)[C@@H]%83C%36.N1%28CCC[C@H]1%28.[C@H]%96(CO)C%79=O.[C@H]%21(C%32)C%89=O.[C@H]%92(C%31)C%96=O.N1%89CCC[C@H]1%30.[C@H]%96(CO)C%42=O.[C@H]%104(CO)C%46=O.[C@H]5(C%38)C%59=O.[C@H]%11(C%34)C%82=O.[C@H]%72(C)C%14=O.c1%31cnc[nH]1.[C@H]7(C)C%11=O.[C@H]%15(C)C%25=O.[C@H]%99(C)C%50=O.c1%31cnc[nH]1.c1%32cnc[nH]1.[C@H]%109(C)C%61=O.c1%33cnc[nH]1.c1%34cnc[nH]1.[C@H]%129(C)C%48=O.[C@H]%28(C)C%58=O.[C@H][C@H]2(C)C%67=O.[C@H]9(C)C%91=O.C%99C%30=O.C%105C%49=O.C%109C%50=O.C%12CC=O.C%12C%73=O.C%71C%72=O.C%27C%79=O.C%68%28=O.N2%93.N%46%94.N%56%95.N%68%96.N%79%97.N%80%98.N%91%99.N%1010.N%11%101.N%124%102.N4%103.N%15%104.N%26%105.N%37%106.N%41%107.N%42%108.N%43%109.N%44%110.N%46%111.N%48%112.N%48%114.N%49%115.N%50%116.N%51%117.N%52%118.N%53%119.N%54%120.N%55%121.N%56%122.N%57%123.N%59%125.N%60%126.N%61%127.N%62%128.N%63%129.N%64%130.N%65%131.N%66%132.N%67%133.N%69%134.N%704.N%715.N%726.N%737.N%748.N%759.N%76%10.N%77%11.N%78%12.N%79%13.N%81%14.N%82%16.N%83%17.N%84%18.N%85%19.N%86%20.N%87%21.N%88%22.N%89%23.N%91%24.N%92%24	INVALID
CCCCCCCCCC3=O.[C@H]%10(CCCN=C(N)N)C6=O.[C@H]%12(CCCCN)C8=O.c15c[nH]c2ccccc12.[C@H]4(CC(C)C)C(N)=O.[C@@H]%11(C7=O)C(C)C.[C@H]%13(C5)C9=O.N3%10.N6%11.N7%12.N8%13.N94	CCCCCCCCCC(=O)N[C@@H](CCCN=C(N)N)C(=O)N[C@H](C(=O)N[C@@H](CCCCN)C(=O)N[C@@H](Cc1c[nH]c2ccccc12)C(=O)N[C@@H](CC(C)C)C(N)=O)C(C)C
[C@H]%18(CCCCN)C%13=O.[C@H]%41(CCCCN)C%16=O.CC[C@H](C)[C@H]%18C%24=O.[C@H]%21(CCC%20)C%35=O.[C@@H]%22(C%46=O)[C@@H](C)CC.[C@H]%23(CCC%25)C%51=O.[C@@H]%26(C%53=O)[C@@H](C)CC.[C@H]%27(CCC%28)C3=O.[C@@H]%29(C5=O)[C@@H](C)CC.[C@@H]%30(C6=O)[C@@H](C)CC.[C@H]%31(CCC%32)C7=O.[C@H]%33(CCC%34)C9=O.[C@H]%36(CCC%37)C%11=O.[C@@H]%39(C%15=O)[C@@H](C)CC.[C@H]%40(CCC%41)C%16=O.[C@H]%42(CCC%43)C(=O)O.N1%13CCC[C@H]1%45.N1%52CCC[C@H]1%47.N13CCC[C@H]1%48.[C@H]%31(CS)C8=O.N19CCC[C@H]1%49.[C@H]%38(CS)C%14=O.N1%14CCC[C@H]1%50.N1%16CCC[C@H]1%51.N%19C(=N)N.N%23C(=N)N.N%25C(=N)N.N%28C(=N)N.N%32C(=N)N.N%32C(=N)N.N%37C(=N)N.N%41C(=N)N.N%44C(=N)N.C2%45=O.C%55%47=O.C4%48=O.C8%49=O.C%12%50=O.C%17%51=O.N2%18.N%24%20.N%35%22.N%46%22.N%53%26.N%54%27.N%55%29.N4%30.N5%31.N6%33.N8%33.N9%36.N%10%38.N%12%39.N%14%40.N%15%42.N%17%44	CCC[C@H](NC(=O)[C@@H](NC(=O)[C@@H]1CCCN1C(=O)[C@@H](N)CCCNC(=N)N)[C@@H](C)CC)C(=O)N1CCC[C@H]1C(=O)C(=O)[C@H](CS)[C@H](C=O)CCCNC(=N)N.CCC[C@H](NC(=O)[C@@H](NC(=O)[C@@H]1CCCN1C(=O)[C@@H](N)CS)[C@@H](C)CC)C(=O)O.CC[C@H](C)[C@@H](C(=O)NCCCCC(=O)N[C@H](C(N)=O)[C@@H](C)CC)[C@@H](CCCCN)C(=O)N1CCC[C@H]1C(N)=O.CC[C@H](C)[C@@H]1NC1=O.CC[C@H](C)[C@H](NC(=O)[C@@H]1CCCN1)C(N)=O.N.N=C(N)N.N=C(N)N.N=C(N)N.N=C(N)NCCC[C@H](N)C=O.N=C(N)NCCC[C@H](NC(=N)N)C(=O)[C@@H]1CCCN1.N=C(N)NNC=O.NCCCC[C@@H]1CCC[C@H](N)C(=O)C1=O
[C@H]4(CCCN=C(N)N)C%13=O.[C@H]6(CCCN=C(N)N)C(N)=O.c18c[nH]c2ccccc12.[C@H]5(CCCCN)C%14=O.c19c[nH]c2ccccc12.C%10(=O)[C@@H]%16C7.c17ccccc1.C%11(=O)[C@@H]%17C8.C%12(=O)[C@@H](N)C9.NCC3=O.N3%15.N%10%16.N%11%17.N%124.N%135.N%146	NCC(N)=O.NCCCC[C@H](NC(=O)[C@H](CCCN=C(N)N)NC(=O)[C@@H](N)Cc1c[nH]c2ccccc12)C(=O)N[C@@H](CCCN=C(N)N)C(N)=O.O=C1N[C@H]1Cc1c[nH]c2ccccc12.O=C1N[C@H]1Cc1ccccc1
C%14(=O)[C@@H]%22CCCCN.C%51(=O)[C@@H]%27CCC(N)=O.c1%49c[nH]c2ccccc12.C%54(=O)[C@@H]%29CCCCN.[C@H]%41(CCCCN)C%16=O.[C@H]%44(CCCCN)C(=O)O.CC[C@H](C)[C@H]%20C6=O.C%47(=O)[C@@H]%26CC(C)C.C%53(=O)[C@@H]%30CC(C)C.C4(=O)[C@@H]%31CC(C)C.[C@H]%35(CC(C)C)C%10=O.[C@@H]%39(C%15=O)[C@@H](C)CC.[C@H]%40(CC(N)=O)C%16=O.C%25(=O)[C@@H]%23CC%45.C%36(=O)[C@@H]%24[C@@H](C)O.[C@@H]%37(C%11=O)C(C)C.[C@@H]%40(C%17=O)[C@@H](C)O.C%52(=O)[C@@H]%28C%49.[C@H]%38(CO)C%13=O.[C@H]%43(C%48)C%19=O.c1%46cnc[nH]1.[C@H]%34(C)C9=O.c1%48cnc[nH]1.[C@H]%38(C)C%12=O.[C@H]%42(C)C%18=O.C3(=O)C%21.C%33C8=O.C5(C)=O.C5(C)=O.N3%20.N%14%21.N%25%22.N%36%23.N%47%24.N%50%24.N%51%26.N%52%27.N%53%28.N%54%29.N4%30.N5%31.N6%32.N7%33.N8%34.N9%35.N%10%37.N%11%38.N%12%39.N%13%40.N%15%41.N%16%42.N%17%43.N%18%44	CC(=O)C(C)=O.CC(C)C[C@H](NC(=O)[C@H](C)NC(=O)CN)C(=O)N[C@H](C(N)=O)C(C)C.CC[C@H](C)[C@H](NC(=O)[C@H](C)[C@@H](CO)C(N)=O)C(=O)N[C@@H](CCCCN)C(=O)C(=O)[C@H](CC(N)=O)[C@H](C(=O)N[C@H](C=O)Cc1cnc[nH]1)[C@@H](C)O.CC[C@H](NC(=O)[C@@H](NC(=O)[C@H](CC(C)C)NC(=O)[C@H](CCC(N)=O)NC(=O)[C@H](Cc1c[nH]c2ccccc12)NC(=O)[C@H](CC(C)C)NC(=O)[C@@H](N)CC(C)C)[C@@H](C)O)C(=O)N[C@@H](CCCCN)C(=O)NCC(=O)N[C@H](C(N)=O)[C@@H](C)CC.C[C@H](N)C(=O)N[C@@H](CCCCN)C(=O)O.N.NCCCC[C@@H]1NC1=O.c1c[nH]cn1
[C@@H]13NC(=O)[C@H]4NC(=O)[C@@H]2CCCN2C(=O)[C@@H]2CCCN2C(=O)[C@H]5NC(=O)C6NC1=O.c17ccccc1.CC(C)C3.C6C(C)C.C4(C)C.C57	CC(C)CC1NC(=O)[C@H](CC(C)C)NC(=O)[C@H](C(C)C)NC(=O)[C@@H]2CCCN2C(=O)[C@@H]2CCCN2C(=O)[C@H](Cc2ccccc2)NC1=O
C3(=O)[C@@H]%21CCCCN.C%14(=O)[C@@H]%22CCCCN.C%47(=O)[C@@H]%26CCCCN.c1%48c[nH]c2ccccc12.C%51(=O)[C@@H](N)CCCCN.[C@H]%28(CCCCN)C%52=O.[C@H]%39(CCC(=O)O)C%16=O.[C@H]%42(CCCCN)C%18=O.CC[C@H](C)[C@H]%20C%51=O.[C@H]%30(CC(C)C)C6=O.[C@H]%37(CC(C)C)C%12=O.[C@H]%39(CC(C)C)C%13=O.[C@@H]%31(C7=O)[C@@H](C)O.[C@@H]%34(C%10=O)C(C)C.[C@@H]%37(C%11=O)[C@@H](C)O.[C@@H]%38(C%13=O)C(C)C.[C@@H]%44(C(=O)O)[C@@H](C)O.C%25(=O)[C@@H]%23C%46.c1%46ccccc1.C%50(=O)[C@@H]%27C%48.[C@H]%29(CO)C4=O.[C@H]%35(CO)C9=O.N1%16CCC[C@H]1%45.[C@H]%40(CO)C%17=O.[C@H]%43(C%49)C%19=O.c1%49ccccc1.[C@H]%33(C)C8=O.[C@H]%40(C)C%15=O.C%17%45=O.N3%20.N%14%21.N%25%22.N%36%23.N%47%24.N%50%26.N%51%27.N%52%28.N%53%29.N4%30.N5%31.N6%32.N7%33.N8%34.N9%35.N%10%37.N%11%38.N%12%39.N%13%40.N%15%41.N%17%42.N%18%43.N%19%44	CC(C)C[C@@H](C(N)=O)[C@H](C(=O)N[C@H](C(=O)C(=O)[C@H](CC(C)C)[C@@H](CCC(=O)O)C(=O)N1CCC[C@H]1C(=O)C(=O)[C@H](CO)[C@@H](C)C(N)=O)C(C)C)[C@@H](C)O.CC(C)C[C@H](NC(=O)[C@@H](N)CO)C(N)=O.CC(C)[C@H](NC(=O)[C@H](C)NC(=O)[C@@H](N)[C@@H](C)O)C(N)=O.CC[C@H](C)[C@H](NC(=O)[C@H](CCCCN)NC(=O)[C@H](CCCCN)NC(=O)[C@@H](N)Cc1ccccc1)C(=O)C(=O)[C@@H](N)CCCCN.C[C@@H](O)[C@H](NC(=O)[C@H](Cc1ccccc1)NC(=O)[C@@H](N)CCCCN)C(=O)O.N.NCCCC[C@@H]1NC1=O.NCCCC[C@H](NC(=O)[C@@H](N)Cc1c[nH]c2ccccc12)C(N)=O.O=C1N[C@H]1CO
C3(=O)[C@@H]%43CCCN=C(N)N.C%46(=O)[C@@H]%36CCCCN.C%57(=O)[C@@H]%39CCC(=O)O.C8(=O)[C@@H]%50CCCCN.C%14(=O)[C@@H]%55CCCCN.C%20(=O)[C@@H]%56CCCCN.C%25(=O)[C@@H]%61CCCCN.CC[C@H](C)[C@H]%32C%28=O.C%35(=O)[C@@H]%37CC(C)C.C5(=O)[C@@H]%50CC(N)=O.C%11(=O)[C@@H]%51CC(N)=O.C%15(=O)[C@@H]%52CC(N)=O.C%19(=O)[C@@H]%58CC(N)=O.C%23(=O)[C@@H]%59[C@@H](C)CC.C%27(=O)[C@@H]%63[C@@H](C)CC.C%57(=O)[C@@H]%40[C@@H](C)O.C6(=O)[C@@H]%48C(C)C.C%16(=O)[C@@H]%56C(C)C.c1%77ccc(O)cc1.C%22(=O)[C@@H]%60CC%70.[C@@H]%69(C(=O)O)[C@@H](C)O.C%46(=O)[C@@H]%38CO.[C@@H]1%71CCCN1%79.C%79(=O)[C@@H]%43CO.C4(=O)[C@@H]%44C%73.c1%73ccccc1.[C@@H]1%72CCCN17.C%10(=O)[C@@H]%49C%73.C%14(=O)[C@@H]%54C%74.c1%74ccccc1.[C@@H]1%74CCCN1%17.C%21(=O)[C@@H]%59C%75.c1%75ccccc1.C%25(=O)[C@@H]%62C%76.c1%76ccccc1.[C@H]%65(CO)C%29=O.[C@H]%67(C%77)C%31=O.N1%31CCC[C@H]1%72.C2(=O)[C@@H]%33C.C%79(=O)[C@@H]%44C.c1%73cnc[nH]1.C%18(=O)[C@@H]%53C.C%17(=O)[C@@H]%56C.C%26(=O)CN.C7%71=O.C%32%72=O.N2%33.N%13%34.N%24%36.N%35%37.N%46%38.N%57%39.N%68%40.N%78%41.N%79%42.N3%43.N4%44.N5%45.N6%47.N8%48.N9%49.N%10%50.N%11%51.N%12%52.N%14%53.N%15%54.N%16%55.N%18%56.N%19%58.N%20%59.N%21%60.N%22%61.N%23%62.N%25%63.N%26%64.N%27%65.N%28%66.N%30%67.N%32%69	CC(C)C[C@@H]1NC1=O.CC(C)[C@@H](C(=O)N[C@@H](CCCCN)C(=O)C(=O)[C@H](Cc1ccccc1)NC(=O)[C@@H](N)CC(N)=O)[C@@H](CCCCN)C(N)=O.CC(C)[C@H](NC(=O)[C@H](CCCCN)[C@@H](CC(N)=O)C(N)=O)C(N)=O.CC[C@@H]1NC(=O)[C@H](Cc2ccccc2)[C@@H]([C@@H](C)CC)C(=O)N[C@@H](Cc2ccccc2)C(=O)C(=O)[C@H](CCCCN)NC1=O.CC[C@H](C)[C@H](C=O)C(N)=O.CC[C@H](C)[C@H](N)C(=O)N[C@H](C=O)CO.C[C@@H](C(N)=O)[C@@H](Cc1ccccc1)C(N)=O.C[C@@H](O)[C@H](N)C(=O)C(=O)[C@@H](N)CCC(=O)O.C[C@@H](O)[C@H](N)C(=O)O.C[C@@H]1NC1=O.C[C@H](N)C(=O)N[C@@H](C)C(=O)N1CCCC1.N.N.NC(=O)C[C@@H]1NC1=O.NC(=O)C[C@@H]1NC1=O.NC(=O)[C@@H](N)Cc1cnc[nH]1.NC(=O)[C@H](CCCN=C(N)N)[C@@H](CO)C(=O)N1CCC[C@H]1C(=O)N1CCC[C@H]1[C@@H]1CCCN1C(=O)[C@@H](N)Cc1ccc(O)cc1.NCC(N)=O.NCCCC[C@H](N)C(=O)C(=O)[C@@H](N)CO
[C@H]%21(CCCN=C(N)N)C%48=O.[C@H]%32(CCCN=C(N)N)C%11=O.[C@H]%27(CCCCN)C7=O.CC[C@H](C)[C@H]%15C%45=O.[C@@H]%22(C%49=O)[C@@H](C)CC.[C@@H]%29(C9=O)[C@@H](C)CC.[C@H]%14(CC(C)C)C%12=O.[C@@H]%23(C3=O)C(C)C.[C@@H]%26(C5=O)C(C)C.[C@@H]%28(C8=O)[C@@H](C)O.[C@@H]%33(C%14=O)C(C)C.[C@@H]%33(C%15=O)[C@@H](C)O.C2(=O)[C@@H]%16C%37.C%13(=O)[C@@H]%17C%38.C%24(=O)[C@@H]%19C%42.c1%42ccccc1.C%35(=O)[C@@H](N)C%43.c1%43ccccc1.[C@H]%20(CO)C%47=O.[C@H]%22(C%39)C3=O.[C@H]%25(C%41)C4=O.[C@H]%30(CO)C%10=O.c1%37cnc[nH]1.c1%38cnc[nH]1.c1%39cnc[nH]1.c1%40cnc[nH]1.C%26C6=O.C%34C(=O)O.C%48%36=O.N2%15.N%13%16.N%24%17.N%35%18.N%44%19.N%45%20.N%47%21.N%48%22.N3%23.N4%25.N5%26.N6%27.N7%28.N8%29.N9%30.N%10%31.N%11%32.N%12%33.N%14%34	CC[C@H](C)[C@@H](C(=O)N[C@@H](CO)C(=O)N[C@@H](CCCN=C(N)N)C(=O)C=O)C(=O)[C@@H]([C@H](C(=O)[C@@H](CC(C)C)C(N)=O)C(C)C)[C@@H](C)O.CC[C@H](C)[C@@H](C=O)[C@@H](Cc1cnc[nH]1)C(=O)C(=O)[C@@H](N)C(C)C.CC[C@H](C)[C@H](NC(=O)[C@@H](NC(=O)[C@H](CCCCN)NC(=O)C[C@H](C(N)=O)C(C)C)[C@@H](C)O)C(=O)N[C@@H](CO)C(N)=O.C[C@@H]1NC1=O.N.NC(=O)[C@@H](N)Cc1ccccc1.NC(=O)[C@H](Cc1cnc[nH]1)NC(=O)[C@H](Cc1cnc[nH]1)NC(=O)[C@@H](N)Cc1ccccc1.NC(N)=NCCC[C@@H]1NC1=O.NCC(=O)O.c1c[nH]cn1
[C@H]%19(CCCN=C(N)N)C%24=O.[C@H]%21(CCCN=C(N)N)C%44=O.[C@H]%23(CCCN=C(N)N)C3=O.[C@H]%26(CCCN=C(N)N)C7=O.[C@H]%30(CCCN=C(N)N)C%11=O.[C@H]%31(CCCN=C(N)N)C%17=O.CC[C@H](C)[C@H]%18C%13=O.[C@@H]%22(C%46=O)[C@@H](C)CC.[C@@H]%25(C5=O)[C@@H](C)CC.[C@@H]%28(C9=O)[C@@H](C)CC.[C@@H]%29(C%14=O)[C@@H](C)CC.[C@@H]%30(C%15=O)C(C)C.[C@H]%20(C%43)C%35=O.c1%43ccccc1.N1%35CCC[C@H]1%32.N1%44CCC[C@H]1%33.N1%46CCC[C@H]1%34.N13CCC[C@H]1%36.N15CCC[C@H]1%37.N17CCC[C@H]1%38.N19CCC[C@H]1%38.N1%11CCC[C@H]1%39.N1%14CCC[C@H]1%40.N1%16CCC[C@H]1%41.N1%18CCC[C@H]1%42.C%42%32=O.C%45%33=O.C%47%34=O.C4%36=O.C6%37=O.C8%38=O.C%10%39=O.C%12%40=O.C%15%41=O.C%42(=O)O.N2%18.N%13%19.N%24%20.N%42%21.N%47%22.N%49%23.N4%25.N6%26.N8%27.N%10%28.N%12%29.N%15%30.N%17%31	CC[C@H](C)[C@@H]1NC(=O)[C@@H]2CCCN2C1=O.CC[C@H](C)[C@@H]1NC(=O)[C@@H]2CCCN2C1=O.CC[C@H](C)[C@H](NC(=O)[C@@H]1CCCN1C(=O)[C@@H](N)CCCN=C(N)N)C(=O)N1CCC[C@H]1C(=O)N[C@@H](CCCN=C(N)N)C(=O)N1CCC[C@H]1[C@@H]1CCCN1C(=O)[C@@H](NC(=O)[C@@H]1CCCN1C(=O)[C@H](CCCN=C(N)N)[C@H](C(=O)C(=O)[C@@H]1CCCN1)C(C)C)[C@@H](C)CC.CC[C@H](C)[C@H]1C(=O)N[C@@H](CCCN=C(N)N)C(=O)N[C@@H](Cc2ccccc2)C(=O)N2CCC[C@H]2C(=O)[C@@H]2CCCN12.N.N.NC(N)=NCCC[C@@H]1NC1=O.NC(N)=NCCC[C@H](NC(=O)O)C(=O)N1CCC[C@H]1C=O.NC=O
C6(=O)[C@@H]%50CCCN=C(N)N.C%11(=O)[C@@H]%54CCCN=C(N)N.C%17(=O)[C@@H](N)CCCN=C(N)N.[C@H]%66(CCCN=C(N)N)C%27=O.C%13(=O)[C@@H]%38CCC(=O)O.C%57(=O)[C@@H]%43CCCCN.C5(=O)[C@@H]%48CCCCN.C8(=O)[C@@H]%51CCCCN.C%15(=O)[C@@H]%60CCCCN.[C@H]%59(CCC(N)=O)C%18=O.[C@H]%71(CCCCN)C%31=O.CC[C@H](C)[C@H]%34C%18=O.C%24(=O)[C@@H]%39CC(C)C.C%46(=O)[C@@H]%42CC(C)C.C%83(=O)[C@@H]%45CC(N)=O.C5(=O)[C@@H]%48[C@@H](C)CC.C%14(=O)[C@@H]%56CC(C)C.[C@H]%63(CC(N)=O)C%23=O.[C@H]%67(CC(C)C)C%28=O.C2(=O)[C@@H]%36C(C)C.C3(=O)[C@@H]%47[C@@H](C)O.C7(=O)[C@@H]%50[C@@H](C)O.C%12(=O)[C@@H]%54C(C)C.[C@@H]%61(C%22=O)C(C)C.[C@@H]%65(C%25=O)C(C)C.[C@@H]%66(C%26=O)[C@@H](C)O.[C@@H]%69(C%29=O)C(C)C.[C@@H]%73(C%32=O)[C@@H](C)O.C%35(=O)[C@@H]%40C%76.c1%76ccccc1.C8(=O)[C@@H]%51C%77.c1%77ccccc1.C%11(=O)[C@@H]%55C%78.c1%78ccccc1.N1%18CCC[C@H]1%74.[C@H]%60(CO)C%21=O.[C@H]%62(C%80)C%21=O.c1%80ccccc1.N1%29CCC[C@H]1%75.[C@H]%74(CO)C(=O)O.C6(=O)[C@@H]%47C.C3(=O)C%45.C%68(=O)C%48.C%61C%23=O.C%73C%33=O.C%19%75=O.N2%34.N%13%36.N%24%37.N%35%38.N%46%39.N%57%40.N%68%41.N%79%42.N%81%43.N3%44.N4%45.N5%47.N6%48.N7%49.N8%50.N9%51.N%10%52.N%11%53.N%12%54.N%14%55.N%15%56.N%16%58.N%17%59.N%19%60.N%20%61.N%21%62.N%22%63.N%23%64.N%25%65.N%26%66.N%27%67.N%28%69.N%28%70.N%30%71.N%31%72.N%32%73.N%33%74	CC(C)C[C@H](NC(=O)[C@@H](N)CC(C)C)C(N)=O.CC(C)C[C@H](NC(=O)[C@H](CCCCN)[C@@H](CO)C(=O)C(=O)[C@@H](N)Cc1ccccc1)C(=O)N[C@@H](Cc1ccccc1)C(=O)C(=O)[C@H](CCCN=C(N)N)[C@H](C(N)=O)C(C)C.CC(C)C[C@H](NC(=O)[C@H](CCCN=C(N)N)[C@H](C(N)=O)[C@@H](C)O)C(=O)N[C@H](C(=O)N1CCC[C@H]1C(N)=O)C(C)C.CC(C)[C@@H]1CC(=O)C(=O)[C@H](CC(N)=O)NC1=O.CC(C)[C@@H]1NC1=O.CC[C@H](C)[C@H](NC(=O)[C@@H](NC(=O)[C@H](CCC(=O)O)NC(=O)[C@H](Cc1ccccc1)NC(=O)[C@@H](N)CCCCN)C(C)C)C(=O)C(=O)[C@H](CCC(N)=O)NC(=O)[C@@H](N)CCCN=C(N)N.CC[C@H](C)[C@H]1C(=O)C(=O)[C@@H]1CCCCN.C[C@@H](O)[C@@H](C(=O)C(=O)C[C@H](C=O)CC(N)=O)[C@@H](C)C(=O)C(=O)[C@H](CCCN=C(N)N)[C@H](C(N)=O)[C@@H](C)O.C[C@@H](O)[C@H](CC(N)=O)C(N)=O.N.N.N.N.N.N.N.N.N.N.N.NCC(N)=O.NCCCC[C@H](N)C(N)=O.NCCCC[C@H]1C(=O)C(=O)[C@@H]1Cc1ccccc1.O=C(O)[C@H](CO)[C@@H]1CCCN1
C2(=O)[C@@H]%11CCCN=C(N)N.C%33(=O)[C@@H]%14CCCN=C(N)N.C%36(=O)[C@@H]%16CCC(N)=O.C8(=O)[C@@H]%19CCCCN.CC(C)C[C@H]%10C(=O)O.C3(=O)[C@@H]%15[C@@H](C)O.c1%29ccc(O)cc1.C5(=O)[C@@H]%17C(C)C.c1%30ccc(O)cc1.C2(=O)[C@@H]%12C%28.[C@@H]1%21CCCN1%24.[C@@H]1%22CCCN1%32.[C@@H]1%23CCCN1%33.[C@@H]1%25CCCN1%35.[C@@H]1%26CCCN1%36.[C@@H]1%27CCCN16.[C@@H]1%27CCCN18.C9(=O)[C@@H](N)CO.c1%28cnc[nH]1.C%13%20=O.C%31%21=O.C%32%22=O.C%34%23=O.C%35%25=O.C4%26=O.C7%27=O.N2%10.N%13%11.N%31%12.N%34%14.N3%15.N4%16.N5%17.N7%18.N8%19.N9%20	CC(C)C[C@H](N)C(=O)O.CC(C)[C@@H]1NC1=O.C[C@@H](O)[C@@H]1NC1=O.NC(=O)CC[C@@H]1NC(=O)[C@@H]2CCCN2C1=O.NC(N)=NCCC[C@@H]1NC(=O)[C@@H]2CCCN2C1=O.NC(N)=NCCC[C@H](NC(=O)NC(=O)[C@@H](N)CO)C(=O)C(=O)[C@H](Cc1cnc[nH]1)NC(=O)[C@@H]1CCCN1.NC=O.NCCCC[C@H](N)C(=O)N1CCC[C@H]1[C@@H]1CCCN1.O=C1[C@@H]2CCCN12.O=C1[C@@H]2CCCN12.Oc1ccccc1.Oc1ccccc1
C3(=O)[C@@H]6CCCN=C(N)N.[C@H]%10(CCCN=C(N)N)C%22=O.[C@H]%11(CCCN=C(N)N)C%23=O.[C@H]%13(CCCN=C(N)N)C4=O.[C@H]%15(CCCN=C(N)N)C(N)=O.c1%16c[nH]c2ccccc12.CC[C@H](C)[C@H]5C%21=O.C%14(=O)[C@@H]7[C@@H](C)CC.C%18(=O)[C@@H]8CC(N)=O.[C@@H]%12(C%24=O)C(C)C.C%19(=O)[C@@H]9C%16.C%20(=O)[C@@H](N)C%17.c1%17ccccc1.N35.N%146.N%187.N%198.N%209.N%21%10.N%22%11.N%23%12.N%24%13.N4%15	CC[C@H](C)[C@H](NC(=O)[C@H](CCCN=C(N)N)NC(=O)[C@@H](NC(=O)[C@H](CC(N)=O)NC(=O)[C@H](Cc1c[nH]c2ccccc12)NC(=O)[C@@H](N)Cc1ccccc1)[C@@H](C)CC)C(=O)N[C@@H](CCCN=C(N)N)C(=O)N[C@@H](CCCN=C(N)N)C(=O)N[C@H](C(=O)N[C@@H](CCCN=C(N)N)C(=O)N[C@@H](CCCN=C(N)N)C(N)=O)C(C)C
[C@@H]14NC(=O)[C@H]9NC(=O)[C@H]%10NC(=O)[C@H]2CCCN2C(=O)[C@H]2CCCN2C(=O)[C@H]%11NC(=O)[C@H](C)NC(=O)[C@H]%12NC(=O)[C@H]%13NC(=O)[C@H]%14NC(=O)[C@H]%15NC(=O)[C@H]%16NC(=O)[C@H]5NC(=O)[C@H]6NC1=O.c17c[nH]c2ccccc12.c18c[nH]c2ccccc12.C%15CCN=C(N)N.C%16CCN=C(N)N.C%11CCCN.C%12CCCN.C5CCCN.C6CCCN.CC(C)C4.[C@H]%10(C)O.C97.C%148	CC(C)C[C@@H]1NC(=O)[C@H](Cc2c[nH]c3ccccc23)NC(=O)[C@H]([C@@H](C)O)NC(=O)[C@H]2CCCN2C(=O)[C@H]2CCCN2C(=O)[C@H](CCCCN)NC(=O)[C@H](C)NC(=O)[C@H](CCCCN)NC(=O)CNC(=O)[C@H](Cc2c[nH]c3ccccc23)NC(=O)[C@H](CCCN=C(N)N)NC(=O)[C@H](CCCN=C(N)N)NC(=O)[C@H](CCCCN)NC(=O)[C@H](CCCCN)NC1=O
[C@H]%67(CCCN=C(N)N)C%17=O.[C@H]%72(CCCN=C(N)N)C%23=O.[C@H]%76(CCCN=C(N)N)C%31=O.[C@H]%78(CCCN=C(N)N)C%32=O.[C@H]%82(CCCN=C(N)N)C%36=O.C2(=O)[C@@H]%43CCCCN.C%13(=O)[C@@H]%45CCC(=O)O.C%24(=O)[C@@H]%43CCCCN.C%57(=O)[C@@H]%48CCCCN.C3(=O)[C@@H]%52CCCCN.C6(=O)[C@@H]%54CCCCN.CC[C@H](C)[C@H]%42C%10=O.[C@H]%69(CCC(=O)O)C%26=O.[C@H]%76(CCC(N)=O)C%30=O.[C@H]%77(CCC(N)=O)C%34=O.[C@H]%85(CCC(N)=O)C%37=O.CC[C@H](C)[C@H]%41C5=O.[C@H]%56(CC(C)C)C8=O.[C@H]%60(CC(C)C)C%12=O.[C@@H]%64(C%18=O)[C@@H](C)CC.[C@@H]%77(C%36=O)[C@@H](C)CC.[C@@H]%82(C%37=O)[C@@H](C)CC.C%90(=O)[C@@H]%50C(C)C.[C@@H]%56(C%10=O)[C@@H](C)O.c1%94ccc(O)cc1.[C@@H]%64(C%17=O)[C@@H](C)O.[C@@H]%67(C%22=O)C(C)C.[C@@H]%70(C%22=O)[C@@H](C)O.[C@H]%73(CC%87)C%28=O.[C@@H]%74(C%29=O)[C@@H](C)O.C%68(=O)[C@@H]%51CO.[C@H]%58(C%93)C%22=O.c1%93ccccc1.[C@H]%71(C%91)C%25=O.N1%31CCC[C@H]1%88.[C@H]%74(CC)C%31=O.N1%32CCC[C@H]1%89.[C@H]%86(C%92)C(=O)O.C%35(=O)[C@@H]%47C.C%90(=O)[C@@H]%47C.[C@H]%55(C)C7=O.[C@H]%62(C)C%15=O.[C@H]%63(C)C%16=O.c1%91cnc[nH]1.c1%92cnc[nH]1.[C@H]%84(C)C%38=O.C%57(=O)C%44.C4(=O)CN.C%30%88=O.C%33%91=O.N2%42.N%13%43.N%24%44.N%35%45.N%46%47.N%57%48.N%68%49.N%79%50.N%90%51.N3%52.N4%53.N5%54.N6%55.N7%56.N8%58.N9%59.N%10%60.N%11%61.N%12%62.N%14%63.N%16%64.N%17%65.N%18%66.N%19%67.N%20%69.N%21%70.N%22%71.N%23%72.N%25%73.N%26%74.N%27%74.N%28%75.N%29%76.N%30%77.N%31%78.N%32%80.N%33%81.N%34%82.N%36%83.N%38%84.N%39%85.N%40%86	CC(C)C[C@H](N)C(=O)N[C@@H](C)C=O.CC(C)[C@H](N)C(=O)C(=O)[C@H](C)[C@@H](C)C(=O)N[C@@H](CCC(=O)O)C(N)=O.CC[C@@H](C(=O)N[C@@H](CCCN=C(N)N)C(=O)N1CCCC1)[C@H](C(N)=O)[C@@H](C)O.CC[C@H](C)CC(=O)N[C@@H](CCCCN)C(=O)N[C@@H](C)C(N)=O.CC[C@H](C)[C@@H](C(=O)C(=O)[C@H](CCCN=C(N)N)[C@H](C(=O)C(=O)[C@@H](N)CCC(N)=O)[C@@H](C)CC)[C@@H](CCC(N)=O)C(N)=O.CC[C@H](C)[C@@H](C(N)=O)[C@H](C(=O)C(=O)[C@H](CCCN=C(N)N)[C@H](C(=O)C(=O)[C@@H](N)[C@@H](C)O)C(C)C)[C@@H](C)O.CC[C@H](NC(=O)[C@H](Cc1cnc[nH]1)NC(=O)[C@H](Cc1ccccc1)NC(=O)[C@H](CC(C)C)[C@H](C(=O)C(=O)[C@@H](NC(=O)[C@H](CCCCN)[C@@H](CCCCN)C(=O)NCC(=O)C(=O)[C@@H](N)CCCCN)[C@@H](C)CC)[C@@H](C)O)C(N)=O.C[C@@H]1NC1=O.C[C@H](N)C(N)=O.N.N.N.N.N.N.N.N.NC(=O)CC[C@H]1C(=O)C(=O)[C@@H]2CCCN2C(=O)[C@@H]1CCCN=C(N)N.NC(=O)[C@@H](N)CO.NC(N)=NCCC[C@@H]1NC1=O.NC=O.NCC(N)=O.NCCCC[C@@H]1NC1=O.NNC(=O)[C@@H](N)CCC(=O)O.N[C@@H](Cc1cnc[nH]1)C(=O)O.Oc1ccccc1
C%16(=O)[C@@H](N)CCCN=C(N)N.C2(=O)[C@@H]3CCCCN.[C@H]7(CCCCN)C%18=O.C%14(=O)[C@@H]5[C@@H](O)CN.C=%10(N2)C%17=O.C%12(=O)[C@@H]4C%11.[C@@H]19CCCN1%14.c1%11cnc[nH]1.C[C@H]%19C%16=O.C8CCCN.N=C(N)N%19.C%19CC=%10.C%15(=O)C6.C%139=O.N%123.N%134.N%155.N%166.N%177.N%188	CCC=C(NC(=O)[C@H](CCCCN)NC(=O)[C@H](Cc1cnc[nH]1)NC(=O)[C@@H]1CCCN1C(=O)[C@@H](NC(=O)CN)[C@@H](O)CN)C(=O)N[C@@H](CCCCN)C(=O)NCCCCN.C[C@H](NC(=N)N)C(=O)C(=O)[C@@H](N)CCCN=C(N)N
C%35(=O)[C@@H]%17CCCN=C(N)N.[C@H]%25(CCCN=C(N)N)C5=O.[C@H]%27(CCCN=C(N)N)C8=O.[C@H]%28(CCCN=C(N)N)C9=O.[C@H]%30(CCCN=C(N)N)C%12=O.C%39(=O)[C@@H]%18CCCCN.CC[C@H](C)[C@H]%14C4=O.C%40(=O)[C@@H]%19CC(C)C.C%39(=O)[C@@H]%20CC(N)=O.C%41(=O)[C@@H]%21CC(N)=O.[C@H]%31(CC(N)=O)C(=O)O.c1%37ccc(O)cc1.C%13(=O)[C@@H]%16[C@@H](C)O.c1%38ccc(O)cc1.C2(=O)[C@@H]%15C%34.C%43(=O)[C@@H]%22C%36.C3(=O)[C@@H](N)CO.[C@H]%26(CO)C6=O.[C@H]%30(C%38)C%10=O.N1%11CCC[C@H]1%33.c1%34cnc[nH]1.c1%36cnc[nH]1.[C@H]%29(C)C%11=O.C%24%32=O.C%11%33=O.N2%14.N%13%15.N%24%16.N%35%17.N%39%18.N%40%19.N%41%20.N%42%21.N%43%22.N3%23.N4%25.N6%26.N7%27.N8%28.N9%29.N%10%30.N%12%31	CC(C)C[C@@H]1NC1=O.CC[C@H](C)[C@H](NC(=O)[C@H](Cc1cnc[nH]1)NC(=O)[C@@H](NC=O)[C@@H](C)O)C(=O)N[C@H](C=O)CCCN=C(N)N.C[C@H](NC(=O)[C@H](CCCN=C(N)N)NC(=O)[C@@H](N)CCCN=C(N)N)C(=O)N1CCC[C@H]1C=O.NC(=O)C[C@H](NC(=O)[C@H](CCCN=C(N)N)[C@@H](Cc1ccc(O)cc1)C(N)=O)C(=O)O.NC(=O)[C@@H](N)CO.NC(N)=NCCC[C@@H]1NC1=O.NCCCC[C@H](N)C(=O)C(=O)[C@H](CC(N)=O)NC(=O)[C@@H](N)CC(N)=O.O=C1N[C@H]1CO.O=C1N[C@H]1Cc1cnc[nH]1.Oc1ccccc1
C%25(=O)[C@@H]%33CCCCN.C%36(=O)[C@@H]%34CCCCN.C%47(=O)[C@@H]%38CCCCN.C%72(=O)[C@@H]%39CCCCN.c1%70c[nH]c2ccccc12.C5(=O)[C@@H](N)CCCCN.[C@H]%46(CCCCN)C9=O.[C@H]%51(CCCCN)C%16=O.[C@H]%53(CCCCN)C%17=O.[C@H]%62(CCCCN)C%27=O.[C@H]%66(CCCCN)C(=O)O.CC[C@H](C)[C@H]%31C6=O.C%36(=O)[C@@H]%35[C@@H](C)CC.C%69(=O)[C@@H]%40CC(C)C.[C@H]%49(CC(C)C)C%12=O.[C@H]%52(CC(C)C)C%15=O.[C@H]%57(CC(C)C)C%21=O.[C@H]%60(CC(C)C)C%24=O.[C@H]%64(CC(C)C)C%29=O.[C@@H]%48(C%11=O)C(C)C.[C@@H]%56(C%21=O)C(C)C.[C@@H]%59(C%23=O)C(C)C.C%58(=O)[C@@H]%37C%68.c1%68ccccc1.C4(=O)[C@@H]%41C%70.N1%18CCC[C@H]1%67.[C@H]%44(C)C8=O.[C@H]%50(C)C%13=O.[C@H]%54(C)C%17=O.[C@H]%55(C)C%20=O.[C@H]%64(C)C%28=O.[C@H]%65(C)C%30=O.C3(=O)C%32.C%45C7=O.C%56C%18=O.C%19%67=O.N3%31.N%14%32.N%25%33.N%36%34.N%47%35.N%58%37.N%69%38.N%71%39.N%72%40.N4%41.N5%42.N6%43.N7%44.N8%45.N9%46.N%10%48.N%11%49.N%12%50.N%13%51.N%15%52.N%16%53.N%17%54.N%19%55.N%20%56.N%21%57.N%22%59.N%23%60.N%24%61.N%26%62.N%27%63.N%28%64.N%29%65.N%30%66	CC(C)C[C@@H](C(=O)N[C@@H](C)C(=O)N[C@@H](CCCCN)C(=O)O)[C@@H](C)C(N)=O.CC(C)C[C@@H]1NC1=O.CC(C)C[C@H](N)C(=O)C(=O)[C@@H](CC(=O)N1CCC[C@H]1C(=O)N[C@@H](C)C(N)=O)C(C)C.CC(C)C[C@H](NC(=O)[C@@H](N)C(C)C)C(=O)N[C@@H](C)C(=O)N[C@@H](CCCCN)C(=O)N[C@@H](CCCCN)C(=O)C(=O)[C@H](C)N.CC(C)C[C@H](NC(=O)[C@@H](N)C(C)C)C(N)=O.CC[C@H](C)[C@H](NC(=O)CN)C(N)=O.CC[C@H](C)[C@H](NC(=O)[C@H](CCCCN)NC(=O)[C@H](CC(C)C)NC(=O)[C@@H](N)CCCCN)C(=O)C(=O)[C@@H](N)CCCCN.C[C@@H]1NC(=O)CNC1=O.NCCCC[C@@H]1NC1=O.NCCCC[C@@H]1NC1=O.NCCCC[C@H](N)C(N)=O.NCCCC[C@H](N)C(N)=O.O=C1N[C@H]1Cc1c[nH]c2ccccc12.O=C1N[C@H]1Cc1ccccc1
C%14(=O)[C@@H](N)CCCN=C(N)N.C3(=O)[C@@H]%13CCCCN.[C@H]%23(CCCCN)C5=O.[C@H]%26(CCCCN)C7=O.[C@H]%30(CCCCN)C%11=O.c1%37c[nH]c2ccccc12.CC[C@H](C)[C@H]%12C%25=O.[C@H]%15(CC(C)C)C%36=O.[C@H]%19(CC(C)C)C%41=O.[C@H]%20(CCC%21)C%42=O.[C@@H]%22(C4=O)C(C)C.c1%33ccc(O)cc1.c1%34ccc(O)cc1.[C@@H]%29(C9=O)C(C)C.c1%34ccc(O)cc1.[C@H]%16(C%32)C%36=O.[C@H]%21(C%33)C%43=O.[C@H]%24(C%34)C6=O.[C@H]%27(C%35)C8=O.c1%35ccccc1.[C@H]%28(C%37)C%10=O.[C@H]%31(C%38)C(=O)O.c1%38ccccc1.N%17C(=N)N.N%21C(=N)N.N3%12.N%14%13.N%25%15.N%36%16.N%39%18.N%40%19.N%41%20.N%42%21.N%43%22.N4%23.N5%24.N6%26.N7%27.N8%28.N9%29.N%10%30.N%11%31	CC(C)C[C@H](N)C(=O)N[C@@H](CCC[C@@H](Cc1ccc(O)cc1)C(=O)N[C@H](C(=O)N[C@@H](CCCCN)C(=O)N[C@@H](C)C(=O)N[C@@H](CCCCN)C(=O)N[C@@H](Cc1ccccc1)C(=O)N[C@@H](Cc1c[nH]c2ccccc12)C(=O)N[C@@H](CCCCN)C(=O)N[C@@H](Cc1ccccc1)C(=O)O)C(C)C)C(=O)NNC(=N)N.CC(C)[C@@H]1NC1=O.CC[C@H](C)[C@H](NC(=O)[C@H](CCCCN)NC(=O)[C@@H](N)CCCN=C(N)N)C(=O)N[C@@H](CC(C)C)C(=O)C(=O)[C@H](C)N.N.N=C(N)N.Oc1ccc(-c2ccc(O)cc2)cc1
C%14(=O)[C@@H]%38CCCCN.C%36(=O)[C@@H]%40CCC(N)=O.C4(=O)[C@@H]%50CCCCN.C7(=O)[C@@H]%51CCCCN.c1%82c[nH]c2ccccc12.C%10(=O)[C@@H](N)CCCCN.[C@H]%55(CCCCN)C%12=O.[C@H]%57(CCCCN)C%13=O.[C@H]%59(CCC(N)=O)C%16=O.[C@H]%66(CCCCN)C%28=O.[C@H]%76(CCCCN)C%29=O.[C@H]%75(CCC(=O)O)C%33=O.CC[C@H](C)[C@H]%35C%11=O.C%47(=O)[C@@H]%41[C@@H](C)CC.C%69(=O)[C@@H]%48[C@@H](C)CC.C%80(=O)[C@@H]%45CC(N)=O.C5(=O)[C@@H]%52CC(C)C.[C@@H]%59(C%16=O)[C@@H](C)CC.[C@H]%62(CC(N)=O)C%20=O.[C@H]%70(CCC%71)C%28=O.[C@H]%73(CC(=O)O)C%26=O.[C@H]%74(CC(C)C)C%32=O.[C@H]%75(CC(N)=O)C==O.[C@@H]%77(C%35=O)C(C)C.C5(=O)[C@@H]%50CO.C8(=O)[C@@H]%53C%82.[C@@H]1%78CCCN1%11.C%13(=O)[C@@H](N)C%83.c1%83ccccc1.[C@H]%56(C%84)C%15=O.c1%84ccccc1.[C@H]%64(C%81)C%21=O.[C@H]%73(C%86)C%24=O.c1%85ccccc1.N1%33CCC[C@H]1%79.C3(=O)[C@@H]%37C.C%69(=O)[C@@H]%42C.c1%81cnc[nH]1.[C@H]%61(C)C%20=O.[C@H]%64(C)C%22=O.[C@H]%74(C)C%34=O.C%25(=O)C%39.N%45C(=N)N.C6(=O)C%49.C%61C%18=O.C%65C%23=O.C%76C(=O)O.C%12%78=O.C%34%79=O.N3%35.N%14%37.N%25%38.N%36%39.N%47%40.N%58%41.N%69%43.N%80%44.N%85%45.N4%46.N5%48.N6%49.N7%50.N8%51.N9%52.N%10%53.N%12%54.N%13%55.N%15%56.N%16%57.N%17%59.N%18%60.N%19%61.N%20%62.N%21%63.N%22%64.N%23%65.N%24%66.N%26%67.N%27%68.N%28%70.N%29%71.N%30%72.N%31%73.N%32%74.N%34%75.N%34%76	INVALID
[C@H]%22(CCCCN)C%45=O.[C@H]%26(CCCCN)C4=O.[C@H]%31(CCC(=O)O)C9=O.[C@H]%34(CCCCN)C%14=O.CC[C@H](C)[C@H]%15C%44=O.C%13(=O)[C@@H]%17CC(N)=O.[C@@H]%28(C%10=O)[C@@H](C)CC.[C@H]%23(CC%38)C3=O.[C@H]%33(CC%39)C%12=O.C%35(=O)[C@@H]%19C%40.c1%40ccccc1.C%43(=O)[C@@H](N)CO.[C@H]%27(C%41)C5=O.c1%41ccccc1.[C@H]%30(CO)C8=O.C%24(=O)[C@@H]%18C.[C@H]%25(C)C3=O.C2(=O)C%16.C%13(=O)C%20.C%21C%46=O.C%28C6=O.C%29C7=O.C%32C%11=O.C%36C%16=O.N2%15.N%13%16.N%24%17.N%35%18.N%42%19.N%43%20.S%38C.N%44%22.N%45%23.N%46%25.N3%26.N4%27.N5%28.N6%29.N7%30.N8%31.N9%32.N%10%33.N%11%34.S%39C.N%12%36.N%14%37	CC[C@H](C)[C@H](CC(=O)NCC(=O)N[C@@H](CO)C(=O)N[C@@H](CCC(=O)O)C(=O)NCC(=O)N[C@@H](CCCCN)C(N)=O)C(=O)N[C@@H](CCSC)C(=O)NCC(=O)CC(=O)N[C@H](C(=O)N[C@@H](CCCCN)C(=O)N[C@@H](CCSC)C(=O)C(=O)[C@H](C)NC(C)=O)[C@@H](C)CC.C[C@H](NC(=O)[C@@H](N)Cc1ccccc1)C(=O)N[C@@H](CC(N)=O)C(=O)C(=O)CNC(=O)[C@@H](N)CO.N.NCCCC[C@H](N)C(=O)N[C@@H](Cc1ccccc1)C(N)=O
C4(=O)[C@@H]%40CCC(N)=O.C6(=O)[C@@H]%43CCCCN.[C@H]%50(CCCCN)C%16=O.[C@H]%51(CCC(=O)O)C%17=O.c1%67c[nH]c2ccccc12.CC[C@H](C)[C@H]%29C%15=O.C%25(=O)[C@@H]%32[C@@H](C)CC.C%36(=O)[C@@H]%33CC(C)C.C%47(=O)[C@@H]%35CC(N)=O.C%69(=O)[C@@H]%38[C@@H](C)CC.C8(=O)[C@@H]%45CC(C)C.C%12(=O)[C@@H]%48CC(C)C.[C@H]%49(CC(C)C)C%15=O.[C@@H]%53(C%20=O)[C@@H](C)CC.[C@H]%57(CC(N)=O)C%23=O.[C@H]%61(CC(C)C)C%27=O.C%47(=O)[C@@H]%34[C@@H](C)O.c1%66ccc(O)cc1.[C@@H]%52(C%18=O)[C@@H](C)O.[C@@H]%53(C%20=O)C(C)C.c1%70ccc(O)cc1.C%72(=O)[C@@H]%37CO.C5(=O)[C@@H]%41C%64.C9(=O)[C@@H]%45CO.C%13(=O)[C@@H](N)C%66.N1%21CCC[C@H]1%63.[C@H]%52(C%67)C%21=O.[C@H]%62(C%68)C(=O)O.c1%68ccccc1.[C@H]%54(CO)C%21=O.[C@H]%59(CO)C%26=O.[C@H]%60(C%71)C%28=O.C%14(=O)[C@@H]%31C.c1%64cnc[nH]1.[C@H]%55(C)C%22=O.c1%65cnc[nH]1.C3(=O)C%30.C%72(=O)C%39.C%11(=O)C%46.C%17%63=O.N3%29.N%14%30.N%25%31.N%36%32.N%47%33.N%58%34.N%69%35.N%71%37.N%72%38.N4%39.N5%40.N6%41.N7%42.N8%43.N9%44.N%10%45.N%11%46.N%12%48.N%13%49.N%15%50.N%16%51.N%17%52.N%18%53.N%20%54.N%21%55.N%22%56.N%23%57.N%24%59.N%26%60.N%27%61.N%28%62	CC(C)C[C@@H](C(=O)N[C@@H](CCCCN)C(=O)N[C@@H](Cc1cnc[nH]1)C(=O)N[C@@H](CCC(N)=O)C(=O)NCC(=O)C(=O)[C@H](CO)NC[C@H](NC(=O)[C@@H](N)CO)C(=O)N[C@@H](Cc1ccccc1)C(=O)O)[C@@H](CO)C(N)=O.CC(C)C[C@@H]1NC1=O.CC(C)C[C@@H]1NC1=O.CC[C@H](C)[C@H](N)C(=O)N[C@@H](CC(N)=O)C(=O)C(=O)[C@@H](N)[C@@H](C)O.CC[C@H](C)[C@H](NC(=O)[C@@H](N)CC(C)C)C(=O)N[C@@H](C)C(=O)NCC(=O)N[C@H](C(=O)C(=O)[C@H](CC(C)C)NC(=O)[C@@H](N)Cc1ccc(O)cc1)[C@@H](C)CC.CC[C@H](C)[C@H]1C(=O)C(=O)[C@@H]1C(C)C.C[C@@H](O)[C@@H](C(N)=O)[C@@H](Cc1c[nH]c2ccccc12)C(=O)N1CCC[C@H]1C(=O)C(=O)[C@H](CCC(=O)O)NC(=O)[C@@H](N)CCCCN.C[C@H](NC(=O)[C@@H](N)CO)C(N)=O.N.N.N.NC(=O)C[C@@H]1NC1=O.O=C1CN1.Oc1ccccc1.c1c[nH]cn1
[C@H]8(CCCN=C(N)N)C%18=O.[C@H]%10(CCCN=C(N)N)C(N)=O.C3(=O)[C@@H]4CCCCN.c1%11c[nH]c2ccccc12.c1%12c[nH]c2ccccc12.[C@H]9(CCCCN)C%20=O.CC[C@H](C)[C@H]%21C%16=O.[C@H]7(CC(C)C)C%19=O.C%14(=O)[C@@H]5C%11.C%15(=O)[C@@H](N)C%12.[C@H]6(C%13)C%17=O.c1%13ccccc1.N3%21.N%144.N%155.N%166.N%177.N%188.N%199.N%20%10	CC[C@H](C)[C@H](NC(=O)[C@H](CCCCN)NC(=O)[C@H](Cc1c[nH]c2ccccc12)NC(=O)[C@@H](N)Cc1c[nH]c2ccccc12)C(=O)N[C@@H](Cc1ccccc1)C(=O)N[C@@H](CC(C)C)C(=O)N[C@@H](CCCCN)C(=O)N[C@@H](CCCN=C(N)N)C(N)=O.NC(N)=NCCC[C@@H]1NC1=O
C13NC(=O)[C@H]4N(C)C(=O)[C@H]5NC(=O)[C@@H]2CCCN2C(=O)[C@H]6NC(=O)[C@H](C)NC1=O.c17ccccc1.C5CCCN.C3(=O)O.C4O.C67	C[C@@H]1NC(=O)C(C(=O)O)NC(=O)[C@H](CO)N(C)C(=O)[C@H](CCCCN)NC(=O)[C@@H]2CCCN2C(=O)[C@H](Cc2ccccc2)NC1=O
C3(=O)[C@@H]6CCCN=C(N)N.[C@H]%15(CCCN=C(N)N)C(N)=O.C%14(=O)[C@@H]7CCC(N)=O.C%19(=O)[C@@H](N)CCCCN.c1%16c[nH]c2ccccc12.[C@H]%10(CCCCN)C%21=O.[C@H]%11(CCCCN)C%22=O.CC[C@H](C)[C@H]5C%20=O.C%18(=O)[C@@H]9[C@@H](C)CC.[C@H]%13(CC(C)C)C4=O.C%17(=O)[C@@H]8C(C)C.[C@H]%12(C%16)C%23=O.N35.N%146.N%177.N%188.N%199.N%20%10.N%21%11.N%22%12.N%23%13.N4%15	CC[C@H](C)[C@H](NC(=O)[C@H](CCCN=C(N)N)NC(=O)[C@H](CCC(N)=O)NC(=O)[C@@H](NC(=O)[C@@H](NC(=O)[C@@H](N)CCCCN)[C@@H](C)CC)C(C)C)C(=O)N[C@@H](CCCCN)C(=O)N[C@@H](CCCCN)C(=O)N[C@@H](Cc1c[nH]c2ccccc12)C(=O)N[C@@H](CC(C)C)C(=O)N[C@@H](CCCN=C(N)N)C(N)=O
C%14(=O)[C@@H]8CCCN=C(N)N.[C@H]%16(CCCN=C(N)N)C6=O.[C@H]%17(CCCN=C(N)N)C(N)=O.C3(=O)[C@@H]7CCCCN.C%22(=O)[C@@H]%10CCCCN.C%24(=O)[C@@H]%12CCCCN.c1%20c[nH]c2ccccc12.[C@H]%13(CCCCN)C%27=O.CC[C@H](C)[C@H]6C%26=O.C%25(=O)[C@@H](N)C(C)C.[C@@H]%15(C4=O)C(C)C.C%21(=O)[C@@H]9C%18.C%23(=O)[C@@H]%11C%19.c1%19ccccc1.[C@H]%16(C%20)C5=O.N36.N%147.N%218.N%229.N%23%10.N%24%11.N%25%12.N%26%13.N%27%15.N4%16.N5%17	CC(C)[C@H](N)C(=O)N[C@@H](CCCCN)C(=O)N[C@@H](Cc1ccccc1)C(=O)N[C@@H](CCCCN)C(=O)N[C@@H](C)C(=O)N[C@@H](CCCN=C(N)N)C(=O)N[C@@H](CCCCN)C(N)=O.CC[C@H](C)[C@@H](C(=O)N[C@@H](CCCCN)C(=O)N[C@H](C(N)=O)C(C)C)C(=O)[C@H](CCCN=C(N)N)[C@@H](Cc1c[nH]c2ccccc12)C(=O)N[C@@H](CCCN=C(N)N)C(N)=O
[C@H]1%28CSSC[C@@H]%29NC(=O)[C@H]%31NC(=O)[C@H]%32NC(=O)[C@H]4NC(=O)[C@H]5NC(=O)[C@H]6NC(=O)[C@H]7NC(=O)[C@H]8NC(=O)[C@H]9NC(=O)[C@H]%10NC(=O)[C@H]%11NC(=O)[C@H]%12NC(=O)[C@H]%13NC(=O)CNC(=O)[C@H]%15NC(=O)[C@H]%16NC(=O)[C@H]%17NC(=O)CNC1=O)NC(=O)[C@H]%18NC(=O)[C@H]%19NC(=O)[C@H]%20NC1=O.C3(=O)[C@@H]%27C(C)C.c1%24ccc(O)cc1.C%12CCN=C(N)N.C%14(=O)[C@@H](N)CO.N1%25CCC[C@H]1%30.c1%22ccccc1.c1%23ccccc1.c1%26ccccc1.c1%21cnc[nH]1.C%32CCCN.C5CCCN.C6CCCN.C%10CCCN.C9C(C)C.C%15C(C)C.C%19C(N)=O.CC3=O.C%25%29=O.C%30(N)=O.[C@H]%31(C)O.C%32(C)C.[C@H]4(C)O.C%18(C)C.[C@H]%21(C)O.N3%27.N%14%28.C7%22.C8%23.C%11%24.C%20%26	INVALID
[C@@H]14NC(=O)[C@H]5NC(=O)[C@H]6NC(=O)[C@H]7NC(=O)[C@H]8NC(=O)[C@H]9NC1=O.c1%10c[nH]c2ccccc12.c1%12c[nH]c2ccccc12.c1%11ccccc1.NCCCC4.C5CCCN.C7CCCN.C8CCCN.C6%10.C6%11.C9%12	Cc1ccccc1.NCCCC[C@@H]1NC(=O)[C@H](CCCCN)NC(=O)[C@H](Cc2c[nH]c3ccccc23)NC(=O)[C@H](CCCCN)NC(=O)[C@H](CCCCN)NC(=O)[C@H](Cc2c[nH]c3ccccc23)NC1=O
C[C@@H]3NC(=O)[C@H](C)NC(=O)[C@H]4NC(=O)NNN.C4O	CCNC(=O)[C@H](C)NC(=O)[C@H](CO)NC(=O)NNN
C%14(=O)[C@@H]%29CCC(N)=O.C%68(=O)[C@@H]%33CCC(N)=O.c1%67c[nH]c2ccccc12.C4(=O)[C@@H]%37CCC(N)=O.C5(=O)[C@@H]%38CCCCN.C6(=O)[C@@H]%39CCCCN.C7(=O)[C@@H](N)CCCCN.[C@H]%43(CCCCN)C%11=O.[C@H]%44(CCCCN)C%12=O.[C@H]%55(CCCCN)C%26=O.CC[C@H](C)[C@H]%27C8=O.C%36(=O)[C@@H]%31[C@@H](C)CC.[C@H]%54(CC(C)C)C%23=O.C%25(=O)[C@@H]%30CC%57.[C@@H]%45(C%15=O)C(C)C.[C@@H]%46(C%22=O)C(C)C.C3(=O)[C@@H]%28C%63.c1%63ccccc1.[C@@H]1%59CCCN1%68.C%69(=O)[C@@H]%34C%64.c1%64ccccc1.[C@H]%40(C%61)C9=O.[C@H]%44(C%65)C%13=O.c1%65ccccc1.N1%15CCC[C@H]1%60.[C@H]%46(C%61)C%17=O.[C@H]%50(C%66)C%19=O.c1%66ccccc1.[C@H]%51(CO)C%21=O.[C@H]%54(CO)C%24=O.C%68(=O)[C@@H]%32C.c1%61cnc[nH]1.c1%62cnc[nH]1.[C@H]%56(C)C(=O)O.C%39C7=O.C%45C%11=O.C%48C%18=O.C%49C%20=O.C%67%59=O.C%16%60=O.N3%27.N%14%28.N%25%29.S%57C.N%36%30.N%47%31.N%58%32.N%68%33.N%70%34.N4%35.N5%37.N6%38.N7%39.N8%40.N9%41.N%10%42.N%11%43.N%12%44.N%13%45.N%16%46.N%17%48.N%18%49.N%19%50.N%20%51.N%21%52.N%22%53.N%23%54.N%24%55.N%26%56	CC(C)C[C@@H](C(N)=O)[C@@H](CO)C(=O)N[C@@H](CCCCN)C(=O)N[C@@H](C)C(=O)O.CC(C)[C@H](CC(=O)C(=O)[C@@H](N)CCCCN)C(=O)N1CCC[C@H]1C(N)=O.CC[C@H](C)[C@H](N)C(=O)N[C@@H](CCSC)C(=O)N[C@@H](CCC(N)=O)C(=O)N[C@@H](Cc1ccccc1)C(=O)N[C@H](C(=O)N[C@@H](CC[C@@H](C(=O)NCC(=O)NCC(=O)N[C@@H](CO)C(N)=O)[C@H](C(N)=O)C(C)C)C(N)=O)[C@@H](C)CC.C[C@H](N)C(=O)N[C@@H](CCC(N)=O)C(=O)N1CCC[C@H]1C(=O)c1c[nH]c2ccccc12.N.N.NCCCC[C@@H](C(N)=O)[C@@H](Cc1ccccc1)C(N)=O.NCCCC[C@H](CC(=O)C(=O)[C@@H](N)CCCCN)C(=O)N[C@@H](CCCCN)C(=O)N[C@@H](CCC(N)=O)C(N)=O.N[C@H](C=O)Cc1ccccc1.O=C1N[C@H]1Cc1ccccc1.c1c[nH]cn1.c1c[nH]cn1
C3(=O)[C@@H]6CCCN=C(N)N.C%19(=O)[C@@H]%10CCCN=C(N)N.[C@H]%15(CCCN=C(N)N)C(N)=O.C%14(=O)[C@@H]7CCCCN.C%18(=O)[C@@H]9CCC(N)=O.c1%16c[nH]c2ccccc12.[C@H]%11(CCCCN)C%22=O.CC[C@H](C)[C@H]5C%21=O.C%20(=O)[C@@H]%10[C@@H](C)CC.[C@H]%13(CC(C)C)C4=O.C%17(=O)[C@@H]8C(C)C.[C@H]%12(C%16)C%23=O.N35.N%146.N%177.N%188.N%199.N%20%10.N%21%11.N%22%12.N%23%13.N4%15	CC[C@H](C)[C@@H](C(N)=O)[C@@H](CCCN=C(N)N)C(=O)N[C@@H](CCC(N)=O)C(=O)N[C@H](C(=O)N[C@@H](CCCCN)C(=O)N[C@@H](CCCN=C(N)N)C(=O)N[C@H](C(=O)N[C@@H](CCCCN)C(=O)N[C@@H](Cc1c[nH]c2ccccc12)C(=O)N[C@@H](CC(C)C)C(=O)N[C@@H](CCCN=C(N)N)C(N)=O)[C@@H](C)CC)C(C)C
C3(=O)[C@@H]6CCCN=C(N)N.[C@H]%11(CCCN=C(N)N)C%23=O.[C@H]%15(CCCN=C(N)N)C(N)=O.c1%16c[nH]c2ccccc12.c1%17c[nH]c2ccccc12.CC(C)[C@H]5C%21=O.C%14(=O)[C@@H]7C(C)C.C%19(=O)[C@@H]8C(C)C.[C@@H]%12(C%25=O)C(C)C.C%20(=O)[C@@H](N)C%16.[C@H]9(C%17)C%22=O.[C@H]%10(CO)C%24=O.[C@H]%13(C%18)C4=O.c1%18ccccc1.N35.N%146.N%197.N%208.N%219.N%22%10.N%23%11.N%24%12.N%25%13.N4%15	CC(C)[C@H](NC(=O)[C@H](CO)NC(=O)[C@H](Cc1c[nH]c2ccccc12)NC(=O)[C@@H](NC(=O)[C@H](CCCN=C(N)N)NC(=O)[C@@H](NC(=O)[C@@H](NC(=O)[C@@H](N)Cc1c[nH]c2ccccc12)C(C)C)C(C)C)C(C)C)C(=O)N[C@@H](Cc1ccccc1)C(=O)N[C@@H](CCCN=C(N)N)C(N)=O.NC(N)=NCCC[C@@H]1NC1=O
c1%22c[nH]c2ccccc12.[C@H]%18(CCC(=O)O)C5=O.[C@H]%20(C7=O)[C@@H](C)CC.[C@H]%20(C7=O)C(C)C.[C@@H]9(CCN)C%23=O.[C@@H]9(CCN)C%24=O.[C@H]%15(CCN)C%29=O.[C@@H]%16(CCN)C%30=O.[C@@H]%19(C6=O)C(C)C.[C@@H]%11(CO)C%26=O.[C@@H]%12(C%22)C%27=O.[C@H]%13(CO)C%28=O.[C@H]%17(CO)C4=O.[C@H]%21(CO)C(=O)O.C8C%14=O.C%10C%25=O.N38.N%149.N%24%10.N%25%11.N%26%12.N%27%13.N%28%15.N%29%16.N%30%17.N4%18.N5%19.N6%20.N7%21	CC(C)[C@H](NC(=O)[C@H](CCC(=O)O)NC(=O)[C@H](CO)NC(=O)[C@@H](CCN)NC(=O)[C@H](CCN)NC(=O)[C@H](CO)NC(=O)[C@@H](Cc1c[nH]c2ccccc12)NC(=O)[C@@H](CO)NC(=O)CNC(=O)[C@@H](CCN)[C@@H](C=O)CCN)C(N)=O.CC[C@H](C)[C@@H]1C(=O)C(=O)[C@H]1C(C)C.NCC(N)=O.N[C@@H](CO)C(=O)O
C2(=O)[C@@H]%14CCCN=C(N)N.C%37(=O)[C@@H]%17CCCN=C(N)N.[C@H]%26(CCCN=C(N)N)C%12=O.C%13(=O)[C@@H]%15CCCCN.C6(=O)[C@@H]%21CCCCN.CC[C@H](C)[C@H]%12C9=O.C%40(=O)[C@@H]%18CC(C)C.C7(=O)[C@@H]%22CC(=O)O.[C@H]%25(CC(N)=O)C%11=O.[C@H]%26(CC(N)=O)C(=O)O.c1%32ccc(O)cc1.C%38(=O)[C@@H]%16C(C)C.C8(=O)[C@@H](N)C(C)C.c1%33ccc(O)cc1.c1%34ccc(O)cc1.[C@@H]1%27CCCN1%34.[C@@H]1%28CCCN1%35.[C@@H]1%29CCCN1%37.[C@@H]1%30CCCN1%40.C3(=O)[C@@H]%19C%32.[C@@H]1%31CCCN15.[C@H]%23(C%33)C%10=O.C%24%27=O.C%35%28=O.C%36%29=O.C%39%30=O.C4%31=O.N2%12.N%13%14.N%24%15.N%38%16.N%39%17.N3%18.N4%19.N6%20.N7%21.N8%22.N9%23.N%10%25.N%11%26	CC(C)C[C@H](NC(=O)[C@H](Cc1ccc(O)cc1)NC(=O)[C@@H]1CCCN1)C(=O)N1CCC[C@H]1C(=O)N[C@@H](CCCN=C(N)N)C(=O)N1CCC[C@H]1C=O.CC(C)[C@@H]1NC1=O.CC(C)[C@H](N)C(=O)N[C@@H](CC(=O)O)C(=O)N[C@@H](CCCCN)C(N)=O.CC[C@H](C)[C@@H](C(=O)N[C@@H](Cc1ccc(O)cc1)C(=O)N[C@@H](CC(N)=O)C(N)=O)C(=O)[C@H](CCCN=C(N)N)[C@@H](CC(N)=O)C(=O)O.NCCCC[C@H](NC(=O)[C@@H]1CCCN1c1ccc(O)cc1)C(=O)N[C@@H](CCCN=C(N)N)C(N)=O.O=C1[C@@H]2CCCN12
NCCCC[C@H]4C%25=O.c1%13c[nH]c2ccccc12.c1%15c[nH]c2ccccc12.c1%16c[nH]c2ccccc12.C%20(=O)[C@@H]8CCCCN.C%21(=O)[C@@H]9CCCCN.C%22(=O)[C@@H]%10CCCCN.c1%17c[nH]c2ccccc12.C%24(=O)[C@@H](N)CCCCN.c1%18c[nH]c2ccccc12.C%14(=O)[C@@H]6C%13.C%19(=O)[C@@H]7C%15.C%23(=O)[C@@H]%11C%16.[C@H]%12(C%18)C(N)=O.C3(=O)[C@@H]5C.N34.N%145.N%196.N%207.N%218.N%229.N%23%10.N%24%11.N%25%12	C[C@H](NC(=O)[C@H](Cc1c[nH]c2ccccc12)NC(=O)[C@H](Cc1c[nH]c2ccccc12)NC(=O)[C@H](CCCCN)NC(=O)[C@H](CCCCN)NC(=O)[C@H](CCCCN)NC(=O)[C@H](Cc1c[nH]c2ccccc12)NC(=O)[C@@H](N)CCCCN)C(=O)N[C@@H](CCCCN)C(=O)N[C@@H](Cc1c[nH]c2ccccc12)C(N)=O.c1ccc2[nH]ccc2c1
C2(=O)[C@@H]%25CCCCN.C%13(=O)[C@@H]%26CCC(N)=O.CC[C@H](C)[C@H]%23C4=O.C%24(=O)[C@@H]%27CC(C)C.C%46(=O)[C@@H]%30CCCN.C%64(=O)[C@@H]%31CC(C)C.C%63(=O)[C@@H]%33CC(C)C.[C@H]%36(CC(C)C)C6=O.[C@@H]%39(C9=O)[C@@H](C)CC.[C@H]%40(CCC%42)C%12=O.[C@H]%43(CC(N)=O)C%14=O.[C@H]%45(CC(C)C)C%17=O.[C@H]%48(CC(C)C)C%19=O.[C@H]%50(CC(N)=O)C%21=O.[C@@H]%42(C%11=O)[C@@H](C)O.[C@@H]%49(C%21=O)[C@@H](C)O.C%35(=O)[C@@H]%28CO.C%57(=O)[C@@H]%29C%56.c1%56ccccc1.[C@@H]1%53CCCN14.[C@H]%34(C%58)C5=O.c1%58ccccc1.[C@H]%38(C%59)C8=O.c1%59ccccc1.[C@H]%41(C%55)C%11=O.N19CCC[C@H]1%54.[C@H]%44(CO)C%18=O.[C@H]%49(CO)C%20=O.[C@H]%52(C%60)C(N)=O.c1%60ccccc1.c1%55cnc[nH]1.C3(=O)[C@H](C)N.c1%56cnc[nH]1.[C@H]%44(C)C%16=O.N%39C(=N)N.C%62%53=O.C%10%54=O.C%10%55=O.N2%23.N%13%25.N%24%26.N%35%27.N%46%28.N%57%29.N%61%30.N%62%31.N%63%33.N3%34.N5%36.N6%37.N7%38.N8%40.N%10%41.N%11%42.N%12%43.N%14%44.N%15%45.N%16%47.N%18%48.N%19%49.N%20%50.N%21%51.N%22%52	CC(C)C[C@@H]1NC1=O.CC(C)C[C@H](N)C=O.CC(C)C[C@H](NC(=O)[C@H](CO)[C@@H](C)C(N)=O)C(N)=O.CC(C)C[C@H](NC(=O)[C@H](Cc1ccccc1)NC(=O)[C@H](C)N)C(N)=O.CC[C@H](C)[C@H](NC(=N)N)C(=O)N1CCC[C@H]1C(=O)C=O.CC[C@H](C)[C@H](NC(=O)[C@H](CCCCN)NC(=O)[C@H](CCC(N)=O)NC(=O)[C@H](CC(C)C)NC(=O)[C@H](CO)NC(=O)[C@@H](N)CCCN)C(=O)N1CCC[C@H]1C(=O)N[C@H](C=O)CC(C)C.C[C@@H](O)[C@H](CCC[C@H](NC(=O)[C@@H](N)Cc1ccccc1)C(=O)N[C@@H](CC(N)=O)C(N)=O)C(=O)C(=O)[C@@H](N)Cc1cnc[nH]1.C[C@@H](O)[C@H]1C(=O)C(=O)[C@H](CC(N)=O)NC(=O)[C@@H]1CO.N.N.NC(=O)[C@@H](N)Cc1ccccc1.O=C1N[C@H]1Cc1ccccc1.c1c[nH]cn1
C%13(=O)[C@@H]%16CCCN=C(N)N.[C@H]%18(CCCN=C(N)N)C%40=O.[C@H]%20(CCCN=C(N)N)C4=O.[C@H]%21(CCCN=C(N)N)C8=O.[C@H]%24(CCCN=C(N)N)C%12=O.[C@H]%26(CCCN=C(N)N)C(N)=O.C%37(=O)[C@@H]%16CCCCN.c1%33c[nH]c2ccccc12.CC[C@H](C)[C@H]%13C%39=O.[C@@H]%20(C5=O)[C@@H](C)CC.c1%35ccc(O)cc1.C3(=O)[C@@H]%15C%33.C%36(=O)[C@@H]%17C%34.[C@@H]1%27CCCN1%36.N1%40CCC[C@H]1%28.N1%41CCC[C@H]1%29.N16CCC[C@H]1%30.N17CCC[C@H]1%31.[C@H]%22(CS)C9=O.[C@H]%23(C%35)C%10=O.N1%10CCC[C@H]1%32.[C@H]%19(C)C%41=O.C%14%27=O.C%36%28=O.C4%29=O.C6%30=O.C7%31=O.C8%32=O.N3%13.N%14%13.N%25%15.N%37%16.N%38%17.N%39%18.N%40%19.N4%20.N5%21.N8%22.N9%23.N%11%24.N%12%26	CC[C@H](C)[C@@H](C(=O)N[C@@H](CCCN=C(N)N)C(=O)C(=O)[C@@H]1CCCN1C(=O)[C@H](Cc1ccc(O)cc1)NC(=O)[C@@H](N)CS)[C@@H](CCCN=C(N)N)C(=O)C(=O)[C@@H]1CCCN1C(=O)[C@H](C)N.CC[C@H](C)[C@@H](C(=O)N[C@@H](CCCN=C(N)N)C(=O)N1CCC[C@H]1C=O)C(=O)[C@H](CCCN=C(N)N)[C@@H](CCCCN)C(N)=O.C[C@H](N)C(=O)N1CCC[C@H]1C(=O)NNC(=O)[C@@H](N)Cc1c[nH]c2ccccc12.N.NC(=O)[C@H](CCCN=C(N)N)NC(=O)[C@@H](N)CCCN=C(N)N.O=C1[C@@H]2CCCN12.O=C1[C@@H]2CCCN12
CC(C)C[C@H]%18C(N)=O.C%13(=O)[C@@H]%19CCC%20.C%24(=O)[C@@H]%21CCC%22.C%35(=O)[C@@H]%23CCC%25.C%51(=O)[C@@H]%26CCC).C%52(=O)[C@@H]%27CC(C)C.C3(=O)[C@@H]%28CCC%29.C5(=O)[C@@H]%30CCC%31.C7(=O)[C@@H]%32CCC%33.C8(=O)[C@@H]%36CCC%37.C%11(=O)[C@@H]%37CCC%38.C%12(=O)[C@@H]%39CC(C)C.C%12(=O)[C@@H]%40CC(C)C.C%14(=O)[C@@H]%41CCC%42.C%16(=O)[C@@H]%43CCC%42.C%17(=O)[C@@H](N)CC(C)C.[C@@H]1%43CCCN1%13.[C@@H]1%44CCCN1%52.[C@@H]1%45CCCN13.[C@@H]1%47CCCN17.C9(=O)[C@@H]%34C%50.[C@@H]1%49CCCN1%11.N%20C(=N)N.N%22C(=N)N.N%25C(=N)N.N%29C(=N)N.N%31C(=N)N.N%33C(=N)N.N%38C(=N)N.N%38C(=N)N.N%42C(=N)N.C2%43=O.C%46%44=O.C%46%45=O.C%54%47=O.C6%48=O.C%10%49=O.C%15%50=O.N2%17.N%24%19.N%35%21.N%46%21.N%51%23.N%53%26.N%54%27.N4%28.N5%30.N6%32.N8%32.N9%34.N%10%36.N%12%37.N%14%39.N%15%40	INVALID
C3(=O)[C@@H]7CCCN=C(N)N.[C@H]%17(CCCN=C(N)N)C(N)=O.C%14(=O)[C@@H]8CCC(N)=O.c1%18c[nH]c2ccccc12.[C@H]%13(CCCCN)C%25=O.CC[C@H](C)[C@H]6C%22=O.C%20(=O)[C@@H]%10CC(C)C.[C@@H]%12(C%24=O)[C@@H](C)CC.[C@H]%15(CC(=O)O)C4=O.[C@H]%16(CC(C)C)C5=O.C%19(=O)[C@@H]9C(C)C.[C@H]%11(C%18)C%23=O.C%21(=O)[C@H](C)N.N36.N%147.N%198.N%209.N%21%10.N%22%11.N%23%12.N%24%13.N%25%15.N4%16.N5%17	CC[C@H](C)[C@H](NC(=O)[C@H](Cc1c[nH]c2ccccc12)NC(=O)[C@@H](NC(=O)[C@H](CCCN=C(N)N)NC(=O)[C@H](CCC(N)=O)NC(=O)[C@@H](NC(=O)[C@H](CC(C)C)NC(=O)[C@H](C)N)C(C)C)[C@@H](C)CC)C(=O)N[C@@H](CCCCN)C(=O)N[C@@H](CC(=O)O)C(=O)N[C@@H](CC(C)C)C(=O)N[C@@H](CCCN=C(N)N)C(N)=O
c1%22c[nH]c2ccccc12.CC[C@H](C)CCC3=O.[C@H]%12(CC(C)C)C%27=O.[C@H]%20(C7=O)C(C)C.[C@H]8(C%14=O)C(C)C.[C@@H]9(CCN)C%24=O.[C@H]%15(CCN)C%29=O.[C@@H]%16(CCN)C%29=O.[C@@H]%16(CCN)C%30=O.[C@@H]%19(C6=O)C(C)C.[C@@H]%11(C%22)C%26=O.[C@H]%13(CO)C%28=O.[C@H]%17(C%23)C4=O.c1%23ccccc1.[C@H]%21(C)C(=O)O.C%10C%25=O.N38.N%149.N%24%10.N%25%11.N%26%12.N%27%13.N%28%15.N%29%16.N%30%17.N4%18.N5%19.N6%20.N7%21	CC(C)[C@H](N)C(=O)N[C@@H](C(=O)N[C@@H](C)C(=O)O)C(C)C.CC[C@H](C)CCC(=O)N[C@@H](C(=O)N[C@H](CCN)C(=O)NCC(=O)N[C@H](Cc1c[nH]c2ccccc12)C(=O)N[C@@H](CC(C)C)C(=O)N[C@@H](CO)C(=O)N[C@@H](CCN)C(=O)C(=O)[C@@H](CCN)[C@H](CCN)C(=O)N[C@@H](Cc1ccccc1)C(N)=O)C(C)C.N
[C@@H]1%11CSSC[C@H]%12NC(=O)[C@@H]%13NC(=O)[C@H]2CSSC[C@@H](NC(=O)[C@@H]%14NC1=O)C(=O)N[C@H]%16C(=O)N[C@H]%17C(=O)N[C@H]%18C(=O)N[C@H]%19C(=O)N2.C%22(=O)[C@H](N)CCCN=C(N)N.[C@@H]7(CCCN=C(N)N)C%26=O.[C@@H]%10(CCCN=C(N)N)C(=O)O.C%15(=O)[C@H]6CCC(=O)O.CC(C)C[C@@H]%28C%23=O.c1%20ccc(O)cc1.[C@H]9(C%27=O)C(C)C.C4(=O)[C@H]5CO.[C@@H]8(C%20)C%26=O.C%18CCCN.C%17CCCN.C8C%24=O.C%17C(N)=O.C%23%12=O.C%25%13=O.[C@@H]%16(C)O.N4%28.N%155.N%226.N%237.N%24%11.N%258.N%269.N%27%10.C%14%20.C%19%21	CC(C)C[C@@H](NC(=O)[C@@H](CO)NC(=O)[C@@H](CCC(=O)O)NC(=O)[C@H](N)CCCN=C(N)N)C(=O)C(=O)[C@H]1CSSC[C@@H](NC(=O)C[C@H](Cc2ccc(O)cc2)C(=O)C(=O)[C@H](N)CCCN=C(N)N)C(=O)N[C@H](C)C(=O)N[C@@H]2CSSC[C@@H](NC(=O)[C@@H](C)NC(=O)[C@@H](CCCCN)NC(=O)[C@@H](CCCCN)NC(=O)[C@@H]([C@H](C)O)NC2=O)C(=O)N[C@H](C(N)=O)C(=O)N1.CC(C)[C@@H](N)C(=O)N[C@H](CCCN=C(N)N)C(=O)O.CC(N)=O
C3(=O)[C@@H]%12CCCN=C(N)N.C%33(=O)[C@@H]%15CCCN=C(N)N.C6(=O)[C@@H]%18CCCN=C(N)N.C%10(=O)[C@@H](N)CCCN=C(N)N.c1%31c[nH]c2ccccc12.C7(=O)[C@@H]%19CCCCN.CC[C@H](C)[C@H]%11C(=O)O.C9(=O)[C@@H]%21[C@@H](C)CC.C%36(=O)[C@@H]%16C(C)C.[C@@H]1%22CCCN1%25.[C@@H]1%23CCCN1%33.[C@@H]1%23CCCN1%35.[C@@H]1%24CCCN1%36.[C@@H]1%26CCCN1%37.C4(=O)[C@@H]%17C%30.[C@@H]1%27CCCN16.[C@@H]1%28CCCN17.[C@@H]1%29CCCN18.C9(=O)[C@@H]%20C%31.C%14%22=O.C%32%23=O.C%34%24=O.C%35%26=O.C%36%27=O.C5%28=O.C8%29=O.N3%11.N%14%12.N%32%13.N%34%15.N3%16.N4%17.N5%18.N7%19.N9%20.N%10%21	CC(C)[C@H](N)C(=O)N1CCC[C@H]1C(=O)N[C@@H](CCCN=C(N)N)C(=O)N1CCC[C@H]1[C@@H]1CCCN1C(=O)[C@@H]1CCCN1.CC[C@H](C)[C@H](NC(=O)[C@@H](N)CCCN=C(N)N)C(=O)C(=O)[C@@H](N)Cc1c[nH]c2ccccc12.CC[C@H](C)[C@H](NC(=O)[C@H](CCCN=C(N)N)NC(=O)[C@@H]1CCCN1)C(=O)O.C[C@@H]1NC1=O.NC=O.NCCCC[C@H](N)C(=O)N1CCC[C@H]1C(=O)N[C@@H](CCCN=C(N)N)C(=O)N1CCC[C@H]1C=O.O=C1[C@@H]2CCCN12
CCCCCCCCCCCC1=O.[C@H]4(CCCN=C(N)N)C(N)=O.[C@H]3(CCCCN)C2=O.N13.N24	CCCCCCCCCCCC(=O)N[C@@H](CCCCN)C(=O)N[C@@H](CCCN=C(N)N)C(N)=O
[C@H]8(CCCN=C(N)N)C%19=O.[C@H]%10(CCCN=C(N)N)C(N)=O.c1%11c[nH]c2ccccc12.c1%12c[nH]c2ccccc12.[C@H]7(CCCCN)C%20=O.c1%15c[nH]c2ccccc12.[C@H]9(CCCCN)C%21=O.CC(C)[C@H]%22C%17=O.C3(=O)[C@@H]4C%11.C%16(=O)[C@@H]6C%12.C%17(=O)[C@@H](N)C%13.c1%13ccccc1.C5C%18=O.N3%22.N%144.N%165.N%176.N%187.N%198.N%209.N%21%10	CC(C)[C@H](NC(=O)[C@@H](N)Cc1c[nH]c2ccccc12)C(=O)C(=O)[C@@H](N)Cc1ccccc1.NC(N)=NCCC[C@@H]1NC1=O.NCCCC[C@H](NC(=O)CNC(=O)[C@@H](N)Cc1c[nH]c2ccccc12)C(=O)N[C@@H](CCCCN)C(=O)N[C@@H](CCCN=C(N)N)C(N)=O.c1ccc2[nH]ccc2c1
C%14(=O)[C@@H]%17CCCN=C(N)N.[C@H]%24(CCCN=C(N)N)C4=O.[C@H]%29(CCCN=C(N)N)C%10=O.[C@H]%31(CCCN=C(N)N)C%12=O.[C@H]%32(CCCN=C(N)N)C%13=O.c1%38c[nH]c2ccccc12.c1%40c[nH]c2ccccc12.CC(C)C[C@H]%15C5=O.C%46(=O)[C@@H]%22CC(C)C.[C@H]%28(CC(C)C)C9=O.[C@H]%30(CC(C)C)C%11=O.C%43(=O)[C@@H]%23[C@@H](C)O.c1%40ccc(O)cc1.C3(=O)[C@@H]%16CO.C%36(=O)[C@@H]%18C%35.C%42(=O)[C@@H]%19C%37.c1%37ccccc1.C%44(=O)[C@@H]%20C%38.C%45(=O)[C@@H]%22C%39.c1%39ccccc1.[C@H]%23(C%40)C6=O.[C@H]%26(C%41)C7=O.c1%41ccccc1.c1%35cnc[nH]1.[C@H]%33(C)C(N)=O.C%27C8=O.N3%15.N%14%16.N%25%17.N%36%17.N%42%18.N%43%19.N%44%20.N%45%21.N%46%22.N4%23.N5%24.N6%26.N7%27.N8%28.N9%29.N%10%30.N%11%31.N%12%32.N%13%33	CC(C)C[C@@H](C(N)=O)[C@@H](Cc1ccccc1)C(N)=O.CC(C)C[C@H](NC(=O)CNC(=O)[C@H](Cc1ccccc1)NC(=O)[C@H](C)[C@H](C(=O)N[C@@H](Cc1ccccc1)C(=O)N[C@@H](Cc1cnc[nH]1)C(N)=O)[C@@H](C)O)C(=O)N[C@@H](CCCN=C(N)N)C(=O)N[C@@H](CC(C)C)C(=O)N[C@@H](CCCN=C(N)N)C(=O)N[C@@H](CCCN=C(N)N)C(=O)N[C@@H](C)C(N)=O.CC(C)C[C@H](NC(=O)[C@H](CO)NC(=O)[C@@H](N)CCCN=C(N)N)C(=O)N[C@@H](CCCN=C(N)N)C(N)=O.O=C1N[C@H]1Cc1c[nH]c2ccccc12.Oc1ccc(-c2c[nH]c3ccccc23)cc1
CCC(C)CCCCC3=O.c1%22c[nH]c2ccccc12.[C@H]%18(CCC(=O)O)C5=O.[C@@H]%17(C4=O)[C@@H](C)CC.[C@H]%20(C7=O)[C@@H](C)CC.[C@@H]9(CCN)C%23=O.[C@@H]%15(CCN)C%28=O.[C@@H]%19(C6=O)C(C)C.[C@@H]9(CO)C%24=O.[C@@H]%11(CO)C%25=O.[C@@H]%12(C%22)C%26=O.[C@H]%13(CO)C%27=O.[C@@H]%21(CON)C(=O)O.C8C%14=O.C%10C%24=O.N38.N%149.N%23%10.N%24%11.N%25%12.N%26%13.N%27%15.N%28%16.N%29%17.N4%18.N5%19.N6%20.N7%21	CCC(C)CCCCC(=O)NCC(N)=O.CC[C@H](C)[C@H](N)C(=O)N[C@@H](CCC(=O)O)C(=O)N[C@H](C(=O)N[C@@H](C(=O)N[C@H](CON)C(=O)O)[C@@H](C)CC)C(C)C.NCC[C@@H](NC(=O)[C@H](CO)NC(=O)[C@@H](Cc1c[nH]c2ccccc12)NC(=O)[C@H](N)CO)C(N)=O.NCC[C@@H]1C(=O)NCC(=O)C(=O)[C@H]1CO
CCCCCCCC3=O.c1%23c[nH]c2ccccc12.[C@H]%18(CCC(=O)O)C5=O.[C@H]9(CCCN)C%24=O.[C@H]%20(C7=O)[C@@H](C)CC.[C@H]%15(CCN)C%29=O.[C@@H]%16(CCN)C%30=O.[C@@H]%19(C6=O)C(C)C.[C@@H]%11(CO)C%26=O.[C@@H]%12(C%22)C%27=O.[C@H]%13(CO)C%28=O.[C@H]%17(C%23)C4=O.c1%22cnc[nH]1.[C@H]8(C)C%14=O.[C@H]%21(C)C(=O)O.C%10C%25=O.C%10C%25=O.N38.N%149.N%24%10.N%25%11.N%26%12.N%27%13.N%28%15.N%29%16.N%30%17.N4%18.N5%19.N6%20.N7%21	CCCCCCCC(=O)N[C@@H](C)C(=O)N[C@@H](CCCN)C(N)=O.CC[C@H](C)[C@@H](NC(=O)[C@@H](NC(=O)[C@H](CCC(=O)O)NC(=O)[C@H](Cc1c[nH]c2ccccc12)NC(=O)[C@@H](CCN)NC(=O)[C@H](CCN)NC(=O)[C@H](CO)NC(=O)[C@@H](Cc1cnc[nH]1)NC(=O)[C@H](N)CO)C(C)C)C(=O)N[C@@H](C)C(=O)O.O=C1CCC1=O
C4(=O)[C@@H]%31CCCCN.C5(=O)[C@@H]%32CCCCN.C%11(=O)[C@@H]%39CCCCN.C%12(=O)[C@@H]%40CCCCN.C%17(=O)[C@@H]%44CCCCN.c1%50c[nH]c2ccccc12.C%19(=O)[C@@H](N)CCCCN.CC[C@H](C)[C@H]%21C%20=O.C3(=O)[C@@H]%22CC(C)C.C%36(=O)[C@@H]%24CC(C)C.C%53(=O)[C@@H]%29CC(C)C.C%10(=O)[C@@H]%38[C@@H](C)CC.C%13(=O)[C@@H]%41[C@@H](C)CC.C%51(=O)[C@@H]%26[C@@H](C)O.C%52(=O)[C@@H]%27[C@@H](C)O.C%52(=O)[C@@H]%28C(C)C.C%54(=O)[C@@H]%30C(C)C.C8(=O)[C@@H]%35[C@@H](C)O.[C@@H]1%48CCCN1%36.C7(=O)[C@@H]%32CO.C%15(=O)[C@@H]%42C%49.c1%49ccccc1.C%16(=O)[C@@H]%43CO.C%18(=O)[C@@H]%45C%50.[C@H]%46(CO)C(=O)O.C%47(=O)C%26.C6(=O)C%33.C7(=O)C%34.C%25%48=O.N3%21.N%14%22.N%25%23.N%47%24.N%51%26.N%52%27.N%53%28.N%54%29.N4%30.N5%31.N6%32.N7%33.N8%34.N9%35.N%10%37.N%11%38.N%12%39.N%13%40.N%15%41.N%16%42.N%17%43.N%18%44.N%19%45.N%20%46	CC(C)C[C@H](NC(=O)C[C@H](C(N)=O)[C@@H](C)O)C(=O)N1CCC[C@H]1C(N)=O.CC(C)C[C@H](NC(=O)[C@@H](NC(=O)[C@H](CCCCN)NC(=O)[C@H](CCCCN)[C@@H](CO)C(=O)C(=O)CNC(=O)[C@@H](N)[C@@H](C)O)C(C)C)C(=O)N[C@H](C(=O)C(=O)[C@@H](N)[C@@H](C)O)C(C)C.CC[C@H](C)[C@H](NC(=O)[C@@H](N)CC(C)C)C(=O)N[C@@H](CO)C(=O)O.CC[C@H](C)[C@H](NC(=O)[C@H](CCCCN)NC(=O)[C@H](CCCCN)NC(=O)[C@@H](NC(=O)[C@H](Cc1ccccc1)NC(=O)[C@H](CO)NC(=O)[C@H](CCCCN)NC(=O)[C@H](Cc1c[nH]c2ccccc12)NC(=O)[C@@H](N)CCCCN)[C@@H](C)CC)C(N)=O.NCC(N)=O
[C@H]%19(CCCN=C(N)N)C5=O.[C@H]%21(CCCN=C(N)N)C%10=O.[C@H]%18(CCC(N)=O)C3=O.CC[C@H](C)[C@H]%11C%36=O.C%33(=O)[C@@H]%16CC(N)=O.C%34(=O)[C@@H]%17C(C)(C)C.[C@H]%21(CCCN)C%10=O.[C@H]%22(CC(C)C)C(N)=O.c1%31ccc(O)cc1.C%13(=O)[C@@H]%14C(C)C.C2(=O)[C@@H]%12C%31.[C@@H]1%23CCCN1%32.N1%36CCC[C@H]1%25.N13CCC[C@H]1%26.N15CCC[C@H]1%27.N16CCC[C@H]1%28.[C@H]%20(C%30)C8=O.N18CCC[C@H]1%29.c1%30cnc[nH]1.C%35(=O)CN.C%24%23=O.C%37%25=O.C4%26=O.C6%27=O.C7%28=O.C9%29=O.N2%11.N%13%12.N%24%14.N%33%15.N%34%16.N%35%17.N%37%18.N4%19.N7%20.N9%21.N%10%22	CC(C)(C)[C@H](NC(=O)CN)C(=O)N[C@@H](CC(N)=O)C(N)=O.CC(C)C[C@H](N)C(N)=O.CC[C@H](C)[C@H](NC(=O)[C@H](Cc1ccc(O)cc1)NC(=O)[C@@H](NC(=O)[C@@H]1CCCN1)C(C)C)C(=O)N1CCC[C@H]1C(=O)N[C@@H](CCC(N)=O)C(=O)N1CCC[C@H]1C(=O)N[C@@H](CCCN=C(N)N)C(=O)N1CCC[C@H]1C(=O)N1CCC[C@H]1C(=O)N[C@@H](Cc1cnc[nH]1)C(=O)N1CCC[C@H]1C(N)=O.NCCC[C@H]1C(=O)C(=O)[C@@H]1CCCN=C(N)N
C%14(=O)[C@@H]%18CCCN=C(N)N.C%45(=O)[C@@H]%22CCCN=C(N)N.[C@H]%32(CCCN=C(N)N)C%11=O.C%45(=O)[C@@H]%23CCCCN.C4(=O)[C@@H]%27CCCCN.c1%43c[nH]c2ccccc12.CC[C@H](C)[C@H]%16C8=O.C7(=O)[C@@H]%30CC(N)=O.[C@H]%34(CC(N)=O)C%13=O.C%36(=O)[C@@H]%19CC%38.[C@@H]%31(C%10=O)C(C)C.[C@@H]%33(C%12=O)C(C)C.[C@@H]%37(C(N)=O)C(C)C.C3(=O)[C@@H]%17C%41.c1%41ccccc1.C%43(=O)[C@@H]%21C%39.C%46(=O)[C@@H]%24C%42.c1%42ccccc1.C5(=O)[C@@H]%28C%42.[C@H]%35(C%40)C%15=O.c1%39cnc[nH]1.c1%39cnc[nH]1.c1%40cnc[nH]1.C%47(=O)C%26.C6(=O)C%29.C8(=O)CN.N3%16.N%14%17.N%25%18.N%36%19.N%44%20.N%45%21.N%46%22.N%47%23.N%48%24.N4%26.N5%27.N6%28.N7%29.N8%30.N9%31.N%10%32.N%11%33.N%12%34.N%13%35.N%15%37	CC(C)[C@H](N)C(=O)N[C@@H](CCCN=C(N)N)C(=O)N[C@H](C(=O)N[C@@H](CC(N)=O)C(=O)N[C@@H](Cc1cnc[nH]1)C(=O)N[C@H](C(N)=O)C(C)C)C(C)C.CC[C@@H]1NC1=O.CC[C@H](C)[C@H](NC(=O)[C@H](Cc1ccccc1)NC(=O)[C@@H](N)CCCN=C(N)N)C(=O)C(=O)CN.C[C@H](NC(=O)CNC(=O)[C@@H](N)CC(N)=O)C(=O)N[C@@H](CCCCN)C(=O)NCC(=O)N[C@@H](CCCCN)C(=O)C(=O)[C@H](CCCN=C(N)N)NC(=O)[C@@H](N)Cc1ccccc1.N.N[C@@H](Cc1cnc[nH]1)C(=O)c1c[nH]c2ccccc12.c1c[nH]cn1
[C@@H]1%17NC(=O)CNC(=O)CNC(=O)[C@@H]2CSSC[C@H]%14C(=O)N[C@@H]%18C(=O)N[C@@H]%19C(=O)N[C@@H]%20C(=O)N[C@@H]%20C(=O)N[C@@H]%21C(=O)N[C@H]3CSSC[C@H]%14C(=O)N[C@@H]%22C(=O)N[C@@H]%23C(=O)N[C@@H]%24C(=O)N[C@@H]%25C(=O)N[C@@H](CSSC[C@H](NC1=O)C(=O)N[C@@H]%26C(=O)N[C@@H](C)C(=O)N[C@@H]%28C(=O)N[C@@H]%28C(=O)N[C@@H]%29C(=O)N[C@@H]%30C(=O)N1CCC[C@H]1C(=O)N[C@@H]%31C(=O)N[C@@H]%32C(=O)N[C@@H]%33C(=O)N[C@@H]%34C(=O)N2.[C@H]6(CCCN=C(N)N)C%26=O.[C@H]7(CCCN=C(N)N)C%41=O.[C@H]8(CCCN=C(N)N)C%43=O.C%38(=O)[C@@H]9CCCCN.C%44(=O)[C@@H](N)CCC(N)=O.C%37(=O)[C@@H]%11CC(C)C.C%43(=O)[C@@H]%12C(C)C.C%19CCN=C(N)N.C%28CCN=C(N)N.c1%36ccc(O)cc1.C5(=O)[C@@H]6C(C)C.c1%37ccccc1.c1%39ccccc1.N1%40CCC[C@H]1%16.C%18CCCN.C%20CCCN.C%22CCCN.C%30CCCN.C%29CC(N)=O.c1%35cnc[nH]1.C%32CC(N)=O.C%40(=O)[C@@H]%10C.CC[C@@H]%17C.C%23C(N)=O.C%24C(C)C.C%36C(=O)O.C4%14=O.C%42%15=O.[C@H]%31(C)O.C%33(C)C.N56.N%167.N%278.N%38%45.C%25%35.C%37%36.N%419.N%42%10.N%43%11.N%44%12.N%45%13.C%25O.C%29%44	INVALID
[C@H]%19(CCCN=C(N)N)C%41=O.[C@H]%21(CCCN=C(N)N)C5=O.[C@H]%26(CCCN=C(N)N)C%10=O.NCCCCC[C@H]%13C%38=O.C%25(=O)[C@@H]%16CCCCN.C%37(=O)[C@@H](N)CCCCN.c1%33c[nH]c2ccccc12.c1%34c[nH]c2ccccc12.[C@H]%18(CC(C)C)C%40=O.[C@H]%20(CC(C)C)C4=O.[C@H]%24(CC(C)C)C%12=O.[C@H]%28(CC(C)C)C(=O)O.N1%33CC(O)CC1%32.c1%35ccc(O)cc1.[C@@H]1%28CCCN1%14.C%36(=O)[C@@H]%17C%33.N1%40CCC[C@H]1%29.N14CCC[C@H]1%30.[C@H]%23(C%34)C9=O.N17CCC[C@H]1%31.N1%10CCC[C@H]1%32.C3%27=O.C%14%28=O.C%39%29=O.C6%30=O.C7%31=O.C%11%32=O.N3%13.N%25%15.N%36%16.N%37%17.N%38%18.N%39%19.N4%20.N5%21.N6%22.N8%23.N9%24.N%11%26.N%12%27	CC(C)C[C@@H](C(=O)O)[C@@H]1CCCN1C=O.CC(C)C[C@H](N)C(=O)N1CCC[C@H]1C(N)=O.CC(C)C[C@H](NC(=O)[C@@H](N)Cc1c[nH]c2ccccc12)C(=O)NC(=O)N[C@@H](CCCCCN)C(=O)N[C@@H](CC(C)C)C(=O)N1CCC[C@H]1C(=O)N[C@H](C=O)CCCN=C(N)N.C[C@H](NC(=O)[C@@H](N)CCCCN)C(=O)N[C@@H](CCCCN)C(N)=O.NC(N)=NCCC[C@@H]1NC1=O.NC(N)=NCCC[C@H](NC=O)C(=O)N1CCC[C@H]1C1CC(O)CN1c1c[nH]c2ccccc12.O=C1[C@@H]2CCCN12.Oc1ccccc1
C3(=O)[C@@H]6CCCN=C(N)N.C%17(=O)[C@@H]8CCCN=C(N)N.C%19(=O)[C@@H](N)CCCN=C(N)N.[C@H]%15(CCCN=C(N)N)C(N)=O.C%14(=O)[C@@H]7CCCCN.[C@H]%10(CCCCN)C%21=O.[C@H]%11(CCCCN)C%22=O.c1%16c[nH]c2ccccc12.CC[C@H](C)[C@H]5C%20=O.C%18(=O)[C@@H]9CC(N)=O.[C@@H]%12(C%23=O)C(C)C.[C@H]%13(C%16)C4=O.N35.N%146.N%177.N%188.N%199.N%20%10.N%21%11.N%22%12.N%23%13.N4%15	CC[C@H](C)[C@H](NC(=O)[C@H](CCCN=C(N)N)NC(=O)[C@H](CCCCN)NC(=O)[C@H](CCCN=C(N)N)NC(=O)[C@H](CC(N)=O)NC(=O)[C@@H](N)CCCN=C(N)N)C(=O)N[C@@H](CCCCN)C(=O)N[C@@H](CCCCN)C(=O)N[C@H](C(=O)N[C@@H](Cc1c[nH]c2ccccc12)C(=O)N[C@@H](CCCN=C(N)N)C(N)=O)C(C)C
C4(=O)[C@@H]%40CCCN=C(N)N.C%20(=O)[C@@H]%56CCCN=C(N)N.C%35(=O)[C@@H]%32CCCCN.C%46(=O)[C@@H]%37CCCCN.C%76(=O)[C@@H]%39CCCCN.C5(=O)[C@@H]%42CCCCN.C6(=O)[C@@H]%43CCCCN.C9(=O)[C@@H]%47CCCCN.C%10(=O)[C@@H]%48CCCCN.C%12(=O)[C@@H]%50CCCCN.C%17(=O)[C@@H]%53CCCCN.C%18(=O)[C@@H]%54CCCCN.C%21(=O)[C@@H](N)CCCCN.CC[C@H](C)[C@H]%29C%22=O.C%13(=O)[C@@H]%31[C@@H](C)CC.C%57(=O)[C@@H]%36[C@@H](C)CC.C4(=O)[C@@H]%48CC(C)C.C%11(=O)[C@@H]%49CC(C)C.C%20(=O)[C@@H]%58CC(C)C.[C@H]%61(CC(N)=O)C%26=O.[C@H]%61(CC(N)=O)C%27=O.[C@@H]%62(C%28=O)[C@@H](C)CC.C2(=O)[C@@H]%41C(C)C.[C@@H]1%65CCCN1%13.C%68(=O)[C@@H]%36C%67.c1%67ccccc1.C8(=O)[C@@H]%45CO.C%10(=O)[C@@H]%51CO.C%15(=O)[C@@H]%51C%70.c1%70ccccc1.C%16(=O)[C@@H]%52C%71.c1%71ccccc1.C%19(=O)[C@@H]%55C%72.c1%72ccccc1.[C@H]%64(C%73)C(=O)O.c1%73ccccc1.[C@H]%63(C)C%25=O.C%46(=O)[C@@H]%31C.C%15(=O)[C@@H]%50C.C%17(=O)[C@@H]%53C.C%58C%23=O.C2%65=O.N2%30.N%24%31.N%35%32.N%46%33.N%57%34.N%68%36.N%75%37.N%76%38.N3%39.N4%40.N5%41.N6%42.N7%43.N8%44.N9%45.N%10%47.N%11%48.N%12%49.N%14%50.N%15%51.N%16%52.N%17%53.N%18%54.N%19%55.N%20%56.N%21%58.N%22%59.N%23%60.N%25%61.N%26%62.N%27%63.N%28%64	CC(C)C[C@H](CC(N)=O)C(=O)C(=O)[C@@H](N)CCCN=C(N)N.CC(C)C[C@H](NC(=O)[C@H](CCCCN)[C@@H](C)C(=O)C(=O)[C@H](Cc1ccccc1)[C@@H](CO)C(=O)C(=O)[C@H](CCCCN)[C@@H](CC(C)C)C(=O)C(=O)[C@@H](N)CCCN=C(N)N)C(N)=O.CC[C@H](C)CC(N)=O.CC[C@H](C)[C@@H](C(=O)N1CCC[C@H]1C(=O)C(=O)[C@@H](NC(=O)[C@H](CCCCN)NC(=O)[C@@H](N)CCCCN)C(C)C)[C@@H](C)C(=O)C(=O)[C@@H](N)CCCCN.CC[C@H](C)[C@@H](C(N)=O)[C@@H](Cc1ccccc1)C(N)=O.CC[C@H](C)[C@H](NC(=O)[C@H](CC(N)=O)[C@@H](CC(N)=O)C(=O)N[C@@H](C)C(N)=O)C(=O)N[C@@H](Cc1ccccc1)C(=O)O.C[C@H]1C(=O)C(=O)[C@@H]1CCCCN.N.N.N.N.N.N.NCCCC[C@@H]1NC1=O.NCCCC[C@@H]1NC1=O.NCCCC[C@H](N)C(=O)N[C@@H](CO)C(N)=O.NCCCC[C@H](N)C(N)=O.NCCCC[C@H](N)C(N)=O.O=C1N[C@H]1Cc1ccccc1.O=C1N[C@H]1Cc1ccccc1
NCCCC[C@H]5C(=O)O.C4(=O)[C@@H](N)CCCCN.C2(=O)[C@@H]6C8.c18ccccc1.C3(=O)[C@@H]7C.N25.N36.N47	C[C@H](NC(=O)[C@@H](N)CCCCN)C(=O)N[C@@H](Cc1ccccc1)C(=O)N[C@@H](CCCCN)C(=O)O
C2(=O)[C@@H]%14CCCCN.[C@H]3(CCCCN)C%10=O.C8(=O)[C@@H]%13[C@@H](O)CN.CC4C[C@H]%12C(N)=O.[C@@H]15CCCN18.[C@@H]15CCCN1%10.[C@@H]16CCCN1.C74=O.C95=O.C%116=O.N2%12.N7%13.N9%14.N93.N%114	CC(C[C@H](NC(=O)[C@H](CCCCN)NC=O)C(N)=O)C(=O)N[C@H](C(=O)N1CCC[C@H]1[C@@H]1CCCN1C(=O)[C@@H](N)CCCCN)[C@@H](O)CN.NC(=O)[C@@H]1CCCN1
[C@H]%17(CCCN=C(N)N)C6=O.[C@H]%18(CCCN=C(N)N)C(N)=O.[C@H]8(CCCCN)C%24=O.[C@H]9(CCCCN)C%25=O.c1%20c[nH]c2ccccc12.c1%21c[nH]c2ccccc12.c1%22c[nH]c2ccccc12.c1%23c[nH]c2ccccc12.CC[C@H](C)[C@H](N)C3=O.[C@H]7(CC(N)=O)C%14=O.[C@H]%12(CC(C)C)C%28=O.[C@H]%10(C%20)C%26=O.[C@H]%13(C%21)C%30=O.N1%31CCC[C@H]1%19.[C@H]%16(C%23)C5=O.[C@H]%11(C)C%27=O.[C@H]%12(C)C%29=O.C4%19=O.N37.N%148.N%249.N%25%10.N%26%11.N%27%12.N%29%13.N%30%15.N4%16.N5%17.N6%18	CC(C)C[C@@H](C=O)[C@@H](C)C(=O)N[C@@H](Cc1c[nH]c2ccccc12)C(N)=O.CC[C@H](C)[C@H](N)C(=O)N[C@@H](CC(N)=O)C(=O)N[C@@H](CCCCN)C(=O)N[C@@H](CCCCN)C(=O)N[C@@H](Cc1c[nH]c2ccccc12)C(=O)N[C@@H](C)C(N)=O.NC(=O)[C@H](CCCN=C(N)N)NC(=O)[C@H](CCCN=C(N)N)NC(=O)[C@H](Cc1c[nH]c2ccccc12)NC(=O)[C@@H]1CCCN1.c1ccc2[nH]ccc2c1
C2(=O)[C@@H]%12CCCN=C(N)N.C%34(=O)[C@@H]%15CCCN=C(N)N.C%36(=O)[C@@H]%17CCCN=C(N)N.C%36(=O)[C@@H]%16CCCCN.C7(=O)[C@@H]%20CCCCN.[C@H]%20(CCC(N)=O)C)=O.CC[C@H](C)[C@H]%11C%10=O.C8(=O)[C@@H]%21CC(N)=O.C9(=O)[C@@H]%22CC(N)=O.c1%32ccc(O)cc1.C5(=O)[C@@H]%19C(C)C.[C@@H]1%23CCCN1%24.C%24(=O)[C@@H]%14C%30.[C@@H]1%25CCCN1%34.[C@@H]1%26CCCN1%35.[C@@H]1%28CCCN1%36.[C@@H]1%29CCCN13.C4(=O)[C@@H]%18C%31.[C@@H]1%30CCCN17.c1%31cnc[nH]1.C9(=O)CN.C%13%23=O.C%33%26=O.C%35%27=O.C%37%28=O.C%39%29=O.C6%30=O.N2%11.N%13%12.N%33%14.N%37%15.N%37%16.N4%17.N5%18.N6%19.N8%20.N9%21.N%10%22	INVALID
C2(=O)[C@@H]7CCCN=C(N)N.[C@H]%11(CCCN=C(N)N)C%24=O.[C@H]%18(CCCN=C(N)N)C(=O)O.C%13(=O)[C@@H]8CCC(N)=O.C%23(=O)[C@@H]%12CCCCN.[C@H]%14(CCCCN)C%26=O.CC[C@H](C)[C@H]6C%25=O.C%21(=O)[C@@H]%10[C@@H](C)CC.[C@H]%15(CC(=O)O)C3=O.[C@H]%17(CC(C)C)C5=O.C%20(=O)[C@@H]9C(C)C.[C@@H]%16(C4=O)C(C)C.C%20(=O)[C@@H]9C%19.c1%19ccccc1.N26.N%137.N%208.N%219.N%22%10.N%23%11.N%24%12.N%25%14.N%26%15.N3%16.N4%17.N5%18	CC(C)[C@H]1C(=O)C(=O)[C@@H]1Cc1ccccc1.CC[C@H](C)[C@H](N)C(N)=O.CC[C@H](C)[C@H](NC(=O)[C@H](CCCN=C(N)N)NC(=O)[C@@H](N)CCC(N)=O)C(=O)N[C@@H](CCCCN)C(=O)N[C@@H](CC(=O)O)C(=O)N[C@H](C(=O)N[C@@H](CC(C)C)C(=O)N[C@@H](CCCN=C(N)N)C(=O)O)C(C)C.NCCCC[C@@H]1NC(=O)[C@H](CCCN=C(N)N)NC1=O
[C@H]1%12CSSC[C@@H]%14NC(=O)[C@H]%15NC(=O)[C@@H]2CSSC[C@H](NC(=O)[C@H]%16NC1=O.C3(=O)[C@@H]5CCCN=C(N)N.[C@H]6(CCCCN)C%22=O.[C@H]%10(CCCCN)C%25=O.CC[C@H](C)[C@H]4C%20=O.C%19(=O)[C@@H](N)CC(C)C.[C@@H]6(C%21=O)C(C)C.c1%19ccc(O)cc1.N1%13CCC[C@H]1%13.[C@H]7(C%17)C%23=O.[C@H]9(C%18)C4=O.c1%18ccccc1.C%15CCCN.C%16C(=O)O.C%20=O.C%24%14=O.C%18(C)C.N34.N%205.N%216.N%227.N%238.N%249.N%25%10.N%26%11.N3%12	INVALID
[C@@H]14NC(=O)[C@H]8NC(=O)[C@@H]9NC(=O)[C@H]%10NC(=O)[C@H]%11NC(=O)[C@H]%12NC(=O)[C@@H]%13NC(=O)[C@H]%14NC1=O.c15cccc2ccccc12.c16ccccc2ccccc12.c17ccccc1.C%14CCN=C(N)N.C9CC(=O)O.NCCC4.[C@H]8(C)O.[C@H]%12(C)O.C%10%15.C%115.C%136	INVALID
C%10(=O)[C@@H]%30CCCN=C(N)N.C%35(=O)[C@@H]%20CCCCN.C%42(=O)[C@@H]%21CCCCN.C%45(=O)[C@@H]%25CCCCN.C3(=O)[C@@H]%26CCCCN.C5(=O)[C@@H]%28CCCCN.C6(=O)[C@@H]%29CCCCN.[C@H]%34(CCCCN)C%15=O.CC[C@H](C)[C@H]%16C%12=O.C%35(=O)[C@@H]%19CC(C)C.C%44(=O)[C@@H]%23[C@@H](C)CC.C4(=O)[C@@H]%28[C@@H](C)CC.C9(=O)[C@@H]%32CC(N)=O.C2(=O)[C@@H]%17CC%38.C%45(=O)[C@@H]%23C(C)C.C%47(=O)[C@@H]%27[C@@H](C)O.[C@@H]1%38CCCN1%24.C%24(=O)[C@@H]%18CO.C%43(=O)[C@@H]%22C%40.c1%40ccccc1.C%11(=O)[C@@H](N)C%41.c1%41ccccc1.[C@H]%37(CS)C(=O)O.c1%39cnc[nH]1.C8(=O)C%31.C%13%39=O.N2%16.N%13%17.N%35%18.N%42%19.N%43%20.N%44%21.N%45%22.N%46%23.N3%25.N4%26.N5%27.N6%28.N7%29.N8%30.N9%31.N%10%32.N%11%33.N%12%34.N%14%36.N%15%37	CC[C@H](C)[C@@H](C(=O)N[C@@H](CCCCN)C(=O)N[C@@H](CCCCN)C(=O)C(=O)[C@H](C(C)C)[C@H](C(=O)N[C@@H](CCCCN)C(=O)N[C@@H](CC(C)C)C(=O)C(=O)[C@H](CCCCN)NC(=O)[C@@H](N)Cc1ccccc1)[C@@H](C)CC)[C@@H](CCCCN)C(=O)N[C@H](C=O)[C@@H](C)O.CC[C@H](C)[C@H](NC(=O)[C@H](CC[C@@H]1CCCN1C(=O)[C@@H](N)CO)NC(=O)c1cnc[nH]1)C(=O)N[C@@H](CCCCN)C(=O)N[C@@H](CS)C(=O)O.N.N.NC(=O)C[C@@H]1NC(=O)[C@H](CCCN=C(N)N)NC(=O)CNC1=O.NC(=O)[C@@H](N)Cc1ccccc1.NCCCC[C@H](N)C(N)=O
[C@H]%10(CCCCN)C%22=O.[C@H]%15(CCCCN)C4=O.CC(C)C[C@H]5C%13=O.[C@H]7(CC(=O)O)C%18=O.[C@H]8(CC(C)C)C%20=O.[C@H]9(CC(C)C)C%21=O.c1%17ccc(O)cc1.[C@@H]%12(C%24=O)C(C)C.[C@@H]%14(C3=O)C(C)C.[C@H]6(C%17)C%19=O.C2(=O)[C@H](C)N.[C@H]%11(C)C%23=O.[C@H]%13(C)C%25=O.N25.N%136.N%197.N%208.N%219.N%22%10.N%23%11.N%24%12.N%25%14.N3%15.N4%16	CC(C)C[C@@H]1NC1=O.CC(C)C[C@@H]1NC1=O.CC(C)C[C@H](NC(=O)[C@H](C)N)C(=O)[C@@H](C)C(=O)N[C@H](C(=O)N[C@@H](CCCCN)C(N)=O)C(C)C.CC(C)[C@@H]1NC1=O.C[C@@H]1NC1=O.NCCCC[C@@H]1NC1=O.N[C@@H](Cc1ccc(O)cc1)C(=O)N[C@H](C=O)CC(=O)O
[C@@H]13NC(=O)[C@H]8NC(=O)[C@H]9NC(=O)[C@H]%10NC(=O)[C@H]%11NC(=O)[C@H]%12NC(=O)[C@@H]%13NC(=O)[C@H]%14NC(=O)[C@@H]2CCCN2C(=O)[C@@H]%15NC(=O)[C@@H]2CCCN2C(=O)[C@@H]4NC1=O.c15ccccc1.c16ccccc1.c17ccccc1.C7CCCN.C%11CCCN.CC(C)C3.C8CCN.C%12C(N)=O.C9(C)C.C%104.C%135.C%146.C%157	CC(C)C[C@@H]1NC(=O)[C@H](CCCN)NC(=O)[C@H](C(C)C)NC(=O)[C@@H]2C[C@@H](NC1=O)C(=O)N1CCC[C@H]1C(=O)N[C@H](C)C(=O)N1CCC[C@H]1C(=O)N[C@@H](Cc1ccccc1)C(=O)N[C@H](Cc1ccccc1)C(=O)N[C@@H](CC(N)=O)C(=O)N[C@@H](CCCCN)C(=O)N2.NCCCCc1ccccc1
[C@H]8(CCCN=C(N)N)C(N)=O.c19c[nH]c2ccccc12.c1%10c[nH]c2ccccc12.[C@H]5(CCCCN)C%16=O.c1%12c[nH]c2ccccc12.[C@H]7(CCCCN)C%18=O.[C@@H]7(C%18=O)[C@@H](C)O.C%13(=O)[C@@H](N)C9.[C@H]4(C%11)C%14=O.c1%11ccccc1.[C@H]6(C%12)C%17=O.CC3=O.N3%19.N%13%20.N%144.N%155.N%166.N%177.N%188	CC(N)=O.C[C@@H](O)[C@H]1C(=O)C(=O)[C@@H]1CCCCN.NC(=O)[C@@H](N)CCCN=C(N)N.NC(=O)[C@@H](N)Cc1c[nH]c2ccccc12.NCCCC[C@H](N)C(=O)N[C@@H](Cc1c[nH]c2ccccc12)C(N)=O.O=C1N[C@H]1Cc1ccccc1.c1ccc2[nH]ccc2c1
[C@H]%10(CCCCN)C7=O.CC(C)C[C@H]9C5=O.C2(=O)[C@@H](N)[C@@H](C)O.[C@@H]%11(C6=O)[C@@H](C)O.N17CCC[C@H]13.[C@H]%12(C4)C(=O)O.c14ccccc1.C83=O.N29.N5%10.N6%11.N8%12	CC(C)C[C@H](NC(=O)[C@@H](N)[C@@H](C)O)C(=O)N[C@@H](CCCCN)C(=O)N1CCC[C@H]1C(=O)N[C@@H](Cc1ccccc1)C(=O)O.C[C@@H](O)[C@@H]1NC1=O
[C@H]%11(CCCN=C(N)N)C%27=O.c1%20c[nH]c2ccccc12.c1%21c[nH]c2ccccc12.[C@H]%10(CCCCN)C%26=O.c1%22c[nH]c2ccccc12.c1%22c[nH]c2ccccc12.[C@H]%16(CCCCN)C4=O.c1%23c[nH]c2ccccc12.CC[C@H](C)[C@H](N)C3=O.[C@H]7(CC(C)C)C%14=O.[C@H]9(CC(C)C)C%25=O.[C@H]%19(CC(C)C)C(N)=O.[C@H]8(C%20)C%24=O.[C@H]%12(C%21)C%28=O.[C@H]%13(CO)C%29=O.[C@H]%15(C%22)C%30=O.[C@H]%17(C%23)C5=O.N37.N%148.N%249.N%25%10.N%26%11.N%27%12.N%28%13.N%29%15.N%30%16.N4%17.N5%18.N6%19	CC(C)C[C@H](N)C(N)=O.CC[C@H](C)[C@H](N)C(=O)N[C@@H](CC(C)C)C(=O)N[C@@H](Cc1c[nH]c2ccccc12)C(=O)N[C@@H](CC(C)C)C(=O)N[C@@H](CCCCN)C(=O)N[C@@H](CCCN=C(N)N)C(=O)N[C@@H](Cc1c[nH]c2ccccc12)C(=O)N[C@@H](CO)C(=O)N[C@@H](C)C(=O)N[C@@H](CCCCN)C(=O)N[C@@H](Cc1c[nH]c2ccccc12)C(N)=O.c1ccc2c(-c3c[nH]c4ccccc34)c[nH]c2c1
C3(=O)[C@@H]6CCCN=C(N)N.C%17(=O)[C@@H]8CCCN=C(N)N.C%19(=O)[C@@H](N)CCCN=C(N)N.[C@H]%15(CCCN=C(N)N)C(N)=O.C%14(=O)[C@@H]7CCCCN.[C@H]%10(CCCCN)C%21=O.[C@H]%11(CCCCN)C%22=O.c1%16c[nH]c2ccccc12.CC[C@H](C)[C@H]5C%20=O.C%18(=O)[C@@H]9CC(N)=O.[C@H]%13(CC(C)C)C4=O.[C@H]%12(C%16)C%23=O.N35.N%146.N%177.N%188.N%199.N%20%10.N%21%11.N%22%12.N%23%13.N4%15	CC[C@H](C)[C@H](NC(=O)[C@H](CCCN=C(N)N)NC(=O)[C@H](CCCCN)NC(=O)[C@H](CCCN=C(N)N)NC(=O)[C@H](CC(N)=O)NC(=O)[C@@H](N)CCCN=C(N)N)C(=O)N[C@@H](CCCCN)C(=O)N[C@@H](CCCCN)C(=O)N[C@@H](Cc1c[nH]c2ccccc12)C(=O)N[C@@H](CC(C)C)C(=O)N[C@@H](CCCN=C(N)N)C(N)=O
C3(=O)[C@@H]4CCCN=C(N)N.C%17(=O)[C@@H]8CCCN=C(N)N.C%18(=O)[C@@H](N)CCCN=C(N)N.[C@H]%10(CCCN=C(N)N)C(N)=O.c1%11c[nH]c2ccccc12.c1%12c[nH]c2ccccc12.c1%13c[nH]c2ccccc12.CC[C@H](C)[C@H]%21C%19=O.C%14(=O)[C@@H]5CC(N)=O.C%15(=O)[C@@H]6C%11.C%16(=O)[C@@H]7C%12.[C@H]9(C%13)C%20=O.N3%21.N%144.N%155.N%166.N%177.N%188.N%199.N%20%10	CC[C@H](C)[C@H](NC(=O)[C@H](CCCN=C(N)N)NC(=O)[C@H](CC(N)=O)NC(=O)[C@H](Cc1c[nH]c2ccccc12)NC(=O)[C@H](Cc1c[nH]c2ccccc12)NC(=O)[C@H](CCCN=C(N)N)NC(=O)[C@@H](N)CCCN=C(N)N)C(=O)N[C@@H](Cc1c[nH]c2ccccc12)C(=O)N[C@@H](CCCN=C(N)N)C(N)=O
[C@@H]12NC(=O)[C@H]4NC(=O)[C@H]5NC(=O)[C@H]6NC(=O)CNC(=O)[C@H]7N(C)C(=O)[C@@H](C)CC.C7CCN=C(N)N.CC(C)C3.C6C(C)C.[C@H]4(C)O.C5O	CC(C)C.CC[C@H](C)C(=O)N(C)[C@@H](CCCN=C(N)N)C(=O)NCC(=O)N[C@@H](CC(C)C)C(=O)N[C@@H](CO)C(=O)N[C@H](C(=O)NC)[C@@H](C)O
N13C(=O)N2NCC(=O)C[C@@H]5C(=O)N2NCccc2cc2c21ccccc2C(=O)N2CCC[C@H]2C(=O)N[C@@H]6C(=O)N18.c17cccc1.c1%10ccccc1.C3C.C48.C59.C6%10	INVALID
C%13(=O)[C@@H]%12CCCN=C(N)N.C%34(=O)[C@@H]%15CCCN=C(N)N.[C@H]%18(CCC(N)=O)C3=O.[C@H]%20(CCCCN)C%10=O.CC[C@H](C)[C@H]%11C9=O.C%38(=O)[C@@H]%16CC(N)=O.C7(=O)[C@@H]%21CC(N)=O.[C@H]%21(CC(C)C)C(=O)O.c1%32ccc(O)cc1.[C@@H]1%22CCCN1%13.C%24(=O)[C@@H]%14C%30.[C@@H]1%23CCCN1%34.[C@@H]1%25CCCN1%35.[C@@H]1%26CCCN1%36.[C@@H]1%27CCCN13.C3(=O)[C@@H]%17CO.C4(=O)[C@@H]%18C%31.[C@@H]1%28CCCN16.c1%30cnc[nH]1.c1%31cnc[nH]1.C%36(=O)CN.C2%22=O.C%24%23=O.C%33%25=O.C%35%26=O.C%37%27=O.C%37%28=O.C6%29=O.N2%11.N%24%12.N%33%14.N%37%15.N3%16.N4%17.N5%18.N8%19.N9%20.N%10%21	CC(C)C[C@@H](C(=O)O)[C@H](C=O)CC(N)=O.CC[C@H](C)[C@H](NC(=O)[C@@H]1CCCN1C(=O)[C@@H](N)CCCN=C(N)N)C(=O)N[C@@H](CCCCN)C(N)=O.N.N.NC(=O)CC[C@@H](C(=O)N1CCC[C@H]1C(=O)C(=O)[C@@H]1CCCN1C=O)[C@@H](Cc1cnc[nH]1)C(=O)N[C@@H](CO)C(=O)N[C@H](C=O)CC(N)=O.NCC(=O)N1CCC[C@H]1C(=O)N1CCC[C@H]1C(=O)N[C@@H](Cc1cnc[nH]1)C(=O)C(=O)[C@@H]1CCCN1C(=O)[C@@H](N)CCCN=C(N)N.Oc1ccccc1
[C@@H]%11(CCCN=C(N)N)C%24=O.c1%16c[nH]c2ccccc12.c1%18c[nH]c2ccccc12.[C@@H]%15(CCCCN)C(N)=O.CC[C@@H](C)[C@@H]5C%22=O.C%19(=O)[C@H]8CC(C)C.[C@@H]%10(CC(C)C)CC=O.[C@H]%13(C4=O)C(C)C.C3(=O)[C@H]6CO.C%14(=O)[C@H]7C%16.C%20(=O)[C@H]9C%17.c1%17ccccc1.C%21(=O)[C@H](N)CO.[C@@H]%12(C%18)C%25=O.N35.N%146.N%197.N%208.N%219.N%22%10.N%23%11.N%24%12.N%25%13.N4%15	CC(C)[C@@H](NC(=O)[C@@H](Cc1c[nH]c2ccccc12)NC(=O)[C@H](N)CCCN=C(N)N)C(=O)N[C@H](CCCCN)C(N)=O.CC[C@@H](C)[C@@H](NC(=O)[C@@H](CO)NC(=O)[C@@H](Cc1c[nH]c2ccccc12)NC(=O)[C@@H](CC(C)C)NC(=O)[C@@H](Cc1ccccc1)NC(=O)[C@H](N)CO)C(=O)N[C@@H](CC=O)CC(C)C
NCCCC[C@H]%28C%23=O.C3(=O)[C@@H]%29CCCC%29.C%58(=O)[C@@H]%33CCCC%35.C4(=O)[C@@H]%37CCCC%35.C7(=O)[C@@H]%40CCCC%35.C%10(=O)[C@@H]%45CCCCN.c1%67c[nH]c2ccccc12.C%16(=O)[C@@H]%52CCCCN.C%20(=O)[C@@H]%48CCC(N)=O.c1%68c[nH]c2ccccc12.[C@H]%60(CCCC%57)C%27=O.c1%70c[nH]c2ccccc12.C%14(=O)[C@@H]%30CC(C)C.C%72(=O)[C@@H]%34CCC%35.C5(=O)[C@@H]%37CCC%38.C8(=O)[C@@H]%41CCC%42.C9(=O)[C@@H]%43CC(N)=O.C%12(=O)[C@@H]%48CC(C)C.C%13(=O)[C@@H]%50CCC%51.C%18(=O)[C@@H]%53CC(=O)O.[C@H]%54(CC(N)=O)C%23=O.[C@H]%59(CC)C(=O)O.C%36(=O)[C@@H]%32CC%60.C%58(=O)[C@@H]%33[C@@H](C)O.C%13(=O)[C@@H]%44C(C)C.C%20(=O)[C@@H]%52C(C)C.C%21(=O)[C@@H]%56C(C)C.c1%70ccc(O)cc1.[C@@H]1%61CCCN1%25.[C@@H]1%62CCCN14.[C@@H]1%63CCCN17.[C@@H]1%64CCCN1%16.[C@@H]1%65CCCN1%18.C%22(=O)[C@@H]%51C%67.C%22(=O)[C@@H](N)C%68.[C@H]%55(C%70)C%26=O.N%33C(=N)N.N%35C(=N)N.N%44C(=N)N.N%49C(=N)N.N%52C(=N)N.N%60C(=N)N.C%68%61=O.C%47%62=O.C6%62=O.C6%63=O.C%15%64=O.C%19%65=O.C%17%66=O.N3%27.N%14%28.N%36%30.N%47%31.N%69%32.N%69%34.N%72%34.N%72%37.N5%39.N6%40.N8%41.N9%43.N%11%44.N%12%45.N%13%46.N%15%48.N%16%50.N%17%51.N%19%53.N%20%54.N%22%55.N%23%56.N%24%57.N%26%59	CC(C)C[C@@H](C(=O)N[C@H](C=O)CCCCN)[C@@H](CCC(N)=O)C(=O)C(=O)[C@H](C(C)C)[C@@H](CCCCN)C(=O)N1CCC[C@H]1C(N)=O.CC(C)C[C@H](NC(=O)[C@H](CC[C@@H](CCCCN)C(=O)NC(=O)C1CCCC1)NN[C@@H](CCCCCCC[C@H](N)C(=O)N1CCC[C@H]1C(=O)C=O)C(N)=O)C(=O)N[C@@H](CCCCN)C(=O)C(=O)[C@@H](N)CC(N)=O.CC(C)[C@H](N)C=O.CC(C)[C@H](NC(=N)N)C(=O)C(=O)[C@@H](N)CCC[C@@H](Cc1c[nH]c2ccccc12)C(=O)C(=O)[C@@H](N)Cc1c[nH]c2ccccc12.CCC[C@@H](C(N)=O)[C@@H](CCCCCCCC[C@H]1C(=O)C(=O)[C@@H]1[C@@H](C)O)C(=O)N1CCC[C@H]1C(N)=O.CCC[C@@H]1NC1=O.CC[C@H](NC(=O)[C@H](C)N)C(=O)O.N.N.N.N=C(N)N.N=C(N)N.N=C(N)N.N=C(N)N.N=C(N)N.NC(=O)C[C@@H]1NC1=O.NC=O.O=C(O)C[C@@H]1NC(=O)[C@@H]2CCCN2C1=O.O=C[C@@H]1CCCN1.Oc1ccc(-c2c[nH]c3ccccc23)cc1
[C@H]7(CCCCN)C%14=O.[C@H]8(CCCCN)C%23=O.c1%21c[nH]c2ccccc12.[C@H]%12(CCCCN)C%27=O.[C@H]%16(CCCCN)C4=O.[C@H]%17(CCCCN)C5=O.c1%22c[nH]c2ccccc12.CC[C@H](C)[C@H](N)C3=O.[C@H]9(CC(C)C)C%24=O.[C@H]%10(CC(C)C)C%25=O.[C@@H]%13(C%29=O)[C@@H](C)CC.[C@H]%19(CC(C)C)C(N)=O.[C@H]%15(C%20)C%28=O.c1%20ccccc1.[C@H]%11(C%21)C%26=O.[C@H]%18(C%22)C6=O.N37.N%148.N%239.N%24%10.N%25%11.N%26%12.N%27%13.N%28%15.N%29%16.N4%17.N5%18.N6%19	CC[C@H](C)[C@H](N)C(=O)N[C@@H](CCCCN)C(=O)N[C@@H](CCCCN)C(=O)N[C@@H](CC(C)C)C(=O)N[C@@H](CC(C)C)C(=O)N[C@@H](Cc1c[nH]c2ccccc12)C(=O)N[C@@H](CCCCN)C(=O)N[C@H](C(=O)N[C@@H](CCCCN)C(=O)N[C@@H](CCCCN)C(=O)N[C@@H](Cc1c[nH]c2ccccc12)C(=O)N[C@@H](CC(C)C)C(N)=O)[C@@H](C)CC.O=C1N[C@H]1Cc1ccccc1
C8(=O)[C@@H]%35CCCN=C(N)N.C%10(=O)[C@@H]%39CCCN=C(N)N.C%12(=O)[C@@H]%40CCCN=C(N)N.[C@H]%46(CCCN=C(N)N)C%22=O.C%36(=O)[C@@H]%27CCCCN.c1%57c[nH]c2ccccc12.c1%60c[nH]c2ccccc12.[C@H]%48(CCCCN)C(N)=O.CC[C@H](C)[C@H]%24C%19=O.C3(=O)[C@@H]%26CC(C)C.C%13(=O)[C@@H]%41CC(C)C.[C@H]%44(CC(C)C)C%21=O.c1%56ccc(O)cc1.C%58(=O)[C@@H]%29[C@@H](C)O.C4(=O)[C@@H]%30[C@@H](C)O.c1%59ccc(O)cc1.C%11(=O)[C@@H]%40[C@@H](C)O.c1%61ccc(O)cc1.[C@@H]1%49CCCN1%25.C%25(=O)[C@@H]%28C%55.[C@@H]1%50CCCN1%62.C%63(=O)[C@@H]%31C%56.C5(=O)[C@@H]%33C%57.C6(=O)[C@@H]%34C%59.[C@@H]1%51CCCN19.[C@@H]1%52CCCN1%16.C%16(=O)[C@@H]%42CO.C%18(=O)[C@@H]%43C%61.[C@@H]1%53CCCN1%20.[C@@H]1%54CCCN1.c1%55cnc[nH]1.C%14(=O)C%42.C%15(=O)C%43.C%17(=O)CN.C%14%49=O.C%47%50=O.C%60%51=O.C7%52=O.C9%53=O.C%18%54=O.N3%24.N%14%26.N%36%27.N%47%28.N%58%29.N%62%30.N%63%31.N4%32.N5%33.N7%34.N8%35.N%10%37.N%11%38.N%12%39.N%13%40.N%15%41.N%17%42.N%18%43.N%19%44.N%21%45.N%22%46.N%23%48	CC(C)C[C@H](NC(=O)C[C@@H](Cc1ccc(O)cc1)C(=O)C(=O)[C@@H]1CCCN1)C(N)=O.CC[C@H](C)[C@H](NC(=O)[C@@H](N)CC(C)C)C(=O)N[C@@H](CC(C)C)C(N)=O.C[C@@H](O)[C@@H](C(N)=O)[C@@H](CCCN=C(N)N)C(=O)N[C@@H](CCCN=C(N)N)C(N)=O.C[C@@H](O)[C@@H]1NC1=O.C[C@@H](O)[C@H](NN1CCC[C@H]1C(=O)N[C@@H](Cc1cnc[nH]1)C(=O)N1CCC[C@H]1C(=O)C(=O)C[C@@H](CO)C(=O)N1CCC[C@H]1C(=O)N[C@H](C=O)Cc1ccc(O)cc1)C(N)=O.N.NC(N)=NCCC[C@@H]1NC1=O.NC(N)=NCCC[C@@H]1NC1=O.NCC(N)=O.NCCCC[C@@H]1NC1=O.NCCCC[C@H](N)C(N)=O.O=C(c1c[nH]c2ccccc12)[C@@H]1CCCN1C(=O)[C@@H]1CCCN1.O=C1N[C@H]1Cc1c[nH]c2ccccc12.O=C1N[C@H]1Cc1ccc(O)cc1
[C@@H]1%24NC(=O)CNC(=O)[C@H]%25NC(=O)[C@H]%26NC(=O)[C@@H]2CSSC[C@@H]3NC(=O)[C@@H]4CCCN4C(=O)[C@H]%28NC(=O)[C@H]%29NC(=O)[C@H]%30NC(=O)[C@@H]%21CSSC[C@H](NC(=O)[C@H]%31NC(=O)[C@H]%32NC(=O)[C@H]%33NC(=O)[C@H]%34NC(=O)[C@H]%35NC(=O)CNC(=O)CNC(=O)[C@H]%36NC(=O)[C@H](C)NC(=O)[C@H](C)NC(=O)CNC(=O)[C@H]%37NC(=O)CNC1=O)C(=O)N1CCC[C@H]1C(=O)N[C@@H]%40C(=O)N[C@@H]%41C(=O)N[C@@H]%42C(=O)N[C@@H])C(=O)NCC(=O)N[C@@H]%43C(=O)N[C@@H]%44C(=O)N2.[C@H]%15(CCCN=C(N)N)C%52=O.[C@H]%18(CCCN=C(N)N)C9=O.C%50(=O)[C@@H](N)CCC(N)=O.[C@H]%20(CCCCN)C(=O)O.C5(=O)[C@@H]%10CC(N)=O.C%27(=O)[C@@H]%11[C@@H](C)CC.C%25CCN=C(N)N.c1%47ccc(O)cc1.C%31CCN=C(N)N.C%32CCN=C(N)N.C%34CCN=C(N)N.C%37CCN=C(N)N.C%39CCN=C(N)N.c1%49ccc(O)cc1.c1%46ccccc1.C%22CC(N)=O.c1%48ccccc1.C%28CCCN.C%30CCCN.c1%45cnc[nH]1.C%36CC(N)=O.C%41CC(=O)O.CC[C@@H]%24C.C%44(=O)C%14.[C@H]%28(C)CC.C%34C(N)=O.[C@H]%40(C)CC.[C@H]%41(C)CC.[C@H]%29(C)O.C%43(C)C.C%43(C)C.C6%23=O.[C@H]%44(C)O.N59.N%16%10.N%27%10.N%38%11.N%49%12.N%50%13.N%51%14.N%52%15.N%53%17.N7%18.N8%19.N9%20.C%42%21	INVALID
C%13(=O)[C@@H]%34CCCCN.C3(=O)[C@@H]%42CCC(=O)O.C4(=O)[C@@H]%44CCC(=O)O.[C@H]%58(CCC(=O)O)C%21=O.[C@H]%56(CCC(N)=O)C%22=O.[C@H]%65(CCCCN)C%29=O.CC[C@H](C)[C@H]%30C%14=O.C%35(=O)[C@@H]%33[C@@H](C)CC.C%46(=O)[C@@H]%39CC(=O)O.C5(=O)[C@@H]%45CC(N)=O.C7(=O)[C@@H]%48CC(N)=O.C9(=O)[C@@H]%50CC(N)=O.C%10(=O)[C@@H]%51CC(=O)O.[C@H]%54(CC(N)=O)C%16=O.[C@H]%58(CCC%59)C%19=O.[C@@H]%60(C%20=O)[C@@H](C)CC.[C@H]%62(CCC%63)C%23=O.[C@H]%63(CC(N)=O)C%25=O.[C@H]%64(CC(N)=O)C%27=O.[C@H]%66(CC(C)C)C%28=O.C%24(=O)[C@@H]%37CC%67.[C@@H]%53(C%17=O)C(C)C.[C@@H]%55(C%17=O)[C@@H](C)O.c1%75ccc(O)cc1.C2(=O)[C@@H]%32CO.C8(=O)[C@@H]%49CO.C7(=O)[C@@H]%50C%73.c1%73ccccc1.[C@H]%55(C%74)C%18=O.c1%74ccccc1.N1%15CCC[C@H]1%69.N1%25CCC[C@H]1%70.[C@H]%65(C%75)C%27=O.N1%27CCC[C@H]1%71.c1%72cnc[nH]1.N%33C(=N)N.C3(=O)C%43.C6(=O)C%47.C9(=O)C%49.N%53C(=N)N.N%59C(=N)N.N%67C(=N)N.C%26%69=O.C%21%70=O.C%28%71=O.N2%30.N%13%31.N%24%32.N%35%34.N%46%36.N%57%37.N%68%39.N%76%40.N%77%41.N3%42.N4%43.N5%44.N6%45.N7%47.N8%48.N%10%49.N%11%50.N%12%51.N%14%52.N%15%54.N%16%55.N%17%56.N%18%58.N%19%60.N%21%61.N%21%62.N%23%63.N%26%64.N%27%65.N%28%65.N%29%66	CC(C)C[C@H](NC(=O)[C@H](CCCCN)[C@@H](Cc1ccc(O)cc1)C(=O)C(=O)[C@H](CC(N)=O)NC(=O)[C@@H]1CCCN1N[C@@H](CC(N)=O)C(N)=O)C(=O)C(=O)[C@@H]1CCCN1NN.CC(C)[C@H](NC(=N)N)C(=O)C(=O)[C@H]([C@@H](C)O)[C@@H](Cc1ccccc1)C(N)=O.CC[C@H](C)[C@@H](C=O)NC(=O)[C@H](CCCNC(=N)N)[C@@H](CCC(=O)O)C(=O)C(=O)[C@@H]1CCCN1C(=O)[C@@H](CCC[C@H](NN)C(N)=O)CC(N)=O.CC[C@H](C)[C@H](NC(=N)N)C(=O)N[C@@H](CCCCN)C(N)=O.CC[C@H](C)[C@H](NC(=O)[C@H](CO)NC(=O)[C@@H](N)CCNC(=N)N)C(N)=O.N.N.N.NC(=O)CC[C@H](N)C=O.NC(=O)C[C@@H]1NC(=O)[C@H](CO)CC(=O)C(=O)[C@H](CC(N)=O)[C@@H](Cc2ccccc2)C(=O)C1=O.NC(=O)[C@@H](N)CC(=O)O.NC(=O)[C@@H](N)CC(=O)O.NCC(=O)N[C@@H](CC(N)=O)C(=O)N[C@@H](CCC(=O)O)C(=O)NCC(=O)C(=O)[C@@H](N)CCC(=O)O.c1c[nH]cn1
C%16(=O)[C@@H]8CCCN=C(N)N.C%14(=O)[C@@H]6CCCCN.C%18(=O)[C@@H](CCCCN.CC(C)C[C@H]3C(N)=O.C2(=O)[C@@H]4CC(C)C.C%18(=O)[C@@H]%10CC(C)C.C%19(=O)[C@@H]%11CC(C)C.C%15(=O)[C@@H]7[C@@H](C)O.C%14(=O)[C@@H]7C%12.C%17(=O)[C@@H]9C.c1%12cnc[nH]1.N23.N%134.N%145.N%156.N%167.N%178.N%189.N%19%10.N%20%11	INVALID
C%13(=O)[C@@H]8CCCN=C(N)N.C%25(=O)[C@@H]%12CCCN=C(N)N.[C@H]%14(CCCN=C(N)N)C3=O.C%25(=O)[C@@H]%11CCCCN.CC(C)C[C@H]6C%27=O.C%23(=O)[C@@H]%10CC(C)C.c1%20ccc(O)cc1.[C@@H]%15(C5=O)C(C)C.C2(=O)[C@@H]7CS.C%22(=O)[C@@H]9C%19.c1%19ccccc1.[C@@H]1%17CCCN1%25.C%26(=O)[C@@H](N)C%18.[C@H]%15(C%20)C4=O.[C@H]%16(C%21)C(N)=O.c1%21ccccc1.C%24%17=O.N26.N%137.N%228.N%239.N%24%10.N%26%11.N%27%12.N%28%14.N4%15.N5%16	CC(C)C[C@H](NC(=O)[C@@H]1CCCN1)C(=O)N[C@@H](Cc1ccccc1)C(=O)N[C@@H](CCCN=C(N)N)C(=O)N[C@@H](CS)C(=O)N[C@@H](CC(C)C)C(=O)N[C@@H](CCCN=C(N)N)C(=O)C(=O)[C@H](CCCCN)NC(=O)[C@H](C)N.CC(C)[C@@H](C(=O)N[C@@H](Cc1ccccc1)C(N)=O)[C@@H](Cc1ccc(O)cc1)C(N)=O.NC(N)=NCCC[C@H](N)C=O
C%14(=O)[C@@H]%17CCCCN.C%25(=O)[C@@H]%18CCCCN.c1%34c[nH]c2ccccc12.C%37(=O)[C@@H]%20CCCCN.[C@H]%21(CCCCN)C%40=O.[C@H]%23(CCCCN)C6=O.[C@H]%30(CCCCN)C%10=O.CC[C@H](C)[C@H]%13C%39=O.[C@H]%23(CC(C)C)C4=O.[C@H]%22(CC(C)C)C5=O.[C@H]%27(CC(C)C)C9=O.[C@H]%32(CC(C)C)C(N)=O.[C@@H]%32(C%12=O)C(C)C.C3(=O)[C@@H]%16C%33.c1%33ccccc1.C%36(=O)[C@@H]%19C%34.[C@H]%24(CO)C5=O.[C@H]%26(CO)C7=O.C%38(=O)[C@H](C)N.[C@H]%29(C)C%11=O.[C@H]%31(C)C%12=O.C3(C)=O.N3%15.N%14%16.N%25%17.N%36%18.N%37%19.N%38%20.N%39%21.N%40%22.N4%23.N5%24.N6%26.N7%27.N8%28.N9%29.N%10%30.N%11%31.N%12%32	CC(=O)C(=O)[C@H](Cc1ccccc1)NC(=O)[C@H](CCCCN)NC(=O)[C@H](CCCCN)NC(=O)[C@H](Cc1c[nH]c2ccccc12)NC(=O)[C@H](CCCCN)NC(=O)[C@H](C)N.CC(C)C[C@H](NC(=O)[C@H](CO)NC(=O)[C@H](CCCCN)[C@@H](CC(C)C)C(N)=O)C(=O)N[C@@H](C)C(=O)N[C@@H](C)C(=O)C(=O)[C@H](C(C)C)[C@@H](CC(C)C)C(N)=O.CC[C@H](C)CC(=O)N[C@@H](CCCCN)C(=O)N[C@@H](CC(C)C)C(=O)C(=O)[C@@H](N)CO.N.N.N.NCCCC[C@@H]1NC1=O
C2(=O)[C@@H]%15CCCN=C(N)N.C%13(=O)[C@@H]%16CCCN=C(N)N.C%38(=O)[C@@H]%19CCCN=C(N)N.C%39(=O)[C@@H]%20CCCN=C(N)N.C6(=O)[C@@H]%22CCCN=C(N)N.C8(=O)[C@@H]%25CCCN=C(N)N.[C@H]%28(CCCN=C(N)N)C(N)=O.C%40(=O)[C@@H]%19CCCCN.[C@H]%25(CCCCN)C%12=O.CC[C@H](C)[C@H]%14C9=O.C7(=O)[C@@H]%23CC(N)=O.C%37(=O)[C@@H]%15C(C)C.[C@@H]1%29CCCN1%35.C%35(=O)[C@@H]%17C%34.C%39(=O)[C@@H]%18CO.[C@@H]1%30CCCN13.C3(=O)[C@@H]%21C%36.c1%36ccccc1.[C@@H]1%32CCCN15.[C@@H]1%33CCCN16.[C@H]%26(CO)C%11=O.c1%34cnc[nH]1.C%24%29=O.C%38%30=O.C%41%31=O.C4%32=O.C5%33=O.N2%14.N%13%15.N%24%16.N%37%17.N%38%18.N%40%19.N3%20.N4%21.N7%22.N8%23.N9%25.N%10%26.N%11%27.N%12%28	C=O.CC[C@H](C)[C@H](NC(=O)[C@H](CCCN=C(N)N)[C@H](C(=O)N[C@@H](Cc1cnc[nH]1)C(=O)N1CCC[C@H]1C(=O)N[C@@H](CCCN=C(N)N)C(N)=O)C(C)C)C(N)=O.NC(=O)[C@@H](N)CO.NC(N)=NCCC[C@H](N)C(=O)C(=O)[C@@H](N)CO.NCCCC[C@@H](C(N)=O)[C@@H](CCCN=C(N)N)C(=O)C(=O)[C@@H]1CCCN1C(=O)[C@H](Cc1ccccc1)NC(=O)[C@@H]1CCCN1C(=O)[C@@H]1CCCN1C(=O)[C@H](CCCN=C(N)N)NC(=O)[C@H](CC(N)=O)NC(=O)[C@H](CCCN=C(N)N)[C@@H](CCCCN)C(=O)N[C@@H](CCCN=C(N)N)C(N)=O
C8(=O)[C@@H]%41CCCN=C(N)N.C%14(=O)[C@@H]%28CCCCN.C4(=O)[C@@H]%37CCC(=O)O.C5(=O)[C@@H]%39CCCCN.C%11(=O)[C@@H]%43CCCCN.C%18(=O)[C@@H]%48CCCCN.c1%62c[nH]c2ccccc12.CC[C@H](C)[C@H]%26C%21=O.C%36(=O)[C@@H]%29[C@@H](C)CC.C%47(=O)[C@@H]%30CC(=O)O.C%60(=O)[C@@H]%32[C@@H](C)CC.C7(=O)[C@@H]%40[C@@H](C)CC.C9(=O)[C@@H]%43CCC%44.C%12(=O)[C@@H]%45[C@@H](C)CC.C%15(=O)[C@@H]%48CCC%49.C%16(=O)[C@@H]%50CCC%51.C%20(=O)[C@@H](N)CC(C)C.[C@H]%54(CCC%53)C%23=O.[C@H]%56(CCC%57)C(=O)O.C%19(=O)[C@@H]%52CCC%53.C%61(=O)[C@@H]%33[C@@H](C)O.c1%62ccc(O)cc1.C6(=O)[C@@H]%38C%61.c1%61ccccc1.[C@@H]1%59CCCN19.[C@@H]1%60CCCN1%16.[C@H]%55(C%62)C%22=O.C3(=O)[C@@H]%27C.C%58(=O)[C@@H]%31C.C%13(=O)[C@@H]%46C.N%27C(=N)N.C%66(=O)C%35.N%49C(=N)N.N%49C(=N)N.N%51C(=N)N.N%53C(=N)N.N%57C(=N)N.C5%59=O.N3%26.N%14%27.N%25%28.N%36%29.N%47%30.N%58%31.N%63%32.N%64%33.N%65%34.N4%35.N5%37.N6%38.N7%39.N8%40.N%10%41.N%11%42.N%12%43.N%13%44.N%15%45.N%17%46.N%18%48.N%19%50.N%20%52.N%21%54.N%22%55.N%23%56.N%24%56	CC[C@H](C)[C@@H]1NC1=O.CC[C@H](C)[C@H](N)C(=O)[C@@H]1CCCN1C(=O)[C@H](CCCNC(=N)N)NC(=O)[C@H](CCCCCC[C@H](NC(=O)[C@@H](NC(=O)[C@H](C)NC(=N)N)[C@@H](C)CC)C(=O)N[C@@H](CCCNC(=N)N)C(=O)O)NC(=O)[C@@H](N)CC(C)C.CC[C@H](C)[C@H](NC(=O)[C@@H](N)CCCN=C(N)N)C(=O)N[C@@H](CCCCN)C(=O)C(=O)[C@@H]1CCCN1C(=O)[C@H](CCCNC(=O)[C@H](C)N)[C@@H](CCCCN)C(N)=O.CC[C@H](C)[C@H](NC(=O)[C@H](CCCNC(=N)N)[C@@H](CCCCN)C(N)=O)C(N)=O.C[C@@H](O)[C@H](N)C(=O)C[C@@H]1NC1=O.C[C@@H]1NC1=O.C[C@@H]1NC1=O.N.N.N=C(N)N.N=C(N)N.NCCCC[C@H](N)C(N)=O.N[C@@H](CCC(=O)O)C(=O)NCC=O.O=C(O)C[C@@H]1NC1=O.Oc1ccc(-c2c[nH]c3ccccc23)cc1.c1ccccc1
C7(=O)[C@@H]%28CCCN=C(N)N.CC(C)C[C@H]%14C(N)=O.C%13(=O)[C@@H]%15CCC%16.C%24(=O)[C@@H]%17CC(C)C.C%35(=O)[C@@H]%18CC(C)C.C%41(=O)[C@@H]%19CCC%20.C%42(=O)[C@@H]%21CC(C)C.C%43(=O)[C@@H]%22CC(C)C.C3(=O)[C@@H]%23CCC%25.C4(=O)[C@@H]%26CC(C)C.C5(=O)[C@@H]%27CC(C)C.C8(=O)[C@@H]%30CCCN.C9(=O)[C@@H]%31CC(C)C.C%11(=O)[C@@H]%32CC(C)C.C%12(=O)[C@@H](N)C(C)C.[C@@H]1%33CCCN1%13.[C@@H]1%34CCCN1%41.[C@@H]1%36CCCN13.[C@@H]1%37CCCN13.[C@@H]1%38CCCN17.[C@@H]1%39CCCN18.[C@@H]1%39CCCN1%11.N%20C(=N)N.N%25C(=N)N.N%33C(=N)N.C2%34=O.C%40%36=O.C%44%37=O.C6%38=O.C%10%39=O.N2%14.N%24%15.N%35%17.N%40%18.N%42%19.N%43%21.N%44%22.N4%23.N5%26.N6%27.N8%28.N9%30.N%10%31.N%12%32	CC(C)C[C@H](NC(=O)[C@@H]1CCCN1C(=O)[C@H](CCCNC(=N)N)NC(=O)[C@H](CC(C)C)NC(=O)[C@H](CC(C)C)NC(=O)[C@@H]1CCCN1)C(N)=O.CC(C)C[C@H](NC=O)C(=O)N[C@@H](CCCN)C(=O)N1CCC[C@H]1[C@@H]1CCCN1C(=O)[C@H](CC(C)C)NC(=O)[C@@H](N)C(C)C.CCC[C@H](NC(=O)[C@H](CC(C)C)NC(=O)[C@H](CC(C)C)NC(=O)[C@@H]1CCCN1C(=O)[C@H](CCCNC(=N)N)NC(=O)[C@H](CC(C)C)NC(=O)[C@H](CC(C)C)NC(=O)[C@@H]1CCCN1C(=O)[C@@H](N)CCCN=C(N)N)C(=O)N1CCC[C@H]1NC(=N)N
C%13(=O)[C@@H]%15CCCCN.C%35(=O)[C@@H]%18CCC(N)=O.C%39(=O)[C@@H](N)CCCCN.[C@H]%20(CCCCN)C%41=O.[C@H]%25(CCCCN)C6=O.[C@H]%28(CCCCN)C9=O.[C@H]%29(CCCCN)C%10=O.[C@H]%31(CCC(N)=O)C(N)=O.CC[C@H](C)[C@H]%12C%40=O.[C@H]%23(CC(C)C)C5=O.[C@H]%26(CC(N)=O)C7=O.[C@@H]%27(C8=O)[C@@H](C)CC.c1%32ccc(O)cc1.c1%34ccc(O)cc1.C%24(=O)[C@@H]%16CO.C%37(=O)[C@@H]%17C%32.[C@H]%22(C%33)C4=O.c1%33ccccc1.[C@H]%26(C%34)C7=O.[C@H]%30(C%36)C%11=O.c1%36ccccc1.[C@H]%21(C)C3=O.C2(=O)C%14.N2%12.N%13%14.N%24%15.N%35%16.N%37%17.N%38%18.N%39%19.N%40%20.N%41%21.N3%22.N4%23.N5%25.N6%26.N7%27.N8%28.N9%29.N%10%30.N%11%31	CC[C@H](C)[C@H](N)C(=O)N[C@@H](CCCCN)C(=O)N[C@@H](CCCCN)C(=O)N[C@@H](Cc1ccccc1)C(=O)N[C@@H](CCC(N)=O)C(N)=O.CC[C@H](C)[C@H](NC(=O)CNC(=O)[C@H](CCCCN)NC(=O)[C@H](CO)NC(=O)[C@@H](N)CCC(N)=O)C(=O)N[C@@H](CCCCN)C(=O)N[C@@H](C)C(=O)N[C@@H](Cc1ccccc1)C(=O)N[C@@H](CC(C)C)C(=O)N[C@@H](CCCCN)C(N)=O.NC(=O)C[C@H]1C(=O)C(=O)[C@@H]1Cc1ccc(O)cc1.NCCCC[C@H](N)C(N)=O.O=C1N[C@H]1Cc1ccc(O)cc1
CCC(C)CCCCC3=O.c1%22c[nH]c2ccccc12.[C@H]%18(CCC(=O)O)C5=O.[C@H]%20(C7=O)[C@@H](C)CC.[C@H]8(C%14=O)C(C)C.[C@@H]9(CCN)C%24=O.[C@H]%15(CCN)C%29=O.[C@@H]%16(CCN)C%30=O.[C@@H]%19(C6=O)C(C)C.[C@@H]%11(CO)C%26=O.[C@@H]%12(C%22)C%27=O.[C@H]%13(CO)C%28=O.[C@H]%17(C%23)C4=O.c1%23ccccc1.[C@H]%21(C)C(=O)O.C%10C%25=O.N38.N%149.N%24%10.N%25%11.N%26%12.N%27%13.N%28%15.N%29%16.N%30%17.N4%18.N5%19.N6%20.N7%21	CCC(C)CCCCC(=O)N[C@@H](C(=O)N[C@H](CCN)C(=O)NCC(=O)N[C@H](CO)C(=O)N[C@H](Cc1c[nH]c2ccccc12)C(=O)N[C@@H](CO)C(=O)N[C@@H](CCN)C(=O)N[C@H](CCN)C(=O)N[C@@H](Cc1ccccc1)C(=O)N[C@@H](CCC(=O)O)C(=O)N[C@H](C(=O)N[C@@H](C(=O)N[C@@H](C)C(=O)O)[C@@H](C)CC)C(C)C)C(C)C
C%30(=O)[C@@H]%12CCCN=C(N)N.[C@H]%18(CCCN=C(N)N)C5=O.[C@H]%16(CCC(N)=O)C3=O.CC[C@H](C)[C@H]%10C%34=O.C%31(=O)[C@@H]%15CC(N)=O.C%32(=O)[C@@H]%16CC(N)=O.[C@H]%19(CC(C)C)C(N)=O.c1%29ccc(O)cc1.C2(=O)[C@@H]%11C%29.[C@@H]1%20CCCN1%30.C%31(=O)[C@@H]%14CO.N1%33CCC[C@H]1%22.N1%35CCC[C@H]1%23.N14CCC[C@H]1%25.N15CCC[C@H]1%26.[C@H]%17(C%28)C7=O.N17CCC[C@H]1%27.c1%28cnc[nH]1.C%33(=O)CN.C%24%20=O.C%34%21=O.C%35%22=O.C3%23=O.C6%25=O.C6%26=O.C8%27=O.N2%10.N%13%11.N%24%12.N%31%14.N%32%15.N3%16.N6%17.N8%18.N9%19	CC(C)C[C@H](N)C(N)=O.CC[C@H](C)[C@H](NC(=O)[C@@H](N)Cc1ccc(O)cc1)C(=O)C=O.N.NC(N)=NCCC[C@@H]1NC(=O)[C@@H]2CCCN2C1=O.NC(N)=NCCC[C@H](NC(=O)[C@@H]1CCCN1C(=O)[C@@H](N)Cc1cnc[nH]1)C(=O)N1CCC[C@H]1C(=O)C(=O)[C@@H]1CCCN1.NCC(=O)N1CCC[C@H]1C(=O)N1CCC[C@H]1C(=O)C(=O)[C@H](CCC(N)=O)[C@@H](CC(N)=O)C(=O)N[C@@H](CC(N)=O)C(=O)C(=O)[C@@H](N)CO
[C@H]%16(CCCN=C(N)N)C%35=O.[C@H]%18(CCCN=C(N)N)C%41=O.[C@H]%19(CCCN=C(N)N)C3=O.[C@H]%25(CCCN=C(N)N)C5=O.[C@H]%27(CCCN=C(N)N)C%10=O.[C@H]%23(CCC(N)=O)C4=O.[C@H]%28(CCCCN)C%14=O.[C@H]%28(CCCCN)C%14=O.CC[C@H](C)[C@H](N)C2=O.[C@H]%15(CC(=O)O)C%24=O.[C@H]%22(CC(=O)O)C3=O.[C@H]%29(CC(C)C)C(=O)O.[C@@H]%26(C%12=O)C(C)C.N1%13CCC[C@H]1%30.[C@H]%21(C%38)C%42=O.N1%44CCC[C@H]1%31.N14CCC[C@H]1%32.[C@H]%25(CO)C8=O.N17CCC[C@H]1%33.N1%10CCC[C@H]1%34.[C@H]%29(C%37)C%12=O.N1%12CCC[C@H]1%36.c1%37cnc[nH]1.C%20C%39=O.C%39%31=O.C4%32=O.C7%33=O.C9%34=O.C%11%36=O.N2%15.N%24%16.N%35%17.N%39%18.N%40%19.N%42%20.N%43%21.N3%22.N5%23.N6%25.N8%26.N9%27.N%12%28.N%14%29	C1CCNC1.CC(C)C[C@@H](C(=O)O)[C@@H](Cc1cnc[nH]1)C(=O)C(=O)[C@@H](NC(=O)[C@H](CO)[C@@H](CCCN=C(N)N)C(=O)N[C@@H](CCC(N)=O)C(=O)N1CCC[C@H]1C=O)C(C)C.CC[C@H](C)[C@H](N)C(=O)N[C@@H](CC(=O)O)C(=O)N[C@@H](CCCN=C(N)N)C(N)=O.C[C@H](N)C(=O)NCC(=O)C(=O)[C@@H]1CCCN1.N.N.NC(N)=NCCC[C@@H]1NC(=O)[C@@H]2CCCN2C1=O.NC(N)=NCCC[C@H](N)C(=O)C(=O)[C@@H](N)CC(=O)O.NC(N)=NCCC[C@H](N)C=O.NCCCC[C@H]1C(=O)C(=O)[C@@H]1CCCCN.NN1CCC[C@H]1C=O.O=C1[C@@H]2CCCN12
C%35(=O)[C@@H]%15CCCN=C(N)N.[C@H]%21(CCCN=C(N)N)C6=O.[C@H]%23(CCCN=C(N)N)C%11=O.C%37(=O)[C@@H]%17CCCCN.C%40(=O)[C@@H]%19CCCCN.[C@H]%20(CCCCN)C4=O.CC[C@H](C)[C@H]%12C%39=O.[C@H]%21(CC(C)C)C5=O.c1%36ccc(O)cc1.C2(=O)[C@@H]%14C%33.[C@@H]1%26CCCN1%35.C%37(=O)[C@@H]%16C%34.c1%34ccccc1.C%38(=O)[C@@H](N)CO.N13CCC[C@H]1%27.N14CCC[C@H]1%28.N16CCC[C@H]1%29.N17CCC[C@H]1%30.[C@H]%22(C%32)C9=O.N19CCC[C@H]1%31.c1%32cnc[nH]1.C%36(=O)CN.C%24%26=O.C%39%27=O.C6%28=O.C7%29=O.C8%30=O.C%10%31=O.N2%12.N%13%14.N%24%15.N%36%16.N%37%17.N%38%18.N%39%19.N3%20.N5%21.N8%22.N%10%23.N%11%25	CC(C)C[C@@H](C(N)=O)[C@@H](CCCN=C(N)N)C(=O)N1CCC[C@H]1C(=O)N1CCC[C@H]1C(=O)N[C@@H](Cc1cnc[nH]1)C(=O)N1CCC[C@H]1C(=O)N[C@@H](CCCN=C(N)N)C(N)=O.CC[C@H](C)[C@H](NC(=O)[C@H](C)N)C(=O)C(=O)[C@@H]1CCCN1N[C@@H](CCCCN)C(=O)N1CCC[C@H]1C=O.NC(=O)[C@@H](N)CO.NC(N)=NCCC[C@@H]1NC(=O)[C@@H]2CCCN2C1=O.NCC(=O)c1ccc(O)cc1.NCCCC[C@H](N)C(=O)C(=O)[C@@H](N)Cc1ccccc1.NCCCC[C@H](N)C=O
C%14(=O)[C@@H]5CCCN=C(N)N.[C@H]8(CCCN=C(N)N)C%19=O.[C@H]%10(CCCN=C(N)N)C(N)=O.c1%11c[nH]c2ccccc12.c1%13c[nH]c2ccccc12.[C@H]9(CCCCN)C%20=O.CC[C@H](C)[C@H]%21C%18=O.C3(=O)[C@@H]4C(C)C.C%15(=O)[C@@H]6C%11.C%16(=O)[C@@H]7C%12.c1%12ccccc1.C%17(=O)[C@@H]7C%13.N3%21.N%144.N%155.N%166.N%177.N%188.N%199.N%20%10	CC[C@H](C)[C@H](NC(=O)[C@@H](NC(=O)[C@H](CCCN=C(N)N)NC(=O)[C@H](Cc1c[nH]c2ccccc12)NC(=O)[C@H](Cc1ccccc1)[C@@H](Cc1c[nH]c2ccccc12)C(N)=O)C(C)C)C(=O)N[C@@H](CCCN=C(N)N)C(=O)N[C@@H](CCCCN)C(=O)N[C@@H](CCCN=C(N)N)C(N)=O
[C@@H]13NC(=O)[C@@H]4NC(=O)[C@H]5NC(=O)[C@@H]6NC(=O)[C@H]7NC(=O)[C@@H]8NC1=O.c19ccccc1.c1%10ccccc1.C6CCN.CC3C.C4CN.[C@H]5(C)O.C79.C8%10	CC(C)[C@@H]1NC(=O)[C@@H](CCN)NC(=O)[C@H]([C@@H](C)O)NC(=O)[C@@H](CCCN)NC(=O)[C@H](Cc2ccccc2)NC(=O)[C@@H](Cc2ccccc2)NC1=O
C%16(=O)[C@@H](N)CCCN=C(N)N.[C@H]9(CCCN=C(N)N)C%19=O.[C@H]%12(CCCN=C(N)N)C(N)=O.C3(=O)[C@@H]5CCCCN.C%14(=O)[C@@H]6CCCCN.c1%13c[nH]c2ccccc12.CC[C@H](C)[C@H]4C%17=O.C%15(=O)[C@@H]7C(C)C.[C@@H]8(C%18=O)C(C)C.[C@@H]%10(C%20=O)C(C)C.[C@H]%11(C%13)C%21=O.N34.N%145.N%156.N%167.N%178.N%189.N%19%10.N%20%11.N%21%12	CC[C@H](C)[C@H](NC(=O)[C@H](CCCCN)NC(=O)[C@H](CCCCN)NC(=O)[C@@H](NC(=O)[C@@H](N)CCCN=C(N)N)C(C)C)C(=O)N[C@H](C(=O)N[C@@H](CCCN=C(N)N)C(=O)N[C@H](C(=O)N[C@@H](Cc1c[nH]c2ccccc12)C(=O)N[C@@H](CCCN=C(N)N)C(N)=O)C(C)C)C(C)C
C%10(=O)[C@@H](N)CCCN=C(N)N.C8(=O)[C@@H]3CCCCN.[C@H]5(CCCCN)C%13=O.CC(C)C[C@H]%15C%12=O.C2(=O)[C@@H]%16CC(N)=O.[C@@H]17CCCN1%12.[C@H]6(CO)C(=O)O.[C@H]9(C)C(=O)O.C%117=O.N2%15.N9%16.N%103.N%114.N%125.N%146	CC(C)C[C@H](NC(=O)[C@H](CC(N)=O)N[C@@H](C)C(=O)O)C(=O)N1CCC[C@H]1C(N)=O.NCCCC[C@@H](C=O)NC(=O)[C@@H](N)CCCN=C(N)N.NCCCC[C@H](N)C=O.N[C@@H](CO)C(=O)O
[C@H]1%19CSSC[C@@H]%22NC(=O)[C@H]%23NC(=O)[C@H]%25NC(=O)[C@H](C)NC(=O)[C@H]%26NC(=O)[C@H]%27NC(=O)[C@H]%28NC1=O.[C@H]%16(CCCN=C(N)N)C6=O.C%31(=O)[C@@H]%10CCCCN.C%32(=O)[C@@H]%11CCCCN.[C@H]%15(CCC(N)=O)C5=O.CC[C@H](C)[C@H]7C%35=O.C2(=O)[C@@H]8[C@@H](C)CC.C%24(=O)[C@@H]9C(C)C.c1%29ccc(O)cc1.[C@H]%17(CC%18)C(=O)O.C%26CCN=C(N)N.C%27CCN=C(N)N.[C@@H]1%20CCCN1%24.[C@@H]1%21CCCN1%31.C%33(=O)[C@@H]%12CO.[C@H]%14(C%29)C3=O.C%23CCCN.C%34(=O)CN.C%28C(N)=O.C%13%20=O.C%30%21=O.C4%22=O.[C@H]%25(C)O.N27.N%138.N%309.N%32%10.N%33%11.N%34%12.N%35%14.N3%19.N4%15.N5%16.N6%17.S%18C	CC[C@H](C)[C@H](NC(=O)[C@@H](NC(=O)[C@@H]1CCCN1C(=O)[C@@H](NC(=O)[C@@H]1CCCN1C(=O)[C@H](CCCCN)NC(=O)[C@H](CCCCN)NC(=O)[C@H](CO)NC(=O)CN)C(C)C)[C@@H](C)CC)C(=O)N[C@@H](Cc1ccc(O)cc1)C(=O)N[C@H]1CSSC[C@@H](C(=O)N[C@@H](CCC(N)=O)C(=O)N[C@@H](CCCN=C(N)N)C(=O)N[C@@H](CCSC)C(=O)O)NC(=O)[C@H](CCCCN)NC(=O)[C@H]([C@@H](C)O)NC(=O)[C@H](C)NC(=O)[C@H](CCCN=C(N)N)NC(=O)[C@H](CCCN=C(N)N)NC(=O)[C@H](CC(N)=O)NC1=O
C%13(=O)[C@@H](CCCCCCCCCN.[C@H]%18(CCCCN)C%35=O.[C@H]%26(CCCCN)C%47=O.[C@H]%27(CCCCN)C5=O.[C@H]%29(CCCCN)C7=O.[C@H]%32(CCCCN)C%11=O.[C@H]%34(CCC(=O)O)C%12=O.[C@H]%37(CCCCN)C%15=O.[C@H]%38(CCCCN)C(=O)O.CC[C@H](C)[C@H]%16C%24=O.[C@H]%23(CC(C)C)C%45=O.[C@H]%28(CC(C)C)C6=O.[C@H]%31(CC(C)C)C9=O.[C@H]%33(CC(C)C)C%11=O.C2(=O)[C@@H]%18C(C)C.[C@@H]%31(C%10=O)C(C)C.[C@H]%19(C%40)C%35=O.c1%40ccccc1.[C@H]%21(CO)C%42=O.N13CCC[C@H]1%39.[C@H]%36(CO)C%14=O.C2(=O)[C@@H]%17C.[C@H]%20(C)C%44=O.C%22C%46=O.C4%39=O.N2%16.N%13%17.N%24%18.N%35%19.N%41%20.N%42%21.N%43%22.N%44%23.N%45%25.N3%26.N4%27.N5%28.N6%29.N7%30.N8%31.N9%32.N%10%33.N%11%34.N%12%36.N%14%37.N%15%38	INVALID
C%14(=O)[C@@H]%24CCCCN.C%25(=O)[C@@H]%26CCCCN.c1%52c[nH]c2ccccc12.C%47(=O)[C@@H](N)CCCCN.[C@H]%28(CCCCN)C%55=O.[C@H]%37(CCCCN)C8=O.[C@H]%38(CCCCN)C9=O.[C@H]%44(CCCCN)C%17=O.[C@H]%49(CCCCN)C%21=O.[C@H]%50(CCCCN)C(=O)O.CC[C@H](C)[C@H]%22C%53=O.[C@H]%31(CC(C)C)C%56=O.[C@H]%32(CC(C)C)C5=O.[C@H]%46(CC(C)C)C%19=O.[C@@H]%48(C%20=O)[C@@H](C)CC.[C@@H]%33(C4=O)C(C)C.[C@@H]%40(C%11=O)C(C)C.[C@@H]%42(C%15=O)C(C)C.C%36(=O)[C@@H]%27C%52.[C@H]%39(C%53)C%10=O.c1%53ccccc1.N1%15CCC[C@H]1%51.[C@H]%34(C)C6=O.[C@H]%35(C)C7=O.[C@H]%40(C)C%12=O.[C@H]%44(C)C%18=O.[C@H]%50(C)C(N)=O.C3(=O)C%23.C%32C4=O.C%41C%13=O.C%16%51=O.N3%23.N%14%24.N%25%26.N%36%27.N%47%28.N%54%29.N%55%30.N%56%31.N%57%32.N4%33.N5%34.N6%35.N7%37.N8%38.N9%39.N%10%40.N%11%41.N%12%42.N%13%43.N%16%44.N%17%45.N%18%46.N%19%48.N%20%49.N%21%50	CC(C)C[C@@H]1NC1=O.CC(C)[C@H](NC(=O)[C@H](C)[C@H](C(=O)NCC(N)=O)C(C)C)C(=O)N1CCC[C@H]1C(N)=O.CC[C@H](C)CC(=O)C[C@H](NC(=O)[C@H](CCCCN)NC(=O)[C@H](CCCCN)NC(=O)[C@H](C)NC(=O)[C@H](C)NC(=O)[C@@H](CC(=O)C(=O)[C@@H](N)C(C)C)CC(C)C)C(N)=O.CC[C@H](C)[C@H](NC(=O)[C@H](CC(C)C)NC(=O)[C@H](C)[C@@H](CCCCN)C(N)=O)C(=O)N[C@@H](CCCCN)C(N)=O.C[C@@H](C(N)=O)[C@@H](CCCCN)C(=O)O.N.N.NCCCC[C@@H]1NC1=O.NCCCC[C@@H]1NC1=O.NCCCC[C@H](NC(=O)[C@@H](N)CCCCN)C(N)=O.O=C1CN1.O=C1N[C@H]1Cc1c[nH]c2ccccc12.c1ccccc1
[C@H]%30(CCCN=C(N)N)C9=O.[C@H]%15(CCCCN)C%35=O.[C@H]%18(CCCCN)C%42=O.[C@H]%21(CCCCN)C%45=O.[C@H]%22(CCCCN)C3=O.[C@H]%25(CCCCN)C4=O.[C@H]%28(CCCCN)C7=O.[C@H]%32(CCCCN)C%11=O.[C@H]%33(CCCCN)C%12=O.[C@H]%34(CCCCN)C%14=O.CC[C@H](C)[C@H](N)C2=O.[C@H]%19(CC(C)C)C%43=O.[C@H]%23(CC(C)C)C%44=O.[C@@H]%31(C%10=O)[C@@H](C)CC.[C@H]%16(C%39)C%24=O.c1%39ccccc1.[C@H]%17(C%38)C%41=O.[C@H]%20(C%40)C%42=O.c1%40ccccc1.[C@H]%26(CO)C5=O.[C@H]%29(CO)C8=O.[C@H]%36(CO)C(=O)O.c1%37cnc[nH]1.c1%38cnc[nH]1.C%21C%43=O.N2%15.N%13%16.N%24%17.N%35%18.N%41%19.N%42%20.N%43%21.N%44%22.N%45%23.N3%25.N4%26.N5%27.N6%28.N7%29.N8%30.N9%31.N%10%32.N%11%33.N%12%34.N%14%36	CC(C)C[C@H](NC(=O)[C@H](CCCCN)CC(=O)C(=O)[C@H](CC(C)C)NC(=O)[C@H](Cc1cnc[nH]1)NC(=O)[C@@H](N)Cc1ccccc1)C(=O)N[C@@H](CCCCN)C(=O)N[C@@H](CCCCN)C(=O)N[C@@H](CO)C(N)=O.CC[C@H](C)[C@H](N)C(=O)N[C@@H](CCCCN)C(=O)N[C@@H](CCCCN)C(=O)C(=O)[C@@H](N)Cc1ccccc1.CC[C@H](C)[C@H](NC(=O)[C@H](CCCN=C(N)N)NC(=O)[C@H](CO)NC(=O)[C@@H](N)CCCCN)C(=O)N[C@@H](CCCCN)C(=O)N[C@@H](CCCCN)C(=O)N[C@@H](CCCCN)C(=O)N[C@@H](CO)C(=O)O.N.c1c[nH]cn1
CC[C@H](C)[C@H]%19C%57=O.C%24(=O)[C@@H]%20CCC%21.C%46(=O)[C@@H](N)CCC%22.[C@H]%23(CCC%25)C%54=O.[C@H]%26(CCC%27)C%59=O.[C@H]%28(CCC%29)C4=O.[C@H]%30(CC(C)C)C5=O.[C@H]%31(CCC%32)C7=O.[C@H]%33(CCC%34)C9=O.[C@H]%36(CCC%37)C%16=O.[C@H]%39(CCC%40)C%18=O.c1%56ccc(O)cc1.[C@@H]1%41CCCN1%13.C%13(=O)[C@@H]%22C%54.[C@H]%26(C%55)C%56=O.c1%55ccccc1.N1%57CCC[C@H]1%43.N1%59CCC[C@H]1%44.N13CCC[C@H]1%45.N15CCC[C@H]1%47.N17CCC[C@H]1%48.N19CCC[C@H]1%49.N1%11CCC[C@H]1%50.N1%14CCC[C@H]1%51.N1%16CCC[C@H]1%52.N1%18CCC[C@H]1%53.N1%20CCC[C@H]1%54.N%22C(=N)N.N%25C(=N)N.N%27C(=N)N.N%28C(=N)N.N%32C(=N)N.N%37C(=N)N.N%40C(=N)N.C2%41=O.C%13%42=O.C%58%43=O.C3%44=O.C4%45=O.C6%47=O.C8%48=O.C%10%49=O.C%12%50=O.C%15%51=O.C%17%52=O.C%19%53=O.C%54(=O)O.N2%21.N%35%20.N%46%23.N%46%26.N%58%28.N3%30.N4%31.N6%33.N8%36.N%10%36.N%12%38.N%17%39	C=O.CCC[C@H](NC(=N)N)C(=O)C(=O)[C@@H]1CCCN1C(=O)[C@@H]1CCCN1C(=O)[C@H](CCCNC(=N)N)[C@@H](Cc1ccccc1)C(=O)c1ccc(O)cc1.CCC[C@H](NC(=O)[C@@H]1CCCN1C(=O)[C@@H](N)CC(C)C)C(=O)N1CCC[C@H]1C(N)=O.CC[C@H](C)[C@H](C(=O)[C@@H]1CCCN1C(=O)[C@H](CCCNC(=N)N)NC(=O)[C@@H]1CCCN1C(=O)[C@H](CCCNC(=N)N)NC(=O)[C@@H]1CCCN1C(=O)[C@@H](N)CCCNC(=N)N)C(=O)N1CCC[C@H]1C(N)=O.N.N.N=C(N)N.N=C(N)NCCC[C@@H]1NC(=O)[C@@H](N)CCC[C@H](C(=O)N2CCC[C@H]2C(=O)NCCC[C@@H](C=O)N2CCC[C@H]2C(=O)O)CC1=O.NC(=O)[C@@H]1CCCN1.O=C[C@@H]1CCCN1
C2(=O)[C@@H]6CCCN=C(N)N.C%13(=O)[C@@H]7CCCN=C(N)N.C%19(=O)[C@@H](N)CCCN=C(N)N.[C@H]%15(CCCN=C(N)N)C4=O.[C@H]%16(CCCN=C(N)N)C(=O)O.CC[C@H](C)[C@H]5C%20=O.C%18(=O)[C@@H]8CC(C)C.[C@@H]%11(C%23=O)[C@@H](C)CC.[C@@H]9(C%21=O)C(C)C.[C@@H]%10(C%22=O)C(C)C.[C@@H]%13(C%24=O)C(C)C.[C@@H]%14(C3=O)C(C)C.c1%17cnc[nH]1.N25.N%136.N%187.N%198.N%209.N%21%10.N%22%11.N%23%12.N%24%14.N3%15.N4%16	CC(C)C[C@H](NC(=O)[C@@H](N)CCCN=C(N)N)C(=O)N[C@@H](CCCN=C(N)N)C(=O)[C@H](C(=O)N[C@H](C(=O)N[C@@H](CCCN=C(N)N)C(=O)N[C@@H](CCCN=C(N)N)C(=O)O)C(C)C)C(C)C.CC[C@H](C)[C@H](NC(=O)[C@@H](NC(=O)[C@@H](NC(=O)[C@@H](NC(=O)[C@@H](N)CCCN=C(N)N)[C@@H](C)CC)C(C)C)C(C)C)C(N)=O.c1c[nH]cn1
NCCCC[C@H]5C%21=O.c1%16c[nH]c2ccccc12.C%20(=O)[C@@H](N)CCCCN.[C@H]8(CCCCN)C%22=O.c1%17c[nH]c2ccccc12.[C@H]%10(CCCCN)C%24=O.c1%18c[nH]c2ccccc12.[C@H]%13(CCCCN)C4=O.[C@H]%15(CCCCN)C(N)=O.C3(=O)[C@@H]6C%16.C%14(=O)[C@@H]7C%17.[C@H]%11(CO)C%23=O.[C@H]%12(C%18)C%25=O.N7C(=N)N.N35.N%146.N%197.N%208.N%219.N%22%10.N%23%11.N%24%12.N%25%13.N4%15	N.N=C(N)N[C@@H](Cc1c[nH]c2ccccc12)C(=O)N[C@@H](Cc1c[nH]c2ccccc12)C(=O)N[C@@H](CCCCN)C(N)=O.NCCCC[C@H](NC(=O)[C@H](CCCCN)NC(=O)[C@H](Cc1c[nH]c2ccccc12)NC(=O)[C@H](CCCCN)NC(=O)[C@H](CCCCN)NC(=O)[C@@H](N)CCCCN)C(N)=O.O=C1N[C@H]1CO
C%23(=O)[C@@H]%11CCCCN.CC[C@H](C)[C@H]5C%26=O.C%20(=O)[C@@H]9[C@@H](C)CC.C%24(=O)[C@@H]%12CC(C)C.[C@H]%14(CC(C)C)C3=O.C%21(=O)[C@@H]8C(C)C.C%13(=O)[C@@H]7CO.C%25(=O)[C@@H](N)C%18.c1%18ccccc1.[C@H]%15(C%17)C4=O.[C@H]%16(C%19)C(N)=O.c1%19ccccc1.C%22(=O)[C@@H]%10C.c1%17cnc[nH]1.C2(=O)C6.N25.N%136.N%207.N%218.N%229.N%23%10.N%24%11.N%25%12.N%26%14.N3%15.N4%16	CC(C)[C@@H]1NC1=O.CC[C@H](C)[C@H](NC(=O)CNC(=O)[C@H](CO)NC(=O)[C@@H](NC(=O)[C@H](C)NC(=O)[C@H](CCCCN)NC(=O)[C@H](CC(C)C)NC(=O)[C@@H](N)Cc1ccccc1)[C@@H](C)CC)C(=O)N[C@@H](CC(C)C)C(=O)N[C@@H](Cc1cnc[nH]1)C(=O)N[C@@H](Cc1ccccc1)C(N)=O
[C@H]%17(CCCCN)C%13=O.[C@H]%21(CCCCN)C%44=O.[C@H]%23(CCCCN)C3=O.[C@H]%27(CCCCN)C7=O.[C@H]%30(CCCCN)C%11=O.CC(C)[C@H](N)C2=O.[C@@H]%16(C%24=O)C(C)C.[C@@H]%18(C%35=O)C(C)C.[C@@H]%19(C%42=O)C(C)C.[C@@H]%20(C%43=O)C(C)C.[C@@H]%22(C%47=O)C(C)C.[C@@H]%25(C5=O)C(C)C.[C@@H]%26(C6=O)C(C)C.[C@@H]%28(C9=O)C(C)C.[C@@H]%29(C%10=O)C(C)C.[C@@H]%31(C%14=O)C(C)C.[C@@H]%32(C(N)=O)C(C)C.N1%13CCC[C@H]1%33.N1%41CCC[C@H]1%34.N13CCC[C@H]1%36.N17CCC[C@H]1%37.N1%11CCC[C@H]1%38.N1%14CCC[C@H]1%39.N%20C(=N)N.C%24%33=O.C%45%34=O.C4%36=O.C8%37=O.C%12%38=O.C%15%39=O.N2%16.N%24%17.N%35%18.N%40%19.N%42%21.N%43%22.N%44%23.N4%25.N5%26.N6%27.N8%28.N9%29.N%10%30.N%12%31.N%15%32	CC(C)[C@@H]1NC1=O.CC(C)[C@H](N)C(=O)N[C@@H](CCCCN)C(=O)N[C@@H](CCCCN)C(=O)N1CCC[C@H]1C(=O)N[C@H](C(=O)N[C@H](C(=O)N[C@@H](CCCCN)C(=O)N1CCC[C@H]1C(=O)N[C@H](C(=O)N[C@H](C(=O)N[C@@H](CCCCN)C(=O)N1CCC[C@H]1C(=O)N[C@H](C(=O)N1CCC[C@H]1C(=O)N[C@H](C(N)=O)C(C)C)C(C)C)C(C)C)C(C)C)C(C)C)C(C)C.CC(C)[C@H](N)C(=O)N[C@H](C(=O)C(=O)[C@@H]1CCCN1C(=O)[C@@H](N)CCCCN)C(C)C.CC(C)[C@H](NC(=N)N)C(=O)N[C@H](C=O)C(C)C.O=C[C@@H]1CCCN1
C%14(=O)[C@@H]5CCCN=C(N)N.C2(=O)[C@@H]3CCCCN.CC[C@H](C)[C@H]%18C%16=O.C%12(=O)[C@@H]4C9.[C@@H]18CCCN1%14.C%15(=O)[C@@H]6C%11.[C@H]7(C%10)C%17=O.c19cnc[nH]1.c1%10cnc[nH]1.N=C(N)N%18.C%19CC=%10.C%14(=O)CN.C%138=O.N2%19.N%123.N%134.N%155.N%166.N%177	C=CCCNC(=O)[C@H](CCCCN)NC(=O)[C@H](Cc1cnc[nH]1)NC(=O)[C@@H]1CCCN1C(=O)[C@H](CCCN=C(N)N)NC(=O)[C@H](C)NC(=O)[C@@H](NC(=N)N)[C@@H](C)CC.NCC=O.O=C1N[C@H]1Cc1cnc[nH]1
C3(=O)[C@@H]7CCCCN.C%20(=O)[C@@H]9CCC(N)=O.C%22(=O)[C@@H](N)CCCCN.CCCCC[C@H]6C%23=O.C%14(=O)[C@@H]8CCCCN.C%21(=O)[C@@H]%10CCCCN.[C@H]%11(CCCCN)C%24=O.c1%19c[nH]c2ccccc12.[C@H]%16(CCC(N)=O)C5=O.CC[C@H](C)[C@H]6C%23=O.[C@H]%12(CC(=O)O)C%25=O.[C@@H]%15(C4=O)C(C)C.[C@@H]%17(C(N)=O)C(C)C.[C@H]%13(C%18)C%26=O.N36.N%147.N%208.N%219.N%22%10.N%23%11.N%24%12.N%25%13.N%26%15.N4%16.N5%17	CC(C)[C@H](NC(=O)[C@H](CCC(N)=O)NC(=O)[C@@H](NC(=O)[C@H](C)NC(=O)[C@H](CC(=O)O)NC(=O)[C@@H](N)CCCCN)C(C)C)C(N)=O.CCCCC[C@H]1C(=O)C(=O)[C@@H]1[C@@H](C)CC.NCCCC[C@H](NC(=O)[C@H](CCCCN)NC(=O)[C@H](CCC(N)=O)NC(=O)[C@H](CCCCN)NC(=O)[C@@H](N)CCCCN)C(N)=O.c1ccc2[nH]ccc2c1
[C@@H]14NC(=O)[C@H](C)NC(=O)[C@H]%12NC(=O)[C@H]%13NC(=O)[C@H]%14NC(=O)CNC3=O)C(=O)NCC(=O)N[C@@H]%15C(=O)N[C@@H]%17C(=O)N[C@H]1CSSC[C@H](NC(=O)CNC(=O)[C@H]%18NC(=O)[C@H]6NC(=O)[C@H](C)NC(=O)[C@H]7NC(=O)[C@H]4NC1=O)c18.c19c[nH]c2ccccc12.C%14CCN=C(N)N.c1%10ccc(O)cc1.C%19CCN=C(N)N.C%20CCN=C(N)N.c1%11ccccc1.C%17CCCN.C%18CCCN.C7CCCN.CC(C)C%12.[C@H]%15(C)O.C%128.C59.C6%10	INVALID
C%14(=O)[C@@H]9CCCN=C(N)N.C%22(=O)[C@@H](N)CCCN=C(N)N.[C@H]%11(CCCN=C(N)N)C%25=O.[C@H]%17(CCCN=C(N)N)C5=O.[C@H]%18(CCCN=C(N)N)C6=O.[C@H]%19(CCCN=C(N)N)C(N)=O.c1%21c[nH]c2ccccc12.CC[C@H](C)[C@H]7C%23=O.[C@@H]%12(C%26=O)[C@@H](C)CC.[C@@H]%15(C%28=O)[C@@H](C)CC.[C@@H]%17(C4=O)[C@@H](C)CC.[C@H]%16(CC%20)C%29=O.C3(=O)[C@@H]8CS.[C@H]%13(C%21)C%27=O.N37.N%148.N%229.N%23%10.N%24%11.N%25%12.N%26%13.N%27%15.S%20C.N%28%16.N4%17.N5%18.N6%19	CC[C@H](C)[C@@H](C(N)=O)[C@@H](CCCN=C(N)N)C(=O)N[C@@H](CCCN=C(N)N)C(=O)N[C@@H](CCCN=C(N)N)C(N)=O.CC[C@H](C)[C@H](NC(=O)[C@H](CS)NC(=O)[C@H](CCCN=C(N)N)NC(=O)[C@@H](N)CCCN=C(N)N)C(N)=O.CC[C@H](C)[C@H](NC(=O)[C@H](Cc1c[nH]c2ccccc12)NC(=O)[C@@H](NC(=O)[C@@H](N)CCCN=C(N)N)[C@@H](C)CC)C(=O)N[C@H](C=O)CCSC
[C@H]%12(CCCN=C(N)N)C%29=O.[C@H]%13(CCCN=C(N)N)C%31=O.[C@H]%16(CCCN=C(N)N)C4=O.[C@H]%18(CCCN=C(N)N)C7=O.c1%26c[nH]c2ccccc12.c1%27c[nH]c2ccccc12.CC(C)C[C@H](N)C3=O.[C@@H]%10(C%14=O)[C@@H](C)O.c1%28ccc(O)cc1.N1%25CCC[C@H]1%20.[C@H]%11(C%24)C%29=O.N1%30CCC[C@H]1%21.N1%32CCC[C@H]1%22.N1%34CCC[C@H]1%22.[C@H]%15(C%26)C5=O.[C@H]%17(C%27)C6=O.N17CCC[C@H]1%23.C%19C(N)=O.C%25%20=O.C%30%21=O.C%33%22=O.C8%23=O.N39.N%14%10.N%28%11.N%29%12.N%31%13.N%33%15.N4%16.N5%17.N6%18.N8%19	C1CN[C@H]([C@@H]2CCCN2)C1.CC(C)C[C@H](N)C(N)=O.C[C@@H](O)[C@@H]1NC1=O.C[C@H](Nc1ccc(O)cc1)C(=O)C(=O)[C@@H](N)CCCN=C(N)N.NC(=O)CNC(=O)[C@@H]1CCCN1C(=O)[C@H](CCCN=C(N)N)NC(=O)[C@H](Cc1c[nH]c2ccccc12)NC(=O)[C@H](Cc1c[nH]c2ccccc12)NC=O.NC(N)=NCCC[C@@H]1NC1=O.NC(N)=NCCC[C@@H]1NC1=O.O=C1[C@@H]2CCCN12.O=C1[C@@H]2CCCN12
[C@H]%15(CCC(N)=O)C%33=O.CC[C@H](C)[C@H]9C%32=O.C%29(=O)[C@@H]%11CCC%12.C%31(=O)[C@@H](N)CCC%14.[C@H]%16(CCCN)C4=O.[C@H]%19(CC(N)=O)C(=O)O.c1%28ccc(O)cc1.C%13(=O)[C@@H]%10C(C)C.C2(=O)[C@@H]9C%29.[C@@H]1%20CCCN1%30.N1%32CCC[C@H]1%21.N1%33CCC[C@H]1%22.N1%34CCC[C@H]1%23.N1%35CCC[C@H]1%25.[C@H]%17(CO)C5=O.N15CCC[C@H]1%26.[C@H]%17(C%28)C7=O.N17CCC[C@H]1%27.N%12C(=N)N.N%20C(=N)N.C%24%21=O.C%34%22=O.C%35%23=O.C3%25=O.C6%26=O.C8%27=O.N29.N%13%10.N%30%11.N%31%14.N3%15.N4%16.N6%18.N8%19	CC(C)[C@@H]1NC1=O.CC[C@H](C)[C@@H](C(=O)N1CCC[C@H]1C=O)[C@@H](CC(=O)[C@H](CCCNC(=N)N)NN1CCC[C@H]1NC(=N)N)C(N)=O.NC(=O)CC[C@@H]1NC(=O)[C@@H]2CCCN2C(=O)[C@@H]2CCCN2C(=O)[C@@H]2CCCN2C1=O.NC(=O)C[C@H](NC(=O)[C@@H]1CCCN1C(=O)[C@H](Cc1ccc(O)cc1)[C@@H](CO)C(=O)N1CCC[C@H]1C(N)=O)C(=O)O.NCCC[C@@H]1NC1=O.N[C@H]1CCCNC1=O
c18cccc2c8c)c12.c16c[nH]c2(cccc12.NC(=O)N=CC4.C6(=O)[C@@H](C)N.C7CCN=C=N)N.C75.C46	INVALID
C3(=O)[C@@H]5CCCN=C(N)N.C%17(=O)[C@@H]8CCCN=C(N)N.[C@H]9(CCCN=C(N)N)C%20=O.[C@H]%12(CCCN=C(N)N)C(N)=O.C%14(=O)[C@@H]6CCC(N)=O.[C@H]%10(CCCCN)C%22=O.c1%15c[nH]c2ccccc12.CC[C@H](C)[C@H]4C%19=O.C%16(=O)[C@@H]7[C@@H](C)CC.[C@H]%11(CC(C)C)C%23=O.C%18(=O)[C@@H](N)C%13.c1%13ccccc1.[C@H]%11(C%15)C%21=O.N34.N%145.N%176.N%187.N%198.N%209.N%21%10.N%22%11.N%23%12	CC(C)C[C@@H](C(=O)N[C@@H](CCCN=C(N)N)C(N)=O)[C@@H](Cc1c[nH]c2ccccc12)C(=O)N[C@@H](CCCCN)C(N)=O.CC[C@H](C)[C@@H](C=O)NC(=O)[C@@H](N)Cc1ccccc1.CC[C@H](C)[C@@H]1NC(=O)[C@H](CCCN=C(N)N)NC(=O)[C@H](CCC(N)=O)NC(=O)[C@H](CCCN=C(N)N)NC1=O.NC(N)=NCCC[C@@H]1NC1=O
C3(=O)[C@@H]5CCCN=C(N)N.C%17(=O)[C@@H]8CCCN=C(N)N.[C@H]%11(CCCN=C(N)N)C%22=O.[C@H]%12(CCCN=C(N)N)C(N)=O.c1%13c[nH]c2ccccc12.CC[C@H](C)[C@H]4C%21=O.C%14(=O)[C@@H]6CC(N)=O.C%16(=O)[C@@H]7CC(C)C.C%18(=O)[C@@H]9CO.C%19(=O)[C@@H]%10C%13.C%20(=O)[C@@H](N)C%15.c1%15ccccc1.N34.N%145.N%166.N%177.N%188.N%199.N%20%10.N%21%11.N%22%12	CC[C@H](C)[C@H](NC(=O)[C@H](CCCN=C(N)N)NC(=O)[C@H](CC(N)=O)NC(=O)[C@H](CC(C)C)NC(=O)[C@H](CCCN=C(N)N)NC(=O)[C@H](CO)NC(=O)[C@H](Cc1c[nH]c2ccccc12)NC(=O)[C@@H](N)Cc1ccccc1)C(=O)N[C@@H](CCCN=C(N)N)C(=O)N[C@@H](CCCN=C(N)N)C(N)=O
C%30(=O)[C@@H](N)CCCN=C(N)N.[C@H]%14(CCCN=C(N)N)C%32=O.[C@H]%18(CCCN=C(N)N)C4=O.[C@H]%19(CCCN=C(N)N)C9=O.C%29(=O)[C@@H]%12CCCCN.CC(C)C[C@H]%10C%31=O.c1%29ccc(O)cc1.[C@@H]%15(C%33=O)C(C)C.[C@@H]%20(C(=O)O)C(C)C.C2(=O)[C@@H]%11C%28.N1%30CCC[C@H]1%21.N1%32CCC[C@H]1%22.[C@H]%16(C%29)C%35=O.N1%35CCC[C@H]1%23.[C@H]%17(CS)C5=O.N14CCC[C@H]1%25.N15CCC[C@H]1%26.N18CCC[C@H]1%27.C%24%20=O.C%33%21=O.C%34%22=O.C3%23=O.C6%25=O.C7%26=O.C8%27=O.N2%10.N%13%11.N%24%12.N%31%14.N%33%15.N%34%16.N3%17.N6%18.N7%19.N9%20	CC(C)C[C@H](NC(=O)[C@H](C)N)C(=O)N[C@@H](CCCN=C(N)N)C(=O)N1CCC[C@H]1C(=O)N[C@@H](C)C(=O)N1CCC[C@H]1C(=O)N[C@@H](CS)C(=O)N1CCC[C@H]1C(=O)N[C@@H](CCCN=C(N)N)C(N)=O.CC(C)[C@@H](C(=O)O)C(=O)N[C@@H](CCCCN)C(=O)c1ccc(O)cc1.CC(C)[C@H](N)C(=O)C(=O)[C@@H]1CCCN1C(=O)[C@@H](N)CCCN=C(N)N.NC(N)=NCCC[C@@H]1NC(=O)[C@@H]2CCCN2C1=O.O=C1[C@@H]2CCCN12
[C@@H]14NC(=O)[C@@H]5NC(=O)[C@H]6NC(=O)[C@@H]7NC(=O)[C@H]8NC(=O)[C@@H]9NC1=O.c1%10c[nH]c2ccccc12.c1%11c[nH]c2ccccc12.c1%12c[nH]c2ccccc12.NCCC4.C6CCN.C8C(C)C.C5%10.C7%11.C9%12	CC(C)C[C@@H]1NC(=O)[C@@H](Cc2c[nH]c3ccccc23)NC(=O)[C@H](CCCN)NC(=O)[C@@H](Cc2c[nH]c3ccccc23)NC(=O)[C@H](CCCN)NC(=O)[C@@H](Cc2c[nH]c3ccccc23)NC1=O
C3(=O)[C@@H]%12CCCCN.C%14(=O)[C@@H]%13CCCCN.C%33(=O)[C@@H]%16CCCCN.C%34(=O)[C@@H]%17CCCCN.C%37(=O)[C@@H]%21CCCCN.c1%30c[nH]c2ccccc12.c1%31c[nH]c2ccccc12.C7(=O)[C@@H]%26CCCCN.CC[C@H](C)[C@H]%11C%10=O.C%35(=O)[C@@H]%18CC(C)C.C%36(=O)[C@@H]%19CC(C)C.C5(=O)[C@@H]%22C(C)C.C%25(=O)[C@@H]%16C%29.c1%29ccccc1.C4(=O)[C@@H]%22C%30.C8(=O)[C@@H]%27C%31.[C@H]%28(C%32)C(=O)O.c1%32ccccc1.C%31(=O)[C@@H]%15C.C%38(=O)[C@@H]%20C.C6(=O)[C@@H]%24C.N3%11.N%14%12.N%25%13.N%33%15.N%34%16.N%35%17.N%36%18.N%37%19.N%38%20.N4%21.N5%22.N6%23.N7%24.N8%26.N9%27.N%10%28	CC(C)C[C@H](NC(=O)[C@H](CC(C)C)NC(=O)[C@H](CCCCN)NC(=O)[C@H](Cc1c[nH]c2ccccc12)[C@H](C(N)=O)C(C)C)C(=O)N[C@@H](CCCCN)C(N)=O.CC[C@H](C)[C@H](NC(=O)[C@H](CCCCN)NC(=O)[C@H](CCCCN)NC(=O)[C@H](Cc1ccccc1)[C@@H](CCCCN)C(=O)N[C@@H](C)C=O)C(=O)N[C@@H](Cc1ccccc1)C(=O)O.C[C@@H]1NC1=O.C[C@H](NC(=O)[C@H](CCCCN)NC(=O)[C@@H](N)Cc1c[nH]c2ccccc12)C(N)=O
C%14(=O)[C@@H]5CCCN=C(N)N.[C@H]9(CCCN=C(N)N)C%21=O.[C@H]%12(CCCN=C(N)N)C(N)=O.C3(=O)[C@@H]6CCCCN.c1%15c[nH]c2ccccc12.CC[C@H](C)[C@H]4C%20=O.C%14(=O)[C@@H]6[C@@H](C)CC.C%16(=O)[C@@H]7CC(N)=O.[C@@H]%11(C%22=O)C(C)C.C%17(=O)[C@@H]8C%13.c1%13ccccc1.C%19(=O)[C@@H](N)C%15.N34.N%145.N%166.N%177.N%188.N%199.N%20%10.N%21%11.N%22%12	CC(C)[C@H](NC(=O)[C@H](CCCN=C(N)N)NC(=O)[C@@H](N)Cc1c[nH]c2ccccc12)C(=O)N[C@@H](CCCN=C(N)N)C(N)=O.CC[C@H](C)[C@@H](C(=O)C(=O)[C@@H](N)CCCN=C(N)N)[C@@H](CCCCN)C(=O)N[C@H](C(N)=O)[C@@H](C)CC.NC(=O)C[C@H](NC(=O)[C@@H](N)Cc1ccccc1)C(N)=O
C%32(=O)[C@@H]%15CCCN=C(N)N.C%34(=O)[C@@H]%17CCCN=C(N)N.[C@H]%21(CCCN=C(N)N)C%10=O.C%33(=O)[C@@H]%16CCCCN.CC[C@H](C)[C@H]%11C%36=O.C%34(=O)[C@@H]%18CC(N)=O.[C@H]%19(CCCN)C3=O.[C@@H]%22(CC(N)=O)CC)O.c1%30ccc(O)cc1.C%13(=O)[C@@H]%14C(C)C.c1%31ccc(O)cc1.C2(=O)[C@@H]%12C%30.[C@@H]1%23CCCN1%32.N1%36CCC[C@H]1%25.N13CCC[C@H]1%26.N15CCC[C@H]1%27.N16CCC[C@H]1%28.[C@H]%20(C%31)C8=O.N18CCC[C@H]1%29.C%35(=O)CN.C%24%23=O.C%37%25=O.C4%26=O.C6%27=O.C7%28=O.C9%29=O.N2%11.N%13%12.N%24%14.N%33%15.N%34%16.N%35%17.N%37%18.N4%19.N7%20.N9%21.N%10%22	INVALID
C%14(=O)[C@@H]9CCCN=C(N)N.C%26(=O)[C@@H]%12CCCN=C(N)N.[C@H]%17(CCCN=C(N)N)C6=O.[C@H]%19(CCCN=C(N)N)C(N)=O.c1%20c[nH]c2ccccc12.c1%22c[nH]c2ccccc12.c1%24c[nH]c2ccccc12.[C@H]%16(CCCCN)C4=O.CC[C@H](C)[C@H]7C%31=O.C%25(=O)[C@@H]%11CC(N)=O.C%30(=O)[C@@H](N)C(C)C.c1%23ccc(O)cc1.C3(=O)[C@@H]8C%20.C%27(=O)[C@@H]%13C%21.c1%21ccccc1.C%28(=O)[C@@H]%15C%22.[C@H]%18(C%23)C5=O.N37.N%148.N%249.N%25%10.N%26%11.N%27%12.N%28%13.N%29%15.N%30%16.N4%17.N5%18.N6%19	CC(C)[C@H](N)C(=O)N[C@@H](CCCCN)C(=O)N[C@@H](CCCN=C(N)N)C(=O)N[C@@H](CCCN=C(N)N)C(N)=O.CC[C@H](C)[C@@H](C=O)NC(=O)[C@H](Cc1c[nH]c2ccccc12)NC(=O)[C@H](CCCN=C(N)N)Nc1c[nH]c2ccccc12.NC(=O)C[C@H](NC(=O)[C@H](CCCN=C(N)N)NC(=O)[C@H](Cc1ccccc1)NC(=O)[C@@H](N)Cc1c[nH]c2ccccc12)C(N)=O.O=C1N[C@H]1Cc1ccc(O)cc1
C2(=O)[C@@H]%14CCCN=C(N)N.C%13(=O)[C@@H]%15CCCN=C(N)N.C%35(=O)[C@@H]%16CCCN=C(N)N.C%37(=O)[C@@H]%17CCCN=C(N)N.[C@H]%26(CCCN=C(N)N)C(N)=O.C5(=O)[C@@H]%20CCC(N)=O.C6(=O)[C@@H]%21CCCCN.CC[C@H](C)[C@H]%12C9=O.C%39(=O)[C@@H]%18CC(C)C.C7(=O)[C@@H]%22CC(=O)O.[C@H]%25(CC(N)=O)C%11=O.c1%32ccc(O)cc1.C8(=O)[C@@H](N)C(C)C.c1%33ccc(O)cc1.[C@@H]1%27CCCN1%34.[C@@H]1%28CCCN1%35.[C@@H]1%29CCCN1%37.[C@@H]1%30CCCN1%39.C3(=O)[C@@H]%19C%32.[C@@H]1%31CCCN15.[C@H]%23(C%33)C%10=O.C%24%27=O.C%34%28=O.C%36%29=O.C%38%30=O.C4%31=O.N2%12.N%13%14.N%24%15.N%36%16.N%38%17.N3%18.N4%19.N6%20.N7%21.N8%22.N9%23.N%10%25.N%11%26	CC[C@H](C)[C@H](NC(=O)[C@H](CCCN=C(N)N)NC(=O)[C@H](CCCN=C(N)N)NC(=O)[C@@H]1CCCN1C(=O)[C@@H]1CCCN1C(=O)[C@H](CCCN=C(N)N)NC(=O)[C@@H]1CCCN1C(=O)[C@H](CCCN=C(N)N)NC(=O)[C@@H]1CCCN1C(=O)[C@H](CC(C)C)NC(=O)[C@H](Cc1ccc(O)cc1)NC(=O)[C@@H]1CCCN1C(=O)[C@H](CCC(N)=O)NC(=O)[C@H](CCCCN)NC(=O)[C@H](CC(=O)O)NC(=O)[C@@H](N)C(C)C)C(=O)N[C@@H](Cc1ccc(O)cc1)C(=O)N[C@@H](CC(N)=O)C(=O)N[C@@H](CCCN=C(N)N)C(N)=O
C3(=O)[C@@H]8CCCCN.C%14(=O)[C@@H](N)CCCCN.[C@H]%12(CCCCN)C%26=O.c1%21c[nH]c2ccccc12.[C@H]%16(CCCCN)C4=O.[C@H]%17(CCCCN)C5=O.CC[C@H](C)[C@H]7C%22=O.[C@@H]%13(C%27=O)C(C)C.[C@@H]9(CS)C%23=O.[C@H]%11(C%20)C%25=O.[C@H]%15(CO)C%28=O.[C@H]%19(C%21)C(=O)O.[C@H]%18(C)C6=O.C%13C%27=O.C%10C%24=O.CS%20.N37.N%148.N%229.N%23%10.N%24%11.N%25%12.N%26%13.N%27%15.N%28%16.N4%17.N5%18.N6%19	CC(C)[C@@H]1CC(=O)C1=O.CC[C@H](C)[C@H](NC(=O)[C@H](CCCCN)NC(=O)[C@@H](N)CCCCN)C(=O)N[C@H](CS)C(=O)NCC(=O)N[C@@H](CSC)C(=O)N[C@@H](CCCCN)C(N)=O.C[C@H](NC(=O)[C@H](CCCCN)NC(=O)[C@H](CCCCN)NC(=O)[C@@H](N)CO)C(=O)N[C@@H](Cc1c[nH]c2ccccc12)C(=O)O
N8(C)[C@@H]1C(=O)N[C@@H](C)c(ccccc2)c2ccc1ccc22.Cc1cc7ncc15.c17ccc6cc1.[C@H]%14(CCN)C8=O.C6(C)(C)C.C%155=O.C94=O.C35=O.C%11N=O.N2%12.N8%14.N9%15.O%103.O%11%13	INVALID
C5(=O)[C@@H]%11CCCCN.C6(=O)[C@@H](N)CCCCN.CC(C)C[C@H]%10C7=O.[C@H]%12(CC(N)=O)C8=O.[C@H]4(CC(=O)O)C(=O)O.[C@@H]3(C9=O)C(C)C.C1(=O)CN.N1%10.N5%11.N6%12.N72.N83.N94	CC(C)C[C@H](NC(=O)CN)C(N)=O.CC(C)[C@H](NC(=O)[C@H](CC(N)=O)NC(=O)[C@@H](N)CCCCN)C(=O)N[C@@H](CC(=O)O)C(=O)O.NCCCC[C@@H]1NC1=O
C2(=O)[C@@H]5CCCCN.C%21(=O)[C@@H](N)CCCCN.[C@H]%10(CCCCN)C3=O.C%16(=O)[C@@H]6[C@@H](O)CN.C%20(=O)[C@@H]9[C@@H](O)CN.C%19(=O)[C@@H]9[C@@H](O)CN.[C@@H]1%12CCCN1%13.C%17(=O)[C@@H]7C%15.c1%15cnc[nH]1.C%11CCN.N=C(N)N3.C4CC=%14.C%18(=O)C8.C%13%12=O.N24.N%165.N%176.N%187.N%198.N%209.N%22%10.N3%11	C=CCCNC(=O)[C@H](CCCCN)NC(=O)[C@@H](NC(=O)[C@H](Cc1cnc[nH]1)NC(=O)CNC(=O)[C@@H]([C@H](C(N)=O)[C@@H](O)CN)[C@@H](O)CN)[C@@H](O)CN.N=C(N)NC(=O)[C@@H](N)CCCCN.NCCCC[C@H](N)C=O.NCCCN.O=C1[C@@H]2CCCN12
C%18(=O)[C@@H](N)CCCN=C(N)N.[C@H]9(CCCCN)C%22=O.[C@H]%11(CCCCN)C3=O.C%13(=O)[C@@H]5CC(N)=O.CC[C@H](C)[C@H]4C%19=O.c1%16ccc(O)cc1.N1%19CCC[C@H]1%14.[C@H]8(C%16)C%21=O.c1%15cnc[nH]1.C%12CCCN.C2(=O)C6.C%15CC%10.N%10C(=N)N.C%20%14=O.N24.N%135.N%176.N%187.N%208.N%219.N%22%11.N3%12	CC[C@H](C)[C@H](NC(=O)CN)C(=O)N1CCC[C@H]1C(=O)N[C@@H](Cc1ccc(O)cc1)C(=O)N[C@@H](CCCCN)C(=O)N[C@@H](CCCCN)C(=O)NCCCCN.N=C(N)NCCCc1cnc[nH]1.NC(=O)C[C@@H]1NC1=O.NC(=O)[C@@H](N)CCCN=C(N)N
C2(=O)[C@@H](N)CCCN=C(N)N.[C@H]%17(CCCN=C(N)N)C%24=O.[C@H]%18(CCCN=C(N)N)C%35=O.[C@H]%20(CCCN=C(N)N)C%44=O.[C@H]%20(CCCN=C(N)N)C4=O.[C@H]%23(CCCN=C(N)N)C8=O.[C@H]%26(CCCN=C(N)N)C%14=O.CC[C@H](C)[C@H]%16C%13=O.[C@@H]%22(C%44=O)[C@@H](C)CC.[C@H]%27(CC(C)C)C(=O)O.N1%35CCC[C@H]1%28.N1%41CCC[C@H]1%29.N1%42CCC[C@H]1%30.N1%44CCC[C@H]1%31.N13CCC[C@H]1%32.[C@H]%21(C%40)C5=O.c1%40ccccc1.N17CCC[C@H]1%34.N18CCC[C@H]1%36.N1%10CCC[C@H]1%37.N1%12CCC[C@H]1%38.[C@H]%25(C%39)C%15=O.c1%39cnc[nH]1.C%41%28=O.C%42%29=O.C%43%30=O.C%45%31=O.C3%32=O.C6%33=O.C7%34=O.C9%36=O.C%11%37=O.C%12%38=O.C%15%38=O.N2%16.N%13%17.N%24%18.N%43%19.N%46%20.N4%21.N6%22.N8%23.N9%25.N%14%26.N%15%27	CC(C)C[C@H](N)C(=O)O.CC[C@H](C)[C@H](NC(=O)[C@@H](N)CCCN=C(N)N)C(=O)N[C@@H](CCCN=C(N)N)C(=O)N[C@@H](CCCN=C(N)N)C(=O)N1CCC[C@H]1C(=O)N1CCC[C@H]1C(=O)N1CCC[C@H]1C(N)=O.CC[C@H](C)[C@H](NC=O)C(=O)C(=O)[C@H](CCCN=C(N)N)[C@@H](CCCN=C(N)N)C(=O)N[C@H](C=O)Cc1ccccc1.N.NC(N)=NCCC[C@@H]1NC1=O.NC(N)=NCCC[C@H](N)C(=O)N1CCC[C@H]1C(=O)N[C@@H](Cc1cnc[nH]1)C(=O)C=O.O=C1[C@@H]2CCCN12.O=C1[C@@H]2CCCN12.O=C1[C@@H]2CCCN12.O=C[C@@H]1CCCN1.O=C[C@@H]1CCCN1
[C@H]14NC(=O)CNC(=O)[C@@H]6NC(=O)[C@H](N)CSSC[C@@H](NC(=O)[C@@H]7NC(=O)[C@H]2CSSC[C@@H](NC(=O)[C@@H]8NC(=O)[C@@H]9NC1=O)C(=O)N[C@H]%10C(=O)N[C@H]%11C(=O)N[C@H]%12C(=O)N[C@H]%13C(=O)N[C@H]%14C(=O)N[C@H]%15C(=O)NCC(=O)N3)C(=O)N[C@H]5C(=O)N2.C66CCN=C(N)N.C7CCN=C(N)N.C8CCN=C(N)N.C%10CCN=C(N)N.C%11CCN=C(N)N.C%12CCN=C(N)N.C4CCN=C(N)N.C9(C)C.C%13(C)C.C%15(C)C.CC5.C)C	INVALID
C%32(=O)[C@@H]%15CCCN=C(N)N.[C@H]%19(CCCN=C(N)N)C5=O.[C@H]%21(CCCN=C(N)N)C%10=O.C%35(=O)[C@@H](N)CCCCN.[C@H]%17(CCCCN)C3=O.CC[C@H](C)[C@H]%11C%36=O.C%33(=O)[C@@H]%16CC(N)=O.[C@H]%18(CC(N)=O)C3=O.c1%31ccc(O)cc1.C%13(=O)[C@@H]%14C(C)C.C2(=O)[C@@H]%12C%31.[C@@H]1%23CCCN1%32.N1%36CCC[C@H]1%25.N13CCC[C@H]1%26.N15CCC[C@H]1%27.N16CCC[C@H]1%28.[C@H]%20(C%30)C8=O.N18CCC[C@H]1%29.c1%30cnc[nH]1.C%34(=O)CN.C%22C(=O)O.C%24%23=O.C%37%25=O.C4%26=O.C6%27=O.C7%28=O.C9%29=O.N2%11.N%13%12.N%24%14.N%33%15.N%34%16.N%35%17.N%37%18.N4%19.N9%20.N%10%21	CC(=O)O.CC[C@H](C)[C@H](NC(=O)[C@H](Cc1ccc(O)cc1)NC(=O)[C@@H](NC(=O)[C@@H]1CCCN1C(=O)[C@H](CCCN=C(N)N)NC(=O)[C@H](CC(N)=O)NC(=O)CN)C(C)C)C(=O)N1CCC[C@H]1C(=O)N[C@@H](CC(N)=O)C(=O)C(=O)[C@H](CCCCN)NC(=O)[C@@H](N)CCCCN.NC(N)=NCCC[C@@H]1NC1=O.NC(N)=NCCC[C@H](NC(=O)[C@@H]1CCCN1)C(=O)N1CCC[C@H]1C(=O)N1CCC[C@H]1C=O.O=C1N[C@@H](Cc2cnc[nH]2)C(=O)N2CCC[C@@H]12
C%14(=O)[C@@H]8CCCN=C(N)N.C%22(=O)[C@@H](N)CCCN=C(N)N.[C@H]%10(CCCN=C(N)N)C%24=O.[C@H]%11(CCCN=C(N)N)C%26=O.[C@H]%15(CCCN=C(N)N)C4=O.[C@H]%16(CCCN=C(N)N)C5=O.C3(=O)[C@@H]7CCCCN.[C@H]%12(CCC(N)=O)C%25=O.c1%18c[nH]c2ccccc12.CC(C)C[C@H]6C%23=O.C%21(=O)[C@@H]9C%18.[C@H]%13(C%19)C%27=O.c1%19ccccc1.[C@H]%17(C%20)C(N)=O.c1%20ccccc1.N36.N%147.N%218.N%229.N%23%10.N%24%11.N%25%12.N%26%13.N%27%15.N4%16.N5%17	CC(C)C[C@H](NC(=O)[C@H](CCCCN)NC(=O)[C@H](CCCN=C(N)N)NC(=O)[C@H](Cc1c[nH]c2ccccc12)NC(=O)[C@@H](N)CCCN=C(N)N)C(=O)N[C@@H](CCCN=C(N)N)C(=O)N[C@@H](CCCN=C(N)N)C(=O)N[C@@H](Cc1ccccc1)C(=O)N[C@@H](CCCN=C(N)N)C(=O)N[C@@H](CCCN=C(N)N)C(=O)N[C@@H](Cc1ccccc1)C(N)=O.NC(=O)CC[C@@H]1NC1=O
C3(=O)[C@@H]%13CCCN=C(N)N.C%40(=O)[C@@H]%17CCCN=C(N)N.C5(=O)[C@@H]%21CCCN=C(N)N.C8(=O)[C@@H](N)CCCN=C(N)N.C%36(=O)[C@@H]%16CCCCN.c1%31c[nH]c2ccccc12.C%37(=O)[C@@H]%18CCCCN.c1%33c[nH]c2ccccc12.[C@H]%26(CCCCN)C(N)=O.C7(=O)[C@@H]%22CCCCN.CC[C@H](C)[C@H]%12C9=O.c1%32ccc(O)cc1.c1%34ccc(O)cc1.[C@@H]1%27CCCN1%35.[C@@H]1%28CCCN1%37.[C@@H]1%29CCCN1%39.C%39(=O)[C@@H]%19C%31.C4(=O)[C@@H]%20C%32.[C@@H]1%30CCCN16.[C@H]%23(C%33)C%10=O.[C@H]%24(C%34)C%11=O.C%25(=O)C%15.C%25%27=O.C%36%28=O.C%38%29=O.C6%30=O.N3%12.N%14%13.N%25%15.N%36%16.N%38%17.N%40%18.N4%19.N5%20.N7%21.N8%22.N9%23.N%10%24.N%11%26	CC[C@H](C)[C@H](NC(=O)[C@@H](N)CCCN=C(N)N)C(=O)N[C@@H](Cc1c[nH]c2ccccc12)C(=O)N[C@@H](Cc1ccc(O)cc1)C(=O)N[C@@H](CCCCN)C(N)=O.NCC(=O)C(=O)[C@@H]1CCCN1.NCCCC[C@H](NC(=O)[C@@H](N)CCCN=C(N)N)C(=O)N[C@@H](CCCN=C(N)N)C(=O)N[C@@H](Cc1ccc(O)cc1)C(=O)N[C@@H](Cc1c[nH]c2ccccc12)C(=O)N1CCC[C@H]1C(=O)N[C@@H](CCCN=C(N)N)C(=O)N[C@@H](CCCCN)C(=O)N1CCC[C@H]1C(=O)C(=O)[C@@H](N)CCCCN.O=C1[C@@H]2CCCN12
C3(=O)[C@@H]5CCCN=C(N)N.C%17(=O)[C@@H]8CCCN=C(N)N.[C@H]9(CCCN=C(N)N)C%21=O.[C@H]%12(CCCN=C(N)N)C(N)=O.c1%13c[nH]c2ccccc12.[C@H]%10(CCCCN)C%20=O.c1%15c[nH]c2ccccc12.CC[C@H](C)[C@H]4C%19=O.C%14(=O)[C@@H]6CC(C)C.C%16(=O)[C@@H]7CC(C)C.C%18(=O)[C@@H](N)C%13.[C@H]%11(C%15)C%22=O.N34.N%145.N%166.N%177.N%188.N%199.N%20%10.N%21%11.N%22%12	CC[C@H](C)[C@H](NC(=O)[C@H](CCCN=C(N)N)NC(=O)[C@H](CC(C)C)NC(=O)[C@H](CC(C)C)NC(=O)[C@H](CCCN=C(N)N)NC(=O)[C@@H](N)Cc1c[nH]c2ccccc12)C(=O)N[C@@H](CCCN=C(N)N)C(=O)N[C@@H](Cc1c[nH]c2ccccc12)C(=O)N[C@@H](CCCN=C(N)N)C(N)=O.NCCCC[C@@H]1NC1=O
C2(=O)[C@@H]6CCCN=C(N)N.C%20(=O)[C@@H](N)CCCN=C(N)N.[C@H]%11(CCCN=C(N)N)C%23=O.[C@H]%16(CCCN=C(N)N)C(N)=O.CC[C@H](C)[C@H]5C%21=O.C%19(=O)[C@@H]9CC(C)C.[C@@H]%12(C%24=O)[C@@H](C)CC.[C@@H]%10(C%22=O)C(C)C.[C@@H]%14(C3=O)C(C)C.[C@@H]%15(C4=O)C(C)C.C%18(=O)[C@@H]8C%17.C%13(=O)[C@@H]7C.c1%17cnc[nH]1.N25.N%136.N%187.N%198.N%209.N%21%10.N%22%11.N%23%12.N%24%14.N3%15.N4%16	CC[C@H](C)[C@H](NC(=O)[C@H](CCCN=C(N)N)NC(=O)[C@H](C)NC(=O)[C@H](Cc1cnc[nH]1)NC(=O)[C@H](CC(C)C)NC(=O)[C@@H](N)CCCN=C(N)N)C(=O)N[C@H](C(=O)N[C@@H](CCCN=C(N)N)C(=O)N[C@H](C(=O)N[C@H](C(=O)N[C@H](C(=O)N[C@@H](CCCN=C(N)N)C(N)=O)C(C)C)C(C)C)[C@@H](C)CC)C(C)C
C3(=O)[C@@H]%43CCCN=C(N)N.C8(=O)[C@@H]%49CCCN=C(N)N.C%15(=O)[C@@H]%55CCCN=C(N)N.[C@H]%65(CCCN=C(N)N)C%29=O.C2(=O)[C@@H]%33CCCCN.C%13(=O)[C@@H]%34CCCCN.C%35(=O)[C@@H]%37CCCCN.C%46(=O)[C@@H]%38CCC(=O)O.C%57(=O)[C@@H]%39CCCCN.C3(=O)[C@@H]%43CCCCN.C5(=O)[C@@H]%45CCCCN.C%16(=O)[C@@H](N)CCCCN.[C@H]%54(CCC(N)=O)C%16=O.[C@H]%55(CCC(N)=O)C%17=O.[C@H]%58(CCC(N)=O)C%19=O.[C@H]%66(CCCCN)C%27=O.[C@H]%67(CCCCN)C%31=O.CC[C@H](C)[C@H]%32C%14=O.C%24(=O)[C@@H]%36CC(=O)O.C%68(=O)[C@@H]%40CC(C)C.C%76(=O)[C@@H]%42CC(C)C.C7(=O)[C@@H]%48CC(C)C.C%11(=O)[C@@H]%52CC(C)C.[C@H]%56(CC(C)C)C%21=O.[C@@H]%61(C%22=O)[C@@H](C)CC.[C@H]%63(CC(=O)O)C%25=O.[C@H]%64(CC(C)C)C%26=O.C6(=O)[C@@H]%47CO.C%35(=O)[C@@H]%49C%72.c1%72ccccc1.C8(=O)[C@@H]%49C%73.c1%73ccccc1.[C@H]%60(C%74)C%20=O.c1%74ccccc1.N1%27CCC[C@H]1%71.[C@H]%70(CO)C(=O)O.C%64(=O)[C@@H]%37C.C3(=O)C%43.C%10(=O)C%51.C%53C%15=O.C%28%71=O.N2%32.N%13%33.N%24%34.N%35%36.N%46%37.N%57%38.N%68%39.N%75%40.N%76%41.N3%42.N4%43.N5%44.N6%45.N7%47.N8%48.N9%49.N%10%50.N%11%51.N%12%52.N%14%53.N%15%54.N%16%55.N%17%56.N%18%58.N%19%59.N%20%60.N%21%61.N%22%62.N%23%63.N%25%64.N%26%65.N%28%66.N%29%67.N%30%69.N%31%70	CC(C)C[C@@H](C(=O)N[C@@H](CCCN=C(N)N)C(=O)N[C@@H](CCCCN)C(=O)N[C@@H](CO)C(=O)O)C(=O)[C@H](C)[C@@H](CCCCN)C(=O)C(=O)[C@H](Cc1ccccc1)[C@@H](CCCN=C(N)N)C(=O)C(=O)[C@@H](N)Cc1ccccc1.CC(C)C[C@H](N)C(=O)NCC(N)=O.CC(C)C[C@H](N)C(=O)N[C@@H](CCCCN)C(=O)N[C@@H](CCC(=O)O)C(N)=O.CC(C)C[C@H](N)C(=O)N[C@@H](CO)C(=O)N[C@@H](CCCCN)C(N)=O.CC(C)C[C@H](NC(=O)CN)C(N)=O.CC[C@H](C)[C@H](NC(=O)[C@H](CC(C)C)NC(=O)[C@H](CCC(N)=O)[C@@H](CCCN=C(N)N)C(=O)C(=O)CNC(=O)[C@@H](NC(=O)[C@H](CCCCN)NC(=O)[C@H](CCCCN)NC(=O)[C@@H](N)CC(=O)O)[C@@H](C)CC)C(N)=O.N.N.NC(=O)CC[C@H](N)C(N)=O.NC(=O)[C@@H](N)CC(=O)O.NCCCC[C@@H]1NC(=O)[C@@H]2CCCN2C1=O.NCCCC[C@H](N)C(=O)C(=O)[C@@H](N)CCC(N)=O.NCCCC[C@H]1C(=O)C(=O)[C@@H]1CCCN=C(N)N.O=C1N[C@H]1Cc1ccccc1
C%22(=O)[C@@H](N)CCCN=C(N)N.[C@H]%10(CCCN=C(N)N)C%24=O.[C@H]%13(CCCN=C(N)N)C%27=O.[C@H]%15(CCCN=C(N)N)C%28=O.[C@H]%18(CCCN=C(N)N)C(N)=O.C3(=O)[C@@H]8CCC(N)=O.c1%20c[nH]c2ccccc12.[C@H]%12(CCC(N)=O)C%26=O.c1%21c[nH]c2ccccc12.[C@H]%18(CCC(N)=O)C6=O.CC[C@H](C)[C@H]7C%23=O.[C@H]%16(CC%19)C4=O.C%14(=O)[C@@H]9C%20.[C@H]%17(C%21)C5=O.N37.N%148.N%229.N%23%10.N%24%11.N%25%12.N%26%13.N%27%15.N%28%16.S%19C.N5%17.N6%18	CC[C@H](C)[C@H](NC(=O)[C@H](CCC(N)=O)NC(=O)[C@H](Cc1c[nH]c2ccccc12)NC(=O)[C@@H](N)CCCN=C(N)N)C(=O)N[C@@H](CCCN=C(N)N)C(N)=O.CSCC[C@@H](C=O)NC(=O)[C@H](CCCN=C(N)N)NC(=O)[C@H](CCCN=C(N)N)NC(=O)[C@@H](N)CCC(N)=O.NC(=O)CC[C@@H](C(N)=O)[C@@H](CCCN=C(N)N)C(N)=O.O=C1N[C@H]1Cc1c[nH]c2ccccc12
C%25(=O)[C@@H]%12CCCN=C(N)N.C%35(=O)[C@@H]%13CCCN=C(N)N.C%37(=O)[C@@H]%17CCCN=C(N)N.[C@H]%24(CCCN=C(N)N)C(N)=O.c1%29c[nH]c2ccccc12.c1%30c[nH]c2ccccc12.c1%31c[nH]c2ccccc12.CC[C@H](C)[C@H]%11C8=O.c1%28ccc(O)cc1.C%36(=O)[C@@H]%16C(C)C.C%38(=O)[C@@H]%19[C@@H](C)O.C5(=O)[C@@H]%21C(C)C.c1%29ccc(O)cc1.c1%32ccc(O)cc1.c1%33ccc(O)cc1.[C@@H]1%26CCCN1%25.C%37(=O)[C@@H]%18C%28.C4(=O)[C@@H]%20C%30.C7(=O)[C@@H](N)C%31.[C@H]%22(C%32)C9=O.[C@H]%23(C%33)C%10=O.C%34(=O)[C@@H]%15C.C%14%26=O.C4%27=O.N3%11.N%14%12.N%35%13.N%36%15.N%37%16.N%38%17.N%39%18.N4%19.N5%20.N6%21.N8%22.N9%23.N%10%24	CC(C)[C@H](N)C(=O)N[C@@H](C)C=O.CC(C)[C@H](N)C(=O)N[C@@H](Cc1c[nH]c2ccccc12)C(=O)C=O.CC[C@H](C)[C@H](N)C(=O)N[C@@H](Cc1ccc(O)cc1)C(=O)N[C@@H](Cc1ccc(O)cc1)C(=O)N[C@@H](CCCN=C(N)N)C(N)=O.C[C@@H](O)[C@H](N)C(=O)N[C@@H](CCCN=C(N)N)C(=O)C(=O)[C@@H](N)Cc1ccc(O)cc1.NC(N)=NCCC[C@@H]1NC(=O)[C@@H]2CCCN2C1=O.NC(N)=NCCC[C@@H]1NC1=O.N[C@H](C=O)Cc1c[nH]c2ccccc12.Oc1ccc(-c2c[nH]c3ccccc23)cc1
c1%29c[nH]c2ccccc12.C%14(=O)[C@@H]%13CCCCN.c1%30c[nH]c2ccccc12.c1%31c[nH]c2ccccc12.c1%33c[nH]c2ccccc12.C4(=O)[C@@H]%21N)CCCCN.[C@H]%24(CCCCN)C9=O.c1%34c[nH]c2ccccc12.CC[C@H](C)[C@H]%11C6=O.C3(=O)[C@@H]%12CC(C)C.C%36(=O)[C@@H]%15CC(C)C.C%38(=O)[C@@H]%17CC(N)=O.[C@H]((CCC%27)C8=O.[C@H]%26(CC(C)C)C%10=O.c1%32ccc(O)cc1.[C@@H]1%28CCCN1%35.C%36(=O)[C@@H]%16C%29.C%37(=O)[C@@H]%18C%30.C%39(=O)[C@@H]%20C%31.C5(=O)[C@@H](N)C%32.[C@H]%26(C%33)C%10=O.[C@H]%27(C)C(=O)O.C3(=O)C%13.C%25%28=O.N3%11.N%14%12.N%25%13.N%36%15.N%37%16.N%38%17.N%39%18.N%40%19.N4%20.N5%21.N6%22.N7%23.N8%24.N9%26.N%10%27	INVALID
[C@@H]%20(CCCN=C(N)N)C%25=O.[C@@H]%29(CCCN=C(N)N)C4=O.[C@@H]%29(CCCN=C(N)N)C6=O.[C@@H]%40(CCCN=C(N)N)C%15=O.[C@@H]%43(CCCN=C(N)N)C(N)=O.C3(=O)[C@H](N)CCCCN.[C@H]%21(CCC(=O)O)C%47=O.[C@@H]%26(CCCCN)C%50=O.[C@@H]%33(CCCCN)C%10=O.c1%46c[nH]c2ccccc12.[C@@H]%38(CCCCN)C%13=O.c1%48c[nH]c2ccccc12.CC[C@@H](C)[C@@H]%19C%14=O.[C@@H]%28(CC(C)C)C4=O.[C@H]%31(C8=O)[C@H](C)CC.[C@H]%32(C8=O)[C@H](C)CC.[C@@H]%31(CO)C7=O.N19CCC[C@@H]1%44.[C@@H]%35(CO)C%12=O.[C@@H]%37(C%46)C%16=O.[C@@H]%42(C%48)C%18=O.[C@H]%20(C)C%36=O.[C@H]%22(C)C%36=O.[C@H]%27(C)C%51=O.[C@@H]%30(C)C5=O.c1%45cnc[nH]1.C%41C%17=O.C%10%44=O.N3%19.N%14%20.N%25%21.N%36%22.N%47%23.N%49%24.N%50%26.N%51%27.N%52%28.N4%29.N5%30.N6%31.N7%32.N8%33.N%10%34.N%11%35.N%12%37.N%13%38.N%15%39.N%16%40.N%17%41.N%18%42.N%18%43	CC(C)C[C@@H](N)C(=O)C(=O)[C@@H](CCCN=C(N)N)[C@H](CCCN=C(N)N)C(N)=O.CC[C@@H](C)[C@@H](NC(=O)[C@H](N)CCCCN)C(N)=O.CC[C@@H](C)[C@@H]1C(=O)C(=O)[C@@H]([C@H](C)CC)NC(=O)[C@H]1CO.C[C@@H]1NC1=O.C[C@H](N)C(=O)C(=O)[C@H](C)[C@H](CCCN=C(N)N)C(=O)N[C@@H](CCC(=O)O)C(N)=O.C[C@H]1NC1=O.N.N.N.NC(=O)[C@@H](CCCN=C(N)N)NC(=O)[C@@H](Cc1c[nH]c2ccccc12)NC(=O)[C@H](N)CO.NC(=O)[C@H](N)CCCN=C(N)N.NCCCC[C@@H](N)C(=O)C(=O)[C@H]1CCCN1.NCCCC[C@H]1NC1=O.NCCCC[C@H]1NC1=O.O=C1CN1.O=C1N[C@@H]1Cc1c[nH]c2ccccc12.c1c[nH]cn1
C%57(=O)[C@@H]%39CCCN=C(N)N.[C@H]%53(CCCN=C(N)N)C%15=O.[C@H]%55(CCCN=C(N)N)C%17=O.[C@H]%64(CCCN=C(N)N)C%26=O.[C@H]%66(CCCN=C(N)N)C%28=O.C2(=O)[C@@H]%34CCCCN.C%13(=O)[C@@H]%36CCC(=O)O.C%24(=O)[C@@H]%36CCCCN.C%46(=O)[C@@H]%38CCCCN.[C@H]%49(CCCCN)C%10=O.[C@H]%50(CCC(=O)O)C%11=O.[C@H]%52(CCCCN)C%14=O.[C@H]%54(CCC(N)=O)C%16=O.[C@H]%59(CCCCN)C%21=O.[C@H]%71(CCCCN)C%31=O.CC[C@H](C)[C@H]%33C9=O.C%82(=O)[C@@H]%44CC(=O)O.C4(=O)[C@@H]%44CC(C)C.C5(=O)[C@@H]%47CC(C)C.[C@@H]%61(C%14=O)[C@@H](C)CC.C%35(=O)[C@@H]%37C(C)C.C6(=O)[C@@H]%47C(C)C.[C@@H]%60(C%20=O)C(C)C.[C@@H]%61(C%22=O)C(C)C.[C@@H]%64(C%25=O)C(C)C.[C@@H]%71(C%29=O)C(C)C.[C@@H]1%73CCCN1%46.C%68(=O)[C@@H]%39C%75.c1%75ccccc1.C%79(=O)[C@@H]%42C%76.c1%76ccccc1.C7(=O)[C@@H]%48C%77.c1%77ccccc1.C8(=O)[C@@H](N)C%78.c1%78ccccc1.[C@H]%51(C%80)C%12=O.c1%80ccccc1.[C@H]%63(CO)C%23=O.[C@H]%72(CO)C(=O)O.C6(=O)C%43.C4(=O)C%45.C7(=O)C%49.C%48C9=O.C%46%73=O.N2%32.N%13%33.N%24%34.N%35%36.N%46%37.N%57%38.N%68%39.N%79%40.N%82%41.N3%42.N4%43.N5%44.N6%45.N7%47.N8%48.N9%49.N%10%50.N%11%51.N%12%52.N%14%53.N%15%54.N%16%55.N%17%56.N%18%58.N%19%59.N%20%60.N%21%61.N%22%62.N%23%63.N%25%64.N%26%65.N%27%66.N%28%67.N%29%69.N%30%70.N%31%71.N%32%72	CC(C)C[C@@H](C(=O)C(=O)CN)[C@@H](CC(=O)O)C(N)=O.CC(C)C[C@@H](C(N)=O)[C@H](C(=O)C(=O)CN)C(C)C.CC(C)[C@@H](C(N)=O)[C@@H](CCCCN)C(N)=O.CC(C)[C@@H](C(N)=O)[C@@H](CCCN=C(N)N)C(N)=O.CC(C)[C@@H]1NC1=O.CC(C)[C@H](NC(=O)[C@@H]1CCCN1C(=O)[C@H](CCCCN)NC(=O)[C@H](CCCN=C(N)N)[C@@H](Cc1ccccc1)C(N)=O)C(N)=O.CC[C@H](C)[C@@H](C(=O)C(=O)[C@H](CCCCN)NC(=O)[C@H](Cc1ccccc1)NC(=O)[C@H](CCC(=O)O)NC(=O)[C@H](CCCCN)CC(=O)C(=O)[C@@H](CC(=O)C(=O)[C@@H](NC(=O)[C@H](CCC(=O)O)[C@@H](CCCCN)C(=O)N[C@@H](CCCCN)C(=O)NN[C@@H](CO)C(=O)O)[C@@H](C)CC)Cc1ccccc1)[C@H](C(N)=O)C(C)C.N.N.N.N.NC(=O)CC[C@H](NC(=O)[C@@H](N)CCCN=C(N)N)C(=O)N[C@@H](CCCN=C(N)N)C(N)=O.NC(=O)[C@@H](N)CCCN=C(N)N.NC(=O)[C@@H](N)Cc1ccccc1.NC(=O)[C@@H](N)Cc1ccccc1.NCCCC[C@H](N)C(N)=O.O=C1N[C@H]1CO
[C@@H]1%53NC(=O)[C@H]%54NC(=O)[C@@H]%51CSSC[C@@H]%52NC(=O)[C@H]%55NC(=O)[C@H]%56NC(=O)[C@H]%57NC1=O.C3(=O)[C@@H]%23CCCCN.C6(=O)[C@@H]%34CCCCN.C%10(=O)[C@@H]%37CCCCN.C%10(=O)[C@@H]%38CCCCN.[C@H]%45(CCC(=O)O)C%21=O.[C@H]%48(CCCCN)C%22=O.C%14(=O)[C@@H]%24CC(C)C.C%47(=O)[C@@H]%27CC(C)C.C%47(=O)[C@@H]%27CC(C)C.C4(=O)[C@@H]%31CC(C)C.C5(=O)[C@@H]%32CC(=O)O.C%20(=O)[C@@H]%49[C@@H](C)CC.C%58(=O)[C@@H]%28C(C)C.C%17(=O)[C@@H]%39C(C)C.C%19(=O)[C@@H]%46CC%50.c1%63ccc(O)cc1.[C@@H]1%51CCCN1%14.[C@@H]1%53CCCN1%25.C5(=O)[C@@H]%33C%60.c1%60ccccc1.C%11(=O)[C@@H]%40CO.C%15(=O)[C@@H]%42C%61.c1%61ccccc1.C%16(=O)[C@@H]%44C%62.c1%62ccccc1.C%21(=O)[C@@H](N)C%64.C%71(=O)[C@@H]%35C.C%12(=O)[C@@H]%40C.C%54CC(N)=O.C%59CCCN.CC[C@@H]%53C.C%58(=O)C%30.C8(=O)C%35.C9(=O)C%39.C%13(=O)C%42.C%55C(N)=O.C%49C(=O)O.C%61%51=O.C%52(=O)O.N3%50.N%14%23.N%25%24.N%36%26.N%58%26.N%64%27.N%65%28.N%66%29.N4%30.N5%31.N6%32.N7%33.N8%34.N9%35.N%10%37.N%11%38.N%12%39.N%13%40.N%15%41.N%16%42.N%17%43.N%18%44.N%19%45.N%20%46.N%21%48.N%22%49.C%63O	C=O.CC(C)C[C@@H]1NN2CCC[C@H]2[C@@H]2NC(=O)[C@H](CCC(N)=O)NC(=O)[C@H](CSSC[C@@H](C(=O)O)NC(=O)[C@H](CC(N)=O)NC(=O)CNC(=O)CNC2=O)[C@@H]2CCCN2C1=O.CC(C)C[C@H](N)C(=O)NCC(=O)C(=O)[C@@H](N)C(C)C.CC(C)C[C@H]1C(=O)C(=O)[C@@H]1CC(C)C.CC(C)[C@H](CC(N)=O)C(N)=O.CCCC.CCCCN.CC[C@H](C)[C@H](CC(=O)O)C(=O)N[C@@H](CCNC(=O)[C@@H](N)CCCCN)C(=O)N[C@@H](CCC(=O)O)C(=O)C(=O)[C@@H](N)CN.C[C@@H](C(N)=O)[C@@H](CO)C(=O)N[C@@H](CCCCN)C(=O)C(=O)[C@@H](N)CCCCN.C[C@@H](C=O)CC(=O)N[C@@H](CCCCN)C(=O)N[C@@H](CC(=O)O)C(=O)C(=O)[C@@H](N)Cc1ccccc1.N.NC(=O)C[C@@H](Cc1ccccc1)C(N)=O.NC(=O)[C@@H](N)Cc1ccccc1.NCCCC[C@H](N)C(N)=O.NN.OCc1ccc(O)cc1
[C@H]%22(CCCN=C(N)N)C(N)=O.[C@H]%10(CCCCN)C%26=O.[C@H]%14(CCCCN)C%29=O.[C@H]%15(CCCCN)C%30=O.[C@H]%19(CCCCN)C5=O.[C@H]8(CC(C)C)C%13=O.[C@H]%12(CC(C)C)C%28=O.[C@H]%16(CC(C)C)C%30=O.[C@@H]%17(C4=O)[C@@H](C)CC.[C@H]%18(CC(N)=O)C4=O.[C@H]%20(CC(C)C)C6=O.CCC[C@H](N)C2=O.c1%23ccc(O)cc1.c1%25ccc(O)cc1.[C@H]9(C%23)C%24=O.[C@H]%11(C)C%27=O.C%21C7=O.N28.N%139.N%24%10.N%26%11.N%27%12.N%28%14.N%29%15.N%30%16.N%31%17.N3%18.N4%19.N5%20.N6%21.N7%22	CC(C)C[C@H](NC(=O)[C@@H](N)CCCCN)C(=O)NCC(=O)N[C@@H](CCCN=C(N)N)C(N)=O.CCC[C@H](N)C(=O)N[C@@H](CC(C)C)C(=O)N[C@@H](Cc1ccc(O)cc1)C(=O)N[C@@H](CCCCN)C(=O)N[C@@H](C)C(=O)N[C@@H](CC(C)C)C(=O)N[C@@H](CCCCN)C(=O)N[C@@H](CCCCN)C(=O)C(=O)[C@@H](N)CC(C)C.CC[C@H](C)[C@H](N)C(=O)C(=O)[C@@H](N)CC(N)=O.Oc1ccccc1
C3(=O)[C@@H]6CCCN=C(N)N.C%19(=O)[C@@H](N)CCCN=C(N)N.[C@H]%13(CCCN=C(N)N)C4=O.[C@H]%15(CCCN=C(N)N)C(N)=O.C%14(=O)[C@@H]7CCCCN.[C@H]%10(CCCCN)C%21=O.[C@H]%11(CCCCN)C%22=O.c1%16c[nH]c2ccccc12.CC[C@H](C)[C@H]5C%20=O.C%18(=O)[C@@H]9[C@@H](C)CC.C%17(=O)[C@@H]8C(C)C.[C@H]%12(C%16)C%23=O.N35.N%146.N%177.N%188.N%199.N%20%10.N%21%11.N%22%12.N%23%13.N4%15	CC[C@H](C)[C@H](NC(=O)[C@H](CCCN=C(N)N)NC(=O)[C@H](CCCCN)NC(=O)[C@@H](NC(=O)[C@@H](NC(=O)[C@@H](N)CCCN=C(N)N)[C@@H](C)CC)C(C)C)C(=O)N[C@@H](CCCCN)C(=O)N[C@@H](CCCCN)C(=O)N[C@@H](Cc1c[nH]c2ccccc12)C(=O)N[C@@H](CCCN=C(N)N)C(=O)N[C@@H](CCCN=C(N)N)C(N)=O
[C@@H]13NC(=O)[C@H]4NC(=O)[C@@H]2CCCN2C(=O)[C@H]5NC(=O)[C@@H]2CCCN2C(=O)[C@H]6NC(=O)[C@@H]2CCCN2C1=O.c18ccc(O)cc1.c17ccccc1.CC[C@@H]3C.C5C(C)C.C47.C68	CC[C@H](C)[C@@H]1NC(=O)[C@H](Cc2ccccc2)NC(=O)[C@@H]2CCCN2C(=O)[C@H](CC(C)C)NC(=O)[C@@H]2CCCN2C(=O)[C@H](Cc2ccc(O)cc2)NC(=O)[C@@H]2CCCN2C1=O
c1%65c[nH]c2ccccc12.C%25(=O)[C@@H]%29CCCCN.C6(=O)[C@@H]%39CCCCN.C%10(=O)[C@@H]%43CCCCN.c1%66c[nH]c2ccccc12.CC[C@H](C)[C@H]%26C%22=O.C%36(=O)[C@@H]%30CC(N)=O.C%47(=O)[C@@H]%31[C@@H](C)CC.C%70(=O)[C@@H]%34[C@@H](C)CC.C4(=O)[C@@H]%37[C@@H](C)CC.C7(=O)[C@@H]%41CC(C)C.C%13(=O)[C@@H]%44CCC%45.C%11(=O)[C@@H]%48[C@@H](C)CC.C%13(=O)[C@@H]%49CC(N)=O.C%17(=O)[C@@H]%50CCC%51.C%20(=O)[C@@H](N)CCC%52.[C@H]%56(CCC%57)C%23=O.[C@H]%60(CC(C)C)C(=O)O.C3(=O)[C@@H]%27CC%61.C%25(=O)[C@@H]%32CC%62.C5(=O)[C@@H]%38[C@@H](C)O.C%15(=O)[C@@H]%46[C@@H](C)O.c1%67ccc(O)cc1.C%14(=O)[C@@H]%29C%63.C%69(=O)[C@@H]%35C%64.[C@@H]1%63CCCN18.C8(=O)[C@@H]%43C%65.C%16(=O)[C@@H]%54C%66.c1%66ccccc1.[C@@H]1%64CCCN1%18.[C@H]%59(C%67)C%24=O.c1%64cnc[nH]1.C9(=O)[C@@H]%42C.C%12(=O)[C@@H]%52C.N%45C(=N)N.N%49C(=N)N.N%51C(=N)N.N%57C(=N)N.N%61C(=N)N.C9%63=O.N3%26.N%14%27.N%25%28.S%62C.N%36%30.N%47%31.N%58%32.N%68%33.N%69%34.N%70%35.N4%37.N5%38.N6%39.N6%40.N7%41.N9%42.N%10%43.N%11%44.N%12%44.N%13%46.N%15%48.N%16%50.N%17%50.N%19%53.N%20%54.N%21%55.N%22%56.N%23%59.N%24%60	CC(C)C[C@@H]1NC1=O.CC[C@H](C)[C@@H]1NC(=O)[C@H](C[C@@H]2CCCN2)NC1=O.CC[C@H](C)[C@@H]1NC1=O.CC[C@H](C)[C@@H]1NC1=O.CC[C@H](C)[C@H](NC(=O)[C@@H](N)[C@@H](C)O)C(=O)N[C@@H](CCCNC(=N)N)C(=O)C(=O)[C@H](CC(N)=O)NC(=N)N.CC[C@H](C)[C@H](NC(=O)[C@H](CCNC(=N)N)NC(=O)[C@H](C[C@@H]1CCCN1C(=O)[C@H](Cc1c[nH]c2ccccc12)[C@@H](CCCCN)C(N)=O)[C@@H](CCCCN)C(=O)C(=O)[C@@H](N)CCSC)C(=O)N[C@@H](CCCNC(=N)N)C(=O)N[C@@H](Cc1ccc(O)cc1)C(=O)N[C@@H](CC(C)C)C(=O)O.C[C@@H](O)[C@@H]1NC1=O.C[C@H](CCC[C@H](N)C(=O)N[C@@H](Cc1c[nH]c2ccccc12)C(=O)N[C@@H](CCCNC(=N)N)C(N)=O)C(N)=O.C[C@H](N)C(=O)C=O.N.N.N.N.N.NC(=O)C[C@@H]1NC1=O.NCCCC[C@@H]1NC1=O.c1c[nH]cn1.c1ccccc1
c1%85c[nH]c2ccccc12.C%36(=O)[C@@H]%40CCCCN.C%47(=O)[C@@H]%44CCCCN.C7(=O)[C@@H]%49CCCCN.C%18(=O)[C@@H](N)CCCCN.[C@H]%61(CCCCN)C%20=O.[C@H]%64(CCC(N)=O)C%18=O.[C@H]%68(CCC(N)=O)C%32=O.[C@H]%77(CCC(=O)O)C(=O)O.[C@H]%76(CCC(=O)O)C%35=O.C%14(=O)[C@@H]%37CCC%38.C%25(=O)[C@@H]%41CCC%42.C%47(=O)[C@@H]%43CC(C)C.C4(=O)[C@@H]%45[C@@H](C)CC.C7(=O)[C@@H]%50CCC%51.C%15(=O)[C@@H]%54[C@@H](C)CC.C%16(=O)[C@@H]%59[C@@H](C)CC.[C@H]%67(CCC%68)C%26=O.[C@H]%70(CC(N)=O)C%29=O.[C@H]%72(CC(N)=O)C%31=O.[C@H]%73(CC(N)=O)C%33=O.C%78C[C@H]%35C%19=O.C3(=O)[C@@H]%30C(C)C.[C@@H]%62(C%20=O)C(C)C.[C@H]%67(CC%79)C%24=O.[C@H]%71(CC%81)C%27=O.[C@H]%71(CC%81)C%30=O.c1%87ccc(O)cc1.C8(=O)[C@@H]%53C%83.[C@@H]1%82CCCN1%16.C%11(=O)[C@@H]%55C%84.[C@H]%60(C%85)C%17=O.[C@H]%70(C%86)C%23=O.c1%86ccccc1.[C@H]%72(C%87)C%32=O.[C@H]%76(C%89)C(=O)O.C6(=O)[C@@H]%50C.c1%83c[nH]cn1.c1%84c[nH]cn1.C%82CCCN.C%47(=O)C%39.C5(=O)C%46.C5(=O)C%48.C8(=O)C%51.C%12(=O)C%55.N%63C(=N)N.C%75C%28=O.C%10(C)=O.C4%82=O.CS%78.N3%35.N%14%37.N%25%38.N%36%39.N%47%40.N%58%41.N%69%42.N%80%43.N%88%44.N4%45.N6%46.N7%48.N8%49.N9%50.N%10%52.N%11%52.N%12%53.N%13%54.N%15%55.N%16%56.N%17%57.N%18%59.N%19%60.N%20%61.N%21%63.N%22%64.N%23%65.N%24%66.N%25%67.N%26%70.N%27%71.N%28%72.N%29%73.N%30%74.N%31%74.N%32%75.N%33%76.N%34%77	CC(=O)NNC(=O)[C@@H](CC(=O)N[C@@H](Cc1c[nH]cn1)C(=O)C(=O)CCCC[C@@H](C(=O)C(=O)[C@@H](N)CCCCN)[C@@H](C)C(=O)NCC(=O)C(=O)CN)Cc1c[nH]cn1.CC(C)CC(=O)C(=O)[C@@H](N)CCCCN.CC(C)C[C@H](N)C(=O)C(=O)[C@@H](N)CCCCN.CC(C)[C@@H](C(N)=O)C(=O)[C@@H]1CCCC[C@H]1C(N)=O.CC[C@@H](C(N)=O)[C@@H](CCC[C@@H](CCC(N)=O)C(=O)C(=O)[C@H](Cc1ccc(O)cc1)[C@@H](CC(N)=O)C(=O)NN)C(N)=O.CC[C@H](C)[C@H](N)C(=O)C=O.CC[C@H](C)[C@H](N)C(=O)N1CCC[C@H]1CCCCN.CC[C@H](C)[C@H](N)C(N)=O.CSCC[C@@H](C(=O)N[C@@H](Cc1c[nH]c2ccccc12)C(N)=O)C(=O)[C@H](CCC(=O)O)[C@@H](C)C(=O)O.N.N.N.N=C(N)NN.NC(=O)C[C@H](NC(=O)[C@H](CC(N)=O)[C@@H](Cc1ccccc1)C(N)=O)C(N)=O.NCC(N)=O.NCCCC[C@@H]1NC(=O)CNC1=O.NCCCC[C@H](N)C(=O)C(=O)[C@@H](N)CCC(N)=O.NCCC[C@H](N)C(=O)NCCC[C@@H]1NC1=O.N[C@@H](CCC(=O)O)C(=O)O
C1(=O)[C@@H]2CCCN=C(N)N.C%10(=O)[C@@H]3CCCN=C(N)N.[C@H]6(CCCN=C(N)N)C%14=O.[C@H]8(CCCN=C(N)N)C(N)=O.[C@H]7(CCCCN)C%15=O.CC[C@H](C)[C@H]%16C%11=O.[C@@H]5(C%12=O)[C@@H](C)CC.[C@H]4(CC9)C%13=O.C%12(=O)[C@H](C)N.N1%16.N92.N%103.N%114.N%125.N%136.S%10C.N%158	CC[C@H](C)[C@@H]1NC(=O)[C@H](CCCN=C(N)N)NCC[C@@H](C(=O)N[C@H](C=O)CCCN=C(N)N)NC1=O.CC[C@H](C)[C@H](N)C(=O)C(=O)[C@H](C)N.CS.NC(N)=NCCC[C@@H]1NC1=O.NCCCCCC(=O)N[C@@H](CCCN=C(N)N)C(N)=O
C%13(=O)[C@@H]%12CCCN=C(N)N.[C@H]%19(CCCN=C(N)N)C6=O.[C@H]%21(CCCN=C(N)N)CN=O.C%33(=O)[C@@H]%15CCCCN.CC[C@H](C)[C@H]%11C%37=O.C%35(=O)[C@@H]%16CC(N)=O.[C@H]%18(CC(N)=O)C5=O.c1%31ccc(O)cc1.C%36(=O)[C@@H](N)C(C)C.c1%32ccc(O)cc1.[C@@H]1%23CCCN1%13.[C@@H]1%25CCCN1%34.C%34(=O)[C@@H]%14C%30.N1%37CCC[C@H]1%26.N13CCC[C@H]1%27.N15CCC[C@H]1%28.N16CCC[C@H]1%29.[C@H]%20(C%31)C8=O.[C@H][C@H](C%32)C(=O.[C@H]%17(C)C3=O.C%22C(=O)O.C2%23=O.C%38%25=O.C4%26=O.C6%27=O.C7%28=O.C9%29=O.N2%11.N%24%12.N%33%14.N%34%15.N%35%16.N%36%17.N%38%18.N4%19.N7%20.N9%21.N%10%22	INVALID
C%18(=O)[C@@H](N)CCCCN.[C@H]9(CCCCN)C%22=O.[C@H]%11(CCCCN)C3=O.C%17(=O)[C@@H]6[C@@H](O)CN.[C@@H]7(CCCN)C%20=O.C2(=O)[C@@H]5CO.[C@@H]1%14CCCN1%17.[C@H]8(C%16)C%21=O.C[C@H]4C%19=O.c1%16cnc[nH]1.C%12CCCN.C2(=O)C6.C=%15CC%10.N%10C(=N)N.C%13%14=O.N24.N%135.N%186.N%197.N%208.N%219.N%23%11.N3%12	C=CCCNC(=N)N.C[C@H](N)C(=O)N[C@H](CCCN)C(=O)N[C@@H](Cc1cnc[nH]1)C(=O)N[C@H](C=O)CCCCN.NCCCCNC(=O)[C@@H](N)CCCCN.NCCCC[C@H](N)C(N)=O.NC[C@H](O)[C@@H]1CC(=O)C(=O)[C@H](CO)NC(=O)[C@@H]2CCCN2C1=O
[C@H]9(CCCN=C(N)N)C%24=O.[C@H]%12(CCCN=C(N)N)C%27=O.c1%22c[nH]c2ccccc12.CC[C@H](C)[C@H](N)C3=O.[C@H]%10(CC(N)=O)C%25=O.[C@@H]%12(C%28=O)[C@@H](C)CC.[C@H]%13(CC(N)=O)C%29=O.[C@@H]8(C%23=O)C(C)C.[C@@H]%18(C6=O)C(C)C.[C@H]%11(C%20)C%26=O.[C@H]%15(C%21)C%30=O.c1%21ccccc1.[C@H]%16(C%22)C4=O.[C@H]%17(CO)C5=O.[C@H]%19(CO)C(=O)O.c1%20cnc[nH]1.N37.N%148.N%239.N%24%10.N%25%11.N%26%12.N%27%13.N%28%15.N%29%16.N4%17.N5%18.N6%19	CC(C)[C@H](N)C(=O)N[C@@H](CCCN=C(N)N)C(=O)N[C@@H](CC(N)=O)C(=O)N[C@@H](Cc1cnc[nH]1)C(N)=O.CC[C@H](C)[C@@H](C(=O)N[C@H](C=O)Cc1ccccc1)[C@@H](CCCN=C(N)N)C(=O)N[C@@H](CC(N)=O)C(=O)N[C@@H](Cc1c[nH]c2ccccc12)C(=O)N[C@@H](CO)C(=O)N[C@H](C(=O)N[C@@H](CO)C(=O)O)C(C)C.CC[C@H](C)[C@H](N)C(N)=O
C2(=O)[C@@H]%11CCCN=C(N)N.C6(=O)[C@@H]%17CCCN=C(N)N.C7(=O)[C@@H]%19CCCN=C(N)N.CC[C@H](C)[C@H]%10C(=O)O.C%24(=O)[C@@H]%12CC(C)C.C%32(=O)[C@@H]%15CC(C)C.C9(=O)[C@@H]%21[C@@H](C)CC.C3(=O)[C@@H]%16C(C)C.[C@@H]1%20CCCN1%24.[C@@H]1%21CCCN1%32.C%32(=O)[C@@H]%14C%28.[C@@H]1%22CCCN1%32.[C@@H]1%23CCCN1%34.[C@@H]1%25CCCN1%35.[C@@H]1%26CCCN13.C4(=O)[C@@H]%18C%29.[C@@H]1%27CCCN17.c1%29cnc[nH]1.C%10(=O)CN.C%13%20=O.C%31%21=O.C%31%22=O.C%33%23=O.C%35%25=O.C3%26=O.C5%27=O.C8%28=O.N2%11.N%13%12.N%31%14.N%33%15.N5%16.N6%17.N8%18.N9%19	CC(C)C[C@@H]1NC(=O)[C@@H]2CCCN2C1=O.CC[C@H](C)[C@@H](C(=O)N[C@@H](CCCN=C(N)N)C(=O)N1CCC[C@H]1C(=O)N[C@H](C(=O)N1CCC[C@H]1C=O)C(C)C)[C@@H]1CCCN1C(=O)[C@H](CC(C)C)NC(=O)[C@@H]1CCCN1.CC[C@H](C)[C@@H](C(=O)O)C(=O)CN.NC(N)=NCCC[C@@H]1NC1=O.NC(N)=NCCC[C@@H]1NC1=O.N[C@@H](CC(=O)N[C@H](C=O)Cc1cnc[nH]1)C(=O)N1CCC[C@H]1C(=O)C=O.O=C1[C@@H]2CCCN12
NCCCC[C@H]4C(=O)O.C2(=O)[C@@H]6[C@H]2CCN.C4(CO)C(C)N.CC2=O.CC7=O.N35.N46	CC(N)C(CO)[C@@H](CCCCN)C(=O)O.CC=O.CC=O.N.NCC[C@H]1C(=O)[C@H]1N
C9(=O)[C@@H]3CCCCN.C%10(=O)[C@@H]3CCCCN.C%13(=O)[C@@H](N)CCCCN.[C@H]5(CCCCN)C(=O)O.CC(C)[C@H]%15C%14=O.C2(=O)[C@@H]%16C8.[C@@H]17CCCN1%13.c18cnc[nH]1.C6CCCN.C%11(=O)C4.C%127=O.N2%15.N9%16.N%103.N%114.N%125.N%146	CC(C)[C@H](NC(=O)[C@H](Cc1cnc[nH]1)NC(=O)[C@H](CCCCN)[C@@H](CCCCN)C(N)=O)C(=O)NCCCCN.NCCCC[C@H](NC(=O)[C@@H]1CCCN1C(=O)[C@@H](N)CCCCN)C(=O)O.O=C1CN1
[C@@H]13NC(=O)[C@H]9NC(=O)[C@H]%10NC(=O)[C@@H]2CCCN2C(=O)[C@H]2CCCN2C(=O)[C@H]%10NC(=O)[C@H]%11NC(=O)[C@H]%12NC(=O)[C@H]%13NC(=O)[C@H]%14NC(=O)[C@H]%15NC(=O)[C@H]4NC(=O)[C@H]5NC(=O)[C@H]6NC1=O.C8CCN=C(N)N.C%15CCN=C(N)N.C%16CCN=C(N)N.c17ccccc1.C%10CCCN.C%12CCCN.C%13CCCN.C5CCCN.C6CCCN.CC(C)C3.[C@H]9(C)O.C97.C%148	CC(C)C[C@@H]1NC(=O)[C@H]([C@@H](C)O)NC(=O)[C@H]2NC(=O)[C@@H]3CCCN3C(=O)[C@H]3CCCN3C(=O)[C@H]2NC(=O)CNC(=O)[C@H](CCCCN)NC(=O)[C@H](CCCCN)NC(=O)[C@H](CCCCN=C(N)N)NC(=O)[C@H](CCCN=C(N)N)NC(=O)CNC(=O)[C@H](CCCCN)NC(=O)[C@H](CCCCN)NC1=O.CCCCN.CCCN=C(N)N.Cc1ccccc1
C2(=O)[C@@H]4CCCCN.C%22(=O)[C@@H](N)CCCCN.C%18(=O)[C@H]7CCCN.C%21(=O)[C@@H]%10[C@@H](O)CN.C2(=O)C=%15N%13.C%13(=O)[C@@H]5C%15.[C@@H]1%12CCCN1%17.C%20(=O)[C@@H]9C.c1%15cnc[nH]1.C%11CCN.N=C(N)N3.C3CC=%12.C%19(=O)C8.C%16%14=O.N24.N%165.N%186.N%197.N%208.N%219.N%22%10.N3%11	INVALID
C3(=O)[C@@H]6CCCN=C(N)N.C%14(=O)[C@@H]7CCCN=C(N)N.C%19(=O)[C@@H](N)CCCN=C(N)N.[C@H]%15(CCCN=C(N)N)C(N)=O.C%18(=O)[C@@H]9CCC(N)=O.[C@H]%10(CCCCN)C%21=O.[C@H]%13(CCCCN)C4=O.c1%16c[nH]c2ccccc12.CC[C@H](C)[C@H]5C%20=O.C%17(=O)[C@@H]8C(C)C.[C@@H]%11(C%22=O)C(C)C.[C@H]%12(C%16)C%23=O.N35.N%146.N%177.N%188.N%199.N%20%10.N%21%11.N%22%12.N%23%13.N4%15	CC[C@H](C)[C@H](NC(=O)[C@H](CCCN=C(N)N)NC(=O)[C@H](CCCN=C(N)N)NC(=O)[C@@H](NC(=O)[C@H](CCC(N)=O)NC(=O)[C@@H](N)CCCN=C(N)N)C(C)C)C(=O)N[C@@H](CCCCN)C(=O)N[C@H](C(=O)N[C@@H](Cc1c[nH]c2ccccc12)C(=O)N[C@@H](CCCCN)C(=O)N[C@@H](CCCN=C(N)N)C(N)=O)C(C)C
C%14(=O)[C@@H]6CCCN=C(N)N.[C@H]%11(CCCN=C(N)N)C(N)=O.C%18(=O)[C@@H]8CCC(N)=O.C%19(=O)[C@@H](N)CCCCN.[C@H]%10(CCCCN)C%22=O.c1%15c[nH]c2ccccc12.CC[C@H](C)[C@H]4C%20=O.C3(=O)[C@@H]5[C@@H](C)CC.C%17(=O)[C@@H]7C%13.C%18(=O)[C@@H]8C%15.[C@H]%12(C%16)C(N)=O.c1%16ccccc1.C9C%21=O.N34.N%145.N%176.N%187.N%198.N%209.N%21%10.N%22%11.N%23%12	CC[C@H](C)[C@H](NC(=O)[C@H](CCCN=C(N)N)NC(=O)[C@H](C)N)C(=O)N[C@H](C(=O)NCC(=O)N[C@@H](CCCCN)C(=O)N[C@@H](CCCN=C(N)N)C(N)=O)[C@@H](C)CC.NC(=O)CC[C@H]1C(=O)C(=O)[C@@H]1Cc1c[nH]c2ccccc12.NC(=O)[C@@H](N)Cc1ccccc1.NCCCC[C@H](N)C(N)=O
[C@@H]13NC(=O)[C@H](C)NC(=O)[C@H]5NC(=O)[C@H]6NC(=O)C(=O)[C@H]2CCCN2C1=O.c17ccccc1.CC(C)C3.[C@H]4(C)O.C57.C68	CC(C)C[C@@H]1NC(=O)[C@H](C)NC(=O)[C@H](Cc2ccccc2)NC(=O)[C@H](C)NC(=O)C(=O)[C@H]2CCCN2C1=O.CCO
[C@H]%24(CCCN=C(N)N)C9=O.c1%29c[nH]c2ccccc12.c1%30c[nH]c2ccccc12.c1%31c[nH]c2ccccc12.[C@H]%15(CCCCN)C%36=O.c1%33c[nH]c2ccccc12.c1%34c[nH]c2ccccc12.[C@H]%18(CCCN)C%39=O.[C@H]%18(CC(C)C)C%40=O.[C@H]%20(CC(C)C)C4=O.[C@H]%21(CC(C)C)C5=O.[C@H]%26(CC(N)=O)C8=O.CCCCCC3=O.c1%32ccc(O)cc1.[C@@H]%27(C%10=O)[C@@H](C)O.[C@H]%11(C%29)C%14=O.[C@H]%12(C%30)C%25=O.[C@H]%16(C%31)C%37=O.[C@H]%19(C%32)C%39=O.[C@H]%23(C%33)C7=O.[C@H]%28(C%34)C(=O)O.[C@H]%13(C)C%35=O.C%17C%38=O.N3%11.N%14%12.N%25%13.N%35%15.N%36%16.N%37%17.N%38%18.N%39%19.N%40%20.N4%21.N5%22.N6%23.N7%24.N8%26.N9%27.N%10%28	CC(C)C[C@H](NC(=O)[C@H](CC(C)C)NC(=O)[C@H](CC(C)C)[C@@H](CCCN)C(=O)C(=O)[C@@H](N)Cc1ccc(O)cc1)C(N)=O.CCCCCC(=O)N[C@@H](Cc1c[nH]c2ccccc12)C(=O)N[C@@H](Cc1c[nH]c2ccccc12)C(=O)N[C@@H](C)C(=O)N[C@@H](CCCCN)C(=O)N[C@@H](Cc1c[nH]c2ccccc12)C(=O)NCC(N)=O.C[C@@H](O)[C@H](NC(=O)[C@H](CCCN=C(N)N)NC(=O)[C@@H](N)Cc1c[nH]c2ccccc12)C(=O)N[C@@H](Cc1c[nH]c2ccccc12)C(=O)O.NC(=O)C[C@@H]1NC1=O
C%14(=O)[C@@H]6CCCN=C(N)N.[C@H]%10(CCCN=C(N)N)C%22=O.C%16(=O)[C@@H]7CCC(N)=O.c1%13c[nH]c2ccccc12.c1%15c[nH]c2ccccc12.CC[C@H](C)[C@H]4C%20=O.C3(=O)[C@@H]5CC(N)=O.C%18(=O)[C@@H]8CC(C)C.[C@H]%12(CC(C)C)C(N)=O.C%17(=O)[C@@H]9C%13.C%19(=O)[C@@H](N)CO.[C@H]%11(C%15)C%21=O.N34.N%145.N%166.N%177.N%188.N%199.N%20%10.N%21%11.N%22%12	CC(C)C[C@@H]1NC1=O.CC[C@H](C)[C@H](NC(=O)[C@H](CC(N)=O)NC(=O)[C@H](CCCN=C(N)N)NC(=O)[C@H](CCC(N)=O)NC(=O)[C@H](Cc1c[nH]c2ccccc12)NC(=O)[C@@H](N)CO)C(=O)N[C@@H](CCCN=C(N)N)C(=O)N[C@@H](CC(C)C)C(N)=O.O=C1N[C@H]1Cc1c[nH]c2ccccc12
[C@@H]14NC(=O)[C@H]9NC(=O)[C@H]%10NC(=O)[C@H]2CCCN2C(=O)[C@H]2CCCN2C(=O)[C@H]%11NC(=O)[C@H](C)NC(=O)[C@H]%12NC(=O)[C@H]%13NC(=O)[C@H]%14NC(=O)[C@H]%15NC(=O)[C@H]%16NC(=O)[C@H]5NC(=O)[C@H]6NC1=O.c17c[nH]c2ccccc12.c18c[nH]c2ccccc12.C%15CCN=C(N)N.C%16CCN=C(N)N.C%10CCCN.C%11CCCN.C%12CCCN.C5CCCN.CC(C)C4.[C@H]9(C)O.C87.C%148	CC(C)C[C@@H]1NC(=O)[C@H]([C@@H](C)O)NC(=O)[C@H](CCCCN)NC(=O)[C@H]2CCCN2C(=O)[C@H]2CCCN2C(=O)[C@H](CCCCN)NC(=O)[C@H](C)NC(=O)[C@H](CCCCN)NC(=O)CNC(=O)[C@H](C)NC(=O)[C@H](CCCN=C(N)N)NC(=O)[C@H](CCCN=C(N)N)NC(=O)[C@H](CCCCN)NC(=O)CNC1=O.c1ccc2c(Cc3c[nH]c4ccccc34)c[nH]c2c1
[C@@H]14NC(=O)[C@H]8NC(=O)[C@@H]9NC(=O)[C@H]%10NC(=O)[C@H]%11NC(=O)[C@H]%12NC(=O)[C@@H]%13NC(=O)[C@H]%14NC(=O)[C@@H]2CCCN2C(=O)[C@@H]%15NC1=O.c15c(F)c(F)c(F)c(F)c1F.c16c[nH]c2ccccc12.c17ccccc1.C%10CCCN.C%11CCCN.C%12CCCN.C%14CCCN.CC(C)C4.[C@H]8(C)O.C95.C%136.C%157	CC(C)C[C@@H]1NC(=O)[C@H]([C@@H](C)O)NC(=O)[C@@H](Cc2c(F)c(F)c(F)c(F)c2F)NC(=O)[C@H](CCCCN)NC(=O)[C@H](CCCCN)NC(=O)[C@H](CCCCN)NC(=O)[C@@H](Cc2c[nH]c3ccccc23)NC(=O)[C@H](CCCCN)NC(=O)[C@@H]2CCCN2C(=O)[C@@H](Cc2ccccc2)NC1=O
C%25(=O)[C@@H]%27CCCCN.C%36(=O)[C@@H]%28CCCCN.C%55(=O)[C@@H]%30CCCCN.c1%54c[nH]c2ccccc12.C%57(=O)[C@@H](N)CCCCN.[C@H]%37(CCCCN)C8=O.[C@H]%46(CCCCN)C%19=O.[C@H]%51(CCCCN)C(=O)O.CC[C@H](C)[C@H]%23C%58=O.C%14(=O)[C@@H]%26[C@@H](C)CC.[C@H]%35(CC(C)C)C7=O.[C@H]%39(CC(C)C)C%10=O.[C@H]%43(CC(C)C)C%15=O.[C@H]%45(CC(C)C)C%18=O.[C@H]%48(CC(C)C)C%20=O.[C@H]%50(CC(C)C)C%22=O.[C@@H]%34(C6=O)C(C)C.[C@@H]%38(C9=O)C(C)C.[C@@H]%40(C%11=O)[C@@H](C)O.[C@@H]%41(C%12=O)[C@@H](C)O.[C@@H]%49(C%21=O)[C@@H](C)O.C%47(=O)[C@@H]%29C%53.c1%53ccccc1.C%56(=O)[C@@H]%31C%54.N1%15CCC[C@H]1%52.[C@H]%33(C)C5=O.[C@H]%44(C)C%17=O.C3(=O)C%24.C%32C4=O.C%42C%13=O.C%16%52=O.N3%23.N%14%24.N%25%26.N%36%27.N%47%28.N%55%29.N%56%30.N%57%31.N%58%32.N4%33.N5%34.N6%35.N7%37.N8%38.N9%39.N%10%40.N%11%41.N%12%42.N%13%43.N%16%44.N%17%45.N%18%46.N%19%48.N%20%49.N%21%50.N%22%51	CC[C@H](C)[C@H](NC(=O)CNC(=O)[C@@H](NC(=O)[C@H](CCCCN)NC(=O)[C@H](CCCCN)NC(=O)[C@H](Cc1ccccc1)NC(=O)[C@H](CCCCN)NC(=O)[C@H](Cc1c[nH]c2ccccc12)NC(=O)[C@@H](N)CCCCN)[C@@H](C)CC)C(=O)NCC(=O)N[C@@H](C)C(=O)N[C@H](C(=O)N[C@@H](CC(C)C)C(=O)N[C@@H](CCCCN)C(=O)N[C@H](C(=O)N[C@@H](CC(C)C)C(=O)N[C@H](C(=O)N[C@H](C(=O)NCC(=O)N[C@@H](CC(C)C)C(=O)N1CCC[C@H]1C(=O)N[C@@H](C)C(=O)N[C@@H](CC(C)C)C(=O)N[C@@H](CCCCN)C(=O)N[C@@H](CC(C)C)C(=O)N[C@H](C(=O)N[C@@H](CC(C)C)C(=O)N[C@@H](CCCCN)C(=O)O)[C@@H](C)O)[C@@H](C)O)[C@@H](C)O)C(C)C)C(C)C
C%38(=O)[C@@H]%20CCCN=C(N)N.[C@H]%33(CCCN=C(N)N)C(N)=O.C2(=O)[C@@H]%15CCCCN.C%13(=O)[C@@H]%16CCC(=O)O.C%40(=O)[C@@H](N)CCCCN.[C@H]%22(CCCCN)C3=O.[C@H]%27(CCC(N)=O)C7=O.[C@H]%30(CCCCN)C%10=O.CC[C@H](C)[C@H]%14C%41=O.C%39(=O)[C@@H]%21CC(N)=O.[C@H]%23(CC(C)C)C4=O.[C@H]%25(CC(C)C)C5=O.[C@H]%28(CC(C)C)C8=O.[C@H]%29(CC(C)C)C9=O.[C@H]%31(CC(N)=O)C%11=O.[C@H]%32(CC(C)C)C%12=O.C%24(=O)[C@@H]%17C%34.c1%34ccccc1.C%37(=O)[C@@H]%19CO.[C@H]%26(C%36)C6=O.c1%36ccccc1.[C@H]%18(C)C%39=O.N2%14.N%13%15.N%24%16.N%35%17.N%37%18.N%38%19.N%39%20.N%40%21.N%41%22.N3%23.N4%25.N5%26.N6%27.N7%28.N8%29.N9%30.N%10%31.N%11%32.N%12%33	CC[C@H](C)[C@H](NC(=O)[C@H](CCCCN)NC(=O)[C@H](CCC(=O)O)NC(=O)[C@@H](N)Cc1ccccc1)C(=O)N[C@@H](CCCCN)C(=O)N[C@@H](CC(C)C)C(=O)N[C@@H](CC(C)C)C(=O)N[C@@H](Cc1ccccc1)C(=O)N[C@@H](CCC(N)=O)C(=O)N[C@@H](CC(C)C)C(=O)N[C@@H](CC(C)C)C(=O)N[C@@H](CCCCN)C(=O)N[C@@H](CC(N)=O)C(=O)N[C@@H](CC(C)C)C(=O)N[C@@H](CCCN=C(N)N)C(N)=O.C[C@H](NC(=O)[C@H](CO)NC(=O)[C@@H](N)CCCN=C(N)N)C(=O)C(=O)[C@H](CC(N)=O)NC(=O)[C@@H](N)CCCCN
C%13(=O)[C@@H]%17CCCN=C(N)N.C%35(=O)[C@@H]%18CCCN=C(N)N.[C@H]%23(CCCN=C(N)N)C5=O.[C@H]%25(CCCN=C(N)N)C9=O.[C@H]%28(CCCN=C(N)N)C%14=O.[C@H]%22(CCC(N)=O)C4=O.[C@H]%28(CCCCN)C%14=O.CC[C@H](C)[C@H]%16C3=O.C%40(=O)[C@@H]%19CC(C)C.C%42(=O)[C@@H]%20CC(N)=O.C%42(=O)[C@@H]%21CC(=O)O.c1%39ccc(O)cc1.[C@@H]%29(C(=O)O)C(C)C.[C@@H]1%30CCCN1%13.[C@@H]1%31CCCN1%35.[C@@H]1%32CCCN1%41.N13CCC[C@H]1%33.N15CCC[C@H]1%34.N17CCC[C@H]1%36.N19CCC[C@H]1%37.[C@H]%27(C%39)C%12=O.N1%14CCC[C@H]1%38.C%41(=O)CN.C2%30=O.C%24%31=O.C%43%32=O.C6%33=O.C6%34=O.C8%36=O.C%10%37=O.C%11%38=O.N2%16.N%24%17.N%39%18.N%40%19.N%42%20.N%44%21.N%44%22.N4%23.N6%25.N8%26.N%10%27.N%12%28.N%15%29	CC(C)C[C@@H]1NC1=O.CC(C)[C@H](N)C(=O)O.CC[C@H](C)[C@H](NC(=O)[C@@H]1CCCN1C(=O)[C@H](CCCN=C(N)N)NC(=O)[C@@H]1CCCN1C(=O)[C@@H](N)CCCN=C(N)N)C(=O)N1CCC[C@H]1C(=O)C(=O)[C@@H]1CCCN1C(=O)[C@H](CCCN=C(N)N)NC(=O)[C@H](CCC(N)=O)NN[C@@H](CC(=O)O)C(=O)C(=O)[C@@H](N)CC(N)=O.NC(=O)[C@@H]1CCCN1.NC(=O)[C@H](Cc1ccc(O)cc1)NC(=O)[C@@H]1CCCN1C(=O)[C@@H](N)CCCN=C(N)N.NCC(=O)N1CCC[C@H]1C=O.NCCCC[C@H]1C(=O)C(=O)[C@@H]1CCCN=C(N)N.O=C[C@@H]1CCCN1
C3(=O)[C@@H]5CCCN=C(N)N.[C@H]9(CCCN=C(N)N)C%21=O.[C@H]%12(CCCN=C(N)N)C(N)=O.c1%13c[nH]c2ccccc12.c1%15c[nH]c2ccccc12.C%17(=O)[C@@H]7CCCCN.[C@H]%10(CCCCN)C%22=O.CC[C@H](C)[C@H]4C%20=O.[C@@H]%11(C%23=O)C(C)C.C%14(=O)[C@@H]6C%13.C%18(=O)[C@@H]8C%15.C%19(=O)[C@@H](N)C%16.c1%16ccccc1.N34.N%145.N%176.N%187.N%198.N%209.N%21%10.N%22%11.N%23%12	CC[C@H](C)[C@H](NC(=O)[C@H](CCCN=C(N)N)NC(=O)[C@H](Cc1c[nH]c2ccccc12)NC(=O)[C@H](CCCCN)NC(=O)[C@H](Cc1c[nH]c2ccccc12)NC(=O)[C@@H](N)Cc1ccccc1)C(=O)N[C@@H](CCCN=C(N)N)C(=O)N[C@@H](CCCCN)C(=O)N[C@H](C(=O)N[C@@H](CCCN=C(N)N)C(N)=O)C(C)C
[C@H]%20(CCCN=C(N)N)C%24=O.[C@H]%21(CCCN=C(N)N)C%35=O.[C@H]%29(CCCN=C(N)N)C4=O.[C@H]%42(CCCN=C(N)N)C%18=O.[C@H]%43(CCCN=C(N)N)C(N)=O.[C@H]%25(CCCCN)C%49=O.[C@H]%26(CCCCN)C%50=O.[C@H]%28(CCCCN)C3=O.[C@H]%38(CCCCN)C%14=O.[C@H]%39(CCCCN)C%15=O.CC[C@H](C)[C@H](N)C2=O.[C@H]%23(CC(C)C)C%48=O.[C@@H]%34(C9=O)[C@@H](C)CC.[C@@H]%33(C8=O)[C@@H](C)O.[C@H]%32(C%45)C7=O.N19CCC[C@H]1%43.N1%10CCC[C@H]1%44.[C@H]%37(C%47)C%16=O.c1%47ccccc1.[C@H]%40(CS)C%16=O.[C@H]%22(C)C%51=O.[C@H]%27(C)C%51=O.[C@H]%30(C)C5=O.[C@H]%31(C)C6=O.c1%45cnc[nH]1.[C@H]%36(C)C%11=O.C%41C%17=O.C%10%44=O.N2%19.N%13%20.N%24%21.N%35%22.N%46%23.N%48%25.N%49%26.N%50%27.N%51%28.N3%29.N4%30.N5%31.N6%32.N7%33.N8%34.N%11%36.N%11%37.N%12%38.N%14%39.N%15%40.N%16%41.N%17%42.N%18%43	CC(C)C[C@H](N)C(=O)N[C@@H](CCCCN)C(=O)N[C@@H](CCCCN)C(=O)N[C@@H](C)C(=O)C(=O)[C@H](C)NC(=O)[C@H](CCCN=C(N)N)NC(=O)[C@@H](N)CCCN=C(N)N.CC[C@H](C)[C@H](N)C(N)=O.CC[C@H](C)[C@H](NC(=O)[C@@H](NC(=O)[C@H](Cc1cnc[nH]1)NC(=O)[C@H](C)NC(=O)[C@H](C)NC(=O)[C@H](CCCN=C(N)N)NC(=O)[C@@H](N)CCCCN)[C@@H](C)O)C(=O)N1CCC[C@H]1[C@@H](CCCN=C(N)N)C(N)=O.C[C@@H]1NC1=O.NCC(=O)N[C@@H](CCCN=C(N)N)C(N)=O.NCCCC[C@H](NC(=O)[C@@H](N)CCCCN)C(=O)N[C@@H](CS)C(=O)C(=O)[C@@H](N)Cc1ccccc1.O=C1[C@@H]2CCCN12
C2(=O)[C@@H]%14CCCN=C(N)N.C%13(=O)[C@@H]%15CCCN=C(N)N.C%37(=O)[C@@H]%16CCCN=C(N)N.C%39(=O)[C@@H]%18CCCN=C(N)N.C5(=O)[C@@H]%20CCCN=C(N)N.[C@H]%26(CCCN=C(N)N)C(N)=O.C6(=O)[C@@H]%21CCCCN.CC[C@H](C)[C@H]%12C9=O.[C@H]%25(CC(N)=O)C%11=O.c1%36ccc(O)cc1.[C@@H]1%27CCCN1%35.[C@@H]1%28CCCN1%35.[C@@H]1%29CCCN1%38.[C@@H]1%30CCCN1%39.C%40(=O)[C@@H]%17C%32.c1%32ccccc1.[C@@H]1%32CCCN1%41.[C@@H]1%31CCCN14.C4(=O)[C@@H]%20C%33.c1%33ccccc1.C7(=O)[C@@H]%22C%34.c1%34ccccc1.[C@H]%23(C%36)C%10=O.C%24%27=O.C%35%28=O.C%39%29=O.C%40%30=O.C4%31=O.N2%12.N%13%14.N%24%15.N%37%16.N%40%17.N3%18.N5%19.N6%20.N7%21.N8%22.N9%23.N%10%25.N%11%26	C1CCNC1.CC[C@H](C)[C@H](NC(=O)[C@H](CCCN=C(N)N)NC(=O)[C@H](CCCN=C(N)N)NC(=O)[C@@H]1CCCN1N1CCC[C@H]1C=O)C(=O)N[C@@H](Cc1ccc(O)cc1)C(=O)N[C@@H](CC(N)=O)C(=O)N[C@@H](CCCN=C(N)N)C(N)=O.NC(=O)[C@H](CCCN=C(N)N)[C@@H](Cc1ccccc1)C(=O)N1CCC[C@H]1C=O.NC(N)=NCCC[C@@H]1NC1=O.NC(N)=NCCC[C@H](N)C(=O)N1CCC[C@H]1C(=O)C(=O)[C@@H](N)Cc1ccccc1.NCCCC[C@H](NC(=O)[C@@H](N)Cc1ccccc1)C(N)=O.O=C[C@@H]1CCCN1
[C@H]%14(CCCN=C(N)N)C%13=O.[C@H]%19(CCCN=C(N)N)C4=O.[C@H]%26(CCCN=C(N)N)C%11=O.[C@H]%18(CCCCN)C3=O.CC[C@H](C)[C@H](N)C2=O.[C@@H]%15(C%34=O)[C@@H](C)CC.[C@@H]%16(C%35=O)[C@@H](C)CC.[C@@H]%17(C%38=O)[C@@H](C)CC.[C@@H]%18(C%39=O)[C@@H](C)CC.[C@@H]%20(C5=O)[C@@H](C)CC.[C@@H]%23(C9=O)[C@@H](C)CC.[C@@H]%25(C%10=O)[C@@H](C)CC.[C@@H]%27(C(N)=O)[C@@H](C)CC.c1%33ccc(O)cc1.[C@@H]%21(C6=O)C(C)C.N1%13CCC[C@H]1%28.N1%36CCC[C@H]1%29.N1%38CCC[C@H]1%30.N14CCC[C@H]1%31.N17CCC[C@H]1%32.N1%10CCC[C@H]1%33.C%24%28=O.C%37%29=O.C4%30=O.C8%31=O.N2%12.N%24%14.N%34%15.N%35%16.N%37%17.N%37%18.N%39%19.N3%20.N5%21.N6%22.N8%23.N9%25.N%10%26.N%11%27	C1CCNC1.CC[C@H](C)[C@@H](C(=O)N[C@@H](CCCN=C(N)N)C(=O)N1CCC[C@H]1C(=O)N[C@H](C(=O)N[C@H](C(=O)N1CCC[C@H]1c1ccc(O)cc1)[C@@H](C)CC)[C@@H](C)CC)[C@@H](CCCCN)C(=O)N[C@H](C(=O)N[C@H](C(N)=O)C(C)C)[C@@H](C)CC.CC[C@H](C)[C@@H]1NC1=O.CC[C@H](C)[C@@H]1NC1=O.CC[C@H](C)[C@H](N)C(N)=O.CC[C@H](C)[C@H](NC(=O)[C@@H](N)CCCN=C(N)N)C(N)=O.CC[C@H](C)[C@H](NC(=O)[C@@H]1CCCN1)C(=O)N1CCC[C@H]1C=O.N.NC(N)=NCCC[C@@H]1NC(=O)[C@@H]2CCCN2C1=O
C%24(=O)[C@@H]%29CCCCN.C3(=O)[C@@H]%37CCCCN.C9(=O)[C@@H]%42CCCCN.CC[C@H](C)[C@H]%26C%17=O.C%46(=O)[C@@H]%31[C@@H](C)CC.C%64(=O)[C@@H]%33[C@@H](C)CC.C4(=O)[C@@H]%38CC(C)C.C7(=O)[C@@H]%40CC(N)=O.C8(=O)[C@@H]%41CC(N)=O.C%12(=O)[C@@H]%45CC(N)=O.[C@@H]%51(C%20=O)[C@@H](C)CC.C%67(=O)[C@@H]%30C(C)C.C%11(=O)[C@@H]%44C(C)C.C%14(=O)[C@@H]%48CCCN.[C@@H]%52(C%21=O)[C@@H](C)CC.[C@H]%54(CC(C)C)C%25=O.C%16(=O)[C@@H](N)C(C)C.C%13(=O)[C@@H]%28C%62.c1%62ccccc1.[C@@H]1%56CCCN1%68.C8(=O)[C@@H]%42C%63.c1%63ccccc1.C%10(=O)[C@@H]%43CO.[C@H]%47(C%64)C%16=O.c1%64ccccc1.N1%18CCC[C@H]1%58.[C@H]%53(C%60)C%22=O.[C@H]%55(C%61)C(N)=O.C%35(=O)[C@@H]%30C.C%57(=O)[C@@H]%31C.C%65(=O)[C@@H]%34C.c1%59cnc[nH]1.c1%60cnc[nH]1.C%68(=O)C%36.C6(=O)C%39.C%16(=O)C%49.C%50C%18=O.C%11%56=O.C%23%58=O.N2%26.N%13%27.N%24%28.N%35%29.N%46%30.N%57%31.N%65%32.N%66%33.N%67%34.N3%36.N4%37.N5%38.N6%39.N8%40.N9%41.N%10%42.N%11%43.N%12%44.N%14%45.N%15%47.N%16%48.N%17%49.N%19%50.N%20%51.N%21%52.N%22%53.N%23%54.N%25%55	CC(C)C[C@H](NC(=O)[C@@H]1CCCN1C(=O)CN)C(=O)N[C@@H](C)C(N)=O.CC(C)[C@@H](C(=O)N[C@@H](C)C(N)=O)[C@@H](C)C(=O)N[C@@H](CCCCN)C(=O)N[C@@H](Cc1ccccc1)C(N)=O.CC[C@H](C)[C@@H](C(N)=O)[C@@H](C)C(N)=O.CC[C@H](C)[C@@H]1NC1=O.CC[C@H](C)[C@@H]1NC1=O.CC[C@H](C)[C@H](N)C(=O)C[C@H](N)C(=O)C(=O)[C@@H](N)C(C)C.CC[C@H](C)[C@H](N)C(=O)NCC(=O)N[C@@H](CCCN)C(=O)N[C@@H](CC(N)=O)C(=O)N[C@H](C(=O)C(=O)[C@@H]1CCCN1C(=O)CNC(=O)[C@H](CCCCN)NC(=O)[C@@H](N)CC(C)C)C(C)C.NC(=O)C[C@H](N)C=O.NC(=O)[C@@H](N)CO.NCCCC[C@H]1C(=O)N[C@@H](CC(N)=O)C(=O)C(=O)[C@@H]1Cc1ccccc1.O=C1CN1.O=C1N[C@H]1Cc1cnc[nH]1.c1c[nH]cn1.c1ccccc1
[C@H]%16(CCCN=C(N)N)C(N)=O.C%13(=O)[C@@H]7CCC(N)=O.[C@H]9(CCC(=O)O)C%21=O.[C@H]9(CCCCN)C%22=O.[C@H]%12(CCCCN)C%24=O.CC[C@H](C)[C@H]5C%20=O.C%18(=O)[C@@H]8CC(C)C.[C@H]%10(CC(C)C)C%22=O.[C@H]%15(CC(C)C)C4=O.c1%17ccc(O)cc1.[C@H]%14(C%17)C3=O.C2(=O)[C@@H]6C.[C@H]%11(C)C%23=O.N25.N%136.N%187.N%198.N%209.N%21%10.N%22%11.N%23%12.N%24%14.N3%15.N4%16	CC(C)C[C@@H]1NC(=O)[C@H](CCC(=O)O)[C@@H](CCCCN)C(=O)C1=O.CC(C)C[C@H](NC(=O)[C@H](Cc1ccc(O)cc1)NC(=O)[C@H](CCCCN)NC(=O)[C@H](C)N)C(=O)N[C@@H](CCCN=C(N)N)C(N)=O.CC[C@H](C)[C@H](NC(=O)[C@H](C)NC(=O)[C@H](CCC(N)=O)NC(=O)[C@@H](N)CC(C)C)C(N)=O
C%14(=O)[C@@H]%28CCCCN.C%25(=O)[C@@H]%28CCC(N)=O.C%62(=O)[C@@H]%31CCCCN.C4(=O)[C@@H]%37CCCCN.C8(=O)[C@@H]%41CCCCN.[C@H]%51(CCC(N)=O)C%21=O.c1%57c[nH]c2ccccc12.[C@H]%53(CCC(N)=O)C%22=O.CC[C@H](C)[C@H]%26C%17=O.C3(=O)[C@@H]%27CC(N)=O.C%58(=O)[C@@H]%32CC(N)=O.C%61(=O)[C@@H]%33[C@@H](C)CC.C6(=O)[C@@H]%38CC(C)C.C%13(=O)[C@@H]%45CC(C)C.[C@H]%50(CC(C)C)C%20=O.[C@H]%52(CC(=O)O)C%21=O.[C@H]%54(CC(N)=O)C%24=O.C%10(=O)[C@@H]%39[C@@H](C)O.C%47(=O)[C@@H]%30C%57.[C@@H]1%56CCCN1%62.C7(=O)[C@@H]%40CO.C9(=O)[C@@H]%42C%59.c1%59ccccc1.[C@H]%49(C%60)C%18=O.c1%60ccccc1.C%15(=O)[C@@H]%46CO.C%16(=O)[C@H](C)N.[C@H]%48(C)C%19=O.[C@H]%52(C)C%23=O.[C@H]%55(C)C(=O)O.C%58(=O)C%33.C%12(=O)C%44.C5%56=O.N3%26.N%14%27.N%25%28.N%36%29.N%47%30.N%58%31.N%61%32.N%63%33.N%63%34.N5%35.N5%37.N7%38.N8%39.N9%40.N%10%41.N%11%42.N%12%43.N%13%44.N%15%45.N%16%46.N%17%48.N%18%49.N%19%50.N%20%51.N%21%52.N%22%53.N%23%54.N%24%55	CC(C)C[C@@H](C=O)NC(=O)[C@H](CO)NC(=O)[C@@H](N)Cc1ccccc1.CC(C)C[C@H](NC(=O)[C@H](CO)NC(=O)[C@H](C)N)C(=O)NCC(N)=O.CC[C@H](C)[C@@H]1CC(=O)C(=O)[C@H](CC(N)=O)NC1=O.CC[C@H](C)[C@H](NC(=O)[C@H](CC(N)=O)NC(=O)[C@H](CCCCN)[C@@H](CCC(N)=O)C(N)=O)C(=O)N[C@@H](C)C(=O)N[C@@H](CC(C)C)C(=O)N[C@@H](CCC(N)=O)C(=O)C(=O)[C@H](CC(=O)O)[C@@H](C)C(=O)N[C@@H](CC(N)=O)C(=O)N[C@@H](C)C(=O)O.C[C@@H](O)[C@@H]1NC(=O)[C@H](CCCCN)NC1=O.N.N.NC(=O)CC[C@@H]1NC1=O.NCCCC[C@H](N)C(=O)N1CCC[C@H]1C(N)=O.NCCCC[C@H](N)C=O.NN.O=C1N[C@H]1Cc1c[nH]c2ccccc12.O=C1N[C@H]1Cc1ccccc1
[C@@H]14NC(=O)[C@H]9NC(=O)[C@H]%10NC(=O)[C@@H]2CCCN2C(=O)[C@H]2CCCN2C(=O)[C@H]%11NC(=O)[C@H](C)NC(=O)[C@H]%12NC(=O)[C@H]%13NC(=O)[C@H]%14NC(=O)[C@H]%15NC(=O)[C@H]%16NC(=O)[C@H]5NC(=O)[C@H]6NC1=O.c17c[nH]c2ccccc12.c18c[nH]c2ccccc12.C%15CCN=C(N)N.C%16CCN=C(N)N.C%17CCN=C(N)N.C%12CCCN.C5CCCN.C6CCCN.CC(C)C4.C%10C(C)C.[C@H]%13(C)O.C97.C%148	CC(C)C[C@@H]1NC(=O)[C@H](Cc2c[nH]c3ccccc23)NC(=O)[C@H](CC(C)C)NC(=O)[C@@H]2CCCN2C(=O)[C@H]2CCCN2C(=O)CNC(=O)[C@H](C)NC(=O)[C@H](CCCCN)NC(=O)[C@H]([C@@H](C)O)NC(=O)[C@H](Cc2c[nH]c3ccccc23)NC(=O)[C@H](CCCN=C(N)N)NC(=O)[C@H](CCCN=C(N)N)NC(=O)[C@H](CCCCN)NC(=O)[C@H](CCCCN)NC1=O.CCCN=C(N)N
C9(=O)[C@@H]4CCCN=C(N)N.C2(=O)[C@@H]%15CCCCN.C9(=O)[C@@H]3CCCCN.C%10(=O)[C@@H](N)CCCCN.[C@H]5(CCCCN)C%12=O.[C@H]6(CCCCN)C(=O)O.N1%12CCC[C@H]17.C%14C%11=O.C8(=O)C3.C%137=O.N2%14.N8%15.N93.N%104.N%115.N%136	N.NCCCC[C@H](CC(=O)N[C@@H](CCCCN)C(=O)NCC(=O)N[C@@H](CCCCN)C(=O)N1CCC[C@H]1C(=O)N[C@@H](CCCCN)C(=O)O)C(=O)C(=O)[C@H](CCCN=C(N)N)NC(=O)[C@@H](N)CCCCN
[C@H]%22(CCCN=C(N)N)C(=O)O.C8(=O)[C@@H]%21CCCCN.CC[C@H](C)[C@H]%11C%10=O.C2(=O)[C@@H]%12CCCN.C%36(=O)[C@@H]%15CC(N)=O.C3(=O)[C@@H]%16C(C)C.c1%33ccc(O)cc1.C5(=O)[C@@H]%19C(C)C.[C@@H]1%23CCCN1%24.C%24(=O)[C@@H]%14C%30.[C@@H]1%25CCCN1%34.[C@@H]1%26CCCN1%36.[C@@H]1%27CCCN1%38.[C@@H]1%28CCCN13.C3(=O)[C@@H]%17C%31.C4(=O)[C@@H]%18C%32.[C@@H]1%29CCCN17.c1%30cnc[nH]1.c1%32cnc[nH]1.C9(=O)C%20.C9(=O)CN.C%13%23=O.C%34%25=O.C%35%26=O.C%37%27=O.C%39%28=O.C6%29=O.N2%11.N%13%12.N%32%14.N%35%15.N%37%16.N4%17.N5%18.N6%19.N8%20.N9%21.N%10%22	CC(C)[C@H](NC(=O)[C@@H]1CCCN1)C(=O)N1CCC[C@H]1C=O.CC(C)[C@H](NC(=O)[C@@H]1CCCN1)C(=O)N[C@@H](Cc1cnc[nH]1)C(=O)N[C@@H](C)C=O.CC[C@H](C)[C@H](NC(=O)[C@H](CCCN)NC(=O)[C@@H]1CCCN1C(=O)[C@@H](N)Cc1cnc[nH]1)C(=O)N[C@@H](CCCN=C(N)N)C(=O)O.NC(=O)C[C@@H]1NC(=O)[C@@H]2CCCN2C1=O.NCCCC[C@H](N)C(=O)NCC(=O)C(=O)CN.O=C1[C@@H]2CCCN12.Oc1ccccc1
CCCCCCCCCCCCCCCC3=O.[C@H]7(CCCN=C(N)N)C%19=O.[C@H]8(CCCN=C(N)N)C%20=O.[C@H]9(CCCN=C(N)N)C%21=O.[C@H]%16(CCCN=C(N)N)C5=O.[C@H]%13(CCCCN)C%25=O.c1%18c[nH]c2ccccc12.[C@@H]%10(C%22=O)C(C)C.[C@@H]%11(C%23=O)C(C)C.[C@@H]%15(C4=O)C(C)C.[C@@H]%17(C(N)=O)C(C)C.[C@H]%12(C%18)C%25=O.N36.N%147.N%198.N%209.N%21%10.N%22%11.N%23%12.N%24%13.N%25%15.N4%16.N5%17	CC(C)[C@H](N)C(=O)N[C@@H](CCCN=C(N)N)C(=O)N[C@H](C(N)=O)C(C)C.CC(C)[C@H](NC(=O)[C@H](CCCN=C(N)N)NC(=O)[C@H](CCCN=C(N)N)NC(=O)[C@@H](N)CCCN=C(N)N)C(=O)N[C@H](C(=O)N[C@@H](Cc1c[nH]c2ccccc12)C(=O)C(=O)[C@@H](N)CCCCN)C(C)C.CCCCCCCCCCCCCCCC(N)=O
[C@H]9(CCCN=C(N)N)C%23=O.[C@H]%10(CCCN=C(N)N)C%24=O.[C@H]%13(CCCN=C(N)N)C%27=O.[C@H]%17(CCCN=C(N)N)C5=O.[C@H]%18(CCCN=C(N)N)C6=O.[C@H]%19(CCCN=C(N)N)C(N)=O.c1%21c[nH]c2ccccc12.CC[C@H](C)[C@H]7C%14=O.[C@@H]%12(C%26=O)[C@@H](C)CC.[C@@H]%15(C%28=O)[C@@H](C)O.[C@H]8(CO)C%22=O.[C@H]%11(C%21)C%25=O.C3(=O)CN.C%16C4=O.N37.N%148.N%229.N%23%10.N%24%11.N%25%12.N%26%13.S%20C.N%27%15.N%28%16.N4%17.N5%18.N6%19	CC[C@H](C)[C@H](NC(=O)CN)C(=O)N[C@@H](CO)C(=O)N[C@@H](CCCN=C(N)N)C(=O)N[C@@H](CCCN=C(N)N)C(=O)N[C@@H](Cc1c[nH]c2ccccc12)C(=O)N[C@H](C(=O)N[C@@H](CCCN=C(N)N)C(=O)N[C@H](C(=O)NCC(=O)N[C@@H](CCCN=C(N)N)C(=O)N[C@@H](CCCN=C(N)N)C(=O)N[C@@H](CCCN=C(N)N)C(N)=O)[C@@H](C)O)[C@@H](C)CC.CS
C3(=O)[C@@H]%19CCCN=C(N)N.[C@H]%37(CCCN=C(N)N)C%12=O.[C@H]%39(CCCN=C(N)N)C%15=O.c1%43c[nH]c2ccccc12.[C@H]%37(CCC(=O)O)C%13=O.CC(C)C[C@H]%18C%50=O.C%25(=O)[C@@H]%21CCCN.C%36(=O)[C@@H]%22[C@@H](C)CC.C%47(=O)[C@@H]%26CC(N)=O.C%49(=O)[C@@H](CC(C)C.[C@@H]%28(C5=O)[C@@H](C)O.[C@@H]%29(C6=O)[C@@H](C)O.[C@@H]%31(C%10=O)C(C)C.c1%45ccc(O)cc1.[C@@H]%41(C(=O)O)C(C)C.C%46(=O)[C@@H]%24C%43.[C@H]%27(C%42)C4=O.[C@H]%32(C%44)C9=O.[C@H]%33(C%44)C%11=O.c1%44ccccc1.[C@H]%38(C%45)C%16=O.C%14(=O)[C@@H]%20C.c1%42cnc[nH]1.[C@H]%28(C)C5=O.[C@H]%34(C)C%11=O.C%30C7=O.C%35C%12=O.N3%18.N%14%19.N%25%20.N%36%21.N%46%22.N%47%23.N%48%24.N%49%26.N%50%27.N4%28.N5%29.N6%30.N7%31.N8%32.N9%33.N%10%34.N%11%35.N%12%37.N%13%38.N%15%39.N%16%40.N%17%41	INVALID
C6(=O)[C@@H]%32CCC(N)=O.c1%53c[nH]c2ccccc12.c1%55c[nH]c2ccccc12.c1%56c[nH]c2ccccc12.c1%57c[nH]c2ccccc12.CC[C@H](C)[C@H]%20C5=O.C%36(=O)[C@@H]%24[C@@H](C)CC.C%47(=O)[C@@H]%27[C@@H](C)CC.C%62(=O)[C@@H](CCC%31.[C@H]%34(CCC%35)C7=O.[C@H]%37(CCC%38)C9=O.[C@H]%40(CC(N)=O)C%11=O.[C@H]%44(CCC%45)C%13=O.[C@H]%48(CCC%50)C%18=O.[C@@H]%38(C%10=O)[C@@H](C)O.[C@@H]%42(C%15=O)[C@@H](C)O.[C@@H]%43(C%16=O)[C@@H](C)O.C%25(=O)[C@@H]%26C%53.C%60(=O)[C@@H]%30C%54.C4(=O)[C@@H]%30C%55.[C@H]%37(C%56)C8=O.[C@H]%39(CS)C%10=O.N1%11CCC[C@H]1%52.[C@H]%46(CS)C%17=O.[C@H]%49(C%59)C%19=O.C3(=O)[C@@H]%21C.C%14(=O)[C@@H]%22C.C%47(=O)[C@@H]%26C.[C@H]%46(C)C%19=O.[C@H]%51(C)C(=O)O.C%36(=O)C%23.N%31C(=N)N.N%35C(=N)N.N%41C(=N)N.N%46C(=N)N.C%48C%16=O.N%50C(=N)N.C%12%52=O.N3%20.N%14%21.N%25%22.N%36%23.N%47%24.N%58%26.N%60%27.N%61%29.N%62%30.N4%32.N5%33.N6%34.N7%37.N8%39.N9%40.N%10%41.N%12%42.N%13%43.N%15%44.N%16%46.N%17%48.N%18%49.N%19%51	INVALID
[C@@H]13NC(=O)[C@H]4N(C)C(=O)[C@H]5NC(=O)[C@H]6NC(=O)[C@@H]2CCCCN2C(=O)[C@H]7NC(=O)[C@@H]2CCCN2C1=O.c17ccccc1.c18ccccc1.C5CCCN.CC3C.C6(C)C.C78	CC(C)[C@@H]1NC(=O)[C@@H]2CCCCN2C(=O)[C@H](c2ccccc2)NC(=O)[C@@H]2CCCN2C(=O)[C@H](C(C)C)NC(=O)CN(C)C(=O)[C@H](CCCCN)NC1=O.Cc1ccccc1
CCCCCCCCCCCCCC2=O.[C@H]5(CCCCN)C3=O.[C@@H]6(C(N)=O)[C@@H](C)O.N13CCC[C@@H]17.C47=O.N25.N46	CCCCCCCCCCCCCC(=O)N[C@@H](CCCCN)C(=O)N1CCC[C@@H]1C(=O)N[C@H](C(N)=O)[C@@H](C)O
C%13(=O)[C@@H](N)CCCCN.[C@H]9(CCCCN)C%22=O.[C@H]%11(CCCCN)C3=O.[C@@H]6(C%17=O)[C@@H](O)CN.[C@@H]7(CCCN)C%19=O.N1%19CCC[C@H]1%14.[C@H]8(C%16)C%21=O.N%22C=%15C%23=O.C[C@@H]4C%13=O.c1%16cnc[nH]1.C%12CCCN.C2(=O)C5.C=%15CC%10.N%10C(=N)N.C%20%14=O.N24.N%135.N%176.N%187.N%208.N%219.N%23%11.N3%12	C[C@@H](NC(=O)CN)C(=O)C(=O)[C@@H](N)CCCCN.N=C(N)NCCC=C(NC(=O)[C@H](CCCCN)NC(=O)[C@H](Cc1cnc[nH]1)NC(=O)[C@@H]1CCCN1C(=O)[C@H](N)CCCN)C(=O)N[C@@H](CCCCN)C(=O)NCCCCN.NC[C@H](O)[C@@H]1NC1=O
C2(=O)[C@@H]%31CCCN=C(N)N.C%13(=O)[C@@H](N)CCCN=C(N)N.[C@H]%32(CCCN=C(N)N)C%35=O.[C@H]%33(CCCN=C(N)N)C%57=O.[C@H]%34(CCCN=C(N)N)C%57=O.[C@H]%37(CCCN=C(N)N)C3=O.[C@H]%38(CCCN=C(N)N)C5=O.[C@H]%39(CCCN=C(N)N)C7=O.[C@H]%42(CCCN=C(N)N)C9=O.[C@H]%43(CCCN=C(N)N)C%16=O.[C@H]%47(CCCN=C(N)N)C%20=O.[C@H]%48(CCCN=C(N)N)C%22=O.[C@H]%51(CCCN=C(N)N)C%27=O.C%24(=O)[C@@H](N)CCCCN.[C@H]%48(CCCCN)C%27=O.CC[C@H](C)[C@H]%30C%24=O.[C@@H]%40(C6=O)[C@@H](C)CC.[C@@H]%43(C%11=O)[C@@H](C)CC.[C@@H]%50(C%23=O)[C@@H](C)CC.[C@H]%52(CC(=O)O)C%25=O.[C@@H]%51(C%28=O)[C@@H](C)CC.N1%46CCC[C@H]1%54.N1%57CCC[C@H]1%55.N13CCC[C@H]1%56.N1%11CCC[C@H]1%58.[C@H]%44(C%67)C%14=O.c1%67ccccc1.N1%14CCC[C@H]1%60.N1%16CCC[C@H]1%61.N1%18CCC[C@H]1%62.N1%20CCC[C@H]1%63.N1%22CCC[C@H]1%64.N1%25CCC[C@H]1%65.N1%29CCC[C@H]1%66.C%46%49=O.C%70%50=O.C%66%51=O.C4%52=O.C6%53=O.C8%54=O.C%10%55=O.C%12%56=O.C%15%58=O.C%17%59=O.C%18%60=O.C%21%61=O.C%26%62=O.C%28%63=O.C%64(=O)O.N2%31.N%13%32.N%24%33.N%35%34.N%68%36.N%70%37.N%71%38.N4%39.N5%40.N7%41.N8%42.N%10%43.N%12%44.N%15%45.N%17%47.N%19%48.N%21%49.N%23%50.N%25%51.N%27%52.N%28%53	CC[C@H](C)CC(=O)C(=O)[C@@H](N)CCCCN.CC[C@H](C)[C@@H](C(=O)C(=O)[C@@H]1CCCN1C(=O)[C@H](CCCN=C(N)N)NC=O)[C@@H](CCCN=C(N)N)C(=O)C(=O)[C@H](CCCCN)[C@@H](CCCN=C(N)N)C(=O)N1CCC[C@H]1C(=O)O.CC[C@H](C)[C@@H](C(=O)N1CCC[C@H]1C(N)=O)[C@@H](CCCN=C(N)N)C(=O)N1CCC[C@H]1C(=O)NC(=O)N1CCC[C@H]1C(=O)N[C@H](C=O)CCCN=C(N)N.CC[C@H](C)[C@@H](C(N)=O)C(=O)N[C@@H](CCCN=C(N)N)C(=O)N1CCC[C@H]1C(=O)N[C@@H](Cc1ccccc1)C(=O)N1CCC[C@H]1C(=O)N1CCC[C@H]1C=O.CC[C@H](C)[C@H](NC(=O)[C@@H](N)CCCN=C(N)N)C(=O)C(N)=O.N.N.N.NC(=O)[C@@H]1CCCN1.NC(=O)[C@@H]1CCCN1.NC(=O)[C@H](CCCN=C(N)N)NC(=O)[C@@H](CC(=O)O)C(=O)N1CCCC1.NC(N)=NCCC[C@@H]1NC1=O.NC(N)=NCCC[C@H](NC(=O)[C@@H](N)CCCN=C(N)N)C(=O)N[C@@H](CCCN=C(N)N)C(=O)C(=O)[C@@H](N)CCCN=C(N)N
[C@@H]13NC(=O)[C@H]4NC(=O)[C@H]5NC(=O)[C@@H](N)CSSC[C@@H]2NC(=O)[C@@H](C)NC(=O)[C@H]6NC(=O)[C@H](C)NC(=O.[C@@H]2CCCN.c18ccccc1.CCCC3C.[C@H]4(C)O.C57.C78	INVALID
C3(=O)[C@@H]6CCCN=C(N)N.C%17(=O)[C@@H]8CCCN=C(N)N.C%19(=O)[C@@H](N)CCCN=C(N)N.[C@H]%15(CCCN=C(N)N)C(N)=O.C%14(=O)[C@@H]7CCCCN.c1%16c[nH]c2ccccc12.[C@H]%11(CCCCN)C%22=O.c1%17c[nH]c2ccccc12.CC[C@H](C)[C@H]5C%20=O.C%18(=O)[C@@H]9[C@@H](C)CC.[C@H]%10(CC(N)=O)C%21=O.[C@H]%12(C%16)C%23=O.N35.N%146.N%177.N%188.N%199.N%20%10.N%21%11.N%22%12.N%23%13.N4%15	CC[C@H](C)[C@H](NC(=O)[C@@H](N)CCCN=C(N)N)C(=O)N[C@@H](CCCN=C(N)N)C(=O)c1c[nH]c2ccccc12.CC[C@H](C)[C@H](NC(=O)[C@H](CCCN=C(N)N)NC(=O)[C@@H](N)CCCCN)C(=O)N[C@@H](CC(N)=O)C(=O)N[C@@H](CCCCN)C(=O)N[C@@H](Cc1c[nH]c2ccccc12)C(N)=O.NC(=O)[C@@H](N)CCCN=C(N)N
[C@H]9(CCCN=C(N)N)C%25=O.[C@H]%12(CCCN=C(N)N)C%29=O.[C@H]%17(CCCN=C(N)N)C6=O.C3(=O)[C@@H]8CCCCN.c1%20c[nH]c2ccccc12.c1%21c[nH]c2ccccc12.c1%22c[nH]c2ccccc12.[C@H]%15(CCCCN)C4=O.c1%23c[nH]c2ccccc12.CC[C@H](C)[C@H]7C%24=O.[C@H]%10(C%20)C%26=O.[C@H]%13(C%21)C%28=O.[C@H]%15(C%22)C%30=O.N1%30CCC[C@H]1%19.[C@H]%16(C%23)C5=O.C%14(=O)[C@H](C)N.C%18C(N)=O.C%31%19=O.N37.N%148.N%249.N%25%10.N%26%11.N%27%12.N%28%13.N%29%15.N4%16.N5%17.N6%18	CC[C@H](C)[C@H](NC(=O)[C@H](CCCCN)NC(=O)[C@H](C)N)C(=O)N[C@@H](CCCN=C(N)N)C(=O)N[C@@H](Cc1c[nH]c2ccccc12)C(N)=O.NC(=O)[C@@H](N)CCCN=C(N)N.NCCCC[C@@H](C(=O)N[C@@H](Cc1c[nH]c2ccccc12)C(=O)N[C@@H](CCCN=C(N)N)C(=O)NCC(N)=O)[C@@H](Cc1c[nH]c2ccccc12)C(=O)N1CCC[C@H]1C=O.O=C1N[C@H]1Cc1c[nH]c2ccccc12
C3(=O)[C@@H]%15CCCN=C(N)N.C%14(=O)[C@@H]%16CCCN=C(N)N.C%39(=O)[C@@H]%18CCCN=C(N)N.[C@H]%26(CCCN=C(N)N)C%12=O.[C@H]%27(CCCN=C(N)N)C(N)=O.c1%33c[nH]c2ccccc12.C7(=O)[C@@H]%23CCCCN.CC[C@H](C)[C@H]%13C%10=O.C%41(=O)[C@@H]%19CC(C)C.C%43(=O)[C@@H]%22C(C)C.c1%34ccc(O)cc1.C9(=O)[C@@H](N)C(C)C.c1%34ccc(O)cc1.N18CC(O)CN1%32.c1%35ccc(O)cc1.c1%37ccc(O)cc1.C%25(=O)[C@@H]%17C%33.[C@@H]1%29CCCN1%40.C%40(=O)[C@@H]%20C%34.C4(=O)[C@@H]%21C%33.[C@@H]1%31CCCN16.[C@H]%24(C%35)C%11=O.C%14%28=O.C%36%29=O.C%42%30=O.C5%31=O.C6%32=O.N3%13.N%14%15.N%25%16.N%38%17.N%39%18.N%41%19.N4%20.N5%21.N7%22.N9%23.N%10%24.N%11%26.N%12%27	C=O.CC(C)C[C@@H]1NC1=O.CC(C)[C@H](N)C(=O)N[C@@H](CCCCN)C(=O)N[C@H](C=O)C(C)C.CC[C@H](C)[C@H](NC(=O)[C@@H](N)CCCN=C(N)N)C(=O)N[C@@H](Cc1ccc(O)cc1)C(=O)N[C@@H](CCCN=C(N)N)C(=O)N[C@@H](CCCN=C(N)N)C(N)=O.C[C@H](NC(=O)[C@@H]1CCCN1C(=O)N1CC(O)CN1)C(=O)N[C@@H](C)C(=O)N1CCC[C@H]1C=O.NC(N)=NCCC[C@@H]1NC1=O.NC(N)=NCCC[C@H](NC(=O)[C@@H](N)Cc1c[nH]c2ccccc12)C(=O)C=O.Oc1ccc(-c2ccc(O)cc2)cc1.Oc1ccccc1
CC[C@H](C)[C@H]9C%35=O.C%24(=O)[C@@H]%10CCC%11.C%34(=O)[C@@H](N)CCC%12.[C@H]%15(CCC%16)C%36=O.[C@H]%17(CCC%18)C%37=O.[C@H]%19(CC(C)C)C3=O.[C@H]%21(CCC%22)C5=O.c1%32ccc(O)cc1.[C@@H]%26(C(=O)O)C(C)C.[C@@H]1%27CCCN1%13.C%13(=O)[C@@H]%14C%32.N1%37CCC[C@H]1%28.N1%39CCC[C@H]1%29.N14CCC[C@H]1%30.[C@H]%23(C%33)C7=O.c1%33ccccc1.N17CCC[C@H]1%31.N%11C(=N)N.N%12C(=N)N.N%16C(=N)N.N%18C(=N)N.N%20C(=N)N.N%25C(=N)N.N%26C(=N)N.C2%27=O.C%38%28=O.C4%29=O.C6%30=O.C8%31=O.N29.N%24%10.N%34%14.N%36%15.N%38%17.N3%19.N5%21.N6%23.N8%26	CC(C)C[C@@H]1NC1=O.CC(C)[C@H](NC(=N)N)C(=O)O.CCC[C@@H]1NC1=O.CC[C@H](C)[C@@H](C=O)NC(=O)[C@@H]1CCCN1C(=O)[C@H](Cc1ccc(O)cc1)NC(=O)[C@@H](N)CCCNC(=N)N.N=C(N)N.N=C(N)N.N=C(N)NCCC[C@@H]1NC(=O)[C@@H]2CCCN2C1=O.N=C(N)NCCC[C@@H]1NC1=O.N=C(N)NCCC[C@@H]1NC1=O.NC(=O)[C@@H]1CCCN1C(=O)[C@H](Cc1ccccc1)NC(=O)[C@@H]1CCCN1C(=O)[C@@H]1CCCN1
[C@H]%38(CCC(=O)O)C%14=O.[C@H]%39(CCCCN)C%17=O.[C@H]%40(CCCCN)C%17=O.C6(=O)[C@@H]%31C(C)C.[C@@H]%33(C%10=O)C(C)C.[C@@H]1%41CCCN1%24.C%46(=O)[C@@H]%22CO.C%48(=O)[C@@H]%23CO.c1%44ccccc1.[C@@H]1%42CCCN1%48.[C@H]%30(C%45)C8=O.c1%45ccccc1.[C@H]%36(CO)C%14=O.C[C@H]%18C%48=O.C%24(=O)[C@@H]%21C.C%49(=O)[C@@H]%26C.C4(=O)[C@H](C)N.C2(=O)C%19.C%13(=O)C%20.C%46(=O)C%25.C%27C3=O.C%34C%12=O.C%37C%16=O.CC%41=O.C%47%41=O.C5%42=O.C%55%43=O.C9%44=O.C%11%45=O.N2%19.N%13%20.N%35%21.N%46%22.N%47%23.N%49%25.N%50%26.N3%27.N4%28.N5%29.N7%30.N8%31.N9%32.N%10%33.N%11%34.N%12%36.N%14%37.N%15%38.N%16%39.N%17%40	C=O.CC(=O)[C@@H]1CCCN1C(=O)[C@H](C)N.CC(C)[C@@H](C=O)NC(=O)[C@@H](N)Cc1ccccc1.CC(C)[C@@H]1NC1=O.CCC=O.C[C@H](N)C(=O)NCC(=O)C(=O)[C@@H](N)CO.C[C@H](N)C(N)=O.NC(=O)[C@@H]1CCCN1C(=O)[C@H](CO)NC=O.NC(=O)c1ccccc1.NCCCC[C@H](NC(=O)CN)C(=O)C(=O)[C@@H](N)CCCCN.N[C@@H](CCC(=O)O)C(=O)C(=O)[C@H](CO)NC(=O)CNC=O.O=C1CN1.O=C1CN1.O=C1CN1
C%14(=O)[C@H]5CCCN=C(N)N.[C@@H]%10(CCCN=C(N)N)C(N)=O.C%17(=O)[C@H](N)CCC(N)=O.c1%11c[nH]c2ccccc12.c1%12c[nH]c2ccccc12.[C@@H]9(CCCCN)C%20=O.CC[C@@H](C)[C@@H]%21C%18=O.C%16(=O)[C@H]7CC(C)C.c1%13ccc(O)cc1.C3(=O)[C@H]4C%11.C%15(=O)[C@H]6C%12.[C@@H]8(C%13)C%19=O.N3%21.N%144.N%155.N%166.N%177.N%188.N%199.N%20%10	CC[C@@H](C)[C@@H](NC(=O)[C@@H](Cc1c[nH]c2ccccc12)NC(=O)[C@@H](CCCN=C(N)N)NC(=O)[C@@H](Cc1c[nH]c2ccccc12)NC(=O)[C@@H](CC(C)C)NC(=O)[C@H](N)CCC(N)=O)C(=O)N[C@H](Cc1ccc(O)cc1)C(=O)N[C@H](CCCCN)C(=O)N[C@H](CCCN=C(N)N)C(N)=O
C%30(=O)[C@@H]%15CCCN=C(N)N.C%31(=O)[C@@H]%17CCCN=C(N)N.[C@H]%18(CCCN=C(N)N)C6=O.[C@H]%19(CCCN=C(N)N)C(N)=O.c1%21c[nH]c2ccccc12.c1%22c[nH]c2ccccc12.c1%22c[nH]c2ccccc12.[C@H]%16(CCCCN)C4=O.c1%23c[nH]c2ccccc12.CC[C@H](C)[C@H]7C5=O.C%27(=O)[C@@H]%12C(C)C.C3(=O)[C@@H]8C%20.c1%20ccccc1.C%26(=O)[C@@H]%11C%21.C%29(=O)[C@@H]%13C%22.C%30(=O)[C@@H](N)C%23.c1%24ccccc1.C%14(=O)C9.N37.N%148.N%259.N%26%10.N%27%11.N%28%12.N%29%13.N%30%15.N%31%16.N4%17.N5%18.N6%19	CC(C)[C@H](N)C(=O)N[C@@H](Cc1c[nH]c2ccccc12)C(N)=O.CC[C@H](C)[C@H](NC(=O)[C@H](Cc1ccccc1)NC(=O)CN)C(=O)N[C@@H](CCCN=C(N)N)C(=O)N[C@@H](CCCN=C(N)N)C(N)=O.C[C@@H]1NC1=O.NC(N)=NCCC[C@H](N)C(=O)C(=O)[C@@H](N)Cc1c[nH]c2ccccc12.NCCCC[C@@H]1NC(=O)[C@H](CCCN=C(N)N)NC1=O.c1ccc2c(-c3c[nH]c4ccccc34)c[nH]c2c1.c1ccccc1
[C@H]1%49CSSC[C@@H]%50NC(=O)[C@H]%51NC(=O)[C@H]%52NC(=O)[C@H]%53NC(=O)[C@H]%54NC(=O)[C@H](C)NC1=O)NC(=O)[C@H]%51NC(=O)CNC(=O)CNC(=O)[C@H]%53NC(=O)[C@H]%54NC1=O.[C@H]%36(CCCN=C(N)N)C%19=O.C%24(=O)[C@@H]%25CCCCN.[C@H]%36(CCCCN)C8=O.[C@H]%44(CCCCN)C%17=O.CC[C@H](C)[C@H]%21C4=O.C2(=O)[C@@H]%22CC(C)C.C%13(=O)[C@@H]%23CC(C)C.[C@H]%37(CC(N)=O)C9=O.[C@H]%38(CC(C)C)C%10=O.[C@H]%43(CC(C)C)C%16=O.[C@H]%47(CC(C)C)C%19=O.C%35(=O)[C@@H]%26C(C)C.C%46(=O)[C@@H]%27[C@@H](C)O.C%59(=O)[C@@H]%31C(C)C.[C@@H]%42(C%15=O)C(C)C.[C@@H]%45(C%18=O)[C@@H](C)O.C3(=O)[C@@H](N)CO.[C@H]%32(CO)C5=O.[C@H]%41(CO)C%14=O.[C@H]%48(C%55)C%20=O.c1%55ccccc1.[C@H]%34(C)C7=O.C%51CC(N)=O.C%54CCCN.C%57(=O)C%28.C%39C%11=O.C%53C(=O)O.C%50(=O)O.[C@H]%52(C)O.C%54(C)C.N2%21.N%13%22.N%24%23.N%35%25.N%46%26.N%56%27.N%57%28.N%58%29.N%59%30.N3%31.N4%32.N5%33.N6%34.N7%36.N8%37.N9%38.N%10%39.N%11%40.N%12%41.N%14%42.N%15%43.N%16%44.N%17%45.N%18%47.N%19%48.N%20%49	INVALID
C%13(=O)[C@@H]%22CCCCN.C%52(=O)[C@@H]%26CCCCN.C3(=O)[C@@H]%30CCCCN.C7(=O)[C@@H]%33CCCCN.C%10(=O)[C@@H]%37CCCCN.C%14(=O)[C@@H]%40CCCCN.C%16(=O)[C@@H]%43CCCCN.CC(C)C[C@H]%19C(N)=O.C%24(=O)[C@@H]%21CC(C)C.C%35(=O)[C@@H]%23CC(C)C.C%53(=O)[C@@H]%28CC(C)C.C4(=O)[C@@H]%29CC(C)C.C6(=O)[C@@H]%31CCC%32.C8(=O)[C@@H]%34CC(C)C.C9(=O)[C@@H]%36CC(C)C.C%11(=O)[C@@H]%37CCC%38.C%12(=O)[C@@H]%39CC(C)C.C%14(=O)[C@@H]%40CC(C)C.C%17(=O)[C@@H]%41CCC%42.C%18(=O)[C@@H](N)CC(C)C.[C@@H]1%44CCCN1%13.[C@@H]1%45CCCN1%52.[C@@H]1%47CCCN13.[C@@H]1%48CCCN1%16.c1%50cnc[nH]1.N%25C(=N)N.N%29C(=N)N.N%33C(=N)N.N%38C(=N)N.N%42C(=N)N.C2%44=O.C%51%45=O.C%55%47=O.C%10%48=O.C%15%49=O.N2%19.N%24%20.N%35%22.N%46%23.N%51%26.N%52%27.N%53%28.N4%30.N5%30.N6%31.N8%33.N9%34.N%10%36.N%12%37.N%14%39.N%15%40.N%17%41.N%18%43	CC(C)CCC(N)=O.CC(C)C[C@@H]1NC1=O.CC(C)C[C@H](N)C(=O)N[C@@H](CCCCN)C(=O)N1CCC[C@H]1C(=O)C(=O)[C@H](CCCCN)[C@H](C=O)CCCNC(=N)N.CC(C)C[C@H](N)C(N)=O.CC(C)C[C@H](NC(=N)N)C(=O)N[C@@H](CCCCN)C(=O)N1CCC[C@H]1C=O.CC(C)C[C@H](NC(=O)[C@@H](N)CC(C)C)C(N)=O.CC(C)C[C@H](NC(=O)[C@@H]1CCCN1C(=O)[C@H](CCCCN)NC(=O)[C@@H](N)CC(C)C)C(N)=O.CC(C)C[C@H]1C(=O)C(=O)[C@@H]1CCCCN.CCC[C@@H]1NC1=O.N.N.N=C(N)N.N=C(N)NCCC[C@@H]1NC1=O.N=C(N)N[C@H](C=O)CCCCN.NC=O.NCCCC[C@@H]1NC(=O)[C@@H]2CCCN2C1=O.c1c[nH]cn1
C%14(=O)[C@@H]7CCCN=C(N)N.C%11(=O)[C@@H]4CCC(N)=O.C%12(=O)[C@@H]5CCCCN.C%15(=O)[C@@H]8CCCCN.C%17(=O)[C@@H](N)CCCCN.CC[C@H](C)[C@H]2C%18=O.C1(=O)[C@@H]3CC(C)C.C%16(=O)[C@@H]9[C@@H](C)CC.C%13(=O)[C@@H]6C.[C@H]%10(C)C(=O)O.N12.N%113.N%124.N%135.N%146.N%157.N%168.N%179.N%18%10	CC[C@H](C)[C@H](NC(=O)[C@H](CC(C)C)NC(=O)[C@H](CCC(N)=O)NC(=O)[C@H](CCCCN)NC(=O)[C@H](C)NC(=O)[C@H](CCCN=C(N)N)NC(=O)[C@H](CCCCN)NC(=O)[C@@H](NC(=O)[C@@H](N)CCCCN)[C@@H](C)CC)C(=O)N[C@@H](C)C(=O)O
C%23(=O)[C@@H]%14CCCCN.C%29(=O)[C@@H]%16CCCCN.[C@H]%21(CCCCN)C4=O.[C@H]%25(CCCCN)C7=O.[C@H]%27(CCCCN)C9=O.[C@H]%28(CCCCN)C(=O)O.CC[C@H](C)[C@H]%10C%33=O.C%27(=O)[C@@H]%15CC(C)C.C%30(=O)[C@@H]%17CC(C)C.C%32(=O)[C@@H](N)CC(N)=O.[C@H]%20(CC(C)C)C3=O.[C@H]%22(CC(=O)O)C6=O.C%31(=O)[C@@H]%17C(C)C.[C@@H]%26(C8=O)C(C)C.C1(=O)[C@@H]%11CO.C%12(=O)C%13.C%18C%34=O.N1%10.N%12%11.N%23%13.N%29%14.N%30%15.N%31%16.N%32%17.N%33%18.N%34%19.N2%20.N3%21.N4%22.N5%24.N6%25.N7%26.N8%27.N9%28	CC(C)C[C@H](N)C(=O)N[C@@H](CCCCN)C(=O)N[C@@H](CC(=O)O)C(=O)N[C@@H](CCCCN)C(=O)N[C@H](C(N)=O)C(C)C.CC[C@H](C)[C@H](NC(=O)[C@H](CO)NC(=O)CNC(=O)[C@H](CCCCN)NC(=O)[C@H](CCCCN)NC(=O)[C@H](C(C)C)[C@@H](CC(C)C)C(=O)N[C@@H](CC(C)C)C(=O)[C@@H](CCCCN)C(=O)N[C@@H](CCCCN)C(=O)O)C(=O)NCC(N)=O.N.NC(=O)C[C@H](N)C(N)=O
c1%50c[nH]c2ccccc12.[C@H]%26(CCCCN)C%52=O.[C@H]%30(CCCCN)C5=O.[C@H]%34(CCCCN)C9=O.[C@H]%38(CCCCN)C%12=O.[C@H]%44(CCCCN)C%19=O.C%14(=O)[C@@H](N)CC(C)C.[C@H]%27(CC(N)=O)C%53=O.[C@H]%29(CC(C)C)C%54=O.[C@H]%38(CC(C)C)C%12=O.[C@H]%45(CC(N)=O)C%20=O.CC(C)C[C@H]%21C%36=O.[C@@H]%24(C%47=O)[C@@H](C)O.[C@@H]%28(C%53=O)C(C)C.[C@@H]%31(C4=O)[C@@H](C)O.[C@@H]%35(C%11=O)C(C)C.[C@@H]%42(C%17=O)C(C)C.[C@@H]%46(C(=O)O)C(C)C.C3(=O)[C@@H]%22C%50.N17CCC[C@H]1%48.[C@H]%35(CO)C%10=O.[C@H]%39(C%49)C%13=O.[C@H]%23(C)C%36=O.[C@H]%33(C)C7=O.c1%49cnc[nH]1.[C@H]%40(C)C%15=O.[C@H]%41(C)C%16=O.C%37C%10=O.C8%48=O.N3%21.N%14%22.N%25%23.N%36%24.N%47%26.N%51%27.N%52%28.N%53%29.N%54%30.N4%31.N5%32.N6%33.N8%34.N9%35.N%10%37.N%11%38.N%12%39.N%13%40.N%15%41.N%16%42.N%17%43.N%18%44.N%19%45.N%20%46	CC(C)C[C@H](N)C(=O)N[C@@H](CCCCN)C(N)=O.CC(C)C[C@H](NC(=O)[C@H](Cc1c[nH]c2ccccc12)NC(=O)[C@@H](N)CC(C)C)C(=O)C(=O)[C@H](C)N.CC(C)C[C@H]1C(=O)C(=O)[C@@H]1CCCCN.CC(C)[C@@H](C(N)=O)[C@@H](CO)C(=O)C(=O)CN.CC(C)[C@H](NC(=O)[C@H](C)NC(=O)[C@H](C)NC(=O)[C@@H](N)Cc1cnc[nH]1)C(N)=O.CC(C)[C@H](NC(=O)[C@H](CC(N)=O)NC(=O)[C@@H](N)CCCCN)C(=O)O.CC(C)[C@H](NC(=O)[C@H](CCCCN)NC(=O)[C@@H](N)[C@@H](C)O)C(=O)C(=O)[C@@H](N)CC(N)=O.C[C@@H](O)[C@@H]1NC1=O.C[C@H](N)C(=O)N1CCC[C@H]1C(=O)N[C@@H](CCCCN)C(N)=O
C3(=O)[C@@H]8CCCCN.c1%20c[nH]c2ccccc12.C%25(=O)[C@@H]%11CCCCN.C%26(=O)[C@@H]%12CCCCN.C%29(=O)[C@@H]%16CCCCN.c1%23c[nH]c2ccccc12.CC(C)C[C@H]7C(N)=O.C%28(=O)[C@@H]%15CC(C)C.c1%21ccc(O)cc1.C6(=O)[C@@H](N)C(C)C.C4(=O)[C@@H]%18[C@@H](C)O.C%14(=O)[C@@H]9C%20.C%27(=O)[C@@H]%13C%21.[C@@H]1%19CCCN1%28.C4(=O)[C@@H]%17C%22.c1%22ccccc1.C%24(=O)C%10(C)N.N37.N%148.N%249.N%25%10.N%26%11.N%27%12.N%29%13.N%30%15.N4%16.N5%17.N6%18	CC(C)C[C@H](N)C(=O)N1CCCC1.CC(C)C[C@H](NC(=O)[C@H](CCCCN)NC(=O)[C@H](Cc1c[nH]c2ccccc12)NC(=O)C(C)(N)NC(=O)[C@H](CCCCN)NC(=O)[C@H](CCCCN)NC(=O)[C@H](Cc1ccc(O)cc1)NC(=O)[C@@H](N)CCCCN)C(N)=O.CC(C)[C@H](N)C(=O)N[C@H](C(=O)C(=O)[C@@H](N)Cc1ccccc1)[C@@H](C)O.c1ccc2[nH]ccc2c1
C2(=O)[C@@H]%10CCCCN.CC[C@H](C)[C@H]9C6=O.C%24(=O)[C@@H]%12CC(C)C.C%29(=O)[C@@H]%14CC(C)C.C%31(=O)[C@@H]%16CC(N)=O.C%33(=O)[C@@H]%18CC(=O)O.C3(=O)[C@@H]%20CC(C)C.C4(=O)[C@@H]%21CC(N)=O.[C@@H]%22(C8=O)[C@@H](C)CC.c1%26ccc(O)cc1.C%30(=O)[C@@H]%15CCN.c1%27ccc(O)cc1.C%28(=O)[C@@H]%12CC%25.C5(=O)[C@@H](N)CC%26.[C@H]%21(C%27)C7=O.[C@H]%23(C%28)C(=O)O.C%32(=O)[C@@H]%17C.C%13(=O)C%11.N%19C(=N)N.N29.N%13%10.N%24%11.N%29%12.N%30%14.N%31%15.N%32%16.N%33%17.N%34%18.N4%20.N5%20.N6%21.N7%22.N8%23	CC(C)C[C@H](NC(=O)[C@H](CCN)NC(=O)[C@H](CC(N)=O)NC(=O)[C@H](C)NC(=O)[C@@H](N)CC(=O)O)C(N)=O.CC[C@H](C)[C@H](NC(=O)[C@H](CCCCN)NC(=O)CNC(=O)[C@H](CC(C)C)[C@@H](CC)C(=O)C[C@H](NC(=O)[C@@H](NC(=O)[C@H](Cc1ccc(O)cc1)[C@@H](CC(N)=O)C(=O)N[C@H](C=O)CC(C)C)[C@@H](C)CC)C(=O)O)C(N)=O.N=C(N)N.NC(=O)[C@@H](N)CCc1ccc(O)cc1
C1(=O)[C@@H]%14CCC(=O)O.C8(=O)[C@@H]3CCCCN.C9(=O)[C@@H](N)CCC(=O)O.[C@H]5(CCCCN)C%12=O.CC[C@H](C)[C@H]%13C%10=O.[C@H]4(CC(C)C)C%11=O.[C@H]6(CC(C)C)C(=O)O.C7(=O)[C@@H]2C(C)C.N1%13.N7%14.N82.N93.N%104.N%115.N%126	CC[C@H](C)[C@H](NC(=O)[C@H](CCC(=O)O)NC(=O)[C@@H](NC(=O)[C@H](CCCCN)NC(=O)[C@@H](N)CCC(=O)O)C(C)C)C(=O)N[C@@H](CC(C)C)C(=O)N[C@@H](CCCCN)C(=O)N[C@@H](CC(C)C)C(=O)O
C%25(=O)[C@@H]%24CCCCN.C%36(=O)[C@@H]%26CCCCN.C%52(=O)[C@@H](N)CCCCN.c1%50c[nH]c2ccccc12.[C@H]%30(CCCCN)C%53=O.[C@H]%31(CCCCN)C5=O.[C@H]%34(CCCCN)C8=O.CC[C@H](C)[C@H]%21C%53=O.C%14(=O)[C@@H]%23[C@@H](C)CC.C%51(=O)[C@@H]%27CC(C)C.[C@H]%33(CC(C)C)C7=O.[C@H]%35(CC(C)C)C9=O.[C@H]%40(CC(C)C)C%15=O.[C@H]%41(CC(C)C)C%16=O.[C@H]%42(CC(C)C)C%17=O.[C@H]%45(CC(C)C)C%20=O.[C@@H]%32(C6=O)C(C)C.[C@@H]%37(C%11=O)[C@@H](C)O.[C@@H]%38(C%12=O)[C@@H](C)O.[C@@H]%44(C%19=O)[C@@H](C)O.C3(=O)[C@@H]%22C%49.[C@@H]1%48CCCN1%36.C%52(=O)[C@@H]%29C%50.[C@H]%31(CO)C6=O.[C@H]%46(CO)C(=O)O.[C@H]%29(C)C4=O.C%35C%10=O.C%41C%13=O.C%25%48=O.N3%21.N%14%22.N%25%23.N%47%24.N%51%26.N%52%27.N%53%28.N%54%29.N4%30.N5%31.N6%32.N7%33.N8%34.N9%35.N%10%37.N%11%38.N%12%39.N%13%40.N%15%41.N%16%42.N%17%43.N%18%44.N%19%45.N%20%46	CC(C)C[C@@H]1NC1=O.CC(C)C[C@H](CC(=O)N[C@@H](CC(C)C)C(N)=O)C(=O)N[C@@H](CC(C)C)C(N)=O.CC(C)C[C@H](CC(=O)N[C@H](C(=O)N[C@H](C(N)=O)[C@@H](C)O)[C@@H](C)O)C(N)=O.CC(C)C[C@H](N)C(=O)N[C@@H](CCCCN)C(=O)N1CCC[C@H]1C(=O)C(=O)[C@@H](N)CCCCN.CC(C)C[C@H](NC(=O)[C@@H](N)[C@@H](C)O)C(=O)N[C@@H](CO)C(=O)O.CC(C)[C@H](N)C(=O)C(=O)[C@H](CO)[C@@H](CCCCN)C(N)=O.CC[C@H](C)[C@H](N)C(=O)N[C@@H](C)C(=O)N[C@H](C(=O)C(=O)[C@H](CCCCN)NC(=O)[C@H](C)[C@@H](Cc1c[nH]c2ccccc12)C(=O)C(=O)[C@@H](N)CCCCN)[C@@H](C)CC.N.N.NCCCC[C@@H]1NC1=O
C3(=O)[C@@H]5CCCN=C(N)N.[C@H]%12(CCCN=C(N)N)C(N)=O.C%17(=O)[C@@H]7CCC(N)=O.c1%15c[nH]c2ccccc12.CC[C@H](C)[C@H]4C%20=O.C%14(=O)[C@@H]6[C@@H](C)CC.[C@H]9(CC(=O)O)C%21=O.[C@@H]%10(C%22=O)C(C)C.C%18(=O)[C@@H]8C%13.c1%13ccccc1.C%19(=O)[C@@H](N)C%15.[C@H]%11(C%16)C%23=O.c1%16ccccc1.N34.N%145.N%176.N%187.N%198.N%209.N%21%10.N%22%11.N%23%12	CC[C@H](C)[C@H](NC(=O)[C@H](CCCN=C(N)N)NC(=O)[C@@H](NC(=O)[C@H](CCC(N)=O)NC(=O)[C@H](Cc1ccccc1)NC(=O)[C@@H](N)Cc1c[nH]c2ccccc12)[C@@H](C)CC)C(=O)N[C@@H](CC(=O)O)C(=O)N[C@H](C(=O)N[C@@H](Cc1ccccc1)C(=O)N[C@@H](CCCN=C(N)N)C(N)=O)C(C)C
[C@H]%15(CCCN=C(N)N)C6=O.[C@H]%16(CCCN=C(N)N)C(N)=O.c1%18c[nH]c2ccccc12.[C@H]9(CCCCN)C%27=O.c1%19c[nH]c2ccccc12.c1%20c[nH]c2ccccc12.c1%21c[nH]c2ccccc12.c1%22c[nH]c2ccccc12.CC[C@H](C)[C@H](N)C3=O.[C@H]7(CC(C)C)C%14=O.[C@H]8(C%18)C%24=O.[C@H]%10(C%19)C%26=O.[C@H]%11(C%20)C%28=O.[C@H]%12(C%21)C%29=O.N1%30CCC[C@H]1%17.[C@H]%13(C%22)C5=O.[C@H]5(C%23)C(=O)O.C%25%16=O.C4%17=O.N37.N%148.N%249.N%25%10.N%26%11.N%28%12.N%29%13.N4%15.N6%16	CC[C@H](C)[C@H](N)C(=O)N[C@@H](CC(C)C)C(=O)N[C@@H](Cc1c[nH]c2ccccc12)C(=O)N[C@H](C=O)CCCCN.C[C@@H](C(=O)O)C(=O)[C@H](Cc1c[nH]c2ccccc12)NC(=O)[C@H](Cc1c[nH]c2ccccc12)NC(=O)[C@H](Cc1c[nH]c2ccccc12)NC(=O)[C@H](Cc1c[nH]c2ccccc12)NC(=O)[C@@H](CCCN=C(N)N)C(N)=O.NC(=O)[C@H](CCCN=C(N)N)NC(=O)[C@@H]1CCCN1
[C@@H]13NC(=O)[C@H]4NC(=O)[C@H]5NC(=O)[C@H]6NC(=O)[C@H]7NC(=O)[C@@H](N)CSSC[C@@H]2NC(=O)[C@H]8NC(=O)[C@H]9NC(=O)[C@H]%10NC(=O)[C@H]%11NC(=O)[C@@H]3NC1=O.C7CCN=C(N)N.C8CCN=C(N)N.C9CCN=C(N)N.CC(C)CC.C8C(C)C.[C@H]%11(C)O.C6O.C%10O	CC(C)C.CCC(C)C.C[C@@H](O)[C@@H]1NC(=O)[C@@H]2NC(=O)[C@H]2NC(=O)CNC(=O)CNC(=O)[C@H](CO)NC(=O)[C@H](CCCN=C(N)N)NC(=O)[C@@H](N)CSSCCNC(=O)[C@H](CCCN=C(N)N)NC(=O)[C@H](CCCN=C(N)N)NC(=O)[C@H](CO)NC1=O
C2(=O)[C@@H](N)CCCCN.[C@H]9(CCCCN)C%22=O.[C@H]%11(CCCCN)C3=O.[C@@H]5(C%17=O)[C@@H](O)CN.[C@@H]7(CCCN)C%19=O.N1%19CCC[C@H]1%14.[C@H]8(C%16)C%21=O.N%22C=%15C%23=O.C[C@H]CN%15C%13=O.c1%16cnc[nH]1.C%12CCCN.C6C%18=O.C=%15CC%10.N%10C(=N)N.C%20%14=O.N24.N%135.N%176.N%187.N%208.N%219.N%23%11.N3%12	INVALID
[C@H]5(CCCN=C(N)N)C%13=O.[C@H]7(CCCN=C(N)N)C%21=O.[C@H]%11(CCCN=C(N)N)C%24=O.[C@H]6(CCCCN)C%18=O.[C@H]9(CCCCN)C%22=O.[C@H]%11(CCCCN)C(=O)O.CC[C@H](C)[C@H](N)C2=O.[C@H]%10(CC(C)C)C%23=O.[C@@H]%12(C3=O)[C@@H](C)O.N1%13CCC[C@H]1%15.N1%21CCC[C@H]1%16.[C@H]8(C%17)C(=O)O.c1%17ccccc1.C%19%15=O.C4%16=O.N25.N%186.N%197.N%208.N%229.N%23%10.N%24%11.N3%12.N4%14	CC(C)C[C@@H]1NC1=O.CC[C@H](C)[C@H](N)C(=O)N[C@@H](CCCN=C(N)N)C(=O)N1CCC[C@H]1C(=O)N[C@@H](CCCN=C(N)N)C(=O)N1CCC[C@H]1C(N)=O.C[C@@H](O)[C@@H]1NC1=O.NCCCC[C@@H](C(=O)O)[C@@H](CCCN=C(N)N)C(N)=O.NCCCC[C@@H]1NC1=O.NCCCC[C@@H]1NC1=O.N[C@@H](Cc1ccccc1)C(=O)O
C%13(=O)[C@@H](N)CCCN=C(N)N.[C@H]6(CCCN=C(N)N)C%15=O.[C@H]8(CCCN=C(N)N)C(N)=O.c19c[nH]c2ccccc12.c1%10c[nH]c2ccccc12.c1%11c[nH]c2ccccc12.CC[C@H](C)[C@H]%19C%14=O.[C@H]5(CC(=O)O)C%16=O.[C@@H]8(C%18=O)[C@@H](C)CC.C3(=O)[C@@H]4C9.[C@H]7(C%11)C%17=O.N3%19.N%12%20.N%134.N%145.N%156.N%167.N%188	CC[C@H](C)[C@@H](C(N)=O)[C@@H](CCCN=C(N)N)C(N)=O.CC[C@H](C)[C@H](NC(=O)[C@H](Cc1c[nH]c2ccccc12)NC(=O)[C@@H](N)CCCN=C(N)N)C(=O)N[C@@H](CC(=O)O)C(=O)N[C@H](C=O)Cc1c[nH]c2ccccc12.N.NC(N)=NCCC[C@@H]1NC1=O.c1ccc2[nH]ccc2c1
C%13(=O)[C@@H]%15CCCN=C(N)N.C%37(=O)[C@@H]%18CCCN=C(N)N.[C@H]%23(CCCN=C(N)N)C%12=O.C%37(=O)[C@@H]%17CCCCN.[C@H]%20(CCC(N)=O)C5=O.CC[C@H](C)[C@H]%12C4=O.C%38(=O)[C@@H]%18CC(N)=O.C%38(=O)[C@@H]%19CCCN.[C@@H]%25(C(=O)O)C(C)C.[C@@H]1%26CCCN1%13.[C@@H]1%27CCCN1%34.C%35(=O)[C@@H]%16C%32.[C@@H]1%28CCCN1%37.[C@@H]1%29CCCN1%40.[C@@H]1%30CCCN14.N17CCC[C@H]1%31.N18CCC[C@H]1%32.[C@H]%22(C%33)C%11=O.c1%33cnc[nH]1.C%13(=O)C%14.C3(=O)CN.C2%26=O.C%24%27=O.C%36%28=O.C%39%29=O.C8%30=O.C9%31=O.C%10%32=O.N2%12.N%24%14.N%35%15.N%36%16.N%38%17.N%39%18.N3%19.N5%20.N6%21.N9%22.N%10%23.N%11%25	CC(C)[C@H](NC(=O)[C@H](Cc1cnc[nH]1)NC(=O)[C@@H]1CCCN1)C(=O)O.CC[C@H](C)[C@H](C(=O)[C@H](CCCN=C(N)N)NC=O)C(=O)N1CCC[C@H]1C(=O)N1CCC[C@H]1C[C@H](NC(=O)[C@@H]1CCCN1)C(=O)N[C@@H](CCCN=C(N)N)C(=O)N1CCC[C@H]1C(N)=O.N.NC(=O)CC[C@@H]1NC1=O.NC(=O)[C@@H]1CCCN1.NCCCC[C@H](N)C(=O)C(=O)[C@H](CCCN=C(N)N)[C@@H](CC(N)=O)C(=O)C(=O)[C@H](CCCN)NC(=O)CN.O=CCNC(=O)[C@@H]1CCCN1
[C@@H]%18(CCCCN)C%38=O.[C@@H]%30(CCCCN)C9=O.[C@@H]%11(CC(C)C)C%13=O.[C@@H]%12(CCC%14)C%35=O.[C@@H]%16(CCC%17)C%37=O.[C@@H]%19(CCC%21)C%40=O.[C@@H]%22(CCC%23)C4=O.[C@@H]%26(CC(N)=O)C5=O.[C@@H]%27(CCC%28)C6=O.[C@@H]%29(CCC%30)C8=O.[C@@H]%31(CCCN)C(N)=O.C%32C[C@@H]%10C%24=O.c1%33ccc(O)cc1.c1%34ccc(O)cc1.[C@@H]%18(CO)C%40=O.[C@@H]%25(C%34)C5=O.[C@@H]%27(C%33)C7=O.N1C(=N)N.N%15C(=N)N.N%20C(=N)N.N%23C(=N)N.N%28C(=N)N.CC2=O.CS%32.N2%10.N%13%11.N%24%12.N%35%14.N%36%16.N%37%17.N%38%18.N%39%19.N%40%21.N3%22.N4%25.N5%26.N6%27.N7%29.N8%30.N9%31	CC(C)C[C@H]1NC1=O.CSCC[C@@H](NC(C)=O)C(=O)N[C@@H]1CCCNC1=O.N=C(N)N.N=C(N)N.N=C(N)N.N=C(N)NCCC[C@@H](N)C(=O)N[C@H](Cc1ccc(O)cc1)C(=O)C(=O)[C@H](N)CC(N)=O.N=C(N)NCCC[C@H](C(N)=O)[C@H](Cc1ccc(O)cc1)C(=O)N[C@H](CCC[C@H](CCCCN)C(=O)N[C@H](CCCN)C(N)=O)C(N)=O.NCCCC[C@H](C(N)=O)[C@H](CO)C(=O)C(=O)[C@H](N)CCCN.N[C@@H]1CCCNC1=O
[C@H]%20(CCCN=C(N)N)C%24=O.[C@H]%21(CCCN=C(N)N)C%35=O.[C@H]%28(CCCN=C(N)N)C4=O.[C@H]%31(CCCN=C(N)N)C6=O.[C@H]%40(CCCN=C(N)N)C%16=O.[C@H]%41(CCCN=C(N)N)C(N)=O.[C@H]%25(CC(C)C)C%49=O.[C@H]%33(CCC(=O)O)C%10=O.[C@H]%36(CCC(=O)O)C%11=O.[C@H]%38(CCCCN)C%14=O.[C@H]%39(CCCCN)C%15=O.CC[C@H](C)[C@H](N)C2=O.[C@H]%23(CC(C)C)C%47=O.[C@@H]%32(C9=O)[C@@H](C)CC.[C@H]%34(CC(N)=O)C9=O.[C@H]%32(C%43)C7=O.N19CCC[C@H]1%42.[C@H]%37(C%44)C%12=O.c1%44ccccc1.[C@H]%19(C)C%13=O.[C@H]%22(C)C%46=O.[C@H]%26(C)C%48=O.[C@H]%29(C)C5=O.[C@H]%30(C)C6=O.c1%43cnc[nH]1.C%39C%17=O.C%10%42=O.N2%18.N%13%19.N%24%20.N%35%21.N%45%22.N%46%23.N%47%25.N%48%26.N%49%27.N3%28.N4%29.N5%30.N6%31.N7%32.N8%33.N%10%34.N%11%36.N%12%37.N%14%38.N%15%39.N%16%40.N%17%41	CC(C)C[C@H](NC(=O)[C@H](CC(C)C)NC(=O)[C@H](C)N)C(N)=O.CC[C@H](C)[C@@H](C(=O)C(=O)[C@@H](N)CC(N)=O)[C@@H](Cc1cnc[nH]1)C(N)=O.CC[C@H](C)[C@H](N)C(N)=O.C[C@@H]1NC1=O.C[C@@H]1NC1=O.C[C@H](NC(=O)[C@@H](N)CCCN=C(N)N)C(=O)N[C@@H](C)C(=O)C(=O)[C@@H](N)CCCN=C(N)N.NC(N)=NCCC[C@@H]1NC1=O.NC(N)=NCCC[C@@H]1NC1=O.NC(N)=NCCC[C@@H]1NC1=O.NCCCC[C@@H]1NC1=O.NCCCC[C@H](CC(=O)N[C@@H](CCCN=C(N)N)C(N)=O)C(N)=O.N[C@@H](CCC(=O)O)C(=O)C(=O)[C@@H]1CCCN1.O=C(O)CC[C@@H]1NC1=O.O=C1N[C@H]1Cc1ccccc1
C%46(=O)[C@@H]%25CCCCN.CC[C@H](C)[C@H]%20C%10=O.C%24(=O)[C@@H]%22CCC%23.C%57(=O)[C@@H]%28CC(N)=O.C%60(=O)[C@@H]%29CC(C)C.C5(=O)[C@@H]%31CCC%32.C6(=O)[C@@H]%34CC(C)C.C7(=O)[C@@H]%38[C@@H](C)CC.C9(=O)[C@@H](N)CC(C)C.[C@H]%40(CCC%41)C%14=O.[C@H]%48(CCC%50)C%18=O.[C@H]%50(CCC%51)C(N)=O.C3(=O)[C@@H]%30C(C)C.C4(=O)[C@@H]%33CC%51.[C@@H]%44(C%17=O)[C@@H](C)O.[C@@H]1%52CCCN1%13.C%57(=O)[C@@H]%27C%59.c1%59ccccc1.[C@@H]1%53CCCN13.C4(=O)[C@@H]%33C%60.c1%60ccccc1.C8(=O)[C@@H]%37C%61.c1%61ccccc1.N1%10CCC[C@H]1%54.N1%11CCC[C@H]1%55.[C@H]%42(C%62)C%16=O.c1%62ccccc1.N1%16CCC[C@H]1%56.[C@H]%49(C%63)C%19=O.c1%63ccccc1.N%23C(=N)N.N%28C(=N)N.N%32C(=N)N.N%37C(=N)N.N%41C(=N)N.N%43C(=N)N.N%45C(=N)N.N%51C(=N)N.C2%52=O.C%46%53=O.C3%54=O.C%14%55=O.C%15%56=O.N2%20.N%24%21.N%35%22.N%46%26.N%57%27.N%64%27.N%65%29.N%66%30.N4%31.N5%33.N6%34.N7%36.N8%38.N9%39.N%12%40.N%14%42.N%15%44.N%17%48.N%18%49.N%19%50	CC(C)C[C@@H]1NC1=O.CC(C)C[C@H](N)C(=O)C[C@H]1C(=O)C(=O)[C@@H]1CCCCC[C@H](CCC[C@H](NC(=O)[C@@H](NC(=O)[C@@H]1CCCN1C(=O)[C@@H](N)Cc1ccccc1)[C@@H](C)O)C(=O)N[C@@H](Cc1ccccc1)C(N)=O)C(N)=O.CC(C)C[C@H](N)C(N)=O.CC(C)[C@H](N)C(=O)N1CCC[C@H]1C(=O)C(=O)CCCCCN.CC[C@H](C)[C@H](NC(=O)[C@@H]1CCCN1)C(=O)N1CCC[C@H]1C=O.CC[C@H](C)[C@H](NC(=O)[C@H](Cc1ccccc1)NC(=N)N)C(N)=O.N.N.N=C(N)N.N=C(N)N.N=C(N)N.N=C(N)NCCC[C@H](N)C(=O)C(=O)[C@@H]1CCCN1.N=C(N)NCCC[C@H](N)C(N)=O.N=C(N)NCCC[C@H](N)C(N)=O.N=C(N)N[C@@H](CC(N)=O)C(=O)C(=O)[C@@H](N)Cc1ccccc1.c1ccccc1
CC(C)C[C@H]9C(=O)O.C%29(=O)[C@@H]%12CCCN.C7(=O)[C@@H]%18CC(N)=O.C4(=O)[C@@H]%15CCCN.C3(=O)[C@@H]%16C(C)C.[C@@H]1%19CCCN1%24.C%24(=O)[C@@H]%11C%25.[C@@H]1%20CCCN1%28.[C@@H]1%21CCCN1%29.[C@@H]1%22CCCN1%31.[C@@H]1%23CCCN13.C%33(=O)[C@@H]%14C%26.[C@@H]1%25CCCN17.C5(=O)[C@@H]%17CO.c1%25cnc[nH]1.c1%26cnc[nH]1.C8(=O)[C@H](C)N.C%13%19=O.C%27%20=O.C%30%21=O.C%32%22=O.C6%23=O.N29.N%13%10.N%27%11.N%30%12.N%32%14.N4%15.N5%16.N6%17.N8%18	CC(C)C[C@H](N)C(=O)O.CC(C)[C@@H]1NC(=O)[C@H](CO)NC(=O)[C@@H]2CCCN2C1=O.C[C@H](N)C(=O)N[C@@H](CC(N)=O)C(=O)N1CCC[C@H]1C[C@H](NC(=O)[C@@H]1CCCN1)C(=O)N1CCC[C@H]1C(N)=O.NCCC[C@@H]1NC(=O)[C@@H]2CCCN2C1=O.NCCC[C@@H]1NC1=O.O=C[C@H](Cc1cnc[nH]1)NC(=O)[C@@H]1CCCN1.c1c[nH]cn1
C2(=O)[C@@H]%14CCCN=C(N)N.C%13(=O)[C@@H]%15CCCN=C(N)N.C%35(=O)[C@@H]%16CCCN=C(N)N.C%37(=O)[C@@H]%17CCCN=C(N)N.[C@H]%23(CCCN=C(N)N)C(N)=O.C6(=O)[C@@H]%20CCCCN.CC[C@H](C)[C@H]%12C9=O.C7(=O)[C@@H]%21CC(=O)O.[C@H]%22(CC(N)=O)C%11=O.C%38(=O)[C@@H]%18CC%25.c1%32ccc(O)cc1.C8(=O)[C@@H](N)C(C)C.c1%33ccc(O)cc1.[C@@H]1%26CCCN1%34.[C@@H]1%27CCCN1%35.[C@@H]1%28CCCN1%37.[C@@H]1%29CCCN1%39.C3(=O)[C@@H]%19C%32.[C@@H]1%30CCCN15.[C@@H]1%31CCCN16.[C@H]%21(C%33)C%10=O.C%24%26=O.C%34%27=O.C%36%28=O.C%38%29=O.C4%30=O.C5%31=O.N2%12.N%13%14.N%24%15.N%36%16.S%25C.N3%17.N4%18.N7%19.N8%20.N9%21.N%10%22.N%11%23	CC[C@H](C)[C@H](NC(=O)[C@H](CCCN=C(N)N)NC(=O)[C@H](CCCN=C(N)N)NC(=O)[C@@H]1CCCN1C(=O)[C@@H]1CCCN1C(=O)[C@H](CCCN=C(N)N)NC(=O)[C@@H]1CCCN1C(=O)[C@H](CCCN=C(N)N)NC(=O)[C@H](Cc1ccc(O)cc1)NC(=O)[C@H](CC(=O)O)[C@@H](Cc1ccc(O)cc1)C(=O)N[C@@H](CC(N)=O)C(=O)N[C@@H](CCCN=C(N)N)C(N)=O)C(N)=O.CSCC[C@H](NC(=O)[C@@H]1CCCN1C(=O)[C@@H]1CCCN1C(=O)[C@H](CCCCN)NC(=O)[C@@H](N)C(C)C)C(=O)C(=O)[C@@H]1CCCN1
[C@@H]%11(CCCN=C(N)N)C%23=O.[C@@H]%12(CCCN=C(N)N)C(N)=O.c1%15c[nH]c2ccccc12.C%17(=O)[C@H]7CCCCN.C%20(=O)[C@H]%10CCCCN.C%21(=O)[C@H](N)CCCCN.CC[C@@H](C)[C@@H]4C%22=O.C%14(=O)[C@H]6C(C)C.c1%16ccc(O)cc1.C3(=O)[C@H]5C%13.c1%13ccccc1.C%18(=O)[C@H]8C%15.C%19(=O)[C@H]9C%16.N34.N%145.N%176.N%187.N%198.N%209.N%21%10.N%22%11.N%23%12	CC[C@@H](C)[C@@H](NC(=O)[C@@H](Cc1ccccc1)NC(=O)[C@H](NC(=O)[C@@H](CCCCN)NC(=O)[C@@H](Cc1c[nH]c2ccccc12)NC(=O)[C@@H](Cc1ccc(O)cc1)NC(=O)[C@@H](CCCCN)NC(=O)[C@H](N)CCCCN)C(C)C)C(=O)N[C@H](CCCN=C(N)N)C(=O)N[C@H](CCCN=C(N)N)C(N)=O
CC(C)C[C@H]7C4=O.C2(=O)[C@@H]%10CC(C)C.C%31(=O)[C@@H]%12CCC%14.C%33(=O)[C@@H]%15CCC%16.[C@H]%17(CCC%18)C6=O.C%29(=O)[C@@H]%11C(C)C.c1%29ccc(O)cc1.[C@@H]1%20CCCN1%24.[C@@H]1%21CCCN1%31.[C@@H]1%22CCCN1%34.C%31(=O)[C@@H]%12C%28.[C@@H]1%23CCCN1%33.[C@@H]1%25CCCN13.[C@@H]1%26CCCN14.[C@@H]1%27CCCN16.[C@@H]1%28CCCN17.N%11C(=N)N.N%14C(=N)N.N%16C(=N)N.C3(=O)CN.C%13%19=O.C%24%20=O.C%30%21=O.C%32%22=O.C%34%23=O.C%35%25=O.C5%26=O.C%27(=O)O.N28.N%139.N%30%10.N%32%12.N%35%15.N3%17.N5%19	CC(C)C[C@H](NC(=O)[C@@H]1CCCN1C(=O)[C@H](CCCNC(=N)N)[C@H](C=O)C[C@@H]1CCCN1[C@@H](CC(C)C)C(=O)N1CCC[C@H]1C(=O)NC(N)=O)C(N)=O.CC(C)[C@H](NC(=N)N)C(=O)c1ccc(O)cc1.CCC[C@H](N)C(=O)N1CCC[C@H]1C(=O)O.N=C(N)NCCC[C@H](NC(=O)[C@@H]1CCCN1C(=O)CN)C(=O)N1CCC[C@H]1C(=O)N1CCC[C@H]1C(N)=O.O=C1[C@@H]2CCCN12
[C@@H]13NC(=O)[C@H]4NC(=O)[C@@H]2CCCN2C(=O)[C@H]2CCCN2C(=O)[C@H]6NC(=O)[C@H]7NC1=O.C4CCN=C(N)N.C5CCN=C(N)N.c18ccccc1.CC[C@@H]3C.C5C(C)C.C67.C78	CC(C)CCCCN=C(N)N.CC[C@H](C)[C@@H]1NC(=O)[C@H](CCCN=C(N)N)NC(=O)[C@@H]2CCCN2C(=O)[C@H]2CCCN2C(=O)[C@@H]2C[C@H](NC1=O)C(=O)N2.Cc1ccccc1
C2(=O)[C@@H]9CCCN=C(N)N.C%13(=O)[C@@H](N)CCCN=C(N)N.[C@H]%10(CCCN=C(N)N)C%26=O.[C@H]%11(CCCN=C(N)N)C%27=O.[C@H]%15(CCCN=C(N)N)C3=O.[C@H]%16(CCCN=C(N)N)C5=O.[C@H]%17(CCCN=C(N)N)C7=O.CC[C@H](C)[C@H]8C%24=O.[C@H]%12(CC(C)C)C%28=O.N1%26CCC[C@H]1%18.[C@H]%14(C%23)C%30=O.c1%23ccccc1.N1%30CCC[C@H]1%19.N13CCC[C@H]1%20.N15CCC[C@H]1%21.N16CCC[C@H]1%22.C%27%18=O.C%29%19=O.C4%20=O.C6%21=O.C%22(=O)O.N28.N%139.N%24%10.N%25%11.N%27%12.N%29%14.N%31%15.N4%16.N7%17	CC(C)C[C@H](N)C=O.CC[C@H](C)[C@H](NC(=O)[C@H](CCCN=C(N)N)NC(=O)[C@@H](N)CCCN=C(N)N)C(=O)N[C@@H](CCCN=C(N)N)C(=O)N1CCC[C@H]1C(=O)C(=O)[C@@H](N)CCCN=C(N)N.NC(N)=NCCC[C@@H]1NC1=O.NC(N)=NCCC[C@H](NC(=O)[C@@H]1CCCN1C(=O)[C@@H](N)CCCN=C(N)N)C(=O)N1CCC[C@H]1C(=O)N1CCC[C@H]1C(=O)O.O=C1N[C@@H](Cc2ccccc2)C(=O)N2CCC[C@@H]12
[C@@H]13NC(=O)[C@@H]2CCCN2C(=O)[C@H]5NC(=O)[C@H](C)NC(=O)[C@H]6NC(=O)CNC1=O.c18ccc(O)cc1.CC3C.[C@H]6(C)O.C47.C58	C.CC(C)[C@@H]1NC(=O)[C@@H]2CCCN2C(=O)[C@H](Cc2ccc(O)cc2)NC(=O)[C@H](C)NC(=O)[C@H]([C@@H](C)O)NC(=O)CNC1=O
C%14(=O)[C@@H]%10CCCCN.c1%22c[nH]c2ccccc12.C%29(=O)[C@@H]%15CCCCN.c1%24c[nH]c2ccccc12.C%32(=O)[C@@H]%17CCCCN.[C@H]%18(CCCCN)C6=O.[C@H]%21(CCCCN)C(N)=O.CC[C@H](C)[C@H]8C4=O.C%28(=O)[C@@H]%13CC(N)=O.[C@H]%19(CC(N)=O)C5=O.C3(=O)[C@@H]9C(C)C.C%25(=O)[C@@H]%11C%22.C%30(=O)[C@@H]%16C%23.c1%23ccccc1.C%31(=O)[C@@H](N)C%24.[C@H]%20(C%26)C7=O.c1%26ccccc1.C%27(=O)[C@@H]%12C.N38.N%149.N%25%10.N%27%11.N%28%12.N%29%13.N%30%15.N%31%16.N%32%17.N4%18.N5%19.N6%20.N7%21	CC[C@H](C)[C@H](NC(=O)[C@@H](NC(=O)[C@H](CCCCN)NC(=O)[C@H](Cc1c[nH]c2ccccc12)NC(=O)[C@H](C)NC(=O)[C@H](CC(N)=O)NC(=O)[C@H](CCCCN)NC(=O)[C@H](Cc1ccccc1)NC(=O)[C@@H](N)Cc1c[nH]c2ccccc12)C(C)C)C(=O)N[C@@H](CCCCN)C(=O)N[C@@H](Cc1ccccc1)C(=O)N[C@@H](CCCCN)C(N)=O.NC(=O)C[C@@H]1NC1=O.NCCCC[C@@H]1NC1=O
C%13(=O)[C@@H]8CCCCN.[C@H]%15(CCCCN)C%29=O.CC[C@H](C)[C@H]6C%26=O.C2(=O)[C@@H]7CC(N)=O.c1%21ccc(O)cc1.[C@@H]%16(C3=O)C(C)C.[C@@H]%16(C4=O)C(C)C.C%23(=O)[C@@H]9C%19.c1%19ccccc1.C%24(=O)[C@@H]%10CO.C%25(=O)[C@@H](N)C%20.c1%20ccccc1.[C@H]%11(C%21)C%27=O.[C@H]%17(C%22)C5=O.c1%22ccccc1.[C@H]%18(C)C(=O)O.C%14C%28=O.N26.N%137.N%238.N%249.N%25%10.N%26%11.N%27%12.N%28%14.N%29%15.N3%16.N4%17.N5%18	CC(C)[C@@H](C(N)=O)[C@H](C(=O)N[C@@H](Cc1ccccc1)C(=O)N[C@@H](C)C(=O)O)C(C)C.CC[C@H](C)[C@H](NC(=O)[C@H](CC(N)=O)NC(=O)[C@H](CCCCN)NC(=O)[C@H](Cc1ccccc1)NC(=O)[C@H](CO)NC(=O)[C@@H](N)Cc1ccccc1)C(=O)N[C@@H](Cc1ccc(O)cc1)C(N)=O.NCCCC[C@@H]1NC1=O.O=C1CN1
C%14(=O)[C@@H]%18CCCCN.C%41(=O)[C@@H]%22CCCCN.c1%39c[nH]c2ccccc12.C%45(=O)[C@@H]%26CCCCN.C4(=O)[C@@H]%27CCCCN.c1%40c[nH]c2ccccc12.[C@H]%33(CCCCN)C%12=O.c1%40c[nH]c2ccccc12.[C@H]%37(CCCCN)C(N)=O.CC[C@H](C)[C@H]%16C8=O.C%25(=O)[C@@H]%19[C@@H](C)CC.C%42(=O)[C@@H]%21CC(C)C.[C@H]%31(CC(C)C)C%10=O.[C@H]%32(CC(C)C)C%11=O.[C@H]%34(CC(C)C)C%13=O.[C@H]%35(CC(N)=O)C%15=O.C%44(=O)[C@@H]%24CC%38.C%43(=O)[C@@H]%23C%38.C5(=O)[C@@H]%28C6(=O)[C@@H]%29C%39.C7(=O)[C@@H](N)C%40.c1%38cnc[nH]1.[C@H]%30(C)C9=O.C%36(=O)C%20.N3%16.N%14%17.N%25%18.N%36%19.N%41%20.N%42%21.N%43%22.N%44%23.N%45%24.N4%26.N5%27.N6%28.N7%29.N8%30.N9%31.N%10%32.N%11%33.N%12%34.N%13%35.N%15%37	INVALID
[C@H]5(CCCN=C(N)N)C%17=O.[C@H]8(CCCN=C(N)N)C(=O.NCCCC[C@H]%20C%14=O.c1%10c[nH]c2ccccc12.c1%11c[nH]c2ccccc12.c1%12c[nH]c2ccccc12.[C@H]5(CCCCN)C(=O.c19ccc(O)cc1.c1%13ccc(O)cc1.[C@H]7(CC9)C%19=O.C3(=O)[C@@H](N)C%10.[C@H]4(C%11)C%16=O.[C@H]6(C%12)C%18=O.N3%20.N%14%21.N%154.N%165.N%176.N%187.N%198	INVALID
C1(=O)[C@@H]7CCCN=C(N)N.C%21(=O)[C@@H]%10CCCN=C(N)N.[C@H]%18(CCCN=C(N)N)C5=O.[C@H]%11(CCCCN)C%24=O.[C@H]%14(CCCCN)C%26=O.[C@H]%16(CCCCN)C3=O.CC[C@H](C)[C@H]6C%23=O.C%20(=O)[C@@H]9CC(C)C.C%12(=O)[C@@H]8C(C)C.C%22(=O)[C@@H](N)C(C)C.[C@@H]%15(C2=O)C(C)C.[C@@H]%16(C4=O)C(C)C.[C@H]%17(C)C4=O.[C@H]%19(C)C(N)=O.N16.N%127.N%208.N%219.N%22%10.N%23%11.N%24%13.N%25%14.N%26%15.N2%16.N3%17.N4%18.N5%19	CC(C)[C@H](NC(=O)[C@@H](N)CCCCN)C(N)=O.CC(C)[C@H]1C(=O)C(=O)[C@H](C)NC(=O)[C@@H]1CCCCN.CC[C@H](C)[C@H](NC(=O)[C@H](CCCN=C(N)N)NC(=O)[C@@H](NC(=O)[C@H](CC(C)C)NC(=O)[C@H](CCCN=C(N)N)NC(=O)[C@@H](N)C(C)C)C(C)C)C(=O)N[C@@H](CCCCN)C(N)=O.C[C@H](NC(=O)[C@@H](N)CCCN=C(N)N)C(N)=O
C%46(=O)[C@H]%22CCCCN.CC[C@@H](C)[C@@H]%16C%11=O.C%24(=O)[C@H]%19[C@H](C)CC.C%35(=O)[C@H]%20[C@H](C)CC.C%50(=O)[C@H]%23CC(C)C.C4(=O)[C@H]%27CC(C)C.C5(=O)[C@H]%28CC(C)C.[C@@H]%32(CC(N)=O)C%12=O.[C@H]%34(C%15=O)C(C)C.[C@H]%37(C(N)=O)C(C)C.C2(=O)[C@H]%17C%43.[C@H]1%38CCCN1%24.C%46(=O)[C@H]%21C%38.C%53(=O)[C@H]%25C%39.C3(=O)[C@H]%26C%40.C6(=O)[C@H]%29C%44.c1%44ccccc1.C7(=O)[C@H]%30C%40.C9(=O)[C@H]%31C%41.C%10(=O)[C@H](N)C%45.c1%45ccccc1.[C@@H]%33(C%42)C%14=O.[C@@H]%36(C%48)C%15=O.c1%47ccccc1.c1%39cnc[nH]1.c1%40cnc[nH]1.c1%41cnc[nH]1.c1%42cnc[nH]1.c1%43cnc[nH]1.C%13(=O)C%18.C%13%38=O.N2%16.N%13%17.N%35%18.N%46%19.N%48%20.N%49%21.N%50%22.N%51%23.N3%25.N4%26.N5%27.N6%28.N7%29.N8%30.N9%31.N%10%32.N%11%33.N%12%34.N%14%36.N%15%37	CC(C)C[C@H]1NC(=O)[C@@H](Cc2ccccc2)NC(=O)[C@H](N)CC[C@H](C(=O)N[C@@H](C=O)Cc2cnc[nH]2)NC(=O)[C@@H](CC(C)C)NC1=O.CC(C)[C@@H](N)C(N)=O.CC[C@@H](C)[C@@H](N)C(=O)N1CCC[C@@H]1C[C@@H](N)C(=O)C(=O)[C@@H](CCCCN)NC(=O)[C@H](N)CC(C)C.CC[C@@H](C)[C@@H](NC[C@@H](NC(=O)[C@@H](Cc1cnc[nH]1)NC(=O)[C@H](NC(=O)[C@H](N)Cc1cnc[nH]1)[C@H](C)CC)C(=O)C(=O)[C@H](NC(=O)[C@@H](CC(N)=O)NC(=O)[C@H](N)Cc1ccccc1)C(C)C)C(=O)NCC(=O)C=O.O=C1N[C@@H]1Cc1cnc[nH]1.c1c[nH]cn1.c1ccccc1
C3(=O)[C@@H]5CCCN=C(N)N.C%18(=O)[C@@H](N)CCCN=C(N)N.[C@H]%10(CCCN=C(N)N)C%20=O.c1%13c[nH]c2ccccc12.[C@H]%11(CCCCN)C%21=O.CC[C@H](C)[C@H]4C%19=O.C%16(=O)[C@@H]8CC(C)C.[C@H]%12(CC(C)C)C(N)=O.C%14(=O)[C@@H]6C(C)C.C%15(=O)[C@@H]7C(C)C.C%17(=O)[C@@H]9C%13.N34.N%145.N%156.N%167.N%178.N%189.N%19%10.N%20%11.N%21%12	CC[C@H](C)[C@H](NC(=O)[C@H](CCCN=C(N)N)NC(=O)[C@@H](NC(=O)[C@@H](NC(=O)[C@H](CC(C)C)NC(=O)[C@H](Cc1c[nH]c2ccccc12)NC(=O)[C@@H](N)CCCN=C(N)N)C(C)C)C(C)C)C(=O)N[C@@H](CCCN=C(N)N)C(=O)N[C@@H](CCCCN)C(=O)N[C@@H](CC(C)C)C(N)=O
C%14(=O)[C@@H](N)CCCN=C(N)N.[C@H]%12(CCC(=O)O)C%27=O.c1%20c[nH]c2ccccc12.[C@H]%18(CCCCN)C6=O.CC[C@H](C)[C@H]7C%24=O.C%23(=O)[C@@H](N)CC(N)=O.[C@H]%11(CC(N)=O)C%27=O.[C@H]%19(CC(C)C)C(=O)O.[C@@H]%10(C%26=O)C(C)C.[C@@H]%15(C%29=O)C(C)C.c1%21ccc(O)cc1.c1%22ccc(O)cc1.C3(=O)[C@@H]8C%20.[C@H]%13(CO)C%28=O.[C@H]%16(C%21)C4=O.[C@H]%17(C%22)C5=O.N37.N%148.N%239.N%24%10.N%25%11.N%26%12.N%27%13.N%28%15.N%29%16.N4%17.N5%18.N6%19	CC(C)C[C@H](NC(=O)[C@H](CCCCN)NC(=O)[C@H](Cc1ccc(O)cc1)NC(=O)[C@H](Cc1ccc(O)cc1)NC(=O)[C@@H](NC(=O)[C@@H](N)CO)C(C)C)C(=O)O.CC[C@H](C)[C@H](NC(=O)[C@H](Cc1c[nH]c2ccccc12)NC(=O)[C@@H](N)CCCN=C(N)N)C(=O)N[C@H](C(=O)N[C@@H](CCC(=O)O)C(=O)C(=O)[C@@H](N)CC(N)=O)C(C)C.NC(=O)C[C@H](N)C(N)=O
[C@@H]1%30NC(=O)[C@H]%31NC(=O)[C@@H]2CCCN2C(=O)[C@H](C)NC(=O)CNC(=O)[C@H]%32NC(=O)[C@H]%33NC(=O)[C@H]%34NC(=O)[C@H](C)NC(=O)[C@@H]%26CSSC[C@@H]%29NC(=O)[C@H]%35NC1=O.C%39(=O)[C@@H]%16CC(C)C.C%40(=O)[C@@H]%17[C@@H](C)CC.[C@H]%23(CC(C)C)C9=O.C3(=O)[C@@H]%11[C@@H](C)O.c1%37ccc(O)cc1.C%41(=O)[C@@H]%15[C@@H](C)O.C4(=O)[C@@H]%18C(C(C)C.[C@@H]%21(C%10=O)C(C)C.c1%38ccc(O)cc1.C%25(=O)[C@@H]%13CO.[C@@H]1%27CCCN1%39.[C@@H]1%28CCCN1%39.C%43(=O)[C@@H]%13CO.C5(=O)[C@@H](N)CO.[C@H]%22(C%37)C9=O.[C@H]%24(C%38)C(=O)O.c1%39ccccc1.c1%35cnc[nH]1.C%31C(N)=O.C%33C(C)C.C%14%27=O.C%36%28=O.C8%29=O.N3%26.N%14%11.N%25%12.N%36%13.N%40%15.N%41%16.N%42%17.N4%18.N5%19.N6%20.N7%21.N8%22.N9%23.N%10%24.C%34O	INVALID
C%13(=O)[C@@H]9CCCCN.CC[C@H](C)[C@H]7C(N)=O.C2(=O)[C@@H]8CC(C)C.C%23(=O)[C@@H]%10[C@@H](C)CC.C%24(=O)[C@@H]%11CC(C)C.C%27(=O)[C@@H]%15CC(C)C.C%26(=O)[C@@H]%14CC(C)C.C4(=O)[C@@H]%18CC(C)C.C%25(=O)[C@@H]%12CO.[C@@H]1%19CCCN13.C3(=O)[C@@H]%16CO.C4(=O)[C@@H]%17C%20.c1%20ccccc1.C6(=O)[C@@H](N)C%21.c1%21ccccc1.C%22(=O)[C@@H]9C.C%29%19=O.N27.N%138.N%239.N%24%10.N%25%11.N%26%12.N%27%14.N%28%15.N4%16.N5%17.N6%18	CC(C)C[C@H](NC(=O)[C@@H](N)Cc1ccccc1)C(=O)C(=O)[C@@H](N)Cc1ccccc1.CC[C@H](C)[C@H](NC(=O)[C@H](CC(C)C)NC(=O)[C@H](CCCCN)[C@@H](C)C=O)C(N)=O.CC[C@H](C)[C@H](NC(=O)[C@H](CC(C)C)NC(=O)[C@H](CO)NC(=O)[C@H](CC(C)C)NC(=O)[C@@H](N)CC(C)C)C(N)=O.N[C@@H](CO)C(=O)N1CCC[C@H]1C=O
C%13(=O)[C@@H]7CCCN=C(N)N.C2(=O)[C@@H]6CCCCN.C%22(=O)[C@@H]%10CCCCN.C%23(=O)[C@@H]%11CCCCN.[C@H]%15(CCCCN)C4=O.[C@H]%16(CCCCN)C(N)=O.CC[C@H](C)[C@H]5C3=O.C%21(=O)[C@@H]9CC(C)C.C%25(=O)[C@@H]%14CC(C)C.C%20(=O)[C@@H]8C%17.c1%17ccccc1.C%24(=O)[C@@H]%12C%18.c1%18ccccc1.C%26(=O)[C@@H](N)C%19.c1%19ccccc1.N25.N%136.N%207.N%218.N%229.N%23%10.N%24%11.N%25%12.N%26%14.N3%15.N4%16	CC[C@H](C)[C@H](NC(=O)[C@H](CCCCN)NC(=O)[C@H](CCCN=C(N)N)NC(=O)[C@H](Cc1ccccc1)NC(=O)[C@H](CC(C)C)NC(=O)[C@H](CCCCN)NC(=O)[C@H](CCCCN)NC(=O)[C@H](Cc1ccccc1)NC(=O)[C@H](CC(C)C)NC(=O)[C@@H](N)Cc1ccccc1)C(=O)N[C@@H](CCCCN)C(=O)N[C@@H](CCCCN)C(N)=O
[C@@H]14NC(=O)[C@H]5NC(=O)[C@H]6NC(=O)[C@H]7NC(=O)[C@H]8NC(=O)[C@H]9NC1=O.c1%10c[nH]c2ccccc12.c1%12c[nH]c2ccccc12.c1%11ccccc1.NCCCC4.C6CCCN.[C@H]7(C)O.C8%10.C9%11	C[C@@H](O)[C@@H]1NC(=O)[C@H](Cc2c[nH]c3ccccc23)NC(=O)[C@H](Cc2ccccc2)NC(=O)[C@H](CCCCN)NC(=O)CNC(=O)[C@H](CCCCN)NC1=O.c1ccc2[nH]ccc2c1
C%13(=O)[C@H]%12CCCN=C(N)N.C%37(=O)[C@H]%17CCCN=C(N)N.[C@@H]%21(CCCN=C(N)N)C%10=O.[C@@H]%18(CCC(N)=O)C3=O.[C@@H]%22(CC(C)C)C(=O)O.C3(=O)[C@H]%15[C@H](C)O.c1%32ccc(O)cc1.c1%22ccccc1%24.C%24(=O)[C@H]%14C%30.[C@H]1%23CCCN1%33.[C@H]1%25CCCN1%34.[C@H]1%26CCCN1%36.[C@H]1%27CCCN13.C4(=O)[C@H](N)C%31.c1%31ccccc1.[C@@H]%19(CO)C6=O.N16CCC[C@@H]1%28.[C@@H]%20(C%32)C8=O.c1%30cnc[nH]1.C%34(=O)C%16.C%36(=O)C%16.C2%25=O.C%33%26=O.C%35%27=O.C5%28=O.C7%29=O.N2%11.N%13%12.N%33%14.N%35%15.N%37%16.N4%17.N5%18.N7%19.N8%20.N9%21.N%10%22	CC(C)C[C@H](C(=O)O)c1ccccc1C(=O)[C@H](N)Cc1cnc[nH]1.C[C@H](O)[C@@H](NC(=O)[C@H]1CCCN1)C(=O)C(=O)[C@@H](CCC(N)=O)NC(=O)[C@H]1CCCN1C(=O)[C@@H](CO)NC=O.NC(=O)[C@@H](CCCN=C(N)N)NC(=O)[C@H](N)Cc1ccccc1.NC(=O)[C@H](N)CCCN=C(N)N.NC(=O)[C@H]1CCCN1C(=O)CCC(=O)N1CCC[C@@H]1C(=O)N1CCCC1.NC(N)=NCCC[C@H]1NC1=O.O=C1N[C@@H]1Cc1ccc(O)cc1
C3(=O)[C@@H]9CCCCN.C%14(=O)[C@@H]%10CCCCN.C%27(=O)[C@@H]%13CCCCN.c1%23c[nH]c2ccccc12.[C@H]%16(CCCCN)C%31=O.[C@H]%17(CCCCN)C4=O.c1%24c[nH]c2ccccc12.[C@H]%20(CCCCN)C7=O.[C@H]%20(CCCCN)C7=O.CC[C@H](C)[C@H]8C%29=O.C%26(=O)[C@@H]%12CC(C)C.[C@H]%18(CC(C)C)C5=O.C%25(=O)[C@@H]%11C%23.[C@H]%15(CO)C%30=O.[C@H]%19(C%24)C6=O.[C@H]%21(C%22)C(=O)O.c1%22cnc[nH]1.N38.N%149.N%25%10.N%26%11.N%27%12.N%28%13.N%29%15.N%30%16.N%31%17.N4%18.N5%19.N6%20.N7%21	CC[C@H](C)[C@H](NC(=O)[C@H](CCCCN)NC(=O)[C@H](CCCCN)NC(=O)[C@H](Cc1c[nH]c2ccccc12)NC(=O)[C@H](CC(C)C)NC(=O)[C@@H](N)CCCCN)C(=O)N[C@@H](CO)C(=O)N[C@@H](CCCCN)C(=O)N[C@@H](CCCCN)C(=O)N[C@@H](CC(C)C)C(=O)N[C@@H](Cc1c[nH]c2ccccc12)C(N)=O.NCCCC[C@H]1C(=O)C(=O)[C@@H]1CCCCN.N[C@@H](Cc1cnc[nH]1)C(=O)O
[C@H]8(CCCN=C(N)N)C%19=O.[C@H]%10(CCCN=C(N)N)C(N)=O.c1%11c[nH]c2ccccc12.c1%12c[nH]c2ccccc12.c1%13c[nH]c2ccccc12.CC[C@H](C)[C@H]%21C%17=O.C%15(=O)[C@@H]6CC(C)C.C%14(=O)[C@@H]5C(C)C.[C@@H]9(C%20=O)C(C)C.C3(=O)[C@@H]4C%11.C%16(=O)[C@@H](N)C%12.[C@H]7(C%13)C%18=O.N3%21.N%144.N%155.N%166.N%177.N%188.N%199.N%20%10	CC[C@H](C)[C@H](NC(=O)[C@H](Cc1c[nH]c2ccccc12)NC(=O)[C@@H](NC(=O)[C@H](CC(C)C)NC(=O)[C@@H](N)Cc1c[nH]c2ccccc12)C(C)C)C(=O)N[C@@H](Cc1c[nH]c2ccccc12)C(=O)N[C@@H](CCCN=C(N)N)C(=O)N[C@H](C(=O)N[C@@H](CCCN=C(N)N)C(N)=O)C(C)C
C%13(=O)[C@@H]%18CCCN=C(N)N.[C@H]%33(CCCN=C(N)N)C%11=O.[C@H]%29(CCCCN)C7=O.CC[C@H](C)[C@H]%16C%51=O.C%35(=O)[C@@H]%20[C@@H](C)CC.[C@@H]%31(C9=O)[C@@H](C)CC.[C@@H]%26(C5=O)C(C)C.[C@@H]%30(C8=O)C(C)C.[C@@H]%36(C%15=O)C(C)C.C%24(=O)[C@@H]%19C%45.c1%45ccccc1.C%46(=O)[C@@H]%21C%39.C%49(=O)[C@@H]%22C%40.C%51(=O)[C@@H](N)C%47.c1%47ccccc1.[C@H]%23(C%41)C3=O.[C@H]%28(CO)C4=O.[C@H]%29(C%42)C8=O.[C@H]%32(C%43)C%10=O.[C@H]%34(C%44)C%12=O.c1%38cnc[nH]1.c1%39cnc[nH]1.c1%40cnc[nH]1.c1%41cnc[nH]1.c1%42cnc[nH]1.c1%43cnc[nH]1.c1%44cnc[nH]1.C%13(=O)C%17.C%27C6=O.C%31C%10=O.C%37C(N)=O.N2%16.N%13%17.N%24%18.N%35%19.N%46%20.N%48%21.N%49%22.N%50%23.N%51%25.N4%26.N5%27.N6%28.N7%29.N8%30.N9%31.N%10%32.N%11%33.N%12%34.N%14%35.N%15%37	CC(C)CC(=O)NCC(N)=O.CC(C)[C@@H]1NC(=O)[C@H](CO)NC(=O)CNC1=O.CC(C)[C@H](N)C(=O)C(=O)[C@H](Cc1cnc[nH]1)[C@@H](CCCCN)C(N)=O.CC[C@H](C)[C@H](CC(=O)C(=O)[C@@H](N)Cc1cnc[nH]1)C(N)=O.CC[C@H](C)[C@H](N)C(=O)C(=O)[C@@H](N)Cc1ccccc1.CC[C@H](C)[C@H](NC(=O)[C@@H](N)Cc1cnc[nH]1)C(=O)N[C@@H](Cc1ccccc1)C(=O)N[C@@H](CCCN=C(N)N)C(=O)C(=O)CN.N.N.NC(N)=NCCC[C@@H]1NC1=O.N[C@H](C=O)Cc1cnc[nH]1.O=C1N[C@H]1Cc1cnc[nH]1.O=C1N[C@H]1Cc1cnc[nH]1.c1c[nH]cn1
C%32(=O)[C@@H]%15CCCN=C(N)N.[C@H]%18(CCCN=C(N)N)C3=O.[C@H]%19(CCCN=C(N)N)C5=O.[C@H]%21(CCCN=C(N)N)C%10=O.CC[C@H](C)[C@H]%11C%36=O.C%33(=O)[C@@H]%16CC(N)=O.C%34(=O)[C@@H]%17CC(N)=O.C%35(=O)[C@@H](N)CCCN.[C@H]%22(CC(C)C)C(N)=O.c1%31ccc(O)cc1.C%13(=O)[C@@H]%14C(C)C.C2(=O)[C@@H]%12C%31.[C@@H]1%23CCCN1%32.N1%36CCC[C@H]1%25.N13CCC[C@H]1%26.N15CCC[C@H]1%27.N16CCC[C@H]1%28.[C@H]%20(C%30)C8=O.N18CCC[C@H]1%29.c1%30cnc[nH]1.C%24%23=O.C%37%25=O.C4%26=O.C6%27=O.C7%28=O.C9%29=O.N2%11.N%13%12.N%24%14.N%33%15.N%34%16.N%35%17.N%37%18.N4%19.N7%20.N9%21.N%10%22	CC[C@H](C)[C@H](NC(=O)[C@H](Cc1ccc(O)cc1)NC(=O)[C@@H](NC(=O)[C@@H]1CCCN1C(=O)[C@H](CCCN=C(N)N)NC(=O)[C@H](CC(N)=O)NC(=O)[C@H](CC(N)=O)NC(=O)[C@@H](N)CCCN)C(C)C)C(=O)N1CCC[C@H]1C(=O)N[C@@H](CCCN=C(N)N)C(=O)N1CCC[C@H]1C(=O)N[C@@H](CCCN=C(N)N)C(=O)N1CCC[C@H]1C(=O)N1CCC[C@H]1C(=O)N[C@@H](Cc1cnc[nH]1)C(=O)N1CCC[C@H]1C(=O)N[C@@H](CCCN=C(N)N)C(=O)N[C@@H](CC(C)C)C(N)=O
C%36(=O)[C@@H]%20CCCN=C(N)N.C7(=O)[C@@H](N)CCCN=C(N)N.C%14(=O)[C@@H]%17CCC(N)=O.C%44(=O)[C@@H]%24CCN.[C@H]%28(CCCCN)C9=O.c1%38c[nH]c2ccccc12.[C@H]%31(CCC(N)=O)C%12=O.CC[C@H](C)[C@H]%15C8=O.C3(=O)[C@@H]%16[C@@H](C)CC.C%36(=O)[C@@H]%19CC(C)C.C%42(=O)[C@@H]%22CCCN.C5(=O)[C@@H]%27[C@@H](C)CC.[C@@H]%29(C%10=O)[C@@H](C)CC.c1%35ccc(O)cc1.c1%38ccc(O)cc1.[C@@H]%33(C(=O)O)[C@@H](C)C.C%25(=O)[C@@H]%18C%35.C%43(=O)[C@@H]%23C%37.c1%37ccccc1.[C@@H]1%34CCCN17.C4(=O)[C@@H]%26C%38.[C@H]%30(C%39)C%11=O.C3(=O)[C@@H]%16C.[C@H]%32(C)C%13=O.C6%34=O.N3%15.N%14%16.N%25%17.N%36%18.N%40%19.N%41%20.N%42%21.N%43%22.N%44%23.N4%24.N5%26.N6%27.N8%28.N9%29.N%10%30.N%11%31.N%12%32.N%13%33	CC(C)C[C@H](N)C(=O)C(=O)[C@@H](N)CCCN=C(N)N.CC[C@H](C)[C@H](N)C(=O)N[C@@H](CCCCN)C(=O)N[C@H](C(=O)N[C@@H](C)C(=O)N[C@@H](CCC(N)=O)C(=O)N[C@@H](C)C(=O)N[C@H](C(=O)O)C(C)C)[C@@H](C)CC.CC[C@H](C)[C@H](NC(=O)[C@@H]1CCCN1C(=O)[C@@H](N)CCCN=C(N)N)C(=O)N[C@@H](C)C(=O)N[C@@H](CCN)C(=O)N[C@@H](Cc1ccccc1)C(=O)N[C@@H](CCCN)C(N)=O.CC[C@H](C)[C@H]1C(=O)C(=O)[C@@H]1C.NC(=O)CC[C@H](NC(=O)[C@@H](N)Cc1ccc(O)cc1)C(N)=O.Oc1ccc(-c2c[nH]c3ccccc23)cc1
NC(CC[C@H](N)C3=O.[C@H]%12(CCCCN)C8=O.c15c[nH]c2ccccc12.c16c[nH]c2ccccc12.[C@H]%13(CC5)C9=O.N18CCC[C@H]14.[C@H]%14(C6)C(=O)O.c16ccccc1.C%104=O.N3%11.N7%12.N9%13.N%10%14	INVALID
C%12(=O)[C@@H]5CCCN=C(N)N.[C@H]6(CCCN=C(N)N)C%15=O.[C@H]9(CCCN=C(N)N)C(N)=O.C2(=O)[C@@H]3CCCCN.[C@H]7(CCCCN)C%16=O.CC[C@H](C)[C@H]%18C%14=O.C%11(=O)[C@@H]4CC(C)C.[C@H]8(C%10)C%17=O.c1%10ccccc1.C%13(=O)CCN.N2%18.N%11%19.N%123.N%134.N%145.N%156.N%167.N%178.N%179	CC(C)C[C@H](NC(=O)CCN)C(N)=O.CC[C@H](C)[C@@H]1NC(=O)[C@H](CCCCN)NC(=O)[C@H](CCCN=C(N)N)NC1=O.NC(=O)[C@@H](N)CCCN=C(N)N.NC(N)=NCCC[C@@H]1NC1=O.NCCCC[C@@H]1NC1=O.O=C1N[C@H]1Cc1ccccc1
CCCCCCCCCC3=O.c1%18c[nH]c2ccccc12.[C@H]9(CCCCN)C%24=O.c1%20c[nH]c2ccccc12.[C@H]%12(CCCN)C%27=O.[C@H]%14(CCCN)C%28=O.[C@@H]%15(CCN)C4=O.[C@@H]%17(C5=O)C(C)C.[C@@H]7(CO)C%22=O.[C@@H]%10(C%18)C%25=O.[C@@H]%11(C%19)C%26=O.[C@H]%13(C%20)C%27=O.[C@H]%16(C%21)C5=O.c1%21ccccc1.[C@H]%17(C)C(=O)O.C8C%23=O.N36.N%147.N%228.N%239.N%24%10.N%25%11.N%26%12.N%27%13.N%28%15.N4%16.N5%17	CC(C)[C@@H](C(=O)C(=O)[C@H](Cc1ccccc1)NC(=O)[C@@H](CCN)NC(=O)[C@H](CCCN)N[C@H](CO)C(=O)NCC(=O)N[C@@H](CCCCN)C(=O)N[C@H](Cc1c[nH]c2ccccc12)C(=O)N[C@H](C)C(=O)N[C@@H](CCCN)C(=O)C(=O)[C@@H](N)Cc1c[nH]c2ccccc12)[C@@H](C)C(=O)O.CCCCCCCCCC(N)=O.N
[C@H]%11(CCCCN)C%26=O.[C@H]%12(CCCCN)C%28=O.[C@H]%16(CCCCN)C%31=O.[C@H]%21(CCCCN)C7=O.CC[C@H](C)[C@H](N)C2=O.[C@@H]8(C%13=O)[C@@H](C)CC.[C@@H]%12(C%27=O)[C@@H](C)CC.[C@@H]%14(C%29=O)[C@@H](C)CC.[C@@H]%15(C%30=O)[C@@H](C)CC.[C@@H]%17(C3=O)[C@@H](C)CC.[C@@H]%18(C4=O)[C@@H](C)CC.[C@@H]%20(C6=O)[C@@H](C)CC.[C@H]%19(C%23)C5=O.[C@H]%22(C%25)C(N)=O.c1%25ccccc1.[C@H]9(C)C%24=O.C%26c=O.N28.N%139.N%24%10.N%26%11.N%27%12.N%28%14.N%29%15.N%30%16.N%31%17.N3%18.N4%19.N5%20.N6%21.N7%22	INVALID
C2(=O)[C@@H]6CCCN=C(N)N.C%18(=O)[C@@H]8CCCN=C(N)N.[C@H]9(CCCN=C(N)N)C%21=O.[C@H]%16(CCCN=C(N)N)C(N)=O.[C@H]%11(CCCCN)C%23=O.CC[C@H](C)[C@H]5C%20=O.C%19(=O)[C@@H](N)CC(C)C.[C@@H]%14(C3=O)[C@@H](C)CC.[C@@H]%15(C4=O)[C@@H](C)CC.[C@@H]%10(C%22=O)C(C)C.[C@@H]%12(C%24=O)C(C)C.C%13(=O)[C@@H]7C%17.c1%17ccccc1.N25.N%136.N%187.N%198.N%209.N%21%10.N%22%11.N%23%12.N%24%14.N3%15.N4%16	CC[C@H](C)[C@H](NC(=O)[C@H](CCCN=C(N)N)NC(=O)[C@H](Cc1ccccc1)NC(=O)[C@H](CCCN=C(N)N)NC(=O)[C@@H](N)CC(C)C)C(=O)N[C@@H](CCCN=C(N)N)C(=O)N[C@H](C(=O)N[C@@H](CCCCN)C(=O)N[C@H](C(=O)N[C@H](C(=O)N[C@H](C(=O)N[C@@H](CCCN=C(N)N)C(N)=O)[C@@H](C)CC)[C@@H](C)CC)C(C)C)C(C)C
CC[C@H](C)[C@H]%21C%13=O.[C@H]%22(CCC%23)C%35=O.[C@H]%25(CCC%26)C%50=O.[C@H]%27(CCC%28)C%57=O.[C@H]%29(CCC%30)C%58=O.[C@H]C(CC(C)C)C3=O.[C@H]%31(CCC%32)C5=O.[C@H]%33(CCC%34)C6=O.[C@H]%36(CC(C)C)C7=O.[C@H]%36(CCC%37)C9=O.[C@@H]%39(C%10=O)[C@@H](C)CC.[C@H]%40(CCC%41)C%11=O.[C@@H]%42(C%14=O)[C@@H](C)CC.[C@@H]%43(C%15=O)[C@@H](C)CC.[C@H]%44(CCC%45)C%16=O.[C@@H]%47(C%18=O)[C@@H](C)CC.[C@@H]%48(C%18=O)[C@@H](C)CC.[C@@H]%49(C%19=O)[C@@H](C)CC.[C@@H]%51(C(N)=O)C(C)C.N1%13CCC[C@H]1%52.N1%57CCC[C@H]1%53.N13CCC[C@H]1%54.N17CCC[C@H]1%55.N1%11CCC[C@H]1%56.N1%16CCC[C@H]1%58.N1%20CCC[C@H]1%59.N%23C(=N)N.N%28C(=N)N.N%30C(=N)N.N%32C(=N)N.N%37C(=N)N.N%41C(=N)N.N%50C(=N)N.C%46%52=O.C%60%53=O.C4%49=O.C8%50=O.C%12%51=O.C%12%52=O.C%17%53=O.C%17%54=O.C%21%55=O.N2%22.N%24%25.N%35%25.N%46%27.N%60%29.N%61%29.N%62%31.N4%33.N5%34.N6%36.N8%38.N9%39.N%10%40.N%12%42.N%14%44.N%17%47.N%19%49	C1CCNC1.CC(C)[C@@H](C(N)=O)C(=O)C=O.CCC[C@H](N)C(=O)NC(=N)N.CCC[C@H](NC(=O)[C@@H](N)[C@@H](C)CC)C(=O)N1CCC[C@H]1C(=O)[C@H](CCCNC(=N)N)NC(=O)[C@@H]1CCCN1C(=O)[C@H](CCCNC(=N)N)NC(=O)[C@@H]1CCCN1C(=O)[C@@H](C(=O)[C@@H]1CCCN1C(=O)[C@H](CC(C)C)[C@@H](CCCNC(=N)N)C(=O)N[C@H](C(=O)N[C@@H](CCCNC(=N)N)C(=O)N1CCCC1)[C@@H](C)CC)[C@@H](C)CC.CC[C@H](C)CC(=O)C(=O)[C@@H](N)[C@@H](C)CC.CC[C@H](C)CC=O.CC[C@H](C)[C@@H](C(N)=O)C(=O)N[C@@H](CCCNC(=O)[C@@H](N)CCCNC(=N)N)C(N)=O.N.N=C(N)NCCC[C@H](N)C(N)=O.NC=O.[CH]C(CC(C)C)C(=O)N1CCC[C@H]1C(=O)C=O
C%46(=O)[C@@H]%29CCCCN.C%57(=O)[C@@H]%30CCCCN.C4(=O)[C@@H]%33CCCCN.C7(=O)[C@@H]%38CCCCN.C9(=O)[C@@H]%40CCCCN.[C@H]%45(CCCCN)C%17=O.CC[C@H](C)[C@H]%22C%11=O.C2(=O)[C@@H]%23CC(C)C.C%56(=O)[C@@H]%34CC(C)C.C6(=O)[C@@H]%37CC(C)C.C8(=O)[C@@H]%39CC(C)C.[C@H]%41(CC(C)C)C%14=O.[C@H]%44(CC(N)=O)C%16=O.[C@H]%45(CC(C)C)C%16=O.[C@H]%47(CC(C)C)C%19=O.[C@H]%50(CC(C)C)C%21=O.C%54(=O)[C@@H]%28[C@@H](C)O.C3(=O)[C@@H]%33C(C)O.C5(=O)[C@@H]%36C(C)C.[C@@H]%43(C%15=O)C(C)C.[C@@H]%49(C%20=O)[C@@H](C)O.C%24(=O)[C@@H]%26C%52.c1%52ccccc1.C%55(=O)[C@@H]%31C%53.c1%53ccccc1.[C@H]%48(CO)C%18=O.[C@H]%51(CS)C(N)=O.C%35(=O)[C@@H]%27C.C%57(=O)[C@@H]%32C.CC(C)=O.N2%22.N%13%23.N%24%25.N%35%26.N%46%27.N%54%28.N%55%29.N%56%30.N%57%31.N3%32.N4%33.N5%34.N6%36.N7%37.N8%38.N9%39.N%10%40.N%11%41.N%12%42.N%14%43.N%15%44.N%16%45.N%17%47.N%18%48.N%19%49.N%20%50.N%21%51	CC(C)=O.CC(C)C[C@H](NC(=O)[C@H](CCCCN)NC(=O)[C@H](CC(C)C)NC(=O)[C@@H](N)CCCCN)C(=O)N[C@H](C(=O)N[C@@H](CC(C)C)C(=O)N[C@@H](CCCCN)C(=O)C(=O)[C@H](C)NC(=O)[C@H](C(C)O)[C@@H](CCCCN)C(N)=O)C(C)C.CC[C@H](C)[C@H](NC(=O)[C@@H](N)CC(C)C)C(=O)N[C@@H](CC(C)C)C(=O)N[C@H](C(=O)N[C@@H](CC(N)=O)C(=O)C(=O)[C@H](CC(C)C)[C@@H](CCCCN)C(=O)N[C@@H](CC(C)C)C(=O)N[C@H](C(=O)N[C@@H](CC(C)C)C(=O)N[C@@H](CS)C(N)=O)[C@@H](C)O)C(C)C.C[C@@H](O)[C@@H]1NC1=O.C[C@H](NC(=O)[C@H](CCCCN)NC(=O)[C@@H](N)Cc1ccccc1)C(=O)N[C@@H](Cc1ccccc1)C(N)=O.N.N.O=C1N[C@H]1CO
C4(=O)[C@@H]%39CCCN=C(N)N.C%10(=O)[C@@H]%49CCCN=C(N)N.C%15(=O)[C@@H]%51CCCN=C(N)N.[C@H]%63(CCCN=C(N)N)C%30=O.[C@H]%65(CCCN=C(N)N)C(N)=O.C%25(=O)[C@@H]%33CCC(N)=O.C%77(=O)[C@@H]%41CCCCN.C5(=O)[C@@H]%43CCCCN.C7(=O)[C@@H]%45CCCCN.C%11(=O)[C@@H]%50CCCCN.c1%71c[nH]c2ccccc12.c1%73c[nH]c2ccccc12.[C@H]%54(CCC(N)=O)C%21=O.c1%75c[nH]c2ccccc12.[C@H]%63(CCCCN)C%29=O.[C@H]%64(CCC(=O)O)C%28=O.CC[C@H](C)[C@H]%31C%17=O.C%14(=O)[C@@H]%35CC(C)C.C%69(=O)[C@@H]%38CC(C)C.C%16(=O)[C@@H](N)CC(C)C.[C@@H]%57(C%23=O)[C@@H](C)CC.[C@H]%62(CC(C)C)C%24=O.c1%72ccc(O)cc1.C%75(=O)[C@@H]%41C(C)C.[C@@H]%61(C%26=O)C(C)C.C%47(=O)[C@@H]%37C%70.c1%70ccccc1.C%58(=O)[C@@H]%39C%71.C6(=O)[C@@H]%44C%72.C8(=O)[C@@H]%46C%73.c1%73ccccc1.[C@@H]1%66CCCN1%10.[C@H]%55(C%74)C%17=O.[C@H]%56(C%75)C%20=O.c1%75ccccc1.N1%26CCC[C@H]1%67.[C@H]%65(C%76)C%30=O.C3(=O)[C@@H]%32C.C%36(=O)[C@@H]%40C.c1%68cnc[nH]1.C%69(=O)C%38.C9(=O)C%48.C%66C(=O)O.C%27%67=O.N3%31.N%14%32.N%25%33.N%36%34.N%47%35.N%58%37.N%69%38.N%77%39.N%78%40.N4%41.N5%42.N6%43.N7%44.N8%45.N9%46.N%11%48.N%12%49.N%13%50.N%15%51.N%16%52.N%17%53.N%19%54.N%20%55.N%21%56.N%22%57.N%23%59.N%24%60.N%24%61.N%27%62.N%28%63.N%29%64.N%30%65	CC(C)C[C@@H]1CC(=O)C1=O.CC(C)C[C@H](N)C(N)=O.CC(C)C[C@H](NC(=O)[C@@H]1CCCN1C(=O)[C@@H](N)C(C)C)C(N)=O.CC(C)[C@@H](C(=O)c1c[nH]c2ccccc12)[C@@H](CCCCN)C(N)=O.CC[C@H](C)[C@H](N)C(N)=O.CC[C@H](C)[C@H](NC(=O)[C@H](C)NC(=O)[C@H](CC(C)C)NC(=O)[C@H](Cc1ccccc1)NC(=O)[C@H](Cc1c[nH]c2ccccc12)[C@@H](CCCN=C(N)N)C(N)=O)C(=O)C(=O)[C@H](C)NC(=O)[C@H](Cc1ccccc1)NC(=O)[C@@H](N)CCC(N)=O.C[C@@H](C(=O)C(=O)[C@H](CCCN=C(N)N)[C@@H](CCCCN)C(=O)N[C@@H](CCC(=O)O)C(N)=O)[C@@H](CCCN=C(N)N)C(N)=O.C[C@H](N)C(N)=O.N.N.N.NC(=O)CC[C@@H]1NC1=O.NC(N)=NCCC[C@@H]1NC1=O.NC(N)=NCCC[C@H](N)C(=O)N1CCC[C@H]1CC(=O)O.NCCCC[C@H](NC(=O)[C@H](Cc1ccc(O)cc1)NC(=O)[C@H](CCCCN)NC(=O)[C@H](Cc1c[nH]c2ccccc12)NC(=O)CNC(=O)[C@@H](N)CCCCN)C(N)=O.c1c[nH]cn1.c1ccccc1
[C@H]%30(CCCN=C(N)N)C6=O.[C@H]%36(CCCN=C(N)N)C%11=O.C%13(=O)[C@@H]%19CCCCN.[C@H]%29(CCCCN)C7=O.CC[C@H](C)[C@H]%17C%49=O.C%24(=O)[C@@H]%20CC(C)C.C%35(=O)[C@@H]%21CC(C)C.[C@H]%31(CC(C)C)C8=O.[C@H]%37(CC(C)C)C%14=O.[C@H]%40(CC(N)=O)C(=O)O.[C@@H]%32(C9=O)C(C)C.[C@@H]%36(C%12=O)C(C)C.[C@@H]%38(C%15=O)C(C)C.C2(=O)[C@@H]%18CO.C%45(=O)[C@@H]%22CO.C%46(=O)[C@@H]%23C%41.C%47(=O)[C@@H]%26C%42.C%48(=O)[C@@H](N)C%44.c1%44ccccc1.[C@H]%27(CO)C4=O.[C@H]%33(C%43)C%10=O.c1%41cnc[nH]1.c1%42cnc[nH]1.c1%43cnc[nH]1.[C@H]%28(C)C5=O.[C@H]%34(C)C%11=O.[C@H]%39(C)C%16=O.N2%17.N%13%18.N%24%19.N%35%20.N%45%21.N%46%22.N%47%23.N%48%25.N%49%26.N3%27.N4%28.N5%29.N6%30.N7%31.N8%32.N9%33.N%10%34.N%11%36.N%12%37.N%14%38.N%15%39.N%16%40	CC(C)C[C@H](NC(=O)[C@H](CCCCN)NC(=O)[C@H](C)NC(=O)[C@@H](N)CO)C(=O)N[C@H](C(=O)N[C@@H](Cc1cnc[nH]1)C(=O)N[C@@H](C)C(=O)C(=O)[C@H](CCCN=C(N)N)[C@H](C(=O)N[C@@H](CC(C)C)C(=O)N[C@H](C(=O)N[C@@H](C)C(=O)N[C@@H](CC(N)=O)C(=O)O)C(C)C)C(C)C)C(C)C.CC[C@H](C)[C@@H]1NC(=O)[C@H](CO)NC(=O)[C@H](CCCCN)NC(=O)[C@H](CC(C)C)NC(=O)[C@H](CC(C)C)NC(=O)[C@H](CO)NC(=O)[C@H](Cc2cnc[nH]2)NC(=O)[C@H](Cc2cnc[nH]2)NC1=O.N.NC(=O)[C@@H](N)Cc1ccccc1.NC(N)=NCCC[C@@H]1NC1=O
C%30(=O)[C@@H]%14CCCN=C(N)N.[C@H]%17(CCCN=C(N)N)C4=O.[C@H]%18(CCCN=C(N)N)C8=O.CC[C@H](C)[C@H]%10C%33=O.C%13(=O)[C@@H]%12CC(N)=O.C%31(=O)[C@@H]%15CCCN.c1%27ccc(O)cc1.C%32(=O)[C@@H](N)C(C)C.[C@@H]%16(C6=O)C(C)C.c1%28ccc(O)cc1.[C@@H]%19(C(=O)O)C(C)C.C2(=O)[C@@H]%11C%28.[C@@H]1%20CCCN1%29.N1%31CCC[C@H]1%21.N1%34CCC[C@H]1%22.N14CCC[C@H]1%23.N16CCC[C@H]1%25.N18CCC[C@H]1%26.C%24%21=O.C%29%22=O.C3%23=O.C5%25=O.C7%26=O.C9%27=O.N2%10.N%13%11.N%24%12.N%30%14.N%32%15.N3%16.N5%17.N7%18.N9%19	CC(C)[C@@H]1NC(=O)[C@@H]2CCCN2C(=O)[C@H](CCCN=C(N)N)NC(=O)[C@@H]2CCCN2C1=O.CC(C)[C@H](NC(=O)c1ccc(O)cc1)C(=O)O.CC[C@H](C)[C@@H](C=O)NC(=O)[C@H](Cc1ccc(O)cc1)NC(=O)[C@H](CC(N)=O)NC(=O)[C@@H]1CCCN1C(=O)[C@H](CCCN)NC(=O)[C@@H](N)C(C)C.NC(N)=NCCC[C@@H]1NC(=O)[C@@H]2CCCN2C1=O.NC(N)=NCCC[C@@H]1NC1=O.O=C([C@@H]1CCCN1)N1CCCC1
[C@H]%12(CCCCN)C%24=O.[C@H]%19(CCCCN)C3=O.[C@H]%21(CCCCN)C5=O.[C@H]%23(CCCCN)C7=O.[C@H]%26(CCCCN)C9=O.CC[C@H](C)[C@H](N)C2=O.[C@H]%15(CC(N)=O)C%31=O.[C@H]%16(CC(C)C)C%32=O.[C@@H]%17(C%34=O)[C@@H](C)CC.[C@H]%20(CC(C)C)C3=O.[C@@H]%22(C6=O)[C@@H](C)CC.[C@@H]%25(C8=O)[C@@H](C)CC.[C@@H]%27(C%10=O)[C@@H](C)CC.[C@H]%28(CC(C)C)C(=O)O.N1%32CCC[C@H]1%29.[C@H]%11(C)C%13=O.[C@H]%14(C)C%31=O.[C@H]%18(C)C%35=O.C%12C4=O.C%33%29=O.N2%11.N%13%12.N%24%14.N%31%15.N%33%16.N%34%17.N%35%18.N%36%19.N3%20.N4%21.N5%22.N6%23.N7%25.N8%26.N9%27.N%10%28	CC(C)C[C@@H]1NC(=O)[C@@H]2CCCN2C1=O.CC(C)C[C@H](N)C(=O)C(=O)[C@@H](N)CCCCN.CC[C@H](C)[C@@H]1NC1=O.CC[C@H](C)[C@H](N)C(=O)N[C@@H](C)C(N)=O.CC[C@H](C)[C@H](NC(=O)[C@H](CCCCN)NC(=O)[C@@H](NC(=O)[C@H](CCCCN)NC(=O)[C@@H](NC(=O)[C@H](CCCCN)NC(=O)C[C@@H](CCCCN)C(=O)N[C@@H](C)C(=O)C(=O)[C@@H](N)CC(N)=O)[C@@H](C)CC)[C@@H](C)CC)C(=O)N[C@@H](CC(C)C)C(=O)O.C[C@@H]1NC1=O
CC(C)C[C@H]8C7=O.C%33(=O)[C@@H]%12CCC%14.C%34(=O)[C@@H]%15[C@@H](C)CC.C4(=O)[C@@H]%17CCC%18.C6(=O)[C@@H](N)[C@@H](C)O.C2(=O)[C@@H]9CO.[C@@H]1%20CCCN1%24.C%24(=O)[C@@H]%10C%27.[C@@H]1%21CCCN1%30.[C@@H]1%22CCCN1%31.[C@@H]1%23CCCN1%33.C%34(=O)[C@@H]%16C%28.c1%28ccccc1.[C@@H]1%26CCCN14.C5(=O)[C@@H]%19C%29.[C@@H]1%25CCCN16.c1%29ccccc1.N%11C(=N)N.N%14C(=N)N.N%18C(=N)N.N%18C(=N)N.C%13%20=O.C%31%21=O.C%31%22=O.C%35%23=O.C3%25=O.C%26(=O)O.N28.N%139.N%30%10.N%32%11.N%34%12.N3%15.N5%17.N7%19	CC(C)C[C@H](NC(=O)[C@H](CO)NC(=O)[C@@H]1CCCN1C(=O)[C@H](C)NN1CCC[C@H]1C(=O)N1CCC[C@H]1C=O)C(=O)N[C@@H](Cc1ccccc1)C(=O)N[C@@H](CCCNC(=N)N)C(=O)N1CCC[C@H]1C(=O)O.CC[C@H](C)[C@H](NC(=O)[C@@H]1CCCN1C(=O)[C@@H](N)[C@@H](C)O)C(=O)C(=O)CCc1ccccc1.N=C(N)N.N=C(N)NCCC[C@H](N)C(=O)N1CCC[C@H]1C=O.N=C(N)NN
O=C1=C(C(=O)O)N2C(=O)[C@@H]7[C@H]2Sccccc1.c17ccccc1.C3(=O)O.C64.O2C.N35	INVALID
[C@H]4(CCCCN)C%14=O.c1%13c[nH]c2ccccc12.[C@H]7(CCCCN)C%20=O.[C@H]8(CCCCN)C%21=O.c1%15c[nH]c2ccccc12.[C@H]%10(CCCCN)C%23=O.c1%16c[nH]c2ccccc12.c1%17c[nH]c2ccccc12.CC[C@H](C)[C@H](N)C3=O.[C@H]5(C%13)C%18=O.[C@H]6(C%15)C%19=O.[C@H]9(CO)C%22=O.[C@H]%11(C%16)C%24=O.[C@H]%12(C%17)C(N)=O.N34.N%145.N%186.N%197.N%208.N%219.N%22%10.N%23%11.N%24%12	CC[C@H](C)[C@H](N)C(=O)N[C@@H](CCCCN)C(=O)N[C@@H](Cc1c[nH]c2ccccc12)C(=O)N[C@@H](Cc1c[nH]c2ccccc12)C(=O)N[C@@H](CCCCN)C(=O)N[C@@H](CCCCN)C(=O)N[C@@H](CO)C(=O)N[C@@H](CCCCN)C(=O)N[C@@H](Cc1c[nH]c2ccccc12)C(=O)N[C@@H](Cc1c[nH]c2ccccc12)C(N)=O
[C@@H]13NC(=O)[C@H]4NC(=O)[C@H]5NC(=O)[C@@H]2CCCN2C(=O)[C@H]6NC1=O.c17cnc[nH]1.CC[C@@H]3C.C4C(C)C.[C@H]6(C)7	CC[C@H](C)[C@@H]1NC(=O)[C@H](CC(C)C)NC(=O)CNC(=O)[C@@H]2CCCN2C(=O)[C@H]([C@@H](C)c2cnc[nH]2)NC1=O
C4(=O)[C@@H](N)CCCCN.CC(C)C[C@H]5C(=O)O.C2(=O)[C@@H]6C(C)O.C3(=O)[C@@H]7C8.c18ccccc1.N25.N36.N47	CC(C)C[C@H](NC(=O)[C@@H](NC(=O)[C@H](Cc1ccccc1)NC(=O)[C@@H](N)CCCCN)C(C)O)C(=O)O
C%14(=O)[C@@H]9CCCN=C(N)N.C%25(=O)[C@@H](N)CCCN=C(N)N.[C@H]%13(CCCN=C(N)N)C%29=O.[C@H]%18(CCCN=C(N)N)C(=O)O.c1%20c[nH]c2ccccc12.c1%21c[nH]c2ccccc12.c1%22c[nH]c2ccccc12.c1%23c[nH]c2ccccc12.[C@H]%15(CCCCN)C4=O.CC[C@H](C)[C@H]7C%25=O.[C@@H]%12(C%30=O)[C@@H](C)C.C3(=O)[C@@H]8C%20.[C@H]%10(C%21)C%26=O.[C@H]%11(C%22)C%27=O.N1%28CCC[C@H]1%19.[C@H]%16(C%23)C5=O.[C@H]%17(C)C6=O.C%29%19=O.N37.N%148.N%249.N%25%10.N%26%11.N%27%12.N%29%13.N%30%15.N4%16.N5%17.N6%18	CC(C)[C@H](NC(=O)[C@H](Cc1c[nH]c2ccccc12)NC(=O)[C@@H](N)Cc1c[nH]c2ccccc12)C(=O)N[C@@H](CCCCN)C(=O)N[C@@H](Cc1c[nH]c2ccccc12)C(=O)N[C@@H](C)C(=O)N[C@@H](CCCN=C(N)N)C(=O)O.CC[C@H](C)[C@H](NC(=O)[C@H](Cc1c[nH]c2ccccc12)NC(=O)[C@@H](N)CCCN=C(N)N)C(=O)C(=O)[C@@H](N)CCCN=C(N)N.NC(N)=NCCC[C@H](N)C(=O)C(=O)[C@@H]1CCCN1
C%14(=O)[C@@H](N)CCCN=C(N)N.[C@H]%12(CCCN=C(N)N)C%28=O.[C@H]%13(CCCN=C(N)N)C%29=O.[C@H]%18(CCCN=C(N)N)C6=O.c1%20c[nH]c2ccccc12.[C@H]%10(CCCCN)C%26=O.c1%23c[nH]c2ccccc12.[C@H]%16(CCCCN)C4=O.[C@H]%19(CCCCN)C(N)=O.CC[C@H](C)[C@H]7C%24=O.[C@H]%11(CC(C)C)C%26=O.C3(=O)[C@@H]8C%20.[C@H]9(C%21)C%25=O.c1%21ccccc1.[C@H]%11(C%22)C%27=O.c1%22ccccc1.[C@H]%15(C%23)C%30=O.N37.N%148.N%249.N%25%10.N%26%11.N%27%12.N%28%13.N%29%15.N%30%16.N4%17.N5%18.N6%19	CC[C@H](C)[C@H](NC(=O)[C@H](Cc1c[nH]c2ccccc12)NC(=O)[C@@H](N)CCCN=C(N)N)C(=O)N[C@@H](Cc1ccccc1)C(=O)N[C@@H](CCCCN)C(=O)C(=O)[C@H](CC(C)C)[C@@H](Cc1ccccc1)C(=O)N[C@@H](CCCN=C(N)N)C(=O)N[C@@H](CCCN=C(N)N)C(=O)N[C@@H](Cc1c[nH]c2ccccc12)C(=O)N[C@@H](CCCCN)C(N)=O.N.NCCCC[C@H](NC(=O)[C@@H](N)CCCN=C(N)N)C(N)=O
C%10(=O)[C@@H]4CCCN=C(N)N.C1(=O)[C@@H]2CCCCN.[C@H]8(CCCCN)C(=O)O.CC[C@H](C)[C@H]%16C%11=O.C9(=O)[C@@H]3CC(C)C.[C@H]4(CC(C)C)C%13=O.[C@H]6(CC(C)C)C%14=O.[C@H]7(CC(C)C)C%15=O.[C@H]5(C)C%12=O.N1%16.N92.N%103.N%114.N%125.N%136.N%147.N%158	CC[C@H](C)[C@H](NC(=O)[C@H](CCCCN)NC(=O)[C@H](CC(C)C)NC(=O)[C@H](CCCN=C(N)N)[C@@H](CC(C)C)C(=O)N[C@@H](CC(C)C)C(=O)N[C@@H](CC(C)C)C(=O)N[C@@H](CCCCN)C(=O)O)C(N)=O.C[C@@H]1NC1=O
[C@@H]9(CCCN=C(N)N)C%22=O.[C@@H]%11(CCCN=C(N)N)C%25=O.[C@@H]%16(CCCN=C(N)N)C5=O.c1%18c[nH]c2ccccc12.[C@@H]8(CCCCN)C%23=O.[C@@H]%12(CCCCN)C%26=O.c1%20c[nH]c2ccccc12.CC[C@@H](C)[C@@H]6C%21=O.[C@@H]%10(CC(C)C)C%24=O.c1%19ccc(O)cc1.C%14(=O)[C@H](N)C%18.[C@@H]%13(CO)C%27=O.[C@@H]%15(C%19)C4=O.[C@@H]%18(CO)C(=O)O.[C@@H]%17(C%20)C(N)=O.N36.N%147.N%218.N%229.N%23%10.N%24%11.N%25%12.N%26%13.N%27%15.N4%16.N5%17	CC[C@@H](C)[C@@H](N)C(=O)N[C@H](CCCCN)C(=O)N[C@H](CC(C)C)C(=O)N[C@H](CCCN=C(N)N)C(=O)N[C@H](CCCCN)C(=O)N[C@H](CO)C(=O)N[C@H](Cc1ccc(O)cc1)C(=O)N[C@H](CCCN=C(N)N)C(=O)N[C@H](Cc1c[nH]c2ccccc12)C(N)=O.NC(=O)[C@H](N)Cc1c[nH]c2ccccc12.NC(N)=NCCC[C@H]1NC1=O.O=C(O)CCO
[C@@H]17NC(=O)[C@H]8NC(=O)[C@@H]2CCCN2C(=O)[C@@H]5CSSC[C@@H]6NC(=O)[C@H]9NC(=O)[C@H]%10NC(=O)[C@@H]2CCCN2C(=O)[C@H]%11NC1=O)C(=O)N[C@@H]%12C(=O)N[C@@H]%13C(=O)NCC(=O)N[C@@H]%14C(=O)N2.[C@H]%23(CCCN=C(N)N)C%21=O.[C@H]%24(CCCN=C(N)N)C(N)=O.C4(=O)[C@@H](N)CC(=O)O.c1%17c[nH]c2ccccc12.c1%18c[nH]c2ccccc12.C9CCN=C(N)N.C%10CCN=C(N)N.c1%19ccc(O)cc1.C%14CCN=C(N)N.c1%16ccccc1.C5C%20=O.C%13C(N)=O.C%157=O.C%11(C)C.N4%26.N%15%22.N%15%23.N%20%24.N%21%25.C8%17.C%12%18.C%14%19	INVALID
C3(=O)[C@@H]4CCCN=C(N)N.[C@H]9(CCCN=C(N)N)C%21=O.[C@H]%10(CCCN=C(N)N)C(N)=O.c1%11c[nH]c2ccccc12.CC[C@H](C)[C@H]%22C%20=O.C%15(=O)[C@@H]6C(C)C.C%16(=O)[C@@H]7C(C)C.C%18(=O)[C@@H]7C(C)C.C%14(=O)[C@@H]5C%11.C%17(=O)[C@@H]8C%12.c1%12ccccc1.C%19(=O)[C@@H](N)C%13.c1%13ccccc1.N3%22.N%144.N%165.N%176.N%187.N%198.N%209.N%21%10	CC(C)[C@@H](C=O)NC(=O)[C@H](Cc1ccccc1)NC(=O)[C@@H](N)Cc1ccccc1.CC[C@H](C)[C@H](NC(=O)[C@H](CCCN=C(N)N)NC(=O)[C@H](Cc1c[nH]c2ccccc12)NC(=O)[C@H](C(C)C)[C@H](C(N)=O)C(C)C)C(=O)N[C@@H](CCCN=C(N)N)C(=O)N[C@@H](CCCN=C(N)N)C(N)=O
C%25(=O)[C@@H]%24CCCCN.C%54(=O)[C@@H]%30CCCCN.C4(=O)[C@@H]%31CCCCN.C%10(=O)[C@@H]%38CCCCN.C%11(=O)[C@@H]%39CCCCN.C%16(=O)[C@@H]%43CCCCN.c1%50c[nH]c2ccccc12.C%18(=O)[C@@H](N)CCCCN.CC[C@H](C)[C@H]%21C%19=O.C3(=O)[C@@H]%22CC(C)C.C%52(=O)[C@@H]%28CC(C)C.C9(=O)[C@@H]%37CC(C)C.C%13(=O)[C@@H]%41[C@@H](C)CC.C%47(=O)[C@@H]%26[C@@H](C)O.C%51(=O)[C@@H]%27[C@@H](C)O.C%53(=O)[C@@H]%29C(C)C.C8(=O)[C@@H]%35[C@@H](C)O.[C@@H]1%48CCCN1%25.C5(=O)[C@@H]%32CO.C7(=O)[C@@H]%33CO.C7(=O)[C@@H]%35CO.C%17(=O)[C@@H]%44C%50.[C@H]%45(CO)C%20=O.[C@H]%46(CO)C(=O)O.C%14(=O)[C@@H]%23C.C%52(=O)[C@@H]%28C.C6(=O)C%33.C8(=O)C%34.C%25%48=O.N3%21.N%14%22.N%36%23.N%47%24.N%51%26.N%52%27.N%53%28.N%54%29.N4%30.N5%31.N6%32.N7%33.N8%34.N9%35.N%10%37.N%11%38.N%12%39.N%13%40.N%15%41.N%16%42.N%17%43.N%18%44.N%19%45.N%20%46	CC(C)C[C@H](NC(=O)[C@H](CCCCN)NC(=O)[C@@H](N)CCCCN)C(N)=O.CC(C)C[C@H]1C(=O)C(=O)[C@@H]1C.CC(C)[C@H](NC(=O)[C@H](CCCCN)NC(=O)[C@H](CCCCN)NC(=O)[C@H](CO)NC(=O)C[C@@H](CO)C(=O)C(=O)[C@H](CO)[C@H](C(=O)C(=O)CN)[C@@H](C)O)C(N)=O.CC[C@H](C)[C@H](N)C(N)=O.CC[C@H](C)[C@H](NC(=O)[C@H](CC(C)C)NC(=O)[C@H](C)N)C(=O)N[C@@H](CO)C(=O)N[C@@H](CO)C(=O)O.C[C@@H](O)[C@H](N)C(=O)N[C@H](C(=O)N[C@@H](CCCCN)C(=O)N1CCC[C@H]1C=O)[C@@H](C)O.N.NCCCC[C@H](NC(=O)[C@H](Cc1c[nH]c2ccccc12)NC(=O)[C@@H](N)CCCCN)C(N)=O
[C@@H]1%31NC(=O)[C@H]%32NC(=O)CNC(=O)[C@H]5NC(=O)[C@H]6NC(=O)[C@H]7NC(=O)[C@H]8NC(=O)[C@H]9NC(=O)[C@H]%10NC(=O)[C@H]%11NC(=O)[C@H]%12NC(=O)[C@@H]%27CSSC[C@@H]%28NC(=O)[C@H]%13NC(=O)[C@H]%14NC(=O)[C@H]%16NC(=O)[C@H]%17NC(=O)[C@H]%18NC2=O)NC(=O)[C@H]%18NC(=O)[C@H]%19NC(=O)[C@H]%20NC(=O)[C@H]%21NC1=O.c1%23c[nH]c2ccccc12.c1%24c[nH]c2ccccc12.c1%23ccc(O)cc1.c1%21cccccc1.c1%22ccccc1.c1%25ccccc1.C6CC(=O)O.C%11CCCN.C%12CCCN.C%12CCCN.C%16CCCN.C%19CC(N)=O.C%15CC(=O)O.C%28C%31.C%30(C)C.C5(C)C.C8(C)C.C9(C)C.C%15%29=O.C7%22.C%10%23.C%13O.S4C.C%23O.C%14%25.C%18O	INVALID
C%15(=O)[C@@H]6CCCN=C(N)N.[C@H]8(CCCN=C(N)N)C%19=O.[C@H]%10(CCCN=C(N)N)C(N)=O.c1%13c[nH]c2ccccc12.[C@H]9(CCC(C)C)C%19=O.CC[C@H](C)[C@H]%21C%18=O.C%14(=O)[C@@H]5[C@@H](C)CC.C3(=O)[C@@H]4CC%11.C%16(=O)[C@@H]7C%12.C%17(=O)[C@@H](N)C%13.c1%12cnc[nH]1.N3%21.S%11C.N%144.N%155.N%166.N%177.N%188.N%199.N%20%10	CC[C@H](C)[C@H](NC(=O)[C@H](CCCN=C(N)N)NC(=O)[C@H](Cc1cnc[nH]1)NC(=O)[C@@H](N)Cc1c[nH]c2ccccc12)C(=O)N[C@@H](CCSC)C(=O)N[C@H](C(=O)N[C@@H](CCCN=C(N)N)C(=O)C(=O)[C@@H](N)CCC(C)C)[C@@H](C)CC.NC(=O)[C@@H](N)CCCN=C(N)N
C3(=O)[C@@H]7CCCN=C(N)N.C%19(=O)[C@@H]9CCCN=C(N)N.[C@H]%10(CCCN=C(N)N)C%22=O.[C@H]%16(CCCN=C(N)N)C5=O.[C@H]%17(CCCN=C(N)N)C(N)=O.C%14(=O)[C@@H]8CCCCN.c1%18c[nH]c2ccccc12.CC[C@H](C)[C@H]6C%21=O.[C@@H]%12(C%24=O)[C@@H](C)CC.[C@@H]%15(C4=O)[C@@H](C)CC.[C@@H]%11(C%23=O)C(C)C.[C@@H]%13(C%25=O)C(C)C.C%20(=O)[C@@H]%10C%18.N36.N%147.N%198.N%209.N%21%10.N%22%11.N%23%12.N%24%13.N%25%15.N4%16.N5%17	CC[C@H](C)[C@H](NC(=O)[C@H](CCCN=C(N)N)NC(=O)[C@H](CCCCN)NC(=O)[C@H](CCCN=C(N)N)NC(=O)[C@H](Cc1c[nH]c2ccccc12)[C@@H](CCCN=C(N)N)C(=O)N[C@H](C(=O)N[C@H](C(=O)N[C@H](C(=O)N[C@H](C(=O)N[C@@H](CCCN=C(N)N)C(=O)N[C@@H](CCCN=C(N)N)C(N)=O)[C@@H](C)CC)C(C)C)[C@@H](C)CC)C(C)C)C(N)=O
C%25(=O)[C@@H]%12CCCN=C(N)N.C%33(=O)[C@@H]%17CCCN=C(N)N.[C@H]%24(CCCN=C(N)N)C8=O.c1%28c[nH]c2ccccc12.[C@H]%23(CCCCN)C9=O.CC[C@H](C)[C@H]%10C%35=O.C%14(=O)[C@@H]%12CC(C)C.C%31(=O)[C@@H]%15[C@@H](C)CC.C3(=O)[C@@H]%11C(C)C.[C@@H]%20(C6=O)C(C)C.c1%29ccc(O)cc1.c1%30ccc(O)cc1.[C@@H]1%27CCCN1%30.[C@H]%19(C%28)C5=O.[C@H]%21(C%29)C7=O.[C@H]%26(C%30)C(N)=O.C%32(=O)[C@@H]%16C.C%34(=O)[C@H](C)N.[C@H]%22(C)C7=O.C%25%27=O.N3%10.N%14%11.N%25%12.N%31%13.N%32%15.N%33%16.N%34%17.N%35%18.N%36%19.N4%20.N5%21.N6%22.N7%23.N8%24.N9%26	CC(C)[C@H](N)C(=O)N[C@@H](C)C(=O)C(=O)[C@H](Cc1ccc(O)cc1)NC(=O)[C@@H](N)Cc1c[nH]c2ccccc12.CC[C@H](C)[C@H](NC(=O)[C@@H](NC(=O)[C@H](CC(C)C)[C@@H](CCCN=C(N)N)C(=O)C(=O)[C@@H]1CCCN1c1ccc(O)cc1)C(C)C)C(N)=O.CC[C@H](C)[C@H](NC(=O)[C@H](C)NC(=O)[C@H](CCCN=C(N)N)NC(=O)[C@H](C)N)C(N)=O.C[C@H](NC(=O)[C@@H](N)CCCCN)C(N)=O.N.NC(N)=NCCC[C@@H]1NC1=O
C2(=O)[C@@H]%17CCCCN.C%13(=O)[C@@H]%18CCCCN.C%46(=O)[C@@H]%21CCCCN.C3(=O)[C@@H]%27CCCCN.C7(=O)[C@@H]%31CCCCN.C%11(=O)[C@@H]%36CCCCN.CC[C@H](C)[C@H]%16C(=O)O.C%35(=O)[C@@H]%20[C@@H](C)CC.C%48(=O)[C@@H]%23CCC%25.C%47(=O)[C@@H]%26CC(C)C.C4(=O)[C@@H]%29CC(C)C.C6(=O)[C@@H]%30CCC%31.C6(=O)[C@@H]%32CC(C)C.C8(=O)[C@@H]%33CC(C)C.C9(=O)[C@@H]%34CC(C)C.C%12(=O)[C@@H]%37CCC%38.C%14(=O)[C@@H]%39CC(C)C.C%15(=O)[C@@H](N)CC(C)C.C%45(=O)[C@@H]%22C%43.[C@@H]1%42CCCN1%47.C4(=O)[C@@H]%28C%44.c1%44ccccc1.c1%43cnc[nH]1.N%25C(=N)N.N%32C(=N)N.C%36C%15=O.N%38C(=N)N.N%41C(=N)N.C%47%42=O.N2%16.N%13%17.N%24%18.N%35%19.N%45%20.N%46%21.N%48%22.N%49%23.N3%26.N4%27.N5%28.N6%29.N7%30.N8%31.N9%33.N%10%34.N%11%36.N%12%37.N%14%39.N%15%40	CC(C)C[C@@H]1NC1=O.CC(C)C[C@H](N)C(=O)C(=O)C[C@@H](CCCCN)C(N)=O.CC(C)C[C@H](N)C(=O)C(=O)[C@@H](N)Cc1ccccc1.CC(C)C[C@H](NC(=N)N)C(=O)C(=O)[C@@H]1CCC[C@@H](CCCCN)C(=O)N1.CC(C)C[C@H](NC(=O)[C@@H](N)CC(C)C)C(N)=O.CC(C)C[C@H](NC(=O)[C@@H](N)CCCCN)C(=O)N1CCC[C@H]1C=O.CC[C@H](C)[C@H](NC(=O)[C@H](CCCCN)NC(=O)[C@@H](N)CCCCN)C(=O)O.CC[C@H](C)[C@H](NC(=O)[C@H](Cc1cnc[nH]1)NC(=O)[C@@H](N)CCCNC(=N)N)C(N)=O.N.N=C(N)N.N=C(N)NCCC[C@@H]1NC1=O.NCCCC[C@@H]1NC1=O
[C@H]%12(CCCN=C(N)N)C%28=O.[C@H]%15(CCCN=C(N)N)C%30=O.c1%20c[nH]c2ccccc12.C%14(=O)[C@@H]9CCC(N)=O.c1%21c[nH]c2ccccc12.[C@H]%12(CCCCN)C%29=O.c1%22c[nH]c2ccccc12.[C@H]%18(CCCCN)C6=O.CC[C@H](C)[C@H]7C%25=O.[C@H]%13(CC(C)C)C%29=O.[C@H]%17(CC(N)=O)C5=O.c1%23ccc(O)cc1.C3(=O)[C@@H]8C%20.C%24(=O)[C@@H](N)CO.[C@H]%11(C%21)C%27=O.[C@H]%16(C%22)C4=O.[C@H]%19(C%23)C(N)=O.N37.N%148.N%249.N%25%10.N%26%11.N%27%12.N%28%13.N%29%15.N%30%16.N4%17.N5%18.N6%19	CC(C)C[C@@H]1NC(=O)[C@H](CCCN=C(N)N)[C@@H](CCCCN)C(=O)C1=O.CC[C@H](C)[C@H](NC(=O)[C@H](Cc1c[nH]c2ccccc12)NC(=O)[C@H](CCC(N)=O)NC(=O)[C@@H](N)CO)C(N)=O.NC(=O)[C@@H](N)Cc1c[nH]c2ccccc12.NCCCC[C@H](NC(=O)[C@H](CC(N)=O)NC(=O)[C@H](Cc1c[nH]c2ccccc12)NC(=O)[C@@H](N)CCCN=C(N)N)C(=O)N[C@@H](Cc1ccc(O)cc1)C(N)=O
[C@@H]13NC(=O)[C@H]4N(C)C(=O)[C@H]5NC(=O)[C@@H]2CCCN2C(=O)[C@@H]2CCCN2C1=O.c16ccccc1.C4(C)C.C56	CC(C)[C@H]1C(=O)NCC(=O)N2CCC[C@H]2C(=O)N2CCC[C@H]2C(=O)N[C@@H](Cc2ccccc2)C(=O)N1C
C5(=O)[C@H](CCCN)NN=C(N(C)C)N(C)C.C%40(=O)[C@@H]%18CCCN=C(N)N.C%41(=O)[C@@H]%19CCCN=C(N)N.[C@H]%23(CCCN=C(N)N)C9=O.[C@H]%26(CCCN=C(N)N)C(=O)O.c1%32c[nH]c2ccccc12.c1%33c[nH]c2ccccc12.c1%34c[nH]c2ccccc12.[C@H]%24(CCC(N)=O)C%11=O.c1%35c[nH]c2ccccc12.CC(C)[C@H]%12C6=O.C3(=O)[C@@H]%13C%32.[C@@H]1%28CCCN1%25.C%36(=O)[C@@H]%15C%31.C%37(=O)[C@@H]%16C%33.[C@@H]1%29CCCN1%38.C%39(=O)[C@@H]%17C%38.C4(=O)[C@@H](N)C%34.N16CCC[C@H]1%30.[C@H]%22(CS)C8=O.[C@H]%26(C%35)C%10=O.c1%31cnc[nH]1.C%14%27=O.C%25%28=O.C%40%29=O.C7%30=O.N3%12.N%14%13.N%36%15.N%37%16.N%39%17.N%40%18.N%41%19.N4%20.N5%21.N7%22.N8%23.N9%24.N%10%26.N%11%27	CC(C)[C@@H]1NC(=O)[C@H](Cc2c[nH]c3ccccc23)NC(=O)NC(=O)[C@H](CCC(N)=O)NC(=O)[C@H](CCCN=C(N)N)NC(=O)[C@H](CS)NC(=O)[C@@H]2CCCN2C1=O.CN(C)C(=NN[C@@H](CCCN)C(N)=O)N(C)C.NC(=O)[C@@H](N)Cc1c[nH]c2ccccc12.NC(=O)[C@H](Cc1c[nH]c2ccccc12)[C@@H](CCCN=C(N)N)C(=O)O.NC(N)=NCCC[C@@H]1NC1=O.NC(N)=NCCC[C@H](N)C(=O)C(=O)[C@@H]1CCCN1C[C@@H]1NC1=O.O=C1N[C@H]1Cc1c[nH]c2ccccc12.O=C1N[C@H]1Cc1cnc[nH]1.O=C1[C@@H]2CCCN12
C%13(=O)[C@@H]%15CCCN=C(N)N.C%41(=O)[C@@H]%18CCCN=C(N)N.C3(=O)[C@@H]%23CCCN=C(N)N.[C@H]%27(CCCN=C(N)N)C%12=O.C3(=O)[C@@H](N)CCCCN.CC[C@H](C)[C@H]%14C4=O.C%42(=O)[C@@H]%19CC(C)C.[C@H]%25(CC(N)=O)C%10=O.[C@H]%28(CC(C)C)C%15=O.C2(=O)[C@@H]%16C(C)C.[C@@H]1%29CCCN1%24.C%35(=O)[C@@H]%17C%36.c1%36ccccc1.C%42(=O)[C@@H]%20CO.C%43(=O)[C@@H]%21C%37.c1%37ccccc1.[C@H]%22(CO)C5=O.N15CCC[C@H]1%31.N17CCC[C@H]1%32.N18CCC[C@H]1%33.N19CCC[C@H]1%33.[C@H]%26(C%38)C%11=O.c1%38ccccc1.c1%34cnc[nH]1.C%28C(=O)O.C2%29=O.C%45%30=O.C7%31=O.C9%32=O.C%11%33=O.N2%14.N%13%15.N%35%16.N%40%17.N%41%18.N%42%19.N%43%20.N3%21.N4%22.N6%23.N6%25.N%10%26.N%11%27.N%12%28	C=O.CC(C)C[C@H](CC(=O)O)C(=O)[C@@H](CCCN=C(N)N)C(N)=O.CC(C)C[C@H](N)C(=O)C(=O)[C@H](CO)NC(=O)[C@@H](N)Cc1ccccc1.CC(C)[C@H](NC(=O)[C@@H](N)Cc1ccccc1)C(=O)C(=O)[C@@H]1CCCN1.CC[C@H](C)[C@H](N)C(=O)N[C@@H](CO)C(=O)N1CCC[C@H]1C(=O)N1CCC[C@H]1C(=O)N1CCC[C@H]1[C@@H]1CCCN1.NC(=O)[C@@H](N)CCCN=C(N)N.NC(N)=NCCC[C@@H]1NC1=O.NCCCC[C@H](N)C(=O)C(=O)[C@H](CCCN=C(N)N)NN[C@@H](CC(N)=O)C(=O)N[C@@H](Cc1ccccc1)C(=O)C=O.c1c[nH]cn1
C%57(=O)[C@@H]%39CCCN=C(N)N.C3(=O)[C@@H]%43CCCN=C(N)N.C8(=O)[C@@H]%49CCCN=C(N)N.C%10(=O)[C@@H]%51CCCN=C(N)N.[C@H]%65(CCCN=C(N)N)C%29=O.C2(=O)[C@@H]%33CCCCN.C%13(=O)[C@@H]%41CCCCN.C5(=O)[C@@H]%45CCCCN.C9(=O)[C@@H]%50CCCCN.[C@H]%50(CCCCN)C%12=O.[C@H]%54(CCC(N)=O)C%16=O.[C@H]%58(CCC(N)=O)C%19=O.[C@H]%58(CCCCN)C%31=O.CC[C@H](C)[C@H]%32C%16=O.C%24(=O)[C@@H]%36CC(C)C.C%68(=O)[C@@H]%40[C@@H](C)CC.C4(=O)[C@@H]%48CC(C)C.[C@@H]%56(C%18=O)[C@@H](C)CC.C%35(=O)[C@@H]%37C(C)C.C%76(=O)[C@@H]%42[C@@H](C)O.C6(=O)[C@@H]%47C(C)C.[C@@H]%60(C%22=O)[C@@H](C)O.[C@@H]%61(C%25=O)[C@@H](C)O.[C@@H]%64(C%26=O)C(C)C.[C@@H]%66(C%30=O)[C@@H](C)O.C2(=O)[C@@H]%33CO.C6(=O)[C@@H]%47CO.C%77(=O)[C@@H]%48CO.C%14(=O)[C@@H]%54C%73.c1%73ccccc1.[C@H]%55(C%74)C%17=O.c1%74ccccc1.[C@H]%60(C%75)C%21=O.c1%75ccccc1.N1%25CCC[C@H]1%70.N1%27CCC[C@H]1%71.[C@H]%67(C%75)C%29=O.c1%72cnc[nH]1.C%15(=O)[C@H](C)N.[C@H]%69(C)C(=O)O.C%62C%23=O.C%67C%70=O.C%28%71=O.N2%32.N%13%33.N%24%34.N%35%36.N%46%37.N%57%38.N%68%39.N%76%40.N%77%41.N3%42.N4%43.N5%44.N6%45.N7%47.N8%48.N9%49.N%10%50.N%11%51.N%12%52.N%14%53.N%15%54.N%16%55.N%17%56.N%18%58.N%19%59.N%20%60.N%21%61.N%22%62.N%23%63.N%26%64.N%28%65.N%29%66.N%30%67.N%31%69	CC(C)C[C@H](NC(=O)[C@@H](N)C(C)C)C(N)=O.CC(C)[C@@H]1NC1=O.CC(C)[C@H]1C(=O)C(=O)[C@@H]1CO.CC[C@H](C)[C@H](N)C(=O)C(=O)[C@H](CCC(N)=O)[C@@H](Cc1ccccc1)C(N)=O.CC[C@H](C)[C@H](NC(=O)[C@@H](N)Cc1ccccc1)C(N)=O.CC[C@H](C)[C@H](NC(=O)[C@@H](NC(=O)[C@H](CCCN=C(N)N)NC(=O)[C@H](CC(C)C)[C@@H](CO)C(=O)N[C@@H](CCCCN)C(N)=O)[C@@H](C)O)C(=O)N[C@@H](CCCN=C(N)N)C(N)=O.C[C@@H](O)[C@H](N)C(N)=O.C[C@H](CC(=O)[C@@H]1CCCN1C(=O)[C@@H](NC(=O)[C@H](Cc1ccccc1)[C@H](C(=O)NCC(N)=O)[C@@H](C)O)[C@@H](C)O)C(=O)C(=O)[C@H](CCCN=C(N)N)NC(=O)[C@@H]1CCCN1.C[C@H](N)C(N)=O.C[C@H](NC(=O)[C@H](CCCCN)[C@@H](CCC(N)=O)C(N)=O)C(=O)O.N.N.NC(=O)[C@@H](N)CCCN=C(N)N.NCCCC[C@@H](C(N)=O)[C@@H](CCCCN)C(=O)N[C@@H](CCCN=C(N)N)C(N)=O.NCCCC[C@H](N)C(N)=O.NCCCC[C@H]1C(=O)C(=O)[C@@H]1CO.c1c[nH]cn1
[C@@H]13NC(=O)[C@@H]2CCCN2C(=O)[C@H]4NC(=O)[C@H]5NC(=O)[C@@H]2CCCN2C1=O.c16ccccc1.CC(C)C3.C4(C)C.C56	CC(C)C[C@@H]1NC(=O)[C@@H]2CCCN2C(=O)[C@H](C(C)C)NC(=O)[C@H](Cc2ccccc2)NC(=O)[C@@H]2CCCN2C1=O
[C@H]%20(CCCN=C(N)N)C%24=O.[C@H]%21(CCCN=C(N)N)C%35=O.[C@H]%29(CCCN=C(N)N)C4=O.[C@H]%42(CCCN=C(N)N)C%18=O.[C@H]%43(CCCN=C(N)N)C(N)=O.[C@H]%25(CCCCN)C%49=O.[C@H]%36(CCC(=O)O)C%10=O.[C@H]%37(CCCCN)C%11=O.[C@H]%38(CCCCN)C%14=O.[C@H]%39(CCCCN)C%15=O.CC[C@H](C)[C@H](N)C2=O.[C@H]%23(CC(C)C)C%48=O.[C@@H]%34(C9=O)[C@@H](C)CC.[C@@H]%33(C8=O)C(C)C.[C@@H]%33(C8=O)[C@@H](C)O.[C@H]%32(C%45)C7=O.N19CCC[C@H]1%44.[C@H]%37(CS)C%12=O.[C@H]%40(C%47)C%16=O.c1%45cnc[nH]1.[C@H]%19(C)C%13=O.[C@H]%22(C)C%46=O.[C@H]%27(C)C%51=O.[C@H]%30(C)C5=O.[C@H]%31(C)C6=O.c1%47cnc[nH]1.C%41C%17=O.C%10%44=O.N2%19.N%13%20.N%24%21.N%35%22.N%46%23.N%48%25.N%49%26.N%50%27.N%51%28.N3%29.N4%30.N5%31.N6%32.N7%33.N8%34.N%10%36.N%11%37.N%12%38.N%14%39.N%15%40.N%16%41.N%17%42.N%18%43	CC(C)[C@H]1C(=O)C(=O)[C@@H]1[C@@H](C)O.CC[C@H](C)[C@H](N)C(=O)N1CCC[C@H]1C(=O)C(=O)[C@@H](N)CCC(=O)O.CC[C@H](C)[C@H](N)C(=O)N[C@@H](C)C(=O)N[C@@H](CCCN=C(N)N)C(=O)N[C@@H](CCCN=C(N)N)C(=O)N[C@@H](C)C(=O)N[C@@H](CC(C)C)C(=O)N[C@@H](CCCCN)C(N)=O.C[C@H](N)C(N)=O.C[C@H](NC(=O)[C@H](C)NC(=O)[C@@H](N)CCCN=C(N)N)C(=O)N[C@@H](Cc1cnc[nH]1)C(N)=O.NCCCC[C@H](NC(=O)[C@H](CCCCN)NC(=O)[C@H](CS)[C@@H](CCCCN)C(N)=O)C(=O)N[C@@H](Cc1cnc[nH]1)C(=O)NCC(=O)N[C@@H](CCCN=C(N)N)C(=O)N[C@@H](CCCN=C(N)N)C(N)=O
[C@@H]1%24NC(=O)CNC(=O)[C@H]%25NC(=O)[C@H]6NC(=O)[C@@H]2CSSC[C@H](NC1=O)C(=O)N[C@@H]7C(=O)N[C@@H]8C(=O)N[C@@H]9C(=O)N[C@H]%23CSSC[C@H](NC(=O)[C@H]%10NC(=O)[C@@H]2CSSC[C@H](NC(=O)[C@H]%11NC1=O)C(=O)N[C@@H]%12C(=O)N[C@@H]%13C(=O)N2.C%15(=O)[C@@H]%23CCCCN.c1%16c[nH]c2ccccc12.C%20(=O)[C@@H](N)CCCCN.c1%17ccc(O)cc1.C5(=O)[C@@H]%21C(C)C.C%11CCN=C(N)N.C%21(=O)[C@@H]%22C%18.c1%18ccccc1.c1%19ccccc1.CC[C@@H]%24C.C%25C(N)=O.C6C(N)=O.C%14C(N)=O.C7(C)C.C8(C)C.C4%23=O.C%14(C)C.C6O.C9%16.N4%22.N%15%22.N%20%21.C%13%19	INVALID
[C@H]13OC(=O)CNC(=O)[C@H]4NC(=O)[C@H]5NC(=O)[C@H]7NC(=O)[C@H]6N(C)C(=O)[C@@H]1C.CCCCCC2.C6C(C)C.[C@@H]3(C)O.[C@H]5(C)O.C4N	CC(C)C[C@H]1C(=O)NCC(=O)N[C@@H]([C@@H](C)O)C(=O)N[C@@H](CN)C(=O)NCC(=O)O[C@H]([C@H](C)O)[C@@H](C)C(=O)N1C.CCCCCC
[C@H]4(CCCN)C%13=O.[C@H]5(CC(C)C)C%19=O.[C@@H]9(CCC%10)C%22=O.C2(=O)[C@@H](N)[C@@H](O)CN.[C@@H]7(CCN)C%19=O.N1%19CCC[C@H]1%14.[C@H]8(C%16)C%21=O.N%22C==%15C%23=O.C[C@H](N)C2=O.c1%16cnc[nH]1.C%12CCCN.C6C%18=O.C=%15CC%10.N%10C(=N)N.C%20%14=O.N24.N%135.N%176.N%187.N%208.N%219.N%23%11.N3%12	INVALID
C%14(=O)[C@@H](N)CCCN=C(N)N.[C@H]%15(CCCN=C(N)N)C%36=O.[C@H]%18(CCCN=C(N)N)C%42=O.[C@H]%21(CCCN=C(N)N)C4=O.[C@H]%23(CCCN=C(N)N)C8=O.[C@H]%23(CCCN=C(N)N)C%10=O.[C@H]%27(CCCN=C(N)N)C(=O)O.C3(=O)[C@@H]%13CCCCN.c1%34c[nH]c2ccccc12.[C@H]%18(CCCCN)C%40=O.CC[C@H](C)[C@H]%12C%25=O.c1%33ccc(O)cc1.c1%35ccc(O)cc1.[C@H]%16(C%33)C%36=O.[C@H]%19(C%34)C%41=O.N1%42CCC[C@H]1%29.N14CCC[C@H]1%30.N16CCC[C@H]1%31.[C@H]%22(C%35)C9=O.N16CCC[C@H]1%32.[C@H]%24(C%37)C%11=O.c1%37ccccc1.C%39%29=O.C3%30=O.C6%31=O.C7%32=O.CS%28.N3%12.N%14%13.N%25%15.N%36%16.N%38%17.N%39%18.N%40%19.N%41%20.N5%21.N7%22.N8%23.N9%24.N%10%26.N%11%27	CC[C@H](C)[C@H](N)C(=O)N[C@@H](CCCN=C(N)N)C(=O)C(=O)[C@@H](N)Cc1ccc(O)cc1.CS.N.NC(=O)[C@H](CCCN=C(N)N)[C@@H](CCCN=C(N)N)C(N)=O.NC(N)=NCCC[C@H](NC(=O)[C@H](Cc1ccccc1)NC(=O)[C@H](Cc1ccc(O)cc1)NC(=O)[C@@H]1CCCN1N1CCC[C@H]1C=O)C(=O)O.NCCCC[C@@H](C(=O)N[C@@H](Cc1c[nH]c2ccccc12)C(N)=O)[C@@H](CCCN=C(N)N)C(=O)N1CCC[C@H]1C(N)=O.NCCCC[C@H](NC(=O)[C@@H](N)CCCN=C(N)N)C(=O)C(=O)[C@@H]1CCCN1C(=O)[C@@H](N)CCCN=C(N)N
[C@@H]1%11CSSC[C@H]%10C(=O)N[C@@H]%13C(=O)N[C@@H]%14C(=O)N[C@@H]%16C(=O)NCC(=O)N[C@@H]%17C(=O)N[C@@H]%18C(=O)N[C@@H]%19C(=O)N[C@@H]%20C(=O)N[C@@H]%21C(=O)N[C@@H]%22C(=O)NCC(=O)N1.C4(=O)[C@@H]5CCCN=C(N)N.C%15(=O)[C@@H]6CCCN=C(N)N.C%27(=O)[C@@H]6CCCN=C(N)N.C%30(=O)[C@@H](N)CCCN=C(N)N.[C@H]6(CCCN=C(N)N)C%32=O.c1%24c[nH]c2ccccc12.[C@H]7(CCCCN)C%33=O.c1%25c[nH]c2ccccc12.CC[C@H](C)[C@H]%34C%31=O.[C@H]9(CC(=O)O)C(=O)O.C%12CCN=C(N)N.C%17CCN=C(N)N.C%20CCN=C(N)N.C%23CCN=C(N)N.[C@H]7(C%24)C%31=O.[C@H]8(C%25)C5=O.c1%27ccccc1.C%21CCCN.C%18CC(N)=O.CC%12=O.C4%11=O.C%19C9.C%22(C)C.C%22(C)C.N4%34.N%15%10.N%26%35.C%14%27.C%25O.N%285.N%296.N%307.N%318.N%328.N%339	CC(=O)CCCN=C(N)N.CC(C)[C@@H]1NC(=O)[C@H](CCCCN)NC(=O)[C@H](CCCN=C(N)N)NC(=O)[C@H](CC[C@@H](CC(=O)O)C(=O)O)NC(=O)[C@H](CCC(N)=O)NC(=O)[C@H](CCCN=C(N)N)NC(=O)CNC(=O)CNC(=O)[C@H](C)NC(=O)CNC(=O)[C@@H](NC(=O)[C@H](CCCN=C(N)N)[C@@H](CCCN=C(N)N)C(=O)c2ccccc2)CSSC[C@@H](C(=O)C(=O)[C@H](CCCN=C(N)N)C(=O)[C@@H](N)Cc2c[nH]c3ccccc23)NC(=O)CNC1=O.CCC.CCCN=C(N)N.CC[C@H](C)[C@H](N)C(=O)C(=O)[C@H](Cc1c[nH]c2ccccc12)[C@@H](CCCCN)C(N)=O.CO.N.N.NC(=O)[C@@H](N)CCCN=C(N)N.NC(=O)[C@@H](N)CCCN=C(N)N
[C@@H]13NC(=O)[C@@H]2CCCN2C(=O)[C@H]4NC(=O)[C@H]5NC(=O)[C@H]6NC1=O.c17ccccc1.CC(C)C3.C4C(C)C.C1.C67	C.CC(C)C[C@@H]1NC(=O)[C@@H]2CCCN2C(=O)[C@H](CC(C)C)NC(=O)CNC(=O)[C@H](Cc2ccccc2)NC1=O
[C@H]1%12NC(=O)[C@@H]%13NC(=O)[C@@H]%14NC(=O)[C@@H]%16NC(=O)[C@H]2CCCN2C(=O)[C@@H]%17NC(=O)[C@@H]%17NC(=O)[C@H]2CCCN2C(=O)[C@@H]%18NC(=O)[C@@H]%19NC(=O)[C@@H]%20NC(=O)[C@@H]%21NC(=O)[C@H](CSSC[C@H]%11NC(=O)CNC(=O)[C@@H]%23NC(=O)[C@@H]%24NC(=O)[C@@H]%25NC1=O.[C@@H]7(CCCN=C(N)N)C%34=O.C4(=O)[C@H]%35CCCCN.C%15(=O)[C@H]6CCCCN.c1%30c[nH]c2ccccc12.[C@@H]%34(CC(C)C)C%33=O.c1%27ccc(O)cc1.C%19CCN=C(N)N.c1%32ccc(O)cc1.C%21CCN=C(N)N.C%15(=O)[C@H]5C%27.c1%28ccccc1.c1%29ccccc1.[C@@H]8(C%30)C(=O)O.C%16CCCN.C%23CC(N)=O.C%25CC(N)=O.CC[C@H]%12C.C%14C(C)C.C%18C(N)=O.C%23(C)=O.C%26%11=O.C%22(C)C.C%13%27.S9C.C%20%27.C%20%29.C%22%28.N4%10.N%15%35.N%26%36.N%315.N%326.N%337.N%348	INVALID
C%18(=O)[C@@H]8CCCN=C(N)N.C%19(=O)[C@@H]9CCCN=C(N)N.C%21(=O)[C@@H](N)CCCN=C(N)N.c1%11c[nH]c2ccccc12.c1%12c[nH]c2ccccc12.C%16(=O)[C@@H]6CCCCN.c1%13c[nH]c2ccccc12.c1%15c[nH]c2ccccc12.NC(=O)C[C@H]%22C(=O)O.C3(=O)[C@@H]4C%11.C%14(=O)[C@@H]5C%12.C%17(=O)[C@@H]7C%13.C%20(=O)[C@@H]%10C%15.N3%22.N%144.N%165.N%176.N%187.N%198.N%209.N%21%10	NCCCC[C@H](NC(=O)[C@H](Cc1c[nH]c2ccccc12)NC(=O)[C@H](CCCN=C(N)N)NC(=O)[C@H](CCCN=C(N)N)NC(=O)[C@H](Cc1c[nH]c2ccccc12)NC(=O)[C@@H](N)CCCN=C(N)N)C(=O)N[C@@H](Cc1c[nH]c2ccccc12)C(=O)N[C@@H](Cc1c[nH]c2ccccc12)C(=O)N[C@@H](CC(N)=O)C(=O)O
C3(=O)[C@@H]4CCCN=C(N)N.C%19(=O)[C@@H]8CCCN=C(N)N.C%14(=O)[C@@H]5CCCCN.c1%11c[nH]c2ccccc12.c1%12c[nH]c2ccccc12.c1%13c[nH]c2ccccc12.CC[C@H](C)[C@H]%22C(N)=O.C%16(=O)[C@@H]6[C@@H](C)CC.c1%15ccc(O)cc1.C%18(=O)[C@@H]7C%11.C%20(=O)[C@@H]9C%12.C%21(=O)[C@@H](N)C%13.c1%15ccccc1.N3%22.N%144.N%165.N%176.N%187.N%198.N%209.N%21%10	CC[C@H](C)[C@H](N)C(=O)N[C@@H](CCCCN)C(=O)N[C@@H](CCCN=C(N)N)C(=O)N[C@H](C(N)=O)[C@@H](C)CC.NC(=O)[C@@H](N)Cc1c[nH]c2ccccc12.NC(N)=NCCC[C@@H]1NC1=O.O=C1N[C@H]1Cc1c[nH]c2ccccc12.O=C1N[C@H]1Cc1c[nH]c2ccccc12.Oc1ccc(-c2ccccc2)cc1
[C@@H]13NC(=O)[C@H]4NC(=O)[C@H]5NC(=O)[C@@H]2CCCN2C1=O.c16ccccc1.CC[C@@H]3C.C5C(C)C.C46	CC[C@H](C)[C@@H]1NC(=O)[C@H](Cc2ccccc2)NC(=O)[C@H](CC(C)C)NC(=O)[C@@H]2CCCN2C1=O
[C@H]%27(CCCCN)C7=O.[C@H]%33(CCCCN)C(=O)O.CC(C)C[C@H]%14C%13=O.[C@H]%21(CC(C)C)C%42=O.[C@@H]%29(C%10=O)C(C)C.[C@H]%15(CS)C%24=O.[C@H]%16(C%36)C%35=O.[C@H]%18(CO)C%40=O.[C@H]%19(C%37)C%41=O.[C@H]%22(CO)C3=O.[C@H]%25(CO)C5=O.[C@H]%26(CO)C6=O.[C@H]%30(C%37)C9=O.[C@H]%32(CO)C(N)=O.C2(=O)[C@H](C)N.[C@H]%17(C)C%24=O.c1%36cnc[nH]1.c1%37cnc[nH]1.[C@H]%20(C)C%43=O.[C@H]%22(C)C4=O.[C@H]%28(C)C8=O.c1%38cnc[nH]1.C%31C%11=O.CS%34.N2%14.N%13%15.N%24%16.N%35%17.N%39%18.N%40%19.N%41%20.N%42%21.N%43%22.N3%23.N4%25.N5%26.N6%27.N7%28.N8%29.N9%30.N%10%31.N%11%32.N%12%33	CC(C)C[C@@H]1NC1=O.CC(C)C[C@H](NC(=O)[C@H](C)N)C(=O)N[C@@H](CS)C(=O)C(=O)[C@H](C)NC(=O)[C@@H](N)Cc1cnc[nH]1.CC(C)[C@H](NC(=O)[C@H](C)NC(=O)[C@H](CCCCN)NC(=O)[C@H](CO)NC(=O)[C@H](CO)NC(=O)[C@H](C)[C@@H](CO)C(N)=O)C(=O)NCC(=O)N[C@@H](CO)C(N)=O.CS.C[C@H](NC(=O)[C@H](CC[C@@H]1NC1=O)NC(=O)[C@@H](N)CO)C(N)=O.NCCCC[C@H](N)C(=O)O.c1c[nH]cn1.c1c[nH]cn1
[C@H]%18(CCCCN)C%13=O.CC[C@H](C)[C@H]%15C%13=O.[C@H]%16(CCC%17)C%35=O.[C@H]%19(CCC%20)C%45=O.[C@H]%22(CCC%23)C%47=O.[C@H]%25(CC(C)C)C3=O.[C@H]%27(CCC%28)C5=O.[C@H]%29(CCC%30)C7=O.[C@H]%32(CCC%33)C%11=O.[C@H]%34(CCC%36)C(N)=O.[C@@H]%14(C%13=O)C(C)C.[C@@H]%15(C%35=O)C(C)C.c1%43ccc(O)cc1.[C@H]%18(C%42)C%24=O.c1%42ccccc1.[C@H]%21(C%43)C%46=O.N1%47CCC[C@H]1%37.N15CCC[C@H]1%38.N17CCC[C@H]1%39.[C@H]%31(C%44)C9=O.N1%11CCC[C@H]1%40.N1%14CCC[C@H]1%41.N%17C(=N)N.N%20C(=N)N.N%23C(=N)N.N%26C(=N)N.N%28C(=N)N.N%33C(=N)N.C2%36=O.C%48%37=O.C4%38=O.C6%39=O.C8%40=O.C%12%41=O.N2%15.N%13%16.N%24%18.N%35%19.N%45%21.N%46%22.N%48%25.N3%26.N4%27.N6%29.N8%29.N9%31.N%10%32.N%12%34	CC(C)C[C@H](NC(=O)[C@@H]1CCCN1C(=O)[C@H](CCCNC(=N)N)NC(=O)[C@H](Cc1ccc(O)cc1)NC(=O)[C@@H](N)CCCNC(=N)N)C(=O)NNC(=N)N.CCC[C@@H]1NC(=O)[C@@H]2CCCN2C1=O.CC[C@H](C)[C@@H](C(=O)C(=O)[C@H](CCCCN)[C@@H](Cc1ccccc1)C(N)=O)[C@H](C(=O)C(=O)[C@H](CCCNC(=N)N)NC(=O)[C@H](C(C)C)N1CCC[C@H]1C(=O)N[C@@H](CCCC(N)=O)C(N)=O)C(C)C.C[C@@H]1NC1=O.N=C(N)NCCC[C@@H]1NC(=O)[C@@H]2CCCN2C1=O.N=C(N)NCCC[C@H](N)C(=O)N1CCC[C@H]1C(N)=O
C%13(=O)[C@@H]%12CCCCN.CC[C@H](C)[C@H]%10C%36=O.C%33(=O)[C@@H]%14CCCN.C%34(=O)[C@@H]%15CCC%16.[C@H]%17(CCCN)C%37=O.[C@H]%19(CCC%20)C5=O.[C@H]%22(CCC%23)C9=O.[C@H]%23(CC(C)C)C(=O)O.c1%32ccc(O)cc1.C2(=O)[C@@H]%11CO.C2(=O)[C@@H]%12C%32.[C@@H]1%25CCCN1%33.N1%37CCC[C@H]1%26.N1%37CCC[C@H]1%27.N13CCC[C@H]1%28.N15CCC[C@H]1%29.N16CCC[C@H]1%30.[C@H]%21(C%31)C8=O.N18CCC[C@H]1%31.c1%31cnc[nH]1.N%16C(=N)N.N%20C(=N)N.C%24%25=O.C%38%26=O.C3%27=O.C4%28=O.C6%29=O.C7%30=O.N2%10.N%13%11.N%24%12.N%34%14.N%35%15.N%36%17.N%38%18.N4%19.N7%21.N8%22.N9%25	CC(C)C[C@H](CCC[C@H](N)C(N)=O)C(=O)O.CC[C@H](C)[C@H](N)C(=O)N[C@@H](CCCN)C(=O)N1CCC[C@H]1C(N)=O.N=C(N)NCCC[C@H](N)C(=O)N[C@@H](CCCN)C(=O)N1CCC[C@H]1C(N)=O.N=C(N)NCCC[C@H](NC(=O)[C@@H]1CCCN1C(=O)[C@@H]1CCCN1)C(=O)N1CCC[C@H]1C(=O)N1CCC[C@H]1C(=O)N[C@H]1C[C@@H]2CCCN2C1=O.NCCCC[C@H]1C(=O)N[C@@H](CO)C(=O)C(=O)[C@@H]1Cc1ccc(O)cc1.c1c[nH]cn1
c1%50c[nH]c2ccccc12.C%25(=O)[C@@H]%23CCCCN.C%47(=O)[C@@H]%26CCCCN.C%55(=O)[C@@H]%29CCCCN.C%56(=O)[C@@H]%30CCCCN.C5(=O)[C@@H]%32CCCCN.[C@H]%35(CCCCN)C9=O.[C@H]%37(CCC(=O)O)C%12=O.[C@H]%38(CCC(=O)O)C%13=O.[C@H]%42(CCCCN)C%19=O.CC[C@H](C)[C@H]%20C7=O.C%36(=O)[C@@H]%24CC(C)C.[C@H]%34(CC(C)C)C%10=O.[C@H]%36(CC(C)C)C%11=O.[C@@H]%39(C%15=O)[C@@H](C)CC.[C@H]%41(CC(N)=O)C%18=O.[C@H]%43(CC(C)C)C(=O)O.c1%51ccc(O)cc1.c1%53ccc(O)cc1.C3(=O)[C@@H]%21C%50.c1%50ccccc1.C%47(=O)[C@@H]%27C%51.C4(=O)[C@@H]%31CO.[C@H]%33(C%52)C8=O.N1%12CCC[C@H]1%44.N1%16CCC[C@H]1%45.N1%17CCC[C@H]1%46.N1%52CCC[C@H]1%48.c1%49cnc[nH]1.[C@H]%40(C)C%17=O.C4%44=O.C%16%45=O.C%17%46=O.C%18%48=O.N3%20.N%14%21.N%25%22.N%36%23.N%47%24.N%54%26.N%55%27.N%56%28.N%57%29.N4%30.N5%31.N6%32.N7%33.N8%34.N9%35.N%10%37.N%11%38.N%13%39.N%15%40.N%17%41.N%18%42.N%19%43	CC(C)C[C@H](NC(=O)[C@@H](N)CCCCN)C(=O)O.CC[C@H](C)[C@H](NC(=O)[C@H](CCC(=O)O)NC(=O)[C@H](CC(C)C)C(=O)[C@@H](N)CC(C)C)C(=O)N[C@@H](C)C(=O)N1CCC[C@H]1C(=O)N[C@@H](CC(N)=O)C(=O)C(=O)[C@@H]1CCCN1C[C@H](NC(=O)[C@@H](NC(=O)[C@@H](N)Cc1c[nH]c2ccccc12)[C@@H](C)CC)C(=O)N[C@@H](CC(C)C)C(=O)N[C@@H](CCC(=O)O)C(=O)N1CCC[C@H]1C(=O)C(=O)[C@H](CO)NC(=O)[C@@H](N)CCCCN.NCCCC[C@@H]1NC1=O.NCCCC[C@H](N)C(=O)N[C@@H](Cc1ccc(O)cc1)C(=O)C(=O)[C@@H](N)CCCCN.NCCCC[C@H](N)C(N)=O.NCCCC[C@H](N)C(N)=O.O=C1[C@@H]2CCCN12.Oc1ccccc1.c1c[nH]cn1.c1ccccc1
[C@H]17CSSC[C@@H]8NC(=O)[C@H]9NC(=O)[C@H]%10NC(=O)[C@H]%11NC(=O)[C@H]%12NC(=O)[C@H]%13NC(=O)[C@H]%14NC(=O)[C@H]%16NC(=O)[C@H]%17NC(=O)[C@H]%17NC1=O.c1%20c[nH]c2ccccc12.CC[C@H](C)[C@H](N)C4=O.[C@@H]%25(C%21=O)C(C)C.c1%19ccc(O)cc1.C%12CCN=C(N)N.C%14CCN=C(N)N.[C@H]6(C)C%23=O.c1%18cnc[nH]1.C9CCCN.C%24CCCN.C%17CCCN.C5C%20=O.C%13C(C)C.C%16C(C)C.C%228=O.C%11(C)C.N4%24.N%15%25.N%21%26.N%225.N%236.C%13%19.C%10%21	CC(C)C[C@@H]1NC(=O)[C@H](CCCN=C(N)N)NC(=O)[C@H](CC(C)C)NC(=O)[C@H]2NC(=O)[C@H]2NC(=O)CCSSC[C@@H](C(=O)NCC(=O)c2c[nH]c3ccccc23)NC(=O)[C@H](CCCCN)NC(=O)[C@H](C)NC(=O)[C@H](C(C)C)NC(=O)[C@H](CCCN=C(N)N)NC1=O.CC(C)[C@H](N)C(N)=O.CCCCN.CC[C@H](C)[C@H](N)C(=O)NCCCCN.C[C@@H]1NC1=O.Cc1ccc(O)cc1.c1c[nH]cn1
C2(=O)[C@H]%11CCCN=C(N)N.C%29(=O)[C@H]%14CCCN=C(N)N.C%31(=O)[C@H](N)CCCN=C(N)N.[C@@H]%16(CCCN=C(N)N)C4=O.[C@@H]%18(CCCN=C(N)N)C8=O.CC[C@@H](C)[C@@H]%10C%32=O.C%30(=O)[C@H]%15CC(N)=O.[C@@H]%17(CC(C)C)C3=O.[C@H]%19(C(N)=O)C(C)C.C2(=O)[C@H]%12C%27.c1%28ccccc1.[C@H]1%20CCCN1%24.[C@H]1%21CCCN1%28.N1%33CCC[C@@H]1%22.N1%34CCC[C@@H]1%23.N15CCC[C@@H]1%25.N16CCC[C@@H]1%26.N18CCC[C@@H]1%27.C%13%20=O.C%24%21=O.C%33%22=O.C5%23=O.C6%25=O.C9%26=O.N2%10.N%13%11.N%29%12.N%30%14.N%32%15.N3%16.N4%17.N7%18.N9%19	CC(C)C[C@H]1NC(=O)[C@@H](CCCN=C(N)N)NC1=O.CC(C)[C@@H](NC(=O)[C@H]1CCCN1C(=O)[C@H]1CCCN1C(=O)[C@H]1CCCN1)C(N)=O.CC[C@@H](C)[C@@H](N)C(=O)N[C@H](CC(N)=O)C(=O)N[C@H](CCCN=C(N)N)C(=O)N[C@H](C[C@H]1CCCN1C(=O)[C@H](N)CCCN=C(N)N)C(=O)C(=O)[C@@H](CCCN=C(N)N)NC(=O)[C@H]1CCCN1C(=O)[C@H]1CCCN1c1ccccc1.NC(N)=NCCC[C@@H](N)C=O.O=C1[C@H]2CCCN12
C%36(=O)[C@H]%29CCCN=C(N)N.C9(=O)[C@H]%39CCCN=C(N)N.C%13(=O)[C@H]%45CCCN=C(N)N.C5(=O)[C@H]%34CCCCN.C6(=O)[C@H]%38CCCCN.c1%60c[nH]c2ccccc12.C%11(=O)[C@H]%41CCCCN.CC[C@@H](C)[C@@H]%26C%20=O.CC(=O)[C@H]%28CC(C)C.C%63(=O)[C@H]%31[C@H](C)CC.C%11(=O)[C@H]%42CC(N)=O.C%12(=O)[C@H]%42CC(N)=O.C%16(=O)[C@H]%46CC(N)=O.[C@@H]%49(CC(N)=O)C%21=O.[C@@H]%52(CC(N)C)C%24=O.C3(=O)[C@H]%27CC%53.C%58(=O)[C@H]%32C(C)C.C7(=O)[C@H]%37C(C)C.C%15(=O)[C@H]%44C(C)C.[C@H]1%54CCCN1%25.C%25(=O)[C@H]%30C%57.[C@H]1%55CCCN14.C4(=O)[C@H]%33C%59.c1%60ccccc1.C%10(=O)[C@H]%40C%60.[C@H]1%56CCCN1%17.C%17(=O)[C@H]%48C%61.[C@@H]%51(C%62)C%23=O.c1%61ccccc1.c1%57cnc[nH]1.[C@@H]%50(C)C%22=O.c1%59cnc[nH]1.C%58(=O)C%30.C8(=O)C%41.C%17(=O)CN.C%14%54=O.C%66%55=O.C%18%56=O.N3%24.N%14%26.S%53C.N%36%27.N%47%28.N%58%29.N%62%30.N%64%31.N%65%32.N5%33.N6%34.N7%35.N8%37.N9%38.N%10%39.N%11%40.N%12%41.N%13%42.N%15%43.N%16%44.N%18%45.N%19%46.N%20%48.N%21%49.N%22%50.N%23%51.N%24%52	CC(=O)[C@H](N)CC(C)C.CC(C)[C@@H](NC(=O)C[C@H](CCCCN)C(=O)C(=O)[C@@H](CC(N)=O)[C@H](CC(N)=O)C(N)=O)C(N)=O.CC(C)[C@@H](NC(=O)[C@H](N)CC(N)=O)C(N)=O.CC[C@@H](C)[C@@H](N)C=O.CC[C@@H](C)[C@@H](NC(=O)[C@H]1CCCN1C(=O)[C@H](CC(=O)C(=O)[C@H](N)C(C)C)Cc1cnc[nH]1)C(=O)N[C@H](Cc1ccccc1)C(=O)N1CCC[C@@H]1C(=O)N[C@H](CCCN=C(N)N)C(N)=O.CSCC[C@@H](NC(=O)[C@H](N)CCCN=C(N)N)C(=O)NC(=O)[C@H](N)CC(C)N.C[C@@H](N)C(=O)N[C@H](CCCN=C(N)N)C(=O)N[C@H](CCCCN)C(=O)N[C@H](CCCCN)C(=O)N[C@H](Cc1cnc[nH]1)C(=O)N1CCC[C@@H]1C=O.C[C@H]1NC1=O.NC(=O)C[C@H]1NC1=O.NCC=O.NC[C@H]1NC1=O.c1ccc(-c2c[nH]c3ccccc23)cc1
NCCCC[C@H]6C5=O.C3(=O)[C@@H]7CCCCN.c1%18c[nH]c2ccccc12.c1%19c[nH]c2ccccc12.C%23(=O)[C@@H]%10CCCCN.C%26(=O)[C@@H]%11CCCCN.c1%20c[nH]c2ccccc12.C%28(=O)[C@@H]%13CC(N)=O.C%27(=O)[C@@H]%15CCCCN.C%21(=O)[C@@H]8C%18.C%22(=O)[C@@H]9C%19.C%24(=O)[C@@H]%12C%20.[C@@H]1%16CCCN14.[C@H]%15(C%21)C(N)=O.c1%21ccccc1.[C@@H]1%17CCCN1.C%14%16=O.C%28%17=O.N36.N%147.N%228.N%239.N%24%10.N%25%11.N%27%12.N4%13.N5%15	NCCCC[C@@H]1NC(=O)[C@H](Cc2c[nH]c3ccccc23)NC(=O)[C@H](CCCCN)[C@H](C(N)=O)CC(=O)[C@H](Cc2c[nH]c3ccccc23)NC(=O)[C@H](Cc2c[nH]c3ccccc23)NC1=O.NCCCC[C@H](N)C=O.NCCCC[C@H](NC(=O)[C@H](CCCCN)NC(=O)[C@@H]1CCCN1N[C@@H](CC(N)=O)C(=O)C(=O)[C@@H]1CCCN1)C(N)=O.c1ccccc1
C%14(=O)[C@@H]7CCCN=C(N)N.C%20(=O)[C@@H]9CCCN=C(N)N.C%24(=O)[C@@H](N)CCCN=C(N)N.[C@H]%12(CCCN=C(N)N)C(N)=O.c1%16c[nH]c2ccccc12.CC[C@H](C)[C@H]5C4=O.C%14(=O)[C@@H]6[C@@H](C)CC.C%23(=O)[C@@H]%11C(C)C.C3(=O)[C@@H]6C%16.[C@@H]1%13CCCN1%19.C%19(=O)[C@@H]8C%17.c1%17ccccc1.[C@@H]1%15CCCN1%22.C%18%13=O.C%21%15=O.N35.N%146.N%187.N%208.N%219.N%23%10.N%24%11.N4%12	CC(C)[C@H](NC(=O)[C@@H](N)CCCN=C(N)N)C(N)=O.CC[C@H](C)[C@@H](C(=O)C(=O)[C@H](CCCN=C(N)N)NC(=O)[C@@H]1CCCN1C(=O)[C@H](Cc1ccccc1)NC(=O)[C@H](CCCN=C(N)N)NC(=O)[C@@H]1CCCN1)[C@@H](Cc1c[nH]c2ccccc12)C(=O)N[C@H](C(=O)N[C@@H](CCCN=C(N)N)C(N)=O)[C@@H](C)CC.N
C2(=O)[C@@H]%15CCCN=C(N)N.C8(=O)[C@@H]3CCCN=C(N)N.C9(=O)[C@@H](N)CCCN=C(N)N.[C@H]5(CCCN=C(N)N)C%12=O.[C@H]6(CCCN=C(N)N)C(=O)O.CC[C@H](C)[C@H]%14C%10=O.N1%12CCC[C@H]17.N1%10.C%117=O.N2%14.N8%15.N93.N%104.N%115.N%136	CC[C@H](C)[C@H](NC(=O)[C@H](CCCN=C(N)N)NC(=O)[C@H](CCCN=C(N)N)NC(=O)[C@@H](N)CCCN=C(N)N)C(N)=O.N.NC(N)=NCCC[C@@H]1NC(=O)[C@@H]2CCCN2C1=O.NC(N)=NCCC[C@H](N)C(=O)O
C9(=O)[C@@H]4CCCN=C(N)N.C%10(=O)[C@@H](N)CCCN=C(N)N.c15c[nH]c2ccccc12.c16c[nH]c2ccccc12.C[C@@H](O)[C@H]%11C(N)=O.C3(=O)[C@@H]%12C5.C7(=O)[C@@H]%13C6.N3%11.N7%12.N8%13.N9%14.N%104	C[C@@H](O)[C@H](NC(=O)[C@H](Cc1c[nH]c2ccccc12)NC(=O)[C@@H](N)Cc1c[nH]c2ccccc12)C(N)=O.NC(=O)[C@H](CCCN=C(N)N)NC(=O)[C@@H](N)CCCN=C(N)N
[C@H]%11(CCCN=C(N)N)C%23=O.[C@H]%15(CCCN=C(N)N)C(N)=O.C%19(=O)[C@@H]8CCC(N)=O.c1%18c[nH]c2ccccc12.[C@H]%12(CCCCN)C%25=O.CC[C@H](C)[C@H]5C%22=O.C%14(=O)[C@@H]7CC(C)C.[C@@H]%13(C4=O)[C@@H](C)CC.C%21(=O)[C@@H]%10CC%16.C%20(=O)[C@@H]9C%18.[C@H]%12(C%17)C%24=O.C3(=O)[C@@H]6C.c1%17cnc[nH]1.N35.N%146.N%197.N%208.N%219.N%219.N%22%10.N%23%11.N%24%12.N%25%13.N4%15	CC[C@@H]1NC(=O)[C@H]([C@@H](C)CC)NC(=O)[C@H](C)NC(=O)[C@H](CC(C)C)NC(=O)[C@H](CCC(N)=O)NC(=O)[C@H](Cc2c[nH]c3ccccc23)NC1=O.CC[C@H](C)[C@H](NC(=O)[C@H](CCCCN)[C@@H](Cc1cnc[nH]1)C(N)=O)C(=O)N[C@@H](CCCN=C(N)N)C(N)=O.N.NC(N)=NCCC[C@@H]1NC1=O
C2(=O)[C@@H]%22CCCCN.C%35(=O)[C@@H](N)CCCCN.[C@H]%28(CCCCN)C%52=O.[C@H]%33(CCCCN)C6=O.[C@H]%34(CCCCN)C7=O.[C@H]%37(CCCCN)C9=O.[C@H]%48(CCC(N)=O)C(=O)O.CC[C@H](C)[C@H]%21C%51=O.[C@H]%30(CC(C)C)C3=O.[C@H]%40(CC(C)C)C%12=O.[C@@H]%36(C9=O)C(C)C.[C@@H]%41(C%14=O)C(C)C.[C@@H]%43(C%16=O)[C@@H](C)O.C%24(=O)[C@@H]%25CO.[C@H]%29(CO)C%55=O.[C@H]%31(C%50)C4=O.c1%50ccccc1.[C@H]%47(CO)C%20=O.N1%18CCC[C@H]1%49.[C@H]%30(C)C3=O.[C@H]%32(C)C5=O.[C@H]%39(C)C%11=O.[C@H]%45(C)C%18=O.C%13(=O)C%23.N%25C(=N)N.C%29C%54=O.C%38C%10=O.C%42C%15=O.C%44C%17=O.C%19%49=O.N2%21.N%13%22.N%24%23.N%35%23.N%46%26.N%51%27.N%52%28.N%53%29.N%54%30.N3%31.N4%32.N5%33.N6%34.N7%36.N8%37.N9%38.N%10%39.N%11%40.N%12%41.N%14%42.N%15%43.N%16%44.N%17%45.N%19%47.N%20%48	CC(C)C[C@H](NC(=O)[C@H](C)NC(=O)CN)C(=O)N[C@H](C(=O)NCC(=O)N[C@H](C(=O)NCC(=O)N[C@@H](C)C(=O)N1CCC[C@H]1C(=O)N[C@@H](CO)C(=O)N[C@@H](CCC(N)=O)C(=O)O)[C@@H](C)O)C(C)C.CC(C)C[C@H]1C(=O)C(=O)[C@@H]1C.CC(C)[C@H](NC(=O)[C@H](CCCCN)NC(=O)[C@H](CCCCN)NC(=O)[C@H](C)NC(=O)[C@@H](N)Cc1ccccc1)C(=O)C(=O)[C@@H](N)CCCCN.CC[C@H](C)[C@H](NC(=O)[C@H](CCCCN)NC(=O)CNC(=O)[C@H](CO)NC(=N)N)C(N)=O.N.N.NC(=O)C[C@H](C=O)CO.NCCCC[C@@H]1NC1=O.NCCCC[C@H](N)C(N)=O
[C@@H]13NC(=O)[C@@H]2CCCN2C(=O)CNC(=O)[C@@H]5N(C)C(=O)[C@@H]2CCCN2C(=O)[C@H]6NC(=O)[C@H]7NC(=O)[C@@H]2CCCN2C1=O.c18cnc[nH]1.C6CCCN.CC[C@@H]3C.C4(=O)O.C57.C78	CC[C@H](C)[C@@H]1NC(=O)[C@@H]2CCCN2C(=O)CNC(=O)[C@H]2C[C@H](NC(=O)[C@@H]3CCCN3C1=O)C(=O)N[C@@H](CCCCN)C(=O)N1CCC[C@H]1C(=O)N2C.Cc1cnc[nH]1.O=CO
[C@@H]1%21NC(=O)[C@@H]2CSSC[C@@H]3NC(=O)[C@H]%22NC(=O)[C@@H]4CSSC[C@H](NC(=O)[C@H](CSSC[C@@H]%19NC(=O)[C@H](CSSC[C@H]%18C(=O)N[C@@H]%24C(=O)N[C@@H]%25C(=O)N[C@@H]%26C(=O)NCC(=O)NCC(=O)NCC(=O)N[C@@H]%28C(=O)N1CCC[C@H]1C(=O)N[C@@H]%29C(=O)N[C@@H]%30C(=O)N[C@@H]%31C(=O)N[C@@H]%32C(=O)N[C@@H]%33C(=O)NCC(=O)N1CCC[C@H]1C(=O)N2)NC(=O)[C@H]%34NC(=O)CNC(=O)[C@H]%35NC3=O)NC(=O)[C@H]%36NC1=O.C%16(=O)[C@@H]8CCCN=C(N)N.[C@H]%14(CCCN=C(N)N)C6=O.c1%38c[nH]c2ccccc12.C7(=O)[C@@H]%10CC(N)=O.[C@@H]%11(C%43=O)[C@@H](C)CC.C%24CCN=C(N)N.C%25CCN=C(N)N.C%28CCN=C(N)N.[C@@H]%13(C%42=O)[C@@H](C)O.C%33CCN=C(N)N.[C@H]9(CO)C%39=O.[C@H]%12(CO)C%45=O.[C@H]%17(C%37)C(=O)O.c1%39ccccc1.c1%40ccccc1.C%32CC(N)=O.c1%37cnc[nH]1.CC[C@@H]%22C.C%27(=O)CN.C%29C(C)C.C%34C(N)=O.[C@H]%23(C)O.C5%19=O.C8%20=O.C%30(C)C.[C@H]%36(C)O.C%24%30.N58.N%16%10.N%27%11.N%41%12.N%42%13.N%43%14.N%44%14.N%45%15.N6%17.N7%18.C%26%39.C%35O.C%39O	INVALID
[C@@H]18CSSC[C@H]8C(=O)N[C@@H]%10C(=O)N[C@@H]%11C(=O)N[C@@H]%12C(=O)N[C@@H]%13C(=O)N[C@@H]%14C(=O)N[C@@H]%16C(=O)NCC(=O)N[C@@H]%17C(=O)N[C@@H](C)C(=O)N[C@@H]%18C(=O)N[C@@H]%18C(=O)N2C)NC(=O)[C@H]2NC(=O)[C@H]%19NC(=O)[C@H]%20NC(=O)[C@H]%21NC(=O)[C@H]%22NC(=O)[C@H]%23NC1=O.C%26(=O)[C@@H]%35CCC(N)=O.c1%28c[nH]c2ccccc12.C%30(=O)[C@@H](N)CC(=O)O.c1%26ccc(O)cc1.C4(=O)[C@@H]%34C(C)C.c1%27ccc(O)cc1.C%19CCN=C(N)N.C%20CCN=C(N)N.C%21CCN=C(N)N.C%23CCN=C(N)N.[C@@H]19CCCN1%15.[C@H]7(C%24)C(=O)O.c1%29ccccc1.c1%24cnc[nH]1.C%18CC(N)=O.C%16CC(N)=O.CC[C@@H]%11C.C%14C(C)C.C%159=O.C%31%10=O.C%22(C)C.N4%33.N%15%10.N%26%34.C%14%27.C%17%28.C%25O.N%305.N%315.N%326.N%337	INVALID
C%29(=O)[C@@H]%16CCCN=C(N)N.C2(=O)[C@@H]7CCCCN.C%23(=O)[C@@H]9CCCCN.C%25(=O)[C@@H]%11CCCCN.C%26(=O)[C@@H]%11CCCCN.C%28(=O)[C@@H]%15CCCCN.C3(=O)[C@@H]%17CCCCN.CC[C@H](C)[C@H]6C5=O.C%25(=O)[C@@H]%12[C@@H](C)CC.C%27(=O)[C@@H]%14CCC(N)=O.C%24(=O)[C@@H]%10C%20.c1%20ccccc1.[C@@H]1%19CCCN13.C4(=O)[C@@H](N)C%21.c1%21ccccc1.[C@H]%18(C%22)C(=O)O.c1%22ccccc1.N26.N%137.N%238.N%249.N%25%10.N%26%11.N%27%12.N%28%14.N%29%15.N3%16.N4%17.N5%18	CC[C@H](C)[C@H](NC(=O)[C@@H](N)CCCCN)C(=O)N[C@@H](Cc1ccccc1)C(=O)O.CC[C@H](C)[C@H](NC(=O)[C@H](CCC(N)=O)NC(=O)[C@H](CCCCN)NC(=O)[C@@H](N)CCCN=C(N)N)C(=O)C(=O)[C@H](CCCCN)[C@@H](CCCCN)C(N)=O.NCCCC[C@H](NC(=O)[C@@H](N)Cc1ccccc1)C(=O)N1CCCC1.NCCCC[C@H](NC(=O)[C@@H](N)Cc1ccccc1)C(N)=O
CC[C@H](C)[C@H]%17C%47=O.C%24(=O)[C@@H]%18CCC%20.C%46(=O)[C@@H](N)CCC%22.[C@H]%23(CCC%25)C%51=O.[C@H]%26(CCC%27)C3=O.[C@H]%29(CCC%30)C7=O.[C@H]%31(CCC%32)C9=O.[C@H]%33(CCC%34)C%11=O.[C@H]%38(CCC%39)C(N)=O.[C@@H]%29(C6=O)C(C)C.[C@@H]%37(C%16=O)C(C)C.C%13(=O)[C@@H]%19C%48.c1%48ccccc1.C%35(=O)[C@@H]%21CO.N1%51CCC[C@H]1%41.N13CCC[C@H]1%42.[C@H]%28(CO)C5=O.N16CCC[C@H]1%43.[C@H]%31(CS)C9=O.N1%11CCC[C@H]1%44.N1%14CCC[C@H]1%45.N1%16CCC[C@H]1%47.N%20C(=N)N.N%22C(=N)N.N%25C(=N)N.N%27C(=N)N.N%30C(=N)N.N%32C(=N)N.C%34CN=O.N%39C(=N)N.C%46%40=O.C%52%42=O.C%53%43=O.C4%44=O.C8%45=O.C%10%47=O.C%12%48=O.C%15%49=O.N2%17.N%13%18.N%24%19.N%46%21.N%49%21.N%50%23.N%52%26.N4%28.N5%29.N7%31.N8%33.N%10%36.N%12%37.N%15%38	CC(C)[C@@H](C(=O)N1CCC[C@H]1C=O)[C@@H](CCCNC(=N)N)C(N)=O.CC[C@H](C)[C@H](N)C(=O)[C@@H]1CCCN1C(=O)[C@@H](NC=O)C(C)C.N=C(N)NCCC[C@@H]1NC(=O)[C@@H]2CCCN2C1=O.N=C(N)NCCC[C@@H]1NC(=O)[C@H](Cc2ccccc2)NC1=O.N=C(N)NCCC[C@H](N)C(=O)C=O.N=C(N)NCCC[C@H](N)C(=O)N1CCCC1.N=C(N)NCCC[C@H](NC(N)=O)C(N)=O.N=C(N)NCCC[C@H]1C(=O)C(=O)[C@@H]1CS.NC(=O)[C@H](CO)NC(=O)[C@@H]1CCCN1C(=O)[C@H](CCCCCN=O)NC(=O)[C@@H]1CCCN1.NC=O.N[C@H](C=O)CO
[C@H]1%16CSSC[C@@H]%17NC(=O)[C@H]4NC(=O)[C@H]5NC(=O)[C@H]6NC(=O)[C@@H]7NC(=O)[C@H]8NC1=O.[C@H]%13(CCCN=C(N)N)C%10=O.CCCCCCCCC3=O.c19ccc(O)cc1.[C@@H]%14(C%11=O)[C@@H](C)O.[C@H]%15(CCN)C%12=O.C6CCN=C(N)N.C8CCN=C(N)N.C%17(N)=O.C4CN.C9CN.N3%13.N%10%14.N%11%15.N%12%16.C79	CCCCCCCCC(=O)N[C@@H](CCCN=C(N)N)C(=O)N[C@H](C(=O)N[C@@H](CCN)C(=O)N[C@H]1CSSC[C@@H](C(N)=O)NC(=O)[C@H](CCN)NC(=O)CNC(=O)[C@H](CCCN=C(N)N)NC(=O)[C@@H](C)NC(=O)[C@H](CCCN=C(N)N)NC1=O)[C@@H](C)O.NCCc1ccc(O)cc1
C%13(=O)[C@@H]%22CCCN=C(N)N.C9(=O)[C@@H]%37CCCN=C(N)N.C%12(=O)[C@@H]%40CCCN=C(N)N.C%46(=O)[C@@H]%25CCCCN.C%55(=O)[C@@H]%28CCCCN.C3(=O)[C@@H]%31CCCCN.C7(=O)[C@@H]%33CCCCN.C%15(=O)[C@@H]%39CCCCN.C%17(=O)[C@@H]%44CCCCN.CC[C@H](C)[C@H]%21C(=O)O.C2(=O)[C@@H]%25[C@@H](C)CC.C%54(=O)[C@@H]%26CC(C)C.C8(=O)[C@@H]%36CC(C)C.C%11(=O)[C@@H]%39[C@@H](C)CC.C%46(=O)[C@@H]%26C(C)C.C%53(=O)[C@@H]%27[C@@H](C)O.C3(=O)[C@@H]%30C(C)C.C6(=O)[C@@H]%34C(C)C.[C@@H]1%48CCCN1%46.[C@@H]1%49CCCN13.C5(=O)[C@@H]%32C%50.C%16(=O)[C@@H]%42C%52.c1%52ccccc1.C%18(=O)[C@@H]%43CO.C%18(=O)[C@@H]%45CO.c1%50cnc[nH]1.c1%51cnc[nH]1.C%10(=O)C%38.C%14(=O)C%41.C%19(=O)CN.C%56%49=O.N2%20.N%13%21.N%24%22.N%35%23.N%46%25.N%53%26.N%54%27.N%55%28.N3%29.N4%30.N5%31.N6%32.N7%33.N8%34.N9%36.N%10%37.N%11%38.N%12%39.N%14%40.N%15%41.N%16%42.N%17%43.N%18%44.N%19%45.N%20%47	CC[C@H](C)[C@@H](C(=O)NCC(=O)N[C@@H](CCCN=C(N)N)C(=O)N[C@@H](CC(C)C)C(=O)N[C@H](C(=O)N[C@@H](Cc1cnc[nH]1)C(=O)N[C@@H](CCCCN)C(=O)C(=O)[C@@H](N)C(C)C)C(C)C)[C@@H](CCCCN)C(=O)NCC(=O)N[C@@H](CCCN=C(N)N)C(N)=O.CC[C@H](C)[C@@H](C(=O)NN)[C@@H](CCCCN)C(=O)C(=O)[C@H](C(C)C)[C@@H](CC(C)C)C(=O)N[C@H](C(N)=O)[C@@H](C)O.CC[C@H](C)[C@H](NC(=O)[C@@H](N)CCCN=C(N)N)C(=O)O.N.NCCCC[C@@H]1NC1=O.NCCCC[C@@H]1NC1=O.NCCCC[C@H](N)C(=O)N[C@@H](CO)C(=O)C(=O)[C@H](CO)NC(=O)CN.NN1CCCC1.NN1CCC[C@H]1C=O.O=C1N[C@H]1Cc1ccccc1.c1c[nH]cn1
[C@H]1%11CSSC[C@@H]%12NC(=O)[C@H]%13NC(=O)[C@@H]2CSSC[C@H](NC(=O)[C@H]%14NC1=O)C(=O)N[C@@H]%16C(=O)NCC(=O)N[C@@H]%17C(=O)N[C@@H]%18C(=O)N2.C4(=O)[C@@H]5CCCCN.C%22(=O)[C@@H](N)CCC(=O)N2.[C@H]%10(CCCN=C(N)N)C(=O)O.CC(C)C[C@H]%27C%23=O.[C@@H]8(C%25=O)C(C)C.C%13CCN=C(N)N.C%16CCN=C(N)N.C%17CCN=C(N)N.c1%19ccc(O)cc1.c1%20ccccc1.C%15(=O)C6.C%21(=O)C7.C9C%26=O.C%24%12=O.N4%27.N%155.N%216.N%227.N%23%11.N%248.N%259.N%26%10.C%14%19.C%18%20	CC(C)C[C@H](NC(=O)[C@H](CCCCN)NC(=O)CNC(=O)CNC(=O)[C@@H](N)CCC(N)=O)C(=O)N[C@H]1CSSC[C@@H](C(=O)N[C@H](C(=O)NCC(=O)N[C@@H](CCCN=C(N)N)C(=O)O)C(C)C)NC(=O)[C@H](CCCN=C(N)N)NC(=O)[C@@H]2CSSC[C@H](NC(=O)[C@H](Cc3ccc(O)cc3)NC1=O)C(=O)N[C@@H](CCCN=C(N)N)C(=O)NCC(=O)N[C@@H](CCCN=C(N)N)C(=O)N[C@@H](Cc1ccccc1)C(=O)N2
[C@@H]1%10NC(=O)[C@H]%11NC(=O)[C@H]%12NC(=O)[C@H]%13NC(=O)[C@H]%14NC(=O)[C@H]%15NC(=O)[C@H]%16NC(=O)[C@H]%17NC(=O)[C@@H](N)CSSC[C@@H]4NC(=O)[C@H]5NC(=O)[C@@H]6NC(=O)[C@H]7NC1=O.c18c[nH]c2ccccc12.c19ccccc1.C%12CCCN.C%16CCCN.C%17CCCN.C7CCCN.CC[C@@H]%10C.C%13C(N)=O.C6C(C)C.[C@H]%15(C)O.C4(=O)O.C%118.C%14O.C%169	CC[C@H](C)[C@@H]1NC(=O)[C@H](Cc2c[nH]c3ccccc23)NC(=O)[C@H](CCCCN)NC(=O)[C@H](CC(N)=O)NC(=O)[C@H](CO)NC(=O)[C@H]([C@@H](C)O)NC(=O)[C@H](CCCCN)NC(=O)[C@H](CCCCN)NC(=O)[C@@H](N)CSSC[C@@H](C(=O)O)NC(=O)CNC(=O)[C@@H](CC(C)C)NC(=O)[C@H](CCCCN)NC1=O.Cc1ccccc1
C%24(=O)[C@H]%26CCCCN.C%46(=O)[C@H]%28CCCCN.C%56(=O)[C@H]%30CCCCN.[C@@H]%33(CCCCN)C5=O.[C@@H]%39(CCCCN)C%10=O.[C@@H]%42(CCCCN)C%14=O.[C@@H]%43(CCCCN)C%15=O.[C@@H]%52(CCC(N)=O)C(=O)O.CC[C@@H](C)[C@@H]%22C4=O.C%13(=O)[C@H]%25CC(C)C.C%35(=O)[C@H]%28CC(C)C.C%57(=O)[C@H]%31CC(C)C.[C@@H]%36(CC(C)C)C7=O.[C@@H]%41(CC(C)C)C%11=O.[C@H]%48(C%19=O)[C@H](C)CC.C%46(=O)[C@H]%29CC%53.[C@H]%45(C%17=O)[C@H](C)O.[C@H]%49(C%20=O)[C@H](C)O.C3(=O)[C@H](N)CO.[C@@H]%38(CO)C9=O.[C@@H]%44(C%54)C%16=O.c1%54ccccc1.[C@@H]%47(C%55)C%18=O.c1%55ccccc1.[C@@H]%50(CO)C%21=O.C2(=O)[C@H]%23C.[C@@H]%34(C)C6=O.[C@@H]%45(C)C%17=O.C%24(=O)C%27.C%33C6=O.C%40C%12=O.N2%22.N%13%23.N%24%25.N%35%26.N%46%27.N%56%28.N%57%29.N%58%30.N%59%31.N3%32.N4%33.N5%34.N6%36.N7%37.N8%38.N9%39.N%10%40.N%11%41.N%12%42.N%14%43.N%15%44.N%16%45.N%17%47.N%18%48.N%19%49.N%20%50.N%21%51.N%22%52	CC(C)C[C@@H](N)C(N)=O.CC(C)C[C@H]1NC1=O.CC[C@@H](C)[C@@H](NC(=O)[C@@H](C)NC(=O)[C@H](N)CC(C)C)C(N)=O.CC[C@@H](C)[C@@H](NC(=O)[C@H](N)Cc1ccccc1)C(=O)N[C@@H](C(=O)N[C@H](CO)C(N)=O)[C@H](C)O.CC[C@@H](NC(=O)[C@H](N)CC(C)C)C(=O)C(=O)[C@@H](CCCCN)[C@H](CC(C)C)C(=O)N[C@H](CCCCN)C(=O)C(=O)CN.C[C@H](O)[C@@H]1C(=O)C(=O)[C@H]1C.C[C@H]1NC(=O)[C@@H](CCCCN)CC(=O)C1=O.NC(=O)CC[C@@H](N)C(=O)O.NC(=O)[C@H](N)CO.NCCCC[C@@H](N)C(N)=O.NCCCC[C@@H](NC(=O)CNC(=O)[C@@H](CCCCN)NC(=O)[C@H](N)CO)C(=O)N[C@H](CCCCN)C(=O)N[C@H](Cc1ccccc1)C(N)=O
C3(=O)[C@@H]5CCCN=C(N)N.[C@H]9(CCCN=C(N)N)C%19=O.[C@H]%12(CCCN=C(N)N)C(N)=O.C%15(=O)[C@@H]7CCC(N)=O.c1%13c[nH]c2ccccc12.CC[C@H](C)[C@H]4C%18=O.C%14(=O)[C@@H]6CC(C)C.[C@@H]%11(C%20=O)[C@@H](C)CC.C%17(=O)[C@@H](N)C(C)C.[C@@H]%10(C%21=O)C(C)C.C%16(=O)[C@@H]8C%13.N34.N%145.N%156.N%167.N%178.N%189.N%19%10.N%20%11.N%21%12	CC[C@H](C)[C@@H]1NC1=O.CC[C@H](C)[C@H](NC(=O)[C@H](CCCN=C(N)N)NC(=O)[C@H](CC(C)C)NC(=O)[C@H](CCC(N)=O)NC(=O)[C@H](Cc1c[nH]c2ccccc12)NC(=O)[C@@H](N)C(C)C)C(=O)N[C@@H](CCCN=C(N)N)C(=O)N[C@H](C(=O)N[C@@H](CCCN=C(N)N)C(N)=O)C(C)C
[C@H]1%12CSSC[C@@H]2NC(=O)[C@@H]2CSSC[C@@H]3NC(=O)[C@H]%13NC(=O)[C@@H]3CCCN3C(=O)[C@H]%14NC(=O)[C@H](C)NC(=O)[C@H]%16NC(=O)[C@H]%17NC(=O)[C@H]%18NC(=O)[C@@H]4CCCN4C(=O)[C@@H]2CCCN3C(=O)[C@H]%19NC(=O)[C@H]%20NC(=O)[C@H]%21NC(=O)[C@H]%22NC(=O)[C@H]%23NC(=O)[C@H]%24NC(=O)[C@H]%25NC(=O)[C@H])NC1=O.c1%29c[nH]c2ccccc12.c1%30ccc(O)cc1.c1%24ccc(O)cc1.[C@@H]%11(C(=O)O)[C@@H](C)O.N11CCCC[C@H]1%12.c1%27ccccc1.c1%30ccccc1.C%17CC(=O)O.C%33CCCN.c1%25cnc[nH]1.C%21CCCN.CC[C@@H]%12C.C%13C(C)C.C9C(C)C.C7C(C)C.C%18C(C)C.[C@H]%22(C)O.[C@H]7(C)O.C%26%10=O.[C@H]%15(C)O.C%23(C)C.N48.N%15%31.N%28%32.N%337.C8%24.C%11%25.C%16%27.C%19%29	INVALID
C2(=O)[C@@H]%15CCCN=C(N)N.C%24(=O)[C@@H]%16CCCN=C(N)N.C%39(=O)[C@@H](N)CCCN=C(N)N.[C@H]%21(CCCN=C(N)N)C5=O.[C@H]%22(CCCN=C(N)N)C8=O.[C@H]%25(CCCN=C(N)N)C%12=O.[C@H]%19(CCC(N)=O)C%41=O.CC[C@H](C)[C@H]%14C%40=O.C%38(=O)[C@@H]%18CC(N)=O.[C@@H]%20(C4=O)[C@@H](C)CC.c1%34ccc(O)cc1.[C@H]%21(CC%27)C3=O.c1%36ccc(O)cc1.[C@@H]1%28CCCN1%35.N13CCC[C@H]1%29.N15CCC[C@H]1%30.N17CCC[C@H]1%31.N18CCC[C@H]1%32.[C@H]%23(C%36)C%10=O.N1%10CCC[C@H]1%33.[C@H]%26(C%37)C(=O)O.C%35(=O)[C@@H]%17C.C%13%28=O.C4%29=O.C6%30=O.C7%31=O.C9%32=O.C%11%33=O.N2%14.N%13%15.N%24%16.N%38%17.N%39%18.N%40%19.N%41%19.N%42%20.N4%21.N6%22.N9%23.N%11%25.N%12%26	CC[C@H](C)[C@H](N)C(=O)C(=O)[C@@H]1CCCN1C(=O)[C@H](CC)[C@@H](CCCN=C(N)N)C(=O)N1CCC[C@H]1C(=O)N[C@@H](CCCN=C(N)N)C(=O)N1CCC[C@H]1C(=O)N[C@@H](Cc1ccc(O)cc1)C(=O)N1CCC[C@H]1C(=O)N[C@@H](CCCN=C(N)N)C(=O)N[C@@H](C)C(=O)O.CC[C@H](C)[C@H](NC(=O)[C@H](CCCN=C(N)N)NC(=O)[C@@H]1CCCN1C(=O)[C@H](C)NC(=O)[C@H](CC(N)=O)NC(=O)[C@@H](N)CCCN=C(N)N)C(=O)N[C@@H](CCC(N)=O)C(N)=O.N.NC(N)=NCCC[C@@H]1NC1=O.O=C1[C@@H]2CCCN12.Oc1ccccc1
NCCCC[C@H]%15C(=O)O.C%14(=O)[C@@H](N)CCCCN.C%10(=O)[C@H]3CCCN.C%12(=O)[C@@H]5[C@@H](O)CN.C%13(=O)[C@@H]6[C@@H](O)CN.C2(=O)[C@@H]%16C(C)C.[C@@H]17CCCN1%10.C7CCCN.C%11(=O)C4.C97=O.N2%15.N9%16.N%113.N%124.N%135.N%146	CC(C)[C@H](NC=O)C(=O)N[C@@H](CCCCN)C(=O)O.NCCCC[C@@H]1CCCN1C(=O)[C@@H](CCCN)NC(=O)CNC(=O)[C@@H](NC(=O)[C@@H](NC(=O)[C@@H](N)CCCCN)[C@@H](O)CN)[C@@H](O)CN
CC(C)C[C@H]%14C(N)=O.C%13(=O)[C@@H]%15CCC%16.C%24(=O)[C@@H]%17CC(C)C.C%35(=O)[C@@H]%18CC(C)C.C%41(=O)[C@@H]%19CCC%20.C%43(=O)[C@@H]%21CC(C)C.C3(=O)[C@@H]%23CC(C)C.C7(=O)[C@@H]%27CCCN.C8(=O)[C@@H]%28CCC%29.C%11(=O)[C@@H]%30CCCN.c1%39ccc(O)cc1.C3(=O)[C@@H]%22C(C)C.C3(=O)[C@@H]%26C(C)C.c1%40ccc(O)cc1.[C@@H]1%33CCCN1%35.[C@@H]1%34CCCN1%41.[C@@H]1%36CCCN1%44.[C@@H]1%37CCCN14.C5(=O)[C@@H]%26C%39.[C@@H]1%38CCCN18.C9(=O)[C@@H]%29C%40.[C@@H]1%39CCCN1%11.N%16C(=N)N.N%20C(=N)N.N%25C(=N)N.N%31C(=N)N.C2%33=O.C%40%34=O.C%44%36=O.C6%37=O.C%10%38=O.N2%14.N%13%15.N%24%17.N%40%18.N%42%19.N%43%21.N3%22.N4%23.N5%26.N6%27.N7%28.N9%30.N%10%30.N%12%32	CC(C)C[C@@H]1NC1=O.CC(C)C[C@@H]1NC1=O.CC(C)C[C@H](NC(=O)[C@@H]1CCCN1C(=O)[C@H](CC(C)C)NC(=O)[C@@H]1CCCN1C(=O)[C@@H](N)CCCNC(=N)N)C(N)=O.CC(C)C[C@H](NN1CCC[C@H]1C(=O)N[C@@H](CCCN)C(=O)N[C@@H](CCC[C@@H](Cc1ccc(O)cc1)C(=O)N[C@@H](CCCN)C(=O)N1CCCC1)C(=O)N1CCC[C@H]1C(N)=O)C(=O)C(=O)[C@@H](NC(=O)[C@H](C(C)C)[C@@H](Cc1ccc(O)cc1)C(N)=O)C(C)C.N.N=C(N)N.N=C(N)N.N=C(N)NCCC[C@@H]1NC1=O.O=C1[C@@H]2CCCN12
C3(=O)[C@@H]4CCCN=C(N)N.C%16(=O)[C@@H](N)CCCN=C(N)N.[C@H]9(CCCN=C(N)N)C%20=O.[C@H]%10(CCCN=C(N)N)C(N)=O.c1%11c[nH]c2ccccc12.c1%12c[nH]c2ccccc12.c1%13c[nH]c2ccccc12.CC[C@H](C)[C@H]%21C%17=O.C%14(=O)[C@@H]5CC(N)=O.C%15(=O)[C@@H]6C%11.[C@H]7(C%12)C%18=O.[C@H]8(C%13)C%19=O.N3%21.N%144.N%155.N%166.N%177.N%188.N%199.N%20%10	CC[C@H](C)[C@H](NC(=O)[C@H](CCCN=C(N)N)NC(=O)[C@H](CC(N)=O)NC(=O)[C@H](Cc1c[nH]c2ccccc12)NC(=O)[C@@H](N)CCCN=C(N)N)C(=O)N[C@@H](Cc1c[nH]c2ccccc12)C(=O)N[C@@H](Cc1c[nH]c2ccccc12)C(=O)N[C@@H](CCCN=C(N)N)C(=O)N[C@@H](CCCN=C(N)N)C(N)=O
C%34(=O)[C@@H](N)CCCCN.[C@H]%17(CCCCN)C%36=O.c1%33c[nH]c2ccccc12.[C@H]%27(CCCCN)C9=O.[C@H]%29(CCCCN)C%11=O.CC(C)C[C@H]%12C%35=O.C%14(=O)[C@@H]%15CCCO.[C@H]%18(CS)C%37=O.[C@H]%21(C%32)C4=O.c1%32ccccc1.[C@H]%24(C%31)C7=O.[C@H]%30(C%33)C(N)=O.c1%31cnc[nH]1.C3(=O)[C@@H]%13C.C%25(=O)[C@@H]%16C.[C@H]%20(C)C%38=O.[C@H]%22(C)C5=O.[C@H]%23(C)C7=O.[C@H]%26(C)C8=O.[C@H]%28(C)C%10=O.N3%12.N%14%13.N%25%15.N%34%16.N%35%17.N%36%18.N%37%19.N%38%20.N%39%21.N4%22.N5%23.N6%24.N7%26.N8%27.N9%28.N%10%29.N%11%30	CC(C)C[C@H](NC(=O)[C@H](C)NC(=O)[C@H](CCCO)NC(=O)[C@H](C)NC(=O)[C@@H](N)CCCCN)C(=O)N[C@@H](CCCCN)C(=O)N[C@@H](CS)C(N)=O.C[C@@H]1NC1=O.C[C@H](N)C(=O)N[C@@H](CCCCN)C(=O)N[C@@H](C)C(=O)N[C@@H](CCCCN)C(=O)N[C@@H](Cc1c[nH]c2ccccc12)C(N)=O.C[C@H](NC(=O)[C@@H](N)Cc1ccccc1)C(=O)N[C@@H](C)C(=O)C(=O)[C@@H](N)Cc1cnc[nH]1
C3(=O)[C@@H]7CCCCN.C%14(=O)[C@@H]8CCCCN.c1%19c[nH]c2ccccc12.C%21(=O)[C@@H](N)CCCCN.[C@H]%12(CCCCN)C%25=O.[C@H]%15(CCCCN)C4=O.CC[C@H](C)[C@H]6C%22=O.C%21(=O)[C@@H]%10CC(N)=O.[C@H]%12(CC(=O)O)C%24=O.[C@@H]%16(C5=O)[C@@H](C)CC.[C@@H]%13(C%26=O)C(C)C.C%20(=O)[C@@H]9C%18.[C@H]%11(C)C%23=O.[C@H]%17(C)C(N)=O.N36.N%147.N%208.N%219.N%22%10.N%23%11.N%24%12.N%25%13.N%26%15.N4%16.N5%17	CC[C@H](C)[C@H](NC(=O)[C@H](CCCCN)NC(=O)[C@@H](NC(=O)[C@H](CCCCN)[C@@H](CC(=O)O)C(N)=O)C(C)C)C(=O)N[C@@H](C)C(N)=O.CC[C@H](C)[C@H](NC(=O)[C@H](CCCCN)NC(=O)[C@H](CCCCN)NC(=O)[C@H](C)N)C(=O)N[C@@H](CC(N)=O)C(=O)C(=O)[C@@H](N)CCCCN.C[C@@H]1NC1=O.c1ccc2[nH]ccc2c1
c1%19c[nH]c2ccccc12.C%20(=O)[C@@H]9CCC(N)=O.C%21(=O)[C@@H]%10CCCCN.C%22(=O)[C@@H]%11CCCCN.C%26(=O)[C@@H]%15CCCCN.C4(=O)[C@@H]%17CCCCN.C5(=O)[C@@H](NCC(C)C.CC(C)[C@H]6C(N)=O.C%23(=O)[C@@H]%12C(C)C.C%14(=O)[C@@H]8C%18.c1%18ccccc1.C%24(=O)[C@@H]%13C%19.C3(=O)[C@@H]7C.C4(=O)[C@H](C)N.N36.N%147.N%208.N%219.N%22%10.N%23%11.N%24%12.N%25%13.N%26%15.N4%16.N5%17	INVALID
[C@@H]13NC(=O)[C@H]7NC(=O)[C@H]8NC(=O)[C@H]9NC(=O)[C@H]%10NC(=O)[C@H]%11NC(=O)[C@H]%12NC(=O)[C@H](C)NC(=O)[C@H]%13NC(=O)[C@@H]2CSSC[C@@H]5NC(=O)[C@@H]2CCCN2C(=O)[C@H](C)NC(=O)[C@H]3NC(=O)[C@H]4NC1=O.C3(=O)[C@@H](N)CC(C)C.C8CCN=C(N)N.c16ccc(O)c1.C%10CCCN.C%11CCCN.C3CCCN.CC[C@@H]6C.C%12(C)C.[C@H]5(C)CC.C9(C)C.C2O.C%13O	INVALID
C%25(=O)[C@@H]%23CCCCN.C%36(=O)[C@@H]%24CCCCN.C%52(=O)[C@@H]%28CCCCN.C%53(=O)[C@@H]%30CCCCN.c1%50c[nH]c2ccccc12.C4(=O)[C@@H](N)CCCCN.[C@H]%40(CCCCN)C%15=O.[C@H]%44(CCCCN)C%19=O.[C@H]%45(CCCCN)C(=O)O.CC[C@H](C)[C@H]%21C5=O.C%51(=O)[C@@H]%27[C@@H](C)CC.[C@H]%32(CC(C)C)C7=O.[C@H]%35(CC(C)C)C%10=O.[C@H]%38(CC(C)C)C%12=O.[C@H]%41(CC(C)C)C%16=O.[C@@H]%43(C%17=O)[C@@H](C)CC.[C@@H]%34(C9=O)[C@@H](C)O.[C@@H]%39(C%13=O)[C@@H](C)O.C%47(=O)[C@@H]%26C%48.c1%48ccccc1.C%53(=O)[C@@H]%29CO.C3(=O)[C@@H]%31C%49.c1%49ccccc1.[C@H]%42(CO)C%18=O.N1%18CCC[C@H]1%46.[C@H]%33(C)C8=O.C%14(=O)C%22.C%37C%11=O.C%19%46=O.N3%20.N%14%21.N%25%22.N%36%23.N%47%24.N%50%26.N%51%27.N%52%28.N%53%29.N4%30.N5%31.N6%32.N7%33.N8%34.N9%35.N%10%37.N%11%38.N%12%39.N%13%40.N%15%41.N%16%42.N%17%43.N%19%44.N%19%45	CC(C)C[C@H](NC(=O)CNC(=O)[C@H](CC(C)C)NC(=O)[C@@H](NC(=O)[C@H](C)NC(=O)[C@@H](N)CC(C)C)[C@@H](C)O)C(=O)N[C@H](C(=O)N[C@@H](CCCCN)C(=O)N[C@@H](CC(C)C)C(=O)N[C@@H](CO)C(=O)N1CCC[C@H]1C(=O)C(=O)[C@H](CCCCN)NN[C@@H](CCCCN)C(=O)O)[C@@H](C)O.CC[C@H](C)[C@@H]1NC1=O.CC[C@H](C)[C@@H]1NC1=O.CC[C@H](C)[C@H](NC(=O)CNC(=O)[C@H](CCCCN)NC(=O)[C@H](CCCCN)NC(=O)[C@H](Cc1ccccc1)Nc1c[nH]c2ccccc12)C(=O)N[C@@H](Cc1ccccc1)C(N)=O.NCCCC[C@@H]1NC1=O.NCCCC[C@H](NC(=O)[C@@H](N)CCCCN)C(=O)C(=O)[C@@H](N)CO
C5(=O)[C@@H]%12CCC(=O)O.C6(=O)[C@@H]2CCCCN.C8(=O)[C@@H]4CCCCN.CC(C)C[C@H]%10C(N)=O.C1(=O)[C@@H]%11CC(C)C.C7(=O)[C@@H]3CC(C)C.C9(=O)[C@@H](N)C(C)C.N1%10.N5%11.N6%12.N72.N83.N94	CC(C)C[C@H](NC(=O)[C@H](CC(C)C)NC(=O)[C@H](CCC(=O)O)NC(=O)[C@H](CCCCN)NC(=O)[C@H](CC(C)C)NC(=O)[C@H](CCCCN)NC(=O)[C@@H](N)C(C)C)C(N)=O
[C@@H]1%11CSSC[C@H]%10C(=O)N[C@@H]%12C(=O)N[C@@H]%13C(=O)N[C@@H]%14C(=O)NCC(=O)N[C@@H]%15C(=O)N[C@@H]%16C(=O)N[C@@H]%17C(=O)N[C@@H]%18C(=O)N[C@@H]%18C(=O)N2.C%22(=O)[C@@H](N)CCC(=O)O.CC[C@H](C)[C@H]%27C%23=O.C3(=O)[C@@H]4[C@@H](C)CC.[C@H]6(CC(C)C)C%24=O.[C@H]8(CC(C)C)C%26=O.c1%19ccc(O)cc1.C%16CCN=C(N)N.C%17CCN=C(N)N.C%21(=O)[C@@H]5CO.c1%20ccccc1.C%12C(N)=O.C%15C(N)=O.C%25%11=O.[C@H]%13(C)O.N3%27.N%145.N%216.N%22%13.N%237.N%248.N%258.N%25%10.C%26%20	INVALID
[C@@H]19NC(=O)[C@@H]2CSSC[C@@H]8NC(=O)[C@H]%10NC(=O)[C@@H]6CSSC[C@H](NC(=O)[C@H]%11NC1=O.C%14(=O)[C@@H]%19CCCN=C(N)N.C%17(=O)[C@@H](N)CCCN=C(N)NO)C(=O)O.C%15(=O)[C@@H]%20CC(=O)O.C9CCN=C(N)N.C%10CCN=C(N)N.C2(=O)[C@@H]%18C(C)C.C%13(=O)[C@@H]%21C(C)C.C%11CCN=C(N)N.C7CCN=C(N)N.c1%13ccccc1.CC7=O.C%167=O.N4%18.N%14%19.N%15%20.N%164.N%175	CC(=O)CCCN=C(N)N.CC(C)CC(=O)c1ccccc1.CC(C)[C@H](NNC=O)C(=O)[C@H]1CSSCCNC(=O)[C@H](CCCN=C(N)N)NC(=O)CCSSC[C@@H](C(=O)O)NC(=O)[C@H](CCCN=C(N)N)NC(=O)[C@H](CCCN=C(N)N)NC1=O.NC(=O)[C@@H](N)CCCN=C(N)NO.NC(N)=NCCC[C@@H]1NC1=O.O=C(O)C[C@@H]1NC1=O
C%18(=O)[C@@H]8CCCN=C(N)N.[C@H]9(CCCN=C(N)N)C%21=O.[C@H]%16(CCCN=C(N)N)C(N)=O.[C@H]%10(CCCCN)C%22=O.[C@H]%14(CCCCN)C3=O.[C@H]%16(CCCCN)C(=O)O.CC[C@H](C)[C@H]5C%20=O.[C@H]%11(CC(=O)O)C%23=O.C2(=O)[C@@H]6C(C)C.[C@@H]9(C%20=O)C(C)C.[C@@H]%12(C%24=O)C(C)C.C%13(=O)[C@@H]7C%17.c1%17ccccc1.N25.N%136.N%187.N%198.N%209.N%21%10.N%22%11.N%23%12.N%24%14.N3%15.N4%16	CC[C@H](C)[C@H](NC(=O)[C@@H](NC(=O)[C@H](Cc1ccccc1)NC(=O)[C@@H](N)CCCN=C(N)N)C(C)C)C(=O)C(=O)[C@H](C(C)C)[C@@H](CCCN=C(N)N)C(=O)N[C@@H](CCCCN)C(=O)N[C@@H](CC(=O)O)C(=O)N[C@H](C(=O)N[C@@H](CCCCN)C(N)=O)C(C)C.N.N.NCCCC[C@@H](C(=O)O)[C@@H](CCCN=C(N)N)C(N)=O
[C@@H]9(CCCN=C(N)N)C%20=O.[C@@H]%15(CCCN=C(N)N)C(N)=O.C3(=O)[C@H]6CCC(N)=O.c1%16c[nH]c2ccccc12.c1%17c[nH]c2ccccc12.[C@@H]%13(CCCCN)C4=O.CC[C@@H](C)[C@@H]5C%19=O.C%18(=O)[C@H](N)C(C)C.[C@H]%10(C%21=O)C(C)C.[C@H]%11(C%22=O)C(C)C.C%14(=O)[C@H]7C%16.[C@@H]%12(C%17)C%23=O.N35.N%146.N%177.N%188.N%199.N%20%10.N%21%11.N%22%12.N%23%13.N4%15	CC(C)[C@@H](N)C(N)=O.CC[C@@H](C)[C@@H](NC(=O)[C@@H](CCC(N)=O)NC(=O)[C@H](N)Cc1c[nH]c2ccccc12)C(=O)N[C@H](CCCN=C(N)N)C(=O)N[C@@H](C(=O)N[C@@H](C(=O)N[C@H](Cc1c[nH]c2ccccc12)C(=O)N[C@H](CCCCN)C(=O)N[C@H](CCCN=C(N)N)C(N)=O)C(C)C)C(C)C
C8(=O)[C@@H](N)CCCN=C(N)N.NCCCC[C@H]%13C9=O.[C@H]%15(CCCCN)C%10=O.c17c[nH]c2ccccc12.[C@H]6(CCCCN)C(N)=O.C3(=O)[C@@H]%14CC(N)=O.[C@H]4(CC7)C%11=O.[C@H]5(C7)C%12=O.N3%13.N8%14.N9%15.N%104.N%115.N%126	C[C@H](NC(=O)[C@H](CCc1c[nH]c2ccccc12)NC(=O)[C@H](CCCCN)NC(=O)[C@H](CCCCN)NC(=O)[C@H](CC(N)=O)NC(=O)[C@@H](N)CCCN=C(N)N)C(=O)N[C@@H](CCCCN)C(N)=O
C5(=O)[C@@H]%29CCCN=C(N)N.C8(=O)[C@@H]%32CCCN=C(N)N.C%12(=O)[C@@H](N)CCCN=C(N)N.C2(=O)[C@@H]%18CCCCN.C%13(=O)[C@@H]%19CCC(N)=O.C%43(=O)[C@@H]%22CCCCN.C%46(=O)[C@@H]%26CCCCN.C%10(=O)[C@@H]%33CCC(N)=O.[C@H]%37(CCCCN)C%16=O.CC[C@H](C)[C@H]%17C%14=O.C%35(=O)[C@@H]%20CC(C)C.C%42(=O)[C@@H]%21[C@@H](C)CC.C%44(=O)[C@@H]%23[C@@H](C)CC.C3(=O)[C@@H]%27C(C)C.C7(=O)[C@@H]%31C(C)C.[C@@H]%36(C%14=O)C(C)C.[C@@H]1%39CCCN1%35.C4(=O)[C@@H]%28C%40.c1%40cnc[nH]1.c1%41cnc[nH]1.C7(=O)[C@@H]%30C.[C@H]%34(C)C%15=O.[C@H]%38(C)C(N)=O.C%44(=O)C%25.C%24%39=O.N2%17.N%13%18.N%24%19.N%41%20.N%42%21.N%43%22.N%44%23.N%45%25.N3%26.N4%27.N5%28.N6%29.N7%30.N9%31.N%10%32.N%11%33.N%12%34.N%14%36.N%15%37.N%16%38	CC(C)[C@H](N)C(=O)C(=O)[C@H](C)N.CC(C)[C@H](NC(=O)[C@H](Cc1cnc[nH]1)NC(=O)[C@@H](N)CCCN=C(N)N)C(=O)N[C@H](C=O)CCCCN.CC[C@H](C)[C@@H]1NC1=O.CC[C@H](C)[C@H](N)C(=O)C(=O)CN.CC[C@H](C)[C@H](NC(=O)[C@H](CCCCN)NC(=O)[C@H](CCC(N)=O)NC(=O)[C@@H]1CCCN1C(=O)[C@H](CC(C)C)Nc1cnc[nH]1)C(=O)C(=O)[C@@H](N)C(C)C.C[C@H](NC(=O)[C@H](CCCCN)NC(=O)[C@H](C)NC(=O)[C@@H](N)CCCN=C(N)N)C(N)=O.NC(=O)CC[C@H](N)C(=O)N[C@H](C=O)CCCN=C(N)N.NCCCC[C@@H]1NC1=O
C%36(=O)[C@@H]%21CCCCN.C%45(=O)[C@@H]%22CCCCN.C%47(=O)[C@@H]%26CCCCN.c1%42c[nH]c2ccccc12.C6(=O)[C@@H](N)CCCCN.[C@H]%32(CCCCN)C9=O.[C@H]%32(CCCCN)C%12=O.[C@H]%35(CCCCN)C%13=O.[C@H]%38(CCCCN)C%16=O.[C@H]%39(CCCCN)C(=O)O.CC[C@H](C)[C@H]%17C7=O.C%44(=O)[C@@H]%23CC(C)C.[C@H]%33(CC(C)C)C%10=O.C4(=O)[C@@H]%27C(C)C.[C@@H]%33(C%11=O)[C@@H](C)O.[C@@H]1%40CCCN1%36.C%46(=O)[C@@H]%24C%41.c1%41ccccc1.C5(=O)[C@@H]%29C%42.[C@H]%34(C%43)C%12=O.c1%43ccccc1.C%25(=O)[C@@H]%20C.[C@H]%31(C)C%10=O.C%14(=O)C%19.C%28C8=O.C%37C%15=O.C%45%40=O.N3%18.N%14%19.N%25%20.N%44%21.N%45%22.N%46%23.N%47%24.N%48%26.N4%27.N5%28.N6%29.N7%30.N8%31.N9%32.N%10%33.N%11%34.N%12%35.N%13%37.N%15%38.N%16%39	CC(C)C[C@@H](C(=O)C(=O)[C@H](C)NC(=O)CNC(=O)[C@H](Cc1c[nH]c2ccccc12)NC(=O)[C@@H](N)CCCCN)[C@H](C(=O)N[C@@H](Cc1ccccc1)C(=O)C(=O)[C@H](CCCCN)[C@@H](CCCCN)C(N)=O)[C@@H](C)O.CC(C)C[C@H](NC(=O)[C@H](Cc1ccccc1)NC(=O)[C@@H](N)CCCCN)C(=O)N[C@@H](CCCCN)C(=O)N1CCC[C@H]1C(=O)C(=O)[C@@H](N)CCCCN.CC(C)[C@@H]1NC1=O.CC[C@H](C)CC(N)=O.C[C@@H]1NC1=O.N.N.NCCCC[C@H](NC(=O)[C@H](CCCCN)NC(=O)CNC(=O)[C@@H](N)CCCCN)C(=O)O.O=C1CN1
[C@H]%33(CCCN=C(N)N)C%11=O.[C@@H]%18(CCCCN)C%44=O.c1%42c[nH]c2ccccc12.[C@@H]%26(CCCCN)C5=O.[C@@H]%29(CCCCN)C8=O.[C@H]%32(CCC(N)=O)C%12=O.CC(C)[C@@H](N)C3=O.[C@H]%20(C%45=O)C(C)C.[C@H]%21(C%47=O)C(C)C.[C@H]%24(C4=O)C(C)C.[C@@H]%28(C7=O)C(C)C.[C@H]%31(C%10=O)[C@H](C)O.[C@H]%34(C%13=O)[C@@H](C)O.[C@@H]%16(C%40)C%14=O.c1%40ccccc1.[C@H]%17(C%38)C%25=O.[C@H]%19(C%41)C%36=O.c1%41ccccc1.N1%47CCC[C@@H]1%37.[C@@H]%27(C%42)C6=O.c1%42ccccc1.[C@@H]%30(C%39)C9=O.[C@@H]%35(C%40)C(N)=O.[C@H]%22(C)C%46=O.c1%38cnc[nH]1.c1%39cnc[nH]1.C%48%37=O.N3%16.N%14%17.N%25%18.N%36%19.N%44%20.N%44%21.N%45%22.N%46%23.N%48%24.N4%26.N5%27.N6%28.N7%29.N8%30.N9%31.N%10%32.N%11%33.N%12%34.N%13%35.N%15%37	CC(C)[C@@H](N)C(=O)N[C@H](Cc1ccccc1)C(=O)N[C@@H](Cc1cnc[nH]1)C(=O)N[C@H](CCCCN)C(=O)N[C@@H](C(=O)N[C@@H](C)C(N)=O)C(C)C.CC(C)[C@H](NC(=O)[C@@H](Cc1c[nH]c2ccccc12)NC(=O)[C@@H](CCCCN)NC(=O)[C@H](NC(=O)[C@H]1CCCN1C(=O)[C@H](N)C(C)C)C(C)C)C(=O)N[C@H](CCCCN)C(=O)N[C@H](Cc1cnc[nH]1)C(=O)N[C@@H](C(=O)N[C@@H](CCC(N)=O)C(=O)N[C@@H](C(=O)N[C@H](C)C(N)=O)[C@@H](C)O)[C@H](C)O.N.NC(N)=NCCC[C@@H]1NC1=O.O=C1N[C@H]1Cc1ccccc1.c1ccccc1
CCCCCCCCCCCCCC1=O.[C@H]5(CCCCN)C2=O.[C@H]6(CC(C)C)C3=O.C8C(N)=O.N15.N26.N37.N48	CCCCCCCCCCCCCC(=O)N[C@@H](CCCCN)C(=O)N[C@@H](CC(C)C)C(N)=O.NCC(N)=O
C3(=O)[C@@H]6CCCN=C(N)N.C%17(=O)[C@@H]8CCCN=C(N)N.C%19(=O)[C@@H](N)CCCN=C(N)N.[C@H]%15(CCCN=C(N)N)C(N)=O.C%14(=O)[C@@H]7CCCCN.[C@H]%10(CCCCN)C%21=O.[C@H]%11(CCCCN)C%22=O.c1%16c[nH]c2ccccc12.CC[C@H](C)[C@H]5C%20=O.C%18(=O)[C@@H]9[C@@H](C)CC.[C@H]%13(CC(C)C)C4=O.[C@H]%12(C%16)C%23=O.N35.N%146.N%177.N%188.N%199.N%20%10.N%21%11.N%22%12.N%23%13.N4%15	CC[C@H](C)[C@H](NC(=O)[C@H](CCCN=C(N)N)NC(=O)[C@H](CCCCN)NC(=O)[C@H](CCCN=C(N)N)NC(=O)[C@@H](NC(=O)[C@@H](N)CCCN=C(N)N)[C@@H](C)CC)C(=O)N[C@@H](CCCCN)C(=O)N[C@@H](CCCCN)C(=O)N[C@@H](Cc1c[nH]c2ccccc12)C(=O)N[C@@H](CC(C)C)C(=O)N[C@@H](CCCN=C(N)N)C(N)=O
[C@H]8(CCCN=C(N)N)C%21=O.[C@H]%10(CCCN=C(N)N)C%23=O.[C@H]%11(CCCN=C(N)N)C(N)=O.c1%15c[nH]c2ccccc12.[C@H]9(CCCCN)C%22=O.c1%16c[nH]c2ccccc12.C[C@H]4C%19=O.c1%13ccccc1.[C@@H]1%12CCCN1%14.C%14(=O)[C@@H](N)C%15.c1%13ccccc1.[C@H]5(C%16)C%18=O.[C@H]7(C)C%20=O.C3%12=O.N34.N%175.N%186.N%197.N%208.N%219.N%22%10.N%23%11	C[C@H](NC(=O)[C@H](C)NC(=O)[C@@H]1CCCN1C(=O)[C@@H](N)Cc1c[nH]c2ccccc12)C(=O)N[C@@H](CCCN=C(N)N)C(=O)N[C@@H](CCCCN)C(=O)N[C@@H](CCCN=C(N)N)C(=O)N[C@@H](CCCN=C(N)N)C(N)=O.NC(=O)[C@@H](N)Cc1c[nH]c2ccccc12.c1ccc(-c2ccccc2)cc1
C%25(=O)[C@@H]%13CCCN=C(N)N.C%39((=O)[C@@H]%18CCCN=C(N)N.[C@H]%21(CCCN=C(N)N)C8=O.[C@H]%22(CCCN=C(N)N)C%10=O.[C@H]%24(CCCN=C(N)N)C(=O)O.c1%30c[nH]c2ccccc12.c1%31c[nH]c2ccccc12.c1%32c[nH]c2ccccc12.[C@H]%23(CCCCN)C9=O.CC(C)[C@H]%11C7=O.c1%33ccc(O)cc1.C3(=O)[C@@H]%12C%29.[C@@H]1%26CCCN1%25.C%34(=O)[C@@H]%15C%30.C%35(=O)[C@@H]%16C%31.[C@@H]1%27CCCN1%38.C%38(=O)[C@@H]%17C%31.C%38(=O)[C@@H]%19C%32.[C@@H]1%28CCCN15.C5(=O)[C@@H]%20C%33.c1%29cnc[nH]1.C6(=O)CN.C%14%26=O.C%14%27=O.C%37%28=O.N3%11.N%14%12.N%34%13.N%35%15.N%36%16.N%37%17.N%39%18.N4%19.N6%20.N7%21.N8%22.N9%23.N%10%24	INVALID
C4(=O)[C@@H]%39CCCN=C(N)N.[C@H]%50(CCCN=C(N)N)C%18=O.[C@H]%53(CCCN=C(N)N)C%21=O.[C@H]%56(CCCN=C(N)N)C%27=O.C3(=O)[C@@H]%29CCCCN.C%14(=O)[C@@H]%30CCCCN.C%25(=O)[C@@H]%32CCC(=O)O.C%67(=O)[C@@H]%35CCCCN.C%74(=O)[C@@H]%37CCCCN.C6(=O)[C@@H]%40CCCCN.C7(=O)[C@@H]%41CCCCN.C%10(=O)[C@@H]%44CCCCN.c1%65c[nH]c2ccccc12.[C@H]%49(CCCCN)C%17=O.[C@H]%54(CCC(N)=O)C%21=O.[C@H]%56(CCC(=O)O)C%26=O.[C@H]%57(CCC(N)=O)C%27=O.CC[C@H](C)[C@H]%28C%15=O.C3(=O)[C@@H]%31CC(C)C.C5(=O)[C@@H]%39[C@@H](C)CC.C9(=O)[C@@H]%43CC(C)C.[C@H]%52(CC(C)C)C%20=O.C%11(=O)[C@@H]%39[C@@H](C)O.[C@@H]%59(C(=O)O)C(C)C.[C@@H]1%60CCCN1%47.C%69(=O)[C@@H]%34C%63.c1%63ccccc1.C8(=O)[C@@H]%38C%64.c1%64ccccc1.[C@@H]1%61CCCN1%11.C%13(=O)[C@@H](N)CO.[C@H]%50(C%64)C%19=O.[C@H]%55(C%65)C%24=O.c1%65ccccc1.c1%62cnc[nH]1.[C@H]%55(C)C%22=O.C8(=O)C%42.C%51C%18=O.C%47%60=O.C9%61=O.N3%28.N%14%29.N%25%30.N%36%31.N%47%32.N%58%33.N%67%34.N%68%35.N4%37.N5%38.N6%39.N7%40.N8%41.N%10%42.N%10%43.N%11%44.N%12%45.N%13%46.N%15%48.N%16%49.N%17%50.N%18%51.N%20%52.N%21%53.N%22%54.N%23%55.N%24%56.N%26%57.N%27%59	CC(C)C[C@@H]1NC1=O.CC(C)C[C@H](N)C(=O)C(=O)[C@@H]1CCCN1C(=O)[C@@H](NC(=O)[C@H](CCCCN)NC(=O)[C@@H](N)CCCCN)[C@@H](C)O.CC(C)C[C@H](N)C(=O)C(=O)[C@H](CCCCN)NC(=O)[C@H](CCCCN)NC(=O)[C@@H](N)CCC(=O)O.CC(C)[C@H](N)C(=O)O.CC[C@H](C)[C@@H](C(=O)N[C@@H](Cc1ccccc1)C(=O)C(=O)CNC(=O)[C@@H](N)CCCCN)[C@@H](CCCN=C(N)N)C(=O)N[C@H](C=O)CCCCN.CC[C@H](C)[C@H](N)C(N)=O.C[C@@H](C(=O)N[C@@H](CCC(N)=O)C(=O)C(=O)[C@@H](N)CCCN=C(N)N)[C@@H](Cc1c[nH]c2ccccc12)C(N)=O.C[C@@H](C=O)[C@@H](CCCN=C(N)N)C(=O)C(=O)CN.N.N.N.NC(=O)CC[C@@H]1NC(=O)[C@H](CCC(=O)O)[C@@H](CCCN=C(N)N)C(=O)C1=O.NC(=O)[C@@H](N)CO.NCCCC[C@H](N)C(=O)N[C@H](C=O)Cc1ccccc1.NCCCC[C@H](N)C(N)=O.O=C1[C@@H]2CCCN12.c1c[nH]cn1.c1ccccc1
CC[C@@H](C)[C@@H]%14C9=O.C2(=O)[C@H]%15CCCN.C%13(=O)[C@H]%17CCC%18.C%42(=O)[C@H]%19CCCN.C%44(=O)[C@H]%21CCCN.C%46(=O)[C@H]%22CC(C)C.C5(=O)[C@H]%23CC(C)C.C7(=O)[C@H](N)CCCN.[C@@H]%27(CCCN)C%12=O.[C@@H]%29(CC(C)C)C%11=O.c1%40ccc(O)cc1.[C@@H]%30(CC(C)C)C%12=O.c1%41ccc(O)cc1.[C@H]1%31CCCN1%35.[C@H]1%32CCCN1%42.[C@H]1%33CCCN1%44.C%46(=O)[C@H]%20C%39.C3(=O)[C@H]%21C%40.[C@H]1%34CCCN15.[C@H]1%36CCCN16.[C@H]1%37CCCN18.[C@@H]%28(C%41)C%10=O.c1%38cnc[nH]1.[C@@H]%31(C)C(N)=O.c1%39cnc[nH]1.N%18C(=N)N.N%25C(=N)N.C%24%32=O.C%35%33=O.C%43%34=O.C%45%36=O.C4%37=O.C6%38=O.N2%14.N%13%15.N%24%17.N%43%19.N%45%20.N3%21.N4%22.N7%23.N7%26.N9%26.N%10%27.N%11%29.N%12%30	CC(C)C[C@@H](N)C(=O)C(=O)[C@@H](CCCN)NC(=O)CCc1ccc(O)cc1.CC(C)C[C@@H](NC(=O)[C@H]1CCCN1)C(=O)C(=O)[C@@H](Cc1cnc[nH]1)NC(=O)[C@H]1CCCN1C(=O)c1cnc[nH]1.CC(C)C[C@H]1NC1=O.CC[C@@H](C)[C@@H](NC(=O)[C@@H](CCCN)NC(=O)[C@@H](CCCNC(=N)N)NC(=O)[C@H]1CCCN1C(=O)[C@@H](CCCN)NC(=O)[C@H]1CCCN1C(=O)[C@@H](CC(C)C)NC(=O)[C@H](N)CCCN)C(=O)NN.C[C@H](C(N)=O)[C@H]1CCCN1C(=O)[C@H]1CCCN1C(=O)[C@@H](CCCN)[C@H](Cc1ccc(O)cc1)C(N)=O.N=C(N)N
C3(=O)[C@@H]%39CCCN=C(N)N.C%13(=O)[C@@H]%31CCC(N)=O.C%35(=O)[C@@H]%32CCC(N)=O.C%57(=O)[C@@H]%34CCCCN.C3(=O)[C@@H]%38CCC(N)=O.C5(=O)[C@@H]%41CCCCN.C7(=O)[C@@H]%42CCCCN.C8(=O)[C@@H]%45CCCCN.C%11(=O)[C@@H]%47CCCCN.C%12(=O)[C@@H]%49CCCCN.C%16(=O)[C@@H]%53CCCCN.C%18(=O)[C@@H]%52CCCCN.C%17(=O)[C@@H]%53CCCCN.C%21(=O)[C@@H]%56CCC(=O)O.C%22(=O)[C@@H]%58CCCCN.C%25(=O)[C@@H]%59CCCCN.CC[C@H](C)[C@H]%28C%27=O.C%35(=O)[C@@H]%33CC(C)C.C%66(=O)[C@@H]%36CC(C)C.C%68(=O)[C@@H]%37[C@@H](C)CC.C%18(=O)[C@@H]%52CC(N)=O.C%26(=O)[C@@H](N)CC(C)C.C9(=O)[C@@H]%44C(C)C.c1%65ccc(O)cc1.C%67(=O)[C@@H]%38CO.C%14(=O)[C@@H]%50C%63.c1%63ccccc1.C%19(=O)[C@@H]%54C%64.c1%64ccccc1.[C@@H]1%62CCCN1%25.C%20(=O)[C@@H]%55CO.[C@H]%60(C%65)C%27=O.[C@H]%61(CO)C(=O)O.C2(=O)[C@@H]%29C.C%24(=O)[C@@H]%31C.C4(=O)[C@@H]%44C.C%15(=O)[C@@H]%51C.C%68%62=O.C%23%63=O.N2%28.N%13%29.N%24%30.N%35%31.N%46%32.N%57%33.N%66%34.N%68%36.N%69%37.N3%38.N4%39.N5%40.N6%41.N7%42.N9%43.N%10%44.N%11%45.N%12%47.N%14%48.N%15%49.N%16%50.N%17%51.N%18%52.N%19%53.N%20%54.N%21%55.N%22%56.N%23%58.N%25%59.N%26%60.N%27%61	CC(C)C[C@H](NC(=O)[C@H](CCCCN)NC(=O)[C@@H](N)CC(C)C)C(=O)C(=O)[C@@H](N)CCC(N)=O.CC(C)[C@@H](C(N)=O)[C@@H](C)C(=O)N[C@@H](CCCN=C(N)N)C(=O)C(=O)[C@H](CCC(N)=O)[C@H](C=O)CO.CC[C@H](C)[C@H](N)C(=O)C(=O)[C@@H]1CCCN1C(=O)[C@@H](N)CCCCN.CC[C@H](C)[C@H](NC(=O)[C@H](C)NC(=O)[C@H](CCC(N)=O)[C@@H](C)C(N)=O)C(=O)C(=O)[C@H](Cc1ccc(O)cc1)NC(=O)[C@@H](N)CC(C)C.C[C@H](NC(=O)[C@H](CCCCN)[C@@H](CCCCN)C(=O)N[C@@H](Cc1ccccc1)C(N)=O)C(=O)N[C@@H](CCCCN)C(=O)N[C@@H](CCCCN)C(=O)N[C@H](C=O)CCCCN.N.N.N.N.NCCCC[C@@H]1NC1=O.NCCCC[C@H](N)C(N)=O.NCCCC[C@H](NC=O)C(=O)N[C@@H](CCC(=O)O)C(=O)N[C@@H](CO)C(=O)N[C@@H](Cc1ccccc1)C(N)=O.NCCCC[C@H]1C(=O)C(=O)[C@@H]1CC(N)=O.N[C@@H](CO)C(=O)O
[C@H]14NC(=O)[C@H]7NC(=O)[C@@H]8NC(=O)[C@H]9NC(=O)[C@@H]%10NC(=O)[C@H]%11NC(=O)[C@@H]%12NC(=O)[C@H]%13NC1=O.c1%14c[nH]c2ccccc12.c15c[nH]c2ccccc12.NC(N)=NCCC4.C7CCN=C(N)N.C9CCN=C(N)N.C%13CCN=C(N)N.C8%14.C9%14.C%105.C%126	C.C[C@H]1NC(=O)[C@H](CCCN=C(N)N)NC(=O)[C@@H](CCCN=C(N)N)NC(=O)[C@H](CCCN=C(N)N)NC(=O)[C@@H](Cc2c[nH]c3ccccc23)NC(=O)[C@H](CCCN=C(N)N)NC(=O)[C@@H](Cc2c[nH]c3ccccc23)NC(=O)CNC1=O
[C@@H]13NC(=O)[C@@H]2CCCN2C(=O)CNC(=O)[C@H]5N(C)C(=O)[C@H]6NC(=O)[C@@H]2CCCN2C1=O.c17ccc(O)cc1.CC[C@@H]3C.[C@H]4(C)O.C57.C68	CCO.CC[C@H](C)[C@@H]1NC(=O)[C@@H]2CCCN2C(=O)CNC(=O)[C@H](Cc2ccc(O)cc2)N(C)C(=O)[C@H](C)NC(=O)[C@@H]2CCCN2C1=O
[C@H]%18(CCCN=C(N)N)C%30=O.[C@H]%11(CCCCN)C%24=O.[C@H]%12(CCCCN)C%30=O.[C@H]%17(CCCCN)C%33=O.[C@H]%20(CCCCN)C6=O.[C@H]%22(CCC(N)=O)C7=O.[C@H]%23(CC(C)C)C8=O.[C@@H]%10(C%13=O)C(C)C.[C@H]%15(CO)C%31=O.[C@H]%19(CO)C3=O.N14CCC[C@H]1%26.[C@H]%21(C%28)C8=O.c1%28ccccc1.C9C%13=O.[C@H]%14(C)C%29=O.[C@H]%16(C)C%32=O.C%25C(=O)O.CC2=O.C5%27=O.N2%10.N%13%11.N%24%12.N%29%14.N%30%15.N%31%16.N%32%17.N%33%18.N%34%19.N3%20.N5%21.N6%22.N7%23.N8%25	C1CCNC1.CC(=O)N[C@H](C(=O)C(C)=O)C(C)C.CC(C)C[C@H](NC(=O)[C@H](CCC(N)=O)NC(=O)[C@H](CCCCN)NC(=O)[C@@H](N)CO)C(=O)C(=O)[C@H](Cc1ccccc1)NC=O.C[C@@H]1NC1=O.C[C@H](NC(=O)[C@@H](N)CO)C(=O)N[C@@H](CCCCN)C(=O)N[C@@H](CCCN=C(N)N)C(=O)C(=O)[C@H](CCCCN)NC(=O)[C@@H](N)CCCCN.NCC(=O)O
C3(=O)[C@@H]4CCCN=C(N)N.C%15(=O)[C@@H]6CCCN=C(N)N.C%17(=O)[C@@H](N)CCCN=C(N)N.[C@H]9(CCCN=C(N)N)C%19=O.[C@H]%10(CCCN=C(N)N)C(N)=O.c1%11c[nH]c2ccccc12.c1%12c[nH]c2ccccc12.CC[C@H](C)[C@H]%21C%18=O.C%14(=O)[C@@H]5C(C)C.c1%13ccc(O)cc1.C%16(=O)[C@@H]7C%11.[C@H]8(C%13)C%20=O.N3%21.N%144.N%155.N%166.N%177.N%188.N%199.N%20%10	CC[C@H](C)[C@H](NC(=O)[C@H](CCCN=C(N)N)NC(=O)[C@@H](NC(=O)[C@H](CCCN=C(N)N)NC(=O)[C@H](Cc1c[nH]c2ccccc12)NC(=O)[C@@H](N)CCCN=C(N)N)C(C)C)C(=O)N[C@@H](Cc1ccc(O)cc1)C(=O)N[C@@H](CCCN=C(N)N)C(N)=O.NC(N)=NCCC[C@@H]1NC1=O.c1ccc2[nH]ccc2c1
C%17(=O)[C@@H](N)CCCN=C(N)N.C3(=O)[C@@H]4CCCCN.C%13(=O)[C@@H]5CCCCN.C%15(=O)[C@@H]7CCCCN.c1%11c[nH]c2ccccc12.c1%12c[nH]c2ccccc12.CC[C@H](C)[C@H]%20C%18=O.[C@H]%10(CC(C)C)C(N)=O.C%14(=O)[C@@H]6(C)C.C%16(=O)[C@@H]8C%11.[C@H]9(C%12)C%19=O.N3%20.N%134.N%145.N%156.N%167.N%178.N%189.N%19%10	INVALID
[C@H]%55(CCCN=C(N)N)C3=O.[C@H]%55(CCCN=C(N)N)C9=O.[C@H]%66(CCCN=C(N)N)C%18=O.[C@H]%67(CCCN=C(N)N)C%21=O.[C@H]%74(CCCN=C(N)N)C%26=O.[C@H]%77(CCCN=C(N)N)C%31=O.[C@H]%80(CCCN=C(N)N)C%33=O.[C@H]%84(CCCN=C(N)N)C%38=O.[C@H]%85(CCCN=C(N)N)C%39=O.[C@H]%47(CCCCN)C%57=O.[C@H]%54(CCCCN)C8=O.[C@H]%65(CCC(N)=O)C%17=O.[C@H]%67(CCCCN)C%20=O.[C@H]%69(CCC(=O)O)C%22=O.[C@H]%73(CCC(=O)O)C%24=O.[C@H]%77(CCC(N)=O)C%39=O.[C@H]%81(CCCCN)C%34=O.[C@H]%82(CCCCN)C%36=O.[C@H]%88(CCCCN)C(=O)O.CC[C@H](C)[C@H]%41C%24=O.C%13(=O)[C@@H](N)CC(C)C.[C@@H]%44(C%57=O)[C@@H](C)CC.[C@H]%63(CC(N)=O)C3=O.[C@H]%75(CC(N)=O)C%29=O.[C@@H]%50(C%79=O)C(C)C.[C@@H]%54(C7=O)C(C)C.c1%95ccc(O)cc1.[C@@H]%64(C%19=O)C(C)C.[C@@H]%76(C%30=O)C(C)C.[C@@H]%83(C%37=O)C(C)C.[C@@H]O(C%38=O)C(C)C.C%57(=O)[C@@H]%45C%92.c1%92ccccc1.[C@H]%61(CO)C%90=O.[C@H]%60(C%93)C%12=O.c1%93ccccc1.[C@H]%71(C%94)C%22=O.c1%94ccccc1.[C@H]%74(CC%95)C%25=O.c1%96ccccc1.N1%31CCC[C@H]1%91.[C@H]%83(C%96)C%40=O.[C@H]%51(C)C4=O.[C@H]%58(C)C%10=O.[C@H]%58(C)C%11=O.[C@H]%61(C)C%15=O.[C@H]%86(C)C%16=O.c1%91cnc[nH]1.C2(=O)C%43.C%55C8=O.C%59C%13=O.C%67C%20=O.N2%41.N%13%42.N%24%43.N%35%44.N%46%45.N%57%47.N%68%48.N%79%49.N%90%50.N3%51.N4%52.N5%53.N6%54.N7%55.N8%56.N9%58.N%10%59.N%11%60.N%12%61.N%14%62.N%15%63.N%16%64.N%17%65.N%18%66.N%19%67.N%20%69.N%21%70.N%22%71.N%23%72.N%25%73.N%26%74.N%27%75.N%28%76.N%29%77.N%30%78.N%32%80.N%32%81.N%33%82.N%34%83.N%36%84.N%37%85.N%38%86.N%39%87.N%40%88	INVALID
C3(=O)[C@@H]6CCCN=C(N)N.C%20(=O)[C@@H]9CCCN=C(N)N.[C@H]%13(CCCN=C(N)N)C4=O.c1%16c[nH]c2ccccc12.C%22(=O)[C@@H]%11CCCCN.c1%17c[nH]c2ccccc12.[C@H]%15(CCCCN)C(N)=O.CC(C)C[C@H]5C%25=O.c1%16ccc(O)cc1.C%21(=O)[C@@H]%10C(C)C.C%19(=O)[C@@H]8C%16.C%23(=O)[C@@H]%12C%17.C%24(=O)[C@@H](N)C%18.c1%18ccccc1.N35.N%146.N%197.N%208.N%219.N%22%10.N%23%11.N%24%12.N%25%13.N4%15	CC(C)C[C@H](NC(=O)[C@@H](N)CCCN=C(N)N)C(=O)N[C@@H](CCCN=C(N)N)C(=O)N[C@@H](CCCCN)C(N)=O.CC(C)[C@H](NC(=O)[C@H](CCCCN)NC(=O)[C@H](Cc1c[nH]c2ccccc12)NC(=O)[C@@H](N)Cc1ccccc1)C(=O)N[C@@H](CCCN=C(N)N)C(=O)N[C@@H](C)C(N)=O.Oc1ccc(-c2c[nH]c3ccccc23)cc1
C%69(=O)[C@@H]%40CCCN=C(N)N.C%80(=O)[C@@H]%50CCCN=C(N)N.[C@H]%60(CCCN=C(N)N)C%18=O.[C@H]%70(CCCN=C(N)N)C%33=O.C3(=O)[C@@H]%37CCCCN.C%14(=O)[C@@H]%38CCC(=O)O.C%69(=O)[C@@H]%45CCC(N)=O.C4(=O)[C@@H]%47CCCCN.C5(=O)[C@@H]%48CCC(=O)O.C8(=O)[C@@H]%51CCCCN.C%10(=O)[C@@H]%53CCCCN.c1%82c[nH]c2ccccc12.C%12(=O)[C@@H](N)CCCCN.[C@H]%55(CCC(=O)O)C%15=O.[C@H]%59(CCC(=O)O)C%17=O.[C@H]%57(CCC(=O)O)C%20=O.[C@H]%61(CCC(=O)O)C%21=O.[C@H]%63(CCC(N)=O)C%22=O.[C@H]%66(CCCCN)C%26=O.[C@H]%71(CCCCN)C%31=O.CC[C@H](C)[C@H]%35C%18=O.[C@@H]%65(C%24=O)[C@@H](C)CC.[C@H]%67(CC(N)=O)C%29=O.[C@H]%72(CC(C)C)C%32=O.C%58(=O)[C@@H]%40[C@@H](C)O.C%36(=O)[C@@H]%41CO.C%69(=O)[C@@H]%43C%77.c1%77ccccc1.C%80(=O)[C@@H]%44C%78.c1%78ccccc1.C6(=O)[C@@H]%51CO.C7(=O)[C@@H]%49C%79.c1%79ccccc1.C%11(=O)[C@@H]%54CO.C%13(=O)[C@@H]%57C%81.c1%81ccccc1.C%16(=O)[C@@H](N)CO.[C@H]%65(CO)C%24=O.N1%29CCC[C@H]1%76.[C@H]%75(CO)C(=O)O.C%14(=O)C%39.C%62C%23=O.C%74C%34=O.C%30%76=O.N3%35.N%14%37.N%25%38.N%36%39.N%47%40.N%58%41.N%69%42.N%80%43.N%83%44.N4%45.N5%46.N6%48.N7%49.N8%50.N9%51.N%10%52.N%11%53.N%12%54.N%13%55.N%15%56.N%16%57.N%17%59.N%19%60.N%20%61.N%21%62.N%22%63.N%23%64.N%24%65.N%26%66.N%27%67.N%28%68.N%29%70.N%30%71.N%31%72.N%32%73.N%33%74.N%34%75	CC(C)C[C@H](NC(=O)[C@H](CCCCN)NC(=O)[C@@H]1CCCN1C(=O)[C@@H](N)CC(N)=O)C(N)=O.CC[C@H](C)[C@H](NC(=O)[C@@H](N)CCCCN)C(=O)C(=O)[C@@H](N)CCCN=C(N)N.CC[C@H](C)[C@H]1C(=O)C(=O)[C@@H]1CO.C[C@@H](O)[C@@H](C(=O)N[C@@H](CO)C(=O)NCC(=O)C(=O)[C@@H](N)CCC(=O)O)[C@@H](CCCN=C(N)N)C(=O)C(=O)[C@H](CCC(N)=O)NC(=O)[C@@H](N)CCCCN.N.N.N.NC(=O)CC[C@@H]1NC1=O.NC(=O)CNC(=O)[C@H](CCC(=O)O)NC(=O)[C@H](CCC(=O)O)[C@@H](Cc1ccccc1)C(=O)N[C@@H](CCC(=O)O)C(N)=O.NC(=O)[C@@H](N)CO.NC(=O)[C@@H](N)Cc1ccccc1.NC(N)=NCCC[C@H](N)C(=O)NCC(=O)N[C@@H](CO)C(=O)O.NCCCC[C@@H](C(=O)N[C@@H](CCCN=C(N)N)C(=O)C(=O)[C@@H](N)Cc1ccccc1)[C@@H](CO)C(=O)N[C@@H](CCC(=O)O)C(N)=O.NCCCC[C@@H]1NC1=O.NCCCC[C@H](NC(=O)[C@H](CO)NC(=O)[C@@H](N)CCCCN)C(N)=O.O=C(O)CC[C@@H]1NC1=O.O=C1N[C@H]1Cc1ccccc1.c1ccc2[nH]ccc2c1
[C@H]13NC(=O)[C@@H]4NC(=O)[C@@H]5NC(=O)[C@H]6NC(=O)[C@@H]7NC(=O)[C@H]8NC1=O.c19ccccc1.c1%10ccccc1.C7CCCN.CC[C@@H]4C.C4C(C)C.[C@H]6(C)O.C59.C8%10	CC(C)C.CC[C@H](C)[C@H]1NC(=O)[C@@H](Cc2ccccc2)NC(=O)[C@H]([C@@H](C)O)NC(=O)[C@@H](CCCCN)NC(=O)[C@H](Cc2ccccc2)NC(=O)CNC1=O
C2(=O)[C@@H]5CCCCN.C%22(=O)[C@@H](N)CCCCN.[C@H]%11(CCCCN)C3=O.C%18(=O)[C@H]7CCCN.C%21(=O)[C@@H]%10[C@@H](O)CN.C=%15(N2)C%23=O.C%13(=O)[C@@H]6C%16.[C@@H]1%14CCCN1%18.C%20(=O)[C@@H]9CO.c1%16cnc[nH]1.C%12CCCN.N=C(N)N4.C4CC=%15.C%19(=O)C8.C%17%14=O.N%135.N%176.N%197.N%208.N%219.N%22%10.N%23%11.N3%12	N=C(N)NCCC=C(NC(=O)[C@H](CCCCN)NC(=O)[C@H](Cc1cnc[nH]1)NC(=O)[C@@H]1CCCN1C(=O)[C@@H](CCCN)NC(=O)CNC(=O)[C@H](CO)NC(=O)[C@@H](NC(=O)[C@@H](N)CCCCN)[C@@H](O)CN)C(=O)N[C@@H](CCCCN)C(=O)NCCCCN
C%30(=O)[C@@H]%12CCCN=C(N)N.[C@H]%16(CCCN=C(N)N)C4=O.[C@H]%18(CCCN=C(N)N)C9=O.C%29(=O)[C@@H]%14CCC(N)=O.C%31(=O)[C@@H]%15CCCCN.CC[C@H](C)[C@H]%10C%33=O.[C@H]%19(CC(C)C)C(=O)O.c1%28ccc(O)cc1.C%32(=O)[C@@H](N)C(C)C.C1%30(CCCCC1.C2(=O)[C@@H]%11CO.[C@@H]1%20CCCN1%24.N1%33CCC[C@H]1%22.N1%34CCC[C@H]1%23.N14CCC[C@H]1%25.[C@H]%17(C%28)C6=O.N16CCC[C@H]1%26.N19CCC[C@H]1%27.C%13%20=O.C%34%21=O.C%35%22=O.C3%23=O.C5%25=O.C7%26=O.C8%27=O.N2%10.N%13%11.N%29%12.N%31%14.N%32%15.N3%16.N5%17.N7%18.N8%19	INVALID
C2(=O)[C@@H]%12CCCN=C(N)N.C%33(=O)[C@@H](N)CCCN=C(N)N.[C@H]%18(CCCN=C(N)N)C3=O.[C@H]%19(CCCN=C(N)N)C5=O.[C@H]%21(CCCN=C(N)N)C%10=O.CC[C@H](C)[C@H]%11C%34=O.C%24(=O)[C@@H]%14CC(N)=O.C%32(=O)[C@@H]%15CC(N)=O.c1%31ccc(O)cc1.[C@@H]%22(C(=O)O)C(C)C.[C@@H]1%23CCCN1%13.[C@H]%16(C%31)C%35=O.N1%36CCC[C@H]1%25.N13CCC[C@H]1%26.N15CCC[C@H]1%27.N16CCC[C@H]1%28.[C@H]%20(C%30)C8=O.N18CCC[C@H]1%29.c1%30cnc[nH]1.C%34%23=O.C%37%25=O.C4%26=O.C6%27=O.C7%28=O.C9%29=O.N2%11.N%24%12.N%32%14.N%33%15.N%34%16.N%35%17.N%37%18.N4%19.N7%20.N9%21.N%10%22	CC(C)[C@H](NC(=O)[C@H](CCCN=C(N)N)NC(=O)[C@@H]1CCCN1C(=O)[C@H](Cc1cnc[nH]1)NC(=O)[C@@H]1CCCN1C(=O)[C@@H]1CCCN1C(=O)[C@H](CCCN=C(N)N)NC(=O)[C@@H]1CCCN1C(=O)[C@H](CCCN=C(N)N)NC(=O)[C@@H]1CCCN1)C(=O)O.CC[C@H](C)[C@H](NC(=O)[C@H](CCCN=C(N)N)NC(=O)[C@H](CC(N)=O)NC(=O)[C@H](CC(N)=O)NC(=O)[C@@H](N)CCCN=C(N)N)C(=O)C(=O)[C@@H]1CCCN1.NC(=O)[C@@H](N)Cc1ccc(O)cc1
C%35(=O)[C@H](CCCN=C(N)N)NN=C(N(C)C)N(C)C.[C@H]%20(CCCN=C(N)N)C5=O.[C@H]%22(CCCN=C(N)N)C%10=O.[C@H]%19(CCC(N)=O)C3=O.[C@H]%16(CC(C)C)C3=O.CC[C@H](C)[C@H]%11C%36=O.C%33(=O)[C@@H]%15CC(N)=O.C%34(=O)[C@@H]%17CC(N)=O.[C@@H]%18(C%36=O)[C@@H](C)CC.[C@H]%23(CC(C)C)C(=O)O.c1%31ccc(O)cc1.C2(=O)[C@@H]%12C%30.[C@@H]1%25CCCN1%32.N1%36CCC[C@H]1%25.N13CCC[C@H]1%26.N15CCC[C@H]1%27.N16CCC[C@H]1%28.[C@H]%21(C%31)C8=O.N18CCC[C@H]1%29.C%24%25=O.C%37%26=O.C4%27=O.C6%28=O.C7%29=O.C9%29=O.N2%11.N%13%12.N%24%14.N%33%15.N%34%16.N%35%17.N%36%18.N%37%19.N4%20.N7%21.N9%22.N%10%23	CC(C)C[C@H](NC(=O)[C@H](CC(N)=O)NC(=O)[C@H](CCCN=C(N)N)NN=C(N(C)C)N(C)C)C(=O)C(=O)[C@H](CCC(N)=O)NC(=O)[C@@H]1CCCN1.CC(C)C[C@H](NC(=O)[C@H](CCCN=C(N)N)NC=O)C(=O)O.CC[C@H](C)[C@H](NC(=O)[C@H](C)N)C(=O)C(=O)[C@@H](NN1CCC[C@H]1[C@@H]1CCCN1)[C@@H](C)CC.NC(=O)C[C@@H]1NC1=O.NC(N)=NCCC[C@@H]1NC(=O)[C@@H]2CCCN2C1=O.NC=O.O=C1N[C@@H](Cc2ccc(O)cc2)C(=O)N2CCC[C@@H]12.O=C1[C@@H]2CCCN12
C2(=O)[C@@H]6CCCN=C(N)N.[C@H]9(CCCN=C(N)N)C%21=O.[C@H]%15(CCCN=C(N)N)C(N)=O.C%16(=O)[C@@H]7CCC(N)=O.CC[C@H](C)[C@H]5C%20=O.C%13(=O)[C@@H]6CC(N)=O.[C@@H]%14(C3=O)[C@@H](C)CC.[C@@H]%10(C%21=O)C(C)C.[C@@H]%12(C2=O)C(C)C.C%17(=O)[C@@H]8CO.[C@@H]1%16CCCN1.[C@H]%11(C)C%22=O.C%20%16=O.N25.N%136.N%177.N%188.N%199.N%21%10.N%22%11.N%23%12.N3%14.N4%15	CC(C)[C@H](N)C(=O)C(=O)[C@@H](N)CCCN=C(N)N.CC(C)[C@H](N)C(=O)C(=O)[C@H](CCCN=C(N)N)[C@@H](CC(N)=O)C(N)=O.CC[C@H](C)[C@@H]1NC1=O.CC[C@H](C)[C@H](N)C(=O)C=O.C[C@@H]1NC1=O.NC(=O)CC[C@H](NC(=O)[C@@H](N)CO)C(=O)[C@@H]1CCCN1.NC(=O)[C@@H](N)CCCN=C(N)N
C2(=O)[C@@H]5CCCCN.C%22(=O)[C@@H](N)CCCCN.[C@H]%11(CCCCN)C3=O.C%18(=O)[C@@H]7[C@@H](O)CN.C%19(=O)[C@@H]8[C@@H](O)CN.=%15(N2)C%21=O.C%13(=O)[C@@H]6C%16.[C@@H]1%14CCCN1%17.N%22C=%15C%23=O.c1%16cnc[nH]1.C%12CCCN.N=C(N)N4.N%10C(=N)N.C%20%14=O.N24.N%165.N%186.N%197.N%208.N%219.N%23%11.N3%12	INVALID
C%18(=O)[C@@H](N)CCCCN.[C@H]9(CCCCN)C%21=O.[C@H]%11(CCCCN)C3=O.C%13(=O)[C@@H]5[C@@H](O)CN.[C@@H]7(CCCN)C%19=O.C[C@H](O)[C@H]4C%17=O.[C@H]8(C%16)C%20=O.[C@@H]1%14CCCN1%13.c1%15cnc[nH]1.C%12CCCCN.C%16(=O)C6.C=%15CC%10.N%10C(=N)N.C2%14=O.N24.N%165.N%176.N%187.N%198.N%209.N%22%11.N3%12	INVALID
C4(=O)[C@@H]%31CCCCN.C7(=O)[C@@H]%32CCCCN.C%11(=O)[C@@H]%37CCCCN.C%16(=O)[C@@H]%41CCCCN.c1%50c[nH]c2ccccc12.C%18(=O)[C@@H]%44CCCCN.CC[C@H](C)[C@H]%21C%20=O.C3(=O)[C@@H]%22CC(C)C.C%36(=O)[C@@H]%24CC(C)C.C%53(=O)[C@@H]%29CC(C)C.C%55(=O)[C@@H]%30CC(C)C.C6(=O)[C@@H]%33CC(C)C.C8(=O)[C@@H]%34CC(C)C.C%10(=O)[C@@H]%38CC(C)C.C%12(=O)[C@@H]%39CC(C)C.C%52(=O)[C@@H]%27[C@@H](C)O.C%54(=O)[C@@H]%28C(C)C.C%19(=O)[C@@H](N)[C@@H](C)O.[C@@H]1%46CCCN1%36.C5(=O)[C@@H]%32CO.C9(=O)[C@@H]%35C%49.[C@@H]1%48CCCN18.C%13(=O)[C@@H]%40C%49.c1%49ccccc1.C%15(=O)[C@@H]%42CO.C%17(=O)[C@@H]%43C%51.c1%51ccccc1.[C@H]%45(CO)C(=O)O.C%47(=O)C%26.C%25%46=O.C6%48=O.N3%21.N%14%22.N%25%23.N%47%24.N%52%26.N%53%27.N%54%28.N%55%29.N4%30.N5%31.N6%32.N7%33.N9%34.N%10%35.N%11%37.N%12%38.N%13%39.N%15%40.N%16%41.N%17%42.N%18%43.N%19%44.N%20%45	CC(C)C[C@@H]1NC(=O)[C@@H](NC(=O)[C@H](CO)NC(=O)[C@H](Cc2ccccc2)NC(=O)[C@H](CCCCN)NC(=O)[C@@H](N)[C@@H](C)O)CC[C@@H](C(=O)N[C@@H](CC(C)C)C(=O)N2CCC[C@H]2C(=O)C(=O)[C@H](CC(C)C)NC(=O)[C@H](CCCCN)[C@@H](CO)C(=O)N[C@@H](CCCCN)C(=O)N[C@@H](CC(C)C)C(=O)N[C@@H](CC(C)C)C(=O)N[C@H](C(=O)NCC(=O)N[C@@H](CC(C)C)C(=O)N2CCC[C@H]2C(N)=O)[C@@H](C)O)NC(=O)[C@H](CC(C)C)NC1=O.CC(C)[C@@H]1NC1=O.CC[C@H](C)[C@H](NC(=O)[C@@H](N)CC(C)C)C(=O)N[C@@H](CO)C(=O)O.N.NCCCC[C@@H]1NC1=O.NCCCC[C@@H]1NC1=O.c1ccc2[nH]ccc2c1.c1ccccc1
[C@@H]17NC(=O)[C@H]8NC(=O)[C@H]9NC(=O)[C@@H](N)CSSC[C@@H]2NC(=O)[C@H]%10NC(=O)[C@H]%11NC(=O)[C@H]%12NC(=O)[C@@H]3CSSC[C@H](NC1=O)C(=O)N[C@@H]%13C(=O)N[C@@H]%14C(=O)N[C@@H]4C(=O)N[C@@H]5C(=O)NCC(=O)NCC(=O)NCC(=O)N[C@@H](C)C(=O)N2.C9CCN=C(N)N.C%12CCN=C(N)N.C%14CCN=C(N)N.C4CCN=C(N)N.C5CCN=C(N)N.C6CCN=C(N)N.C7CCN=C(N)N.CC[C@@H]7C.C%10(C)C.C%13(C)C.C6(C)C	CC(C)CCCN=C(N)N.CC(C)[C@@H]1NC(=O)CNC(=O)[C@H](CCCN=C(N)N)NC(=O)CCSSC[C@@H]2NC(=O)[C@H](CCCN=C(N)N)NC(=O)CNC(=O)[C@H](CCCN=C(N)N)NC(=O)[C@@H](N)CSSC[C@@H](NC(=O)[C@H](C)NC(=O)CNC(=O)CNC(=O)CNC(=O)[C@H](CCCN=C(N)N)NC(=O)[C@H](CCCN=C(N)N)NC(=O)[C@H](CCCN=C(N)N)NC(=O)[C@H](C(C)C)NC2=O)NC1=O.CCCC
[C@@H]14NC(=O)[C@H]%11NC(=O)[C@H]%12NC(=O)[C@@H]2CCCN2C(=O)[C@@H]2CCCN2C(=O)CNC(=O)[C@H]%14NC(=O)[C@@H]2CCCN2C(=O)[C@H]%15NC(=O)[C@H](C)C(=O)[C@@H]2CCCN2C(=O)[C@H]%17NC(=O)[C@H]5NC(=O)[C@H]6NC(=O)[C@H]7NC(=O)[C@H]8NC1=O.c1%10ccc%11cc1.C5CCN=C(N)N.c19ccccc1.[C@H]9(C%10)C(=O)O.c1%10ccccc1.C%15CCCN.C%17CCCN.C6CCCN.C7CCCN.CC(C)C%14.C%14C(C)C.C%14(C)C.C%139.C%18%10	C.CC(C)CC(C)C.CC(C)C[C@@H]1NC(=O)[C@@H]2CCCN2C(=O)[C@H](CCCCN)NC(=O)[C@H](C)C(=O)[C@@H]2CCCN2C(=O)[C@H](CCCCN)NC(=O)[C@H](CCCN=C(N)N)NC(=O)[C@H](CCCCN)NC(=O)[C@H](CCCCN)NC(=O)CNC(=O)CNC(=O)[C@H](c2ccc(C[C@@H](C(=O)O)c3ccccc3)cc2)NC(=O)CNC(=O)[C@@H]2CCCN2C(=O)[C@@H]2CCCN2C(=O)CNC1=O.Cc1ccccc1
C%14(=O)[C@@H]%23CCCN=C(N)N.C4(=O)[C@@H]%32CCCN=C(N)N.C5(=O)[C@@H]%33CCCN=C(N)N.[C@H]%42(CCCN=C(N)N)C%17=O.C%53(=O)[C@@H]%29CCC(=O)O.C%56(=O)[C@@H]%32CCCCN.C5(=O)[C@@H]%33CCC(=O)O.C6(=O)[C@@H]%34CCCCN.C8(=O)[C@@H]%35CCCCN.[C@H]%39(CCCCN)C%13=O.c1%50c[nH]c2ccccc12.c1%50c[nH]c2ccccc12.[C@H]%41(CCCCN)C%15=O.CC[C@H](C)[C@H]%20C%12=O.C%51(=O)[C@@H]%27[C@@H](C)CC.C%54(=O)[C@@H]%29CC(C)C.C%55(=O)[C@@H]%31CC(C)C.C9(=O)[C@@H]%37CC(N)=O.C%52(=O)[C@@H]%28C(C)C.c1%51ccc(O)cc1.C%47(=O)[C@@H]%26C%49.C%11(=O)[C@@H](N)C%50.[C@H]%43(C%51)C%18=O.c1%46cnc[nH]1.c1%48cnc[nH]1.[C@H]%45(C)C(N)=O.C3(=O)C%22.C%36(=O)C%24.C%10(=O)C%38.C%44C%19=O.C%44C%19=O.N3%20.N%14%22.N%25%23.N%36%24.N%47%26.N%52%27.N%53%28.N%54%29.N%55%30.N4%31.N5%32.N6%33.N7%34.N8%34.N9%35.N%10%37.N%11%38.N%12%39.N%13%40.N%15%41.N%16%42.N%17%43.N%18%44.N%19%45	CC(C)C[C@H](NC(=O)[C@H](CCCN=C(N)N)[C@H](C=O)CCCCN)C(N)=O.CC[C@H](C)[C@H](NC(=O)CNC(=O)[C@@H](N)CCCN=C(N)N)C(=O)N[C@@H](CCCCN)C(N)=O.CC[C@H](C)[C@H](NC(=O)[C@@H](NC(=O)[C@H](CCC(=O)O)[C@@H](CC(C)C)C(N)=O)C(C)C)C(=O)c1ccc(O)cc1.C[C@@H]1NC1=O.C[C@H](N)C(=O)NCC(=O)N[C@@H](CC(N)=O)C(=O)N[C@@H](CCCCN)C(N)=O.C[C@H](N)C(N)=O.C[C@H](NC(=O)[C@@H](N)CCCN=C(N)N)C(N)=O.N.NC(N)=NCCC[C@H]1C(=O)C(=O)[C@@H]1CCC(=O)O.NCCCC[C@@H]1NC1=O.NCCCC[C@H](N)C(N)=O.O=C1CCC1=O.O=C1CN1.c1c[nH]cn1.c1c[nH]cn1.c1ccc2c(-c3c[nH]c4ccccc34)c[nH]c2c1
C%24(=O)[C@@H]%11CCCCN.c1%21c[nH]c2ccccc12.C%27(=O)[C@@H](N)CCCCN.[C@H]%17(CCCCN)C%29=O.CC(C)C[C@H]7C%28=O.C3(=O)[C@@H]8CC(N)=O.[C@H]%15(CC(C)C)C%30=O.C%14(=O)[C@@H]9C(C)C.C%26(=O)[C@@H]%12C%21.[C@H]%16(C%22)C4=O.c1%22ccccc1.[C@H]%18(C%23)C5=O.c1%23ccccc1.[C@H]%19(C)C6=O.[C@H]%20(C)C(N)=O.N%10C(=N)N.N%13C(=N)N.N37.N%148.N%249.N%25%11.N%26%12.N%27%13.N%28%15.N%29%16.N%30%17.N4%18.N5%19.N6%20	CC(C)C[C@H](NC(=O)[C@H](CC(C)C)NC(=O)[C@H](CC(N)=O)NC(=O)[C@@H](NC(=O)[C@@H](N)CCCCN)C(C)C)C(=O)N[C@@H](CCCCN)C(=O)N[C@@H](Cc1ccccc1)C(=O)N[C@@H](Cc1ccccc1)C(=O)N[C@@H](C)C(=O)N[C@@H](C)C(N)=O.N=C(N)N.N=C(N)NNC(=O)[C@@H](N)CCCCN.O=C1N[C@H]1Cc1c[nH]c2ccccc12
C%24(=O)[C@@H]%37CCCN=C(N)N.C%46(=O)[C@@H]%39CCCN=C(N)N.C5(=O)[C@@H](N)CCCN=C(N)N.[C@H]%47(CCCN=C(N)N)C%12=O.C2(=O)[C@@H]%34CCCCN.C%13(=O)[C@@H]%36CCCCN.[C@H]%50(CCC(=O)O)C8=O.[C@H]%51(CCC(=O)O)C%14=O.[C@H]%59(CCC(=O)O)C%20=O.[C@H]%62(CCC(N)=O)C%25=O.[C@H]%66(CCC(N)=O)C%27=O.[C@H]%67(CCCCN)C%31=O.CC[C@H](C)[C@H]%33C3=O.C%68(=O)[C@@H]%40[C@@H](C)CC.[C@H]%44(CC(N)=O)C7=O.[C@@H]%52(C%11=O)[C@@H](C)CC.[C@@H]%54(C%14=O)[C@@H](C)CC.[C@H]%55(CC(=O)O)C%16=O.[C@@H]%58(C%18=O)[C@@H](C)CC.[C@H]%59(CC(N)=O)C%20=O.[C@H]%62(CC(C)C)C)=O.[C@@H]%61(C%21=O)[C@@H](C)CC.[C@H]%63(CC(N)=O)C%25=O.[C@H]%64(CC(C)C)C%26=O.[C@H]%66(CC(C)C)C%30=O.C%35(=O)[C@@H]%38C(C)C.C%76(=O)[C@@H]%42C(C)C.[C@@H]%50(C%10=O)C(C)C.[C@@H]%71(C%32=O)C(C)C.C%68(=O)[C@@H]%41C%74.N1%12CCC[C@H]1%73.[C@H]%60(C%75)C%19=O.c1%74cnc[nH]1.c1%75cnc[nH]1.[C@H]%53(C)C%15=O.[C@H]%65(C)C%26=O.C%68(=O)C%42.C%45C5=O.C%49C9=O.C%71C%32=O.C%17%73=O.N2%33.N%13%34.N%24%36.N%35%37.N%46%38.N%57%39.N%68%40.N%76%41.N%77%42.N3%43.N4%44.N5%45.N6%47.N7%48.N8%49.N9%50.N%10%51.N%11%52.N%14%53.N%15%54.N%16%55.N%17%56.N%18%58.N%19%59.N%20%60.N%21%61.N%22%62.N%23%63.N%25%64.N%26%65.N%27%66.N%28%67.N%29%69.N%30%70.N%31%71.N%32%72	INVALID
C%16(=O)[C@@H]7CCCN=C(N)N.C%17(=O)[C@@H]8CCCN=C(N)N.C2(=O)[C@@H]4CCCCN.C%15(=O)[C@@H]6CCCCN.C%19(=O)[C@@H]9CC(N)=O.CC(C)[C@H]3C%21=O.C%13(=O)[C@@H]5C%12.[C@@H]1%11CCCN1%17.C%10CCCN.c1%14cnc[nH]1.C%18(=O)CCN.C%13%11=O.C%20(C)=O.N23.N%134.N%155.N%166.N%187.N%198.N%209.N%21%10	CC(=O)N[C@@H](CC(N)=O)C(=O)N[C@@H](CCCN=C(N)N)C(=O)N1CCC[C@H]1C(=O)C(=O)[C@H](C)NC(=O)[C@H](CCCCN)NC(=O)[C@H](CCCN=C(N)N)NC(=O)CCN.CC(C)[C@H](NC(=O)[C@@H](N)CCCCN)C(=O)NCCCCN.c1c[nH]cn1
C2(=O)[C@@H]%15CCCN=C(N)N.C%13(=O)[C@@H]%16CCCN=C(N)N.C7(=O)[C@@H]%26CCCN=C(N)N.C%42(=O)[C@@H]%21CCCCN.[C@H]%28(CCCCN)C%12=O.CC[C@H](C)[C@H]%14C9=O.C%37(=O)[C@@H]%18CC(N)=O.C%38(=O)[C@@H]%19CC(C)C.C%40(=O)[C@@H]%19[C@@H](C)CC.C%41(=O)[C@@H]%20CC(C)C.C4(=O)[C@@H]%22CC(C)C.[C@H]%27(CC(C)C)C%11=O.C%35(=O)[C@@H]%17CC%29.C5(=O)[C@@H]%25C(C)C.[C@@H]1%30CCCN1%35.C8(=O)[C@@H](N)C%36.c1%36ccccc1.N19CCC[C@H]1%31.[C@@H]1%32CCCN1.[C@@H]1%33CCCN1%11.N1%11CCC[C@H]1%34.C%24%30=O.C%39%31=O.C3%32=O.C6%33=O.C%10%34=O.N2%14.N%13%15.N%24%16.S%29C.N%37%17.N%38%18.N%39%19.N%40%20.N3%21.N5%22.N6%23.N8%25.N9%26.N%10%27.N%12%28	CC(C)C[C@@H](C=O)NC(=O)[C@@H](NC(=O)[C@@H](N)Cc1ccccc1)C(C)C.CC(C)C[C@H](NC(=O)[C@@H]1CCCN1)C(=O)N1CCC[C@H]1C(N)=O.CC[C@H](C)[C@@H](C(=O)N[C@H](C=O)CC(C)C)[C@@H](CC(C)C)C(=O)N[C@@H](CC(N)=O)C(=O)N[C@@H](CCSC)C(=O)N1CCC[C@H]1C(=O)N[C@@H](CCCN=C(N)N)C(=O)N[C@@H](CCCN=C(N)N)C(=O)N[C@H](C(=O)N1CCC[C@H]1C(N)=O)[C@@H](C)CC.NC(N)=NCCC[C@H](N)C=O.NCCCC[C@@H](C=O)NC(=O)[C@@H]1CCCN1.NCCCC[C@@H]1NC1=O
[C@@H]15NC(=O)CNC(=O)[C@H]%13NC(=O)CNC(=O)[C@@H]2CSSC[C@H](NC1=O)C(=O)N[C@@H]%15C(=O)N[C@@H]%16C(=O)N[C@@H]%17C(=O)N[C@H]1CSSC[C@H]%12C(=O)N[C@@H]%18C(=O)N[C@@H]6C(=O)N[C@@H]7C(=O)N[C@@H](C)C(=O)N1CCC[C@H]1C(=O)N[C@@H](C)C(=O)N[C@@H]8C(=O)N3)C(=O)N[C@@H](C)C(=O)N2.C%14CCN=C(N)N.c19ccc(O)cc1.C6CCN=C(N)N.C%20CCN=C(N)N.C7CCN=C(N)N.c1%10ccccc1.C%17CCCN.CC[C@@H]5C.C8(C)C.C%14C.C%159.C%14%10.C4%11	INVALID
C2(=O)[C@@H]%26CCCN=C(N)N.C%46(=O)[C@@H]%26CCCN=C(N)N.C%60(=O)[C@@H]%27CCCN=C(N)N.C3(=O)[C@@H]%30CCCN=C(N)N.C5(=O)[C@@H]%31CCCN=C(N)N.C8(=O)[C@@H]%33CCCN=C(N)N.C9(=O)[C@@H](N)CCCN=C(N)N.[C@H]%34(CCCN=C(N)N)C%13=O.[C@H]%36(CCCN=C(N)N)C%16=O.[C@H]%39(CCCN=C(N)N)C%22=O.C7(=O)[C@@H]%32CCCCN.c1%55ccc(O)cc1.c1%59ccc(O)cc1.[C@@H]1%41CCCN1%24.[C@@H]1%42CCCN1%35.[C@@H]1%43CCCN1%60.[C@@H]1%44CCCN1%61.C%61(=O)[C@@H]%29C%55.[C@@H]1%45CCCN15.[C@@H]1%47CCCN16.N1%11CCC[C@H]1%49.[C@H]%37(C%56)C%12=O.c1%56ccccc1.N1%16CCC[C@H]1%50.N1%16CCC[C@H]1%51.[C@H]%38(C%58)C%18=O.c1%58ccccc1.N1%20CCC[C@H]1%52.N1%22CCC[C@H]1%53.N1%23CCC[C@H]1%54.C[C@H]%25C%10=O.C%35(=O)C%28.C%11(=O)C%32.C%13%41=O.C%24%42=O.C%46%43=O.C%62%44=O.C3%45=O.C6%47=O.C%10%48=O.C%12%49=O.C%15%50=O.C%17%51=O.C%19%52=O.C%21%53=O.C%54(=O)O.N2%25.N%13%26.N%46%27.N%57%28.N%61%29.N4%30.N7%31.N9%32.N%10%33.N%12%34.N%15%36.N%17%37.N%18%38.N%20%39.N%21%40	C[C@H](NC(=O)[C@H](CCCN=C(N)N)[C@@H](CCCN=C(N)N)C(=O)C(=O)[C@@H]1CCCN1C(=O)[C@@H](N)CCCN=C(N)N)C(=O)C=O.N.NC(=O)[C@@H](N)CCCN=C(N)N.NC(=O)[C@@H]1CCCN1C(=O)[C@H](CCCN=C(N)N)NN1CCC[C@H]1C=O.NC(N)=NCCC[C@@H]1NC(=O)[C@@H]2CCCN2C1=O.NC(N)=NCCC[C@H](N)C=O.NCC(=O)N1CCC[C@H]1C(=O)N1CCC[C@H]1C(=O)C(=O)[C@@H](N)CCCN=C(N)N.NCCCC[C@H](CC(=O)N1CCC[C@H]1C(=O)C(=O)[C@H](Cc1ccccc1)NC(=O)[C@@H]1CCCN1)C(=O)N[C@@H](CCCN=C(N)N)C(=O)N1CCC[C@H]1C(=O)C(=O)[C@@H](N)CCCN=C(N)N.N[C@@H](Cc1ccc(O)cc1)C(=O)N1CCC[C@H]1C=O.O=C(O)[C@@H]1CCCN1.O=C1N[C@H]1Cc1ccccc1.O=C1[C@@H]2CCCN12.Oc1ccccc1
[C@@H]1%27NC(=O)[C@H]%29NC(=O)[C@H]%30NC(=O)[C@H]%31NC(=O)[C@H]%32NC(=O)[C@H]%33NC(=O)[C@H]%34NC(=O)[C@H]%35NC(=O)[C@@H]2CSSC[C@@H]%25NC(=O)[C@H]%36NC(=O)[C@H]%37NC(=O)CNC(=O)[C@H]%38NC(=O)[C@H](C)NC(=O)CNC(=O)CNC(=O)[C@H]%40NC(=O)CNC1=O)C(=O)N[C@@H]%41C(=O)N[C@@H]%42C(=O)N[C@@H]%44C(=O)N[C@@H]%45C(=O)N2)NC(=O)[C@H]%46NC(=O)[C@H]%47NC(=O)CNC(=O)[C@H]%48NC(=O)[C@H]%49NC(=O)[C@H]%51NC(=O)[C@H]%52NC(=O)[C@H]%53NC(=O)[C@H](C)NC(=O)[C@H]%54NC(=O)[C@H](CSSC[C@@H]%25NC(=O)[C@H]%56NC(=O)CNC(=O)[C@H]%57NC(=O)[C@H]%58NC(=O)[C@H]%48NC(=O)CNC(=O)[C@H]%49NC(=O)[C@H]%49NC(=O)[C@H](CSSC[C@@H]%26NC(=O)[C@H]%60NC1=O)NC(=O)[C@H]%62NC(=O)[C@H]%52NC(=O)[C@H]%64NC(=O)[C@H]%54NC1=O)C(=O)N[C@@H]%55C(=O)N2%56C(=O)N[C@@H]%68C(=O)N3)NC(=O)[C@H]%69NC(=O)[C@H]%70NC(=O)[C@H]%60NC2=O.C%39(=O)[C@@H]%14CCCCN.[C@H]%20(CCCCN)C%72=O.[C@H]%21(CC(C)C)C%10=O.C6(=O)[C@@H]%22CCCCN.C%72(=O)[C@@H](N)CCCCN.c1%65c[nH]c2ccccc12.C%28(=O)[C@@H]%12CCC(=O)O.c1%67c[nH]c2ccccc12.C%40(=O)[C@@H]%16CCCCN.[C@H]%20(CCCCN)CO=O.c1%68c[nH]c2ccccc12.c1%70c[nH]c2ccccc12.C%28(=O)[C@@H]%19CC(=O)O.C%29CCN=C(N)N.c1%77ccc(O)cc1.C%48CCN=C(N)N.C%60CCN=C(N)N.c1%78ccc(O)cc1.c1%74ccccc1.C%17(=O)[C@@H]%15C%75.c1%75ccccc1.[C@H]%23(C%76)C(=O)O.c1%64cnc[nH]1.C%32CCCN.C%34CC(=O)O.C%52CC(=O)O.C%52CC(=O)O.C%60CC(N)=O.c1%72cnc[nH]1.C%54CCCN.C%55CCCN.C%59CCCN.CC[C@@H]%27C.C%30C(N)=O.C%39(=O)C%13.C%41C(=O)O.C%44C(N)=O.C%44C(N)=O.C%49C(=O)O.C%58C(N)=O.[C@H]%34(C)O.[C@H]%46(C)O.C%39%25=O.[C@H]%53(C)O.[C@H]%60(C)O.[C@H]%62(C)O.C%31%74.C%32O.C%35O.C%37O.C%44O.C%45O.C%47O.N6%12.N%17%13.N%39%14.N%61%15.N%61%16.N%61%18.N%72%19.C%73%20.N%81%21.N7%22.N8%23.N9%24.N%10%65.C%55%78.C%29O.C%57%74.C%58O.C%63O.C%63%75	INVALID
C3(=O)[C@@H]%14CCCN=C(N)N.C9(=O)[C@@H]%16CCCN=C(N)N.c16c[nH]c2ccccc12.c17c[nH]c2ccccc12.c18c[nH]c2ccccc12.C5C[C@H]%13C%12=O.C%10(=O)[C@@H]%15C6.C%11(=O)[C@@H](N)C7.[C@H]4(C8)C(N)=O.c16cnc[nH]1.N3%13.N9%14.N%10%15.N%11%16.N%124	CC[C@H](NC(=O)[C@H](CCCN=C(N)N)NC(=O)[C@H](CCCN=C(N)N)NC(=O)[C@@H](N)Cc1c[nH]c2ccccc12)C(=O)N[C@@H](Cc1c[nH]c2ccccc12)C(N)=O.O=C1N[C@H]1Cc1c[nH]c2ccccc12.c1c[nH]cn1
C%13(=O)[C@@H]%20CCC(N)=O.C%46(=O)[C@@H]%22CCCCN.C%46(=O)[C@@H]%23CCCCN.C%48(=O)[C@@H]%25CCCCN.[C@H]%27(CCC(=O)O)C3=O.[C@H]%28(CCCCN)C4=O.[C@H]%32(CCCCN)C8=O.[C@H]%36(CCCCN)C%11=O.[C@H]%37(CCC(N)=O)C%12=O.[C@H]%38(CCCCN)C%14=O.[C@H]%41(CCCCN)C%17=O.C%50(=O)[C@@H](N)CCCCN.CC(C)C[C@H]%18C%51=O.c1%47ccc(O)cc1.C%49(=O)[C@@H]%26[C@@H](C)O.[C@@H]%34(C%10=O)C(C)C.[C@@H]%40(C%16=O)C(C)C.C2(=O)[C@@H]%19C%45.c1%45ccccc1.C%24(=O)[C@@H]%21C%44.[C@H]%30(CO)C5=O.[C@H]%33(C%43)C9=O.[C@H]%37(CO)C%10=O.[C@H]%42(C%48)C(=O)O.c1%43cnc[nH]1.c1%44cnc[nH]1.C%26C%52=O.C%29C6=O.C%39C%15=O.N2%18.N%13%19.N%24%20.N%35%21.N%46%22.N%49%23.N%50%25.N%51%26.N%52%27.N3%28.N4%29.N5%30.N6%31.N7%32.N8%33.N9%34.N%10%36.N%11%37.N%12%38.N%14%39.N%15%40.N%16%41.N%17%42	CC(C)C[C@H](NC(=O)[C@H](Cc1ccccc1)NC(=O)[C@H](CCC(N)=O)NC(=O)[C@@H](N)Cc1cnc[nH]1)C(N)=O.CC(C)[C@H](NC(=O)CNC(=O)[C@H](CCCCN)NC(=O)[C@H](CCC(N)=O)[C@@H](CO)C(=O)C(=O)[C@@H](NC(=O)[C@H](Cc1cnc[nH]1)NC(=O)[C@@H](N)CCCCN)C(C)C)C(=O)N[C@@H](CCCCN)C(=O)N[C@@H](CC(=O)[C@H](CCCCN)NC(=O)[C@@H](N)CCCCN)C(=O)O.C[C@@H](O)[C@H](CC(=O)N[C@@H](CCC(=O)O)C(=O)N[C@@H](CCCCN)C(=O)NCC(N)=O)C(=O)N[C@@H](CCCCN)C(=O)C(=O)[C@@H](N)CCCCN.NCCCC[C@H](N)C(N)=O.O=C1N[C@H]1CO.Oc1ccccc1
NC(N)=NCCC[C@H]%18C%13=O.C3(=O)[C@@H]%19CCCN=C(N)N.[C@H]6(CCCN=C(N)N)C%16=O.[C@H]7(CCCN=C(N)N)C%17=O.C%12(=O)[C@@H]4CCC(N)=O.c19c[nH]c2ccccc12.c1%11c[nH]c2ccccc12.[C@H]5(CCCN)C%15=O.[C@H]4(C9)C%14=O.[C@H]6(C%10)C%16=O.[C@H]8(C%11)C(N)=O.N3%18.N%12%19.N%134.N%145.N%156.N%167.N%178	C[C@H]1C(=O)C(=O)[C@@H]1CCCN=C(N)N.NC(=O)[C@H](Cc1c[nH]c2ccccc12)NC(=O)[C@@H](N)CCCN=C(N)N.NCCC[C@H](NC(=O)[C@H](Cc1c[nH]c2ccccc12)[C@@H](CCC(N)=O)C(=O)N[C@@H](CCCN=C(N)N)C(=O)N[C@@H](CCCN=C(N)N)C(N)=O)C(N)=O
C2(=O)[C@@H]6CCCN=C(N)N.[C@H]8(CCCN=C(N)N)C%20=O.[C@H]%16(CCCN=C(N)N)C(N)=O.C%13(=O)[C@@H]7CC(N)=O.[C@H][C@H](CC(N)=O)C%21=O.[C@H]%11(CCCCN)C%23=O.CC[C@H](C)[C@H]5C%19=O.[C@@H]%10(C%22=O)[C@@H](C)CC.[C@@H]%15(C4=O)[C@@H](C)CC.[C@@H]9(C%21=O)C(C)C.[C@@H]%12(C%24=O)C(C)C.C%18(=O)[C@@H](N)C%17.c1%17ccccc1.N25.N%136.N%187.N%198.N%209.N%21%10.N%22%11.N%23%12.N%24%14.N3%15.N4%16	CC[C@H](C)[C@H](N)C(=O)N[C@@H](CCCCN)C(=O)N[C@H](C(N)=O)C(C)C.CC[C@H](C)[C@H](N)C(=O)N[C@@H](CCCN=C(N)N)C(N)=O.[CH][C@H](CC(N)=O)C(=O)C(=O)[C@@H](NC(=O)[C@H](CCCN=C(N)N)NC(=O)[C@@H](NC(=O)[C@H](CCCN=C(N)N)NC(=O)[C@H](CC(N)=O)NC(=O)[C@@H](N)Cc1ccccc1)[C@@H](C)CC)C(C)C
C=C1NC(=O)C(C)C4NC(=O)[C@H]5NC(=O)Cccc2c2)[C@H]6NC(=O)C2CCCN2C1=O.c17ccccc1.C7CCCN.C3(=O)O.N34.C58	INVALID
C3(=O)[C@@H]4CCCN=C(N)N.C%15(=O)[C@@H]6CCCN=C(N)N.[C@H]9(CCCN=C(N)N)C%19=O.[C@H]%10(CCCN=C(N)N)C(N)=O.c1%12c[nH]c2ccccc12.CC[C@H](C)[C@H]%21C%18=O.C%14(=O)[C@@H]5[C@@H](C)CC.[C@H]8(CC%11)C%20=O.C%16(=O)[C@@H]7C%12.C%17(=O)[C@@H](N)C%13.c1%13ccccc1.N3%21.N%144.N%155.N%166.N%177.N%188.N%199.S%11C.N%20%10	CC[C@H](C)[C@H](NC(=O)[C@H](CCCN=C(N)N)NC(=O)[C@@H](NC(=O)[C@H](CCCN=C(N)N)NC(=O)[C@H](Cc1c[nH]c2ccccc12)NC(=O)[C@@H](N)Cc1ccccc1)[C@@H](C)CC)C(=O)N[C@@H](CCSC)C(=O)N[C@@H](CCCN=C(N)N)C(N)=O.NC(N)=NCCC[C@@H]1NC1=O
[C@H]%17(CCCN=C(N)N)C6=O.[C@H]%18(CCCN=C(N)N)C(N)=O.[C@H]8(CCC(N)=O)C%25=O.[C@H]%10(CCCCN)C%27=O.c1%21c[nH]c2ccccc12.c1%22c[nH]c2ccccc12.c1%23c[nH]c2ccccc12.c1%24c[nH]c2ccccc12.CC[C@H](C)[C@H](N)C3=O.[C@H]7(CC(C)C)C%14=O.N1%14CCC[C@H]1%19.[C@H]%13(C%21)C%30=O.[C@H]%15(C%22)C%31=O.[C@H]%16(C%23)C5=O.N15CCC[C@H]1%20.[C@H]9(C)C%26=O.[C@H]%11(C)C%28=O.[C@H]%12(C)C%29=O.C4%19=O.N37.N%258.N%269.N%27%10.N%28%11.N%29%12.N%30%13.N%31%15.N4%16.N4%17.N6%18	CC[C@H](C)[C@H](N)C(=O)N[C@@H](CC(C)C)C(=O)N1CCC[C@H]1C(=O)N[C@@H](Cc1c[nH]c2ccccc12)C(=O)N1CCCC1.C[C@@H]1NC1=O.C[C@@H]1NC1=O.C[C@@H]1NC1=O.NC(=O)CC[C@@H]1NC1=O.NC(=O)[C@H](CCCN=C(N)N)NC(=O)[C@@H](N)CCCN=C(N)N.NCCCC[C@@H]1NC1=O.O=C1N[C@H]1Cc1c[nH]c2ccccc12.O=C1N[C@H]1Cc1c[nH]c2ccccc12.c1ccc2[nH]ccc2c1
[C@@H]15NC(=O)CNC(=O)[C@H]%12NC(=O)[C@H]%13NC(=O)[C@@H]2CSSC[C@H](NC1=O)C(=O)N[C@@H]%14C(=O)N[C@@H]%15C(=O)NCC(=O)N[C@@H]%16C(=O)N[C@H]3CSSC[C@H](NC(=O)[C@H]%17NC(=O)[C@H]5NC(=O)[C@H]6NC1=O)C(=O)N[C@@H]6C(=O)N[C@@H]7C(=O)NCC(=O)N[C@@H]8C(=O)N2.C%11CCN=C(N)N.C%14CCN=C(N)N.C%16CCN=C(N)N.C%17CCN=C(N)N.C%18CCN=C(N)N.C6CCN=C(N)N.C7CCN=C(N)N.c1%10ccccc1.c1%11ccccc1.CC5C.C%15(C)C.C%129.C8%10	INVALID
[C@@H]13NC(=O)[C@@H]4NC(=O)[C@H]5NC(=O)[C@H]6NC(=O)[C@H]7NC(=O)[C@H]7NC1=O.c18ccccc1.c19ccccc1.C4(C)C.[C@H]6(C)O.C58.C7O	CC(C)[C@H]1NC(=O)[C@H](Cc2ccccc2)NC(=O)[C@H]([C@@H](C)O)NC(=O)[C@H]2NC(=O)[C@H]2NC(=O)CNC1=O.CO.c1ccccc1
C%34(=O)[C@@H]%18CCCN=C(N)N.C%35(=O)[C@@H]%19CCCN=C(N)N.[C@H]%20(CCCN=C(N)N)C8=O.[C@H]%21(CCCN=C(N)N)C(=O)O.c1%23c[nH]c2ccccc12.C%14(=O)[C@@H]%10CCCCN.c1%24c[nH]c2ccccc12.C%25(=O)[C@@H]%12CCCCN.C%32(=O)[C@@H]%17CCCCN.c1%26c[nH]c2ccccc12.c1%27c[nH]c2ccccc12.c1%28c[nH]c2ccccc12.CC[C@H](C)[C@H]9C6=O.C5(=O)[C@@H]%18[C@@H](C)O.C3(=O)[C@@H]%11C%24.C%31(=O)[C@@H]%15C%26.[C@@H]1%22CCCN15.C%33(=O)[C@@H]%16C%27.C%30(=O)[C@@H]%13C.C4%22=O.N38.N%149.N%25%10.N%29%11.N%30%12.N%31%13.N%32%15.N%33%16.N%34%17.N4%18.N6%19.N7%20.N8%21	CC[C@H](C)[C@H](NC(=O)[C@H](CCCCN)NC(=O)[C@H](CCCCN)NC(=O)[C@H](C)NC(=O)[C@H](Cc1c[nH]c2ccccc12)NC(=O)[C@H](CCCCN)NC(=O)[C@H](CCCN=C(N)N)[C@H](C(=O)N1CCC[C@H]1C(N)=O)[C@@H](C)O)C(=O)N[C@H](C=O)CCCN=C(N)N.NC(N)=NCCC[C@H](N)C(=O)NC(=O)[C@@H](N)Cc1c[nH]c2ccccc12.NC(N)=NCCC[C@H](N)C(=O)O.O=C1N[C@H]1Cc1c[nH]c2ccccc12.c1ccc2[nH]ccc2c1.c1ccc2[nH]ccc2c1
C%19(=O)[C@@H]8CCCN=C(N)N.C%23(=O)[C@@H](N)CCCN=C(N)N.c1%13c[nH]c2ccccc12.C%18(=O)[C@@H]7CCC(N)=O.c1%15c[nH]c2ccccc12.c1%16c[nH]c2ccccc12.c1%16c[nH]c2ccccc12.CC(C)[C@H]4C(N)=O.C%14(=O)[C@@H]6C%13.C%21(=O)[C@@H]%11C%15.C%22(=O)[C@@H]%12C%16.C%20(=O)[C@@H]9C.C3(=O)C5.N34.N%145.N%176.N%187.N%198.N%209.N%21%10.N%22%11.N%23%12	CC(C)[C@H](NC(=O)CNC(=O)[C@@H](N)Cc1c[nH]c2ccccc12)C(N)=O.C[C@@H]1NC1=O.C[C@H](NC(=O)[C@@H](N)CCCN=C(N)N)C(=O)N[C@@H](Cc1c[nH]c2ccccc12)C(N)=O.NC(=O)CC[C@@H]1NC1=O.NC(N)=NCCC[C@@H]1NC1=O.c1ccc2c(-c3c[nH]c4ccccc34)c[nH]c2c1
[C@H]%18(CCCCN)C%39=O.[C@H]%22(CCCCN)C%42=O.[C@H]%23(CCCCN)C%41=O.[C@H]%30(CCCCN)C9=O.[C@H]%34(CCCCN)C%13=O.c1%38c[nH]c2ccccc12.CC[C@H](C)[C@H]%16C%25=O.[C@H]%19(CC(C)C)C%41=O.[C@H]%27(CC(C)C)C6=O.[C@H]%28(CC(C)C)C7=O.[C@H]%32(CC(C)C)C%11=O.[C@@H]%33(C%12=O)C(C)C.[C@H]%20(C%38)C%40=O.[C@H]%24(C)C4=O.[C@H]%26(C)C5=O.[C@H]%31(C)C%10=O.C3(=O)C%17.C%17C%36=O.C%21C%43=O.C%29C8=O.C%37C(N)=O.C%14(C)=O.N3%16.N%14%17.N%25%18.N%36%19.N%39%20.N%40%21.N%41%22.N%42%23.N%43%24.N4%26.N5%27.N6%28.N7%29.N8%30.N9%31.N%10%32.N%11%33.N%12%34.N%13%35.N%15%37	CC(N)=O.CC[C@H](C)[C@H](NC(=O)CCC(=O)N[C@@H](CC(C)C)C(=O)C(=O)[C@H](CCCCN)NC(=O)[C@@H](N)CCCCN)C(=O)N[C@@H](CCCCN)C(=O)N[C@@H](Cc1c[nH]c2ccccc12)C(=O)NCC(=O)N[C@@H](C)C(=O)N[C@@H](C)C(=O)N[C@@H](CC(C)C)C(=O)N[C@@H](CC(C)C)C(=O)NCC(=O)N[C@@H](CCCCN)C(=O)N[C@@H](C)C(=O)N[C@@H](CC(C)C)C(=O)N[C@H](C(=O)N[C@@H](CCCCN)C(N)=O)C(C)C.NCC(N)=O
C1(=O)[C@@H]3CCCN=C(N)N.C%11(=O)[C@@H]4CCCCN.[C@H]%10(CCCCN)C(=O)O.CC[C@H](C)[C@H]2C%15=O.C%12(=O)[C@@H]5CC(C)C.[C@H]9(CC(C)C)C%18=O.C%14(=O)[C@@H](N)C(C)C.[C@@H]8(C%17=O)[C@@H](C)O.C%14(=O)[C@@H](N)CO.C%13(=O)[C@@H]6C.N12.N%113.N%124.N%135.N%146.N%157.N%168.N%179.N%18%10	CC(C)C[C@H](NC(=O)[C@@H](N)[C@@H](C)O)C(=O)N[C@@H](CCCCN)C(=O)O.CC(C)[C@H](N)C(=O)C(=O)[C@@H](N)CO.CC[C@H](C)[C@H](NC(=O)[C@H](CCCN=C(N)N)NC(=O)[C@H](CCCCN)NC(=O)[C@H](CC(C)C)NC(=O)[C@H](C)N)C(N)=O
C3(=O)[C@@H]5CCCN=C(N)N.[C@H]8(CCCN=C(N)N)C%20=O.[C@H]%12(CCCN=C(N)N)C(N)=O.c1%13cccc2ccccc12.[C@H]7(CCS(C)=O)C%19=O.[C@H]9(CCCCN)C%21=O.c1%16c[nH]c2ccccc12.CC[C@H](C)[C@H]4C%18=O.[C@@H]%10(C%22=O)C(C)C.C%14(=O)[C@@H]6C%13.C%17(=O)[C@@H](N)C%15.c1%15ccccc1.[C@H]%11(C%16)C%23=O.N34.N%145.N%176.N%187.N%198.N%209.N%21%10.N%22%11.N%23%12	CC[C@H](C)[C@H](NC(=O)[C@H](CCCN=C(N)N)NC(=O)[C@H](Cc1cccc2ccccc12)NC(=O)[C@@H](N)Cc1ccccc1)C(=O)N[C@@H](CC[S+](C)[O-])C(=O)N[C@@H](CCCN=C(N)N)C(=O)N[C@@H](CCCCN)C(=O)N[C@H](C(=O)N[C@@H](Cc1c[nH]c2ccccc12)C(=O)N[C@@H](CCCN=C(N)N)C(N)=O)C(C)C
C%14(=O)[C@@H]5CCCN=C(N)N.C%15(=O)[C@@H]6CCCN=C(N)N.[C@H]%10(CCCN=C(N)N)C(N)=O.C3(=O)[C@@H]4CCCCN.C%18(=O)[C@@H]9CCC(N)=O.c1%11c[nH]c2ccccc12.c1%12c[nH]c2ccccc12.CC[C@H](C)[C@H]%21C%20=O.C%16(=O)[C@@H]7[C@@H](C)CC.C%17(=O)[C@@H](C%11.C%19(=O)[C@@H](N)C%12.c1%13ccccc1.N3%21.N%144.N%155.N%166.N%177.N%188.N%199.N%20%10	INVALID
C2(=O)[C@@H]%15CCCN=C(N)N.C%13(=O)[C@@H]%16CCCN=C(N)N.C%37(=O)[C@@H]%17CCCN=C(N)N.C%39(=O)[C@@H]%18CCCN=C(N)N.C6(=O)[C@@H]%19CCCCN.[C@H]%26(CCC(N)=O)C%12=O.CC[C@H](C)[C@H]%14C9=O.C%41(=O)[C@@H]%19CC(C)C.C4(=O)[C@@H]%21CC(N)=O.C7(=O)[C@@H]%22CC(=O)O.[C@H]%25(CC(N)=O)C%11=O.c1%34ccc(O)cc1.C8(=O)[C@@H](N)C(C)C.c1%36ccc(O)cc1.[C@@H]1%28CCCN1%35.[C@@H]1%29CCCN1%37.[C@@H]1%30CCCN1%39.[C@@H]1%31CCCN1%41.C3(=O)[C@@H]%20C%34.[C@@H]1%32CCCN15.[C@@H]1%33CCCN16.[C@H]%25(C%36)C%10=O.C%24%28=O.C%35%29=O.C%38%30=O.C%40%31=O.C4%32=O.C5%33=O.N2%14.N%13%15.N%24%16.N%38%18.N%40%19.N3%20.N4%21.N7%22.N8%23.N9%25.N%10%26.N%12%27	CC(C)C[C@@H](C(=O)N1CCC[C@H]1C(N)=O)[C@@H](CCCCN)C(=O)N1CCC[C@H]1C(=O)N1CCC[C@H]1C(=O)C(=O)[C@@H](N)CC(N)=O.CC(C)[C@H](N)C(N)=O.CC[C@H](C)[C@H](NC(=O)[C@H](CCCN=C(N)N)NC(=O)[C@H](CCCN=C(N)N)NC(=O)[C@@H]1CCCN1C(=O)[C@@H]1CCCN1C(=O)CCCCN=C(N)N)C(N)=O.NC(=O)CC[C@H](NC(=O)[C@H](Cc1ccc(O)cc1)[C@H](C=O)CC(N)=O)C(N)=O.NC(N)=NCCC[C@@H]1NC(=O)[C@@H]2CCCN2C1=O.O=C(O)C[C@@H]1NC1=O.O=C1N[C@H]1Cc1ccc(O)cc1
C3(=O)[C@@H]5CCCN=C(N)N.C%18(=O)[C@@H]7CCCN=C(N)N.[C@H]%11(CCCN=C(N)N)C%23=O.[C@H]%12(CCCN=C(N)N)C(N)=O.c1%13c[nH]c2ccccc12.c1%16c[nH]c2ccccc12.CC[C@H](C)[C@H]4C%20=O.C%14(=O)[C@@H]6[C@@H](C)CC.[C@@H]%10(C%22=O)C(C)C.C%17(=O)[C@@H]8C%13.C%19(=O)[C@@H](N)C%15.c1%15ccccc1.[C@H]9(C%16)C%21=O.N34.N%145.N%176.N%187.N%198.N%209.N%21%10.N%22%11.N%23%12	CC[C@H](C)[C@H](NC(=O)[C@H](CCCN=C(N)N)NC(=O)[C@@H](NC(=O)[C@H](Cc1c[nH]c2ccccc12)NC(=O)[C@@H](N)Cc1ccccc1)[C@@H](C)CC)C(=O)N[C@@H](Cc1c[nH]c2ccccc12)C(=O)N[C@H](C(=O)N[C@@H](CCCN=C(N)N)C(=O)N[C@@H](CCCN=C(N)N)C(N)=O)C(C)C.NC(N)=NCCC[C@@H]1NC1=O
C2(=O)[C@@H]%16CCCN=C(N)N.C9(=O)[C@@H]3CCC(N)=O.CC(C)[C@H]%15C%13=O.c18ccc(O)cc1.[C@H]5(CCN)C%14=O.C%10(=O)[C@@H]4C8.[C@@H]17CCCN1%12.[C@H]6(CO)C(=O)O.C%12(=O)[C@H](C)N.C%117=O.N2%15.N9%16.N%103.N%114.N%135.N%146	CC(C)[C@H](NC(=O)[C@H](CCCN=C(N)N)NC(=O)[C@H](CCC(N)=O)NC(=O)[C@H](Cc1ccc(O)cc1)NC(=O)[C@@H]1CCCN1C(=O)[C@H](C)N)C(=O)N[C@@H](CCN)C(=O)N[C@@H](CO)C(=O)O
C%13(=O)[C@@H]%14CCCN=C(N)N.C%33(=O)[C@@H]%17CCCN=C(N)N.C%34(=O)[C@@H]%18CCCN=C(N)N.C%37(=O)[C@@H](N)CCCN=C(N)N.C2(=O)[C@@H]%12CCCCN.[C@H]%26(CCCCN)C8=O.[C@H]%27(CCCCN)C9=O.CC[C@H](C)[C@H]%11C3=O.C%32(=O)[C@@H]%16CC(C)C.C%35(=O)[C@@H]%19CC(C)C.[C@H]%25(CC(C)C)C7=O.c1%31ccc(O)cc1.[C@H]%22(C%30)C5=O.[C@H]%28(C%31)C%10=O.C%24(=O)[C@@H]%15C.[C@H]%20(C)C4=O.c1%30cnc[nH]1.[C@H]%23(C)C6=O.C%21C4=O.C%29C(=O)O.N2%11.N%13%12.N%24%14.N%32%15.N%33%16.N%34%17.N%35%18.N%36%19.N%37%20.N3%21.N4%22.N5%23.N6%25.N7%26.N8%27.N9%28.N%10%29	CC(C)C[C@H](NC(=O)[C@H](C)NC(=O)[C@@H](N)Cc1cnc[nH]1)C(=O)N[C@@H](CCCCN)C(=O)N[C@@H](CCCCN)C(=O)N[C@@H](Cc1ccc(O)cc1)C(=O)NCC(=O)O.CC[C@H](C)[C@H](NC(=O)[C@H](CCCCN)NC(=O)[C@H](CCCN=C(N)N)NC(=O)[C@H](C)NC(=O)[C@H](CC(C)C)NC(=O)[C@H](CCCN=C(N)N)NC(=O)[C@H](CCCN=C(N)N)NC(=O)[C@@H](N)CC(C)C)C(=O)NCC(=O)C(=O)[C@H](C)NC(=O)[C@@H](N)CCCN=C(N)N
[C@H]%14(CCCCN)C%24=O.[C@H]%17(CCCCN)C%34=O.[C@H]%20(CCCCN)C%39=O.[C@H]%21(CCCCN)C4=O.[C@H]%25(CCCCN)C8=O.[C@H]%26(CCCCN)C9=O.CC(C)[C@H](N)C2=O.[C@@H]%29(C(N)=O)C(C)C.[C@H]%16(C%31)C%36=O.c1%31ccccc1.[C@H]%21(CO)C3=O.N14CCC[C@H]1%30.[C@H]%23(CO)C7=O.[C@H]%28(C%32)C%10=O.c1%32ccccc1.[C@H]%15(C)C%33=O.[C@H]%18(C)C%35=O.[C@H]%19(C)C%38=O.[C@H]%22(C)C6=O.[C@H]%27(C)C%11=O.C%12C%13=O.C5%30=O.N2%12.N%13%14.N%24%15.N%34%16.N%35%17.N%36%18.N%37%19.N%38%20.N3%21.N5%22.N6%23.N7%25.N8%26.N9%27.N%10%28.N%11%29	CC(C)[C@H](N)C(=O)NCC(=O)N[C@@H](CCCCN)C(=O)N[C@@H](C)C=O.CC(C)[C@H](NC(=O)[C@H](C)NC(=O)[C@H](CCCCN)NC(=O)[C@H](CCCCN)NC(=O)[C@H](CO)NC(=O)[C@H](C)NC(=O)[C@@H]1CCCN1C(=O)[C@H](CCCCN)[C@@H](CO)C(N)=O)C(N)=O.C[C@@H]1NC(=O)[C@H](Cc2ccccc2)NC(=O)[C@H](CCCCN)NC1=O.C[C@H](N)C(=O)N[C@H](C=O)CCCCN.O=C1N[C@H]1Cc1ccccc1
CC1=C(C(=O)O)[C@@H]2[C@@H]3C(=O)N7[C@H]2[C@@H]14.c16ccccc1.CC5=O.CC1=O.O35.N46	CC(=O)O[C@H]1C(=O)N[C@@H]2[C@@H]1C(C(=O)O)=C(C)[C@H]2Nc1ccccc1.CC=O
C2(=O)[C@@H]5CCCCN.C%21(=O)[C@@H](N)CCCCN.[C@H]%11(CCCCN)C3=O.C%17(=O)[C@H]7CCCN.C%19(=O)[C@@H]9[C@@H](O)CN.C%20(=O)[C@@H]%10C(C)C.C%13(=O)[C@@H]6C%15.[C@@H]1%14CCCN1%17.C[C@H]4C%22=O.c1%15cnc[nH]1.C%12CCCN.C%18(=O)C8.C%16%14=O.N24.N%135.N%166.N%187.N%198.N%209.N%21%10.N%22%11.N3%12	CC(C)[C@H](NC(=O)[C@@H](N)CCCCN)C(=O)N[C@H](C(=O)NCC(=O)N[C@H](CCCN)C(=O)N1CCC[C@H]1C(=O)N[C@@H](Cc1cnc[nH]1)C(=O)N[C@@H](CCCCN)C(=O)N[C@@H](C)C(=O)N[C@@H](CCCCN)C(=O)NCCCCN)[C@@H](O)CN
[C@H]9(CCCN=C(N)N)C%21=O.[C@H]%11(CCCN=C(N)N)C%24=O.[C@H]%13(CCCN=C(N)N)C%25=O.[C@H]%17(CCCN=C(N)N)C(N)=O.c1%18c[nH]c2ccccc12.[C@H]%16(CCCCN)C5=O.CC[C@H](C)[C@H]6C%14=O.[C@@H]%12(C%25=O)[C@@H](C)CC.C3(=O)[C@@H](N)C(C)C.[C@@H]%15(C%26=O)C(C)C.[C@H]7(C%18)C%20=O.[C@H]%15(C%19)C4=O.c1%19ccccc1.[C@H]8(C)C%22=O.N36.N%147.N%208.N%219.N%22%10.N%23%11.N%24%12.N%25%13.N%26%15.N4%16.N5%17	CC(C)[C@@H](C(N)=O)[C@@H](Cc1ccccc1)C(=O)N[C@@H](CCCCN)C(=O)N[C@@H](CCCN=C(N)N)C(N)=O.CC[C@H](C)[C@H](NC(=O)[C@@H](N)C(C)C)C(=O)N[C@@H](Cc1c[nH]c2ccccc12)C(=O)N[C@@H](C)C(N)=O.CC[C@H](C)[C@H](NC(=O)[C@@H](N)CCCN=C(N)N)C(=O)C(=O)[C@@H](N)CCCN=C(N)N.NC(N)=NCCC[C@@H]1NC1=O
C3(=O)[C@@H]%19CCCCN.C%14(=O)[C@@H]%20CCCCN.c1%42c[nH]c2ccccc12.c1%45c[nH]c2ccccc12.[C@H]%28(CCCCN)C5=O.[C@H]%30(CCCCN)C9=O.[C@H]%33(CCCCN)C%11=O.[C@H]%35(CCCCN)C%13=O.[C@H]%39(CCCCN)C%17=O.CC[C@H](C)[C@H]%18C%46=O.[C@H]%27(CC(C)C)C4=O.[C@H]%38(CC(C)C)C%16=O.[C@@H]%32(C8=O)C(C)C.C%25(=O)[C@@H]%21C%42.[C@@H]1%41CCCN1%46.C%47(=O)[C@@H](N)C%43.c1%43ccccc1.[C@H]%24(CO)C%49=O.[C@H]%29(C%44)C7=O.c1%44ccccc1.[C@H]%31(CO)C9=O.[C@H]%31(C)C%10=O.[C@H]%40(C)C(N)=O.C%23C%47=O.C%26C4=O.C%28C5=O.C%32C%12=O.C%45%41=O.N3%18.N%14%19.N%25%20.N%36%21.N%45%22.N%47%23.N%48%24.N%49%26.N4%27.N5%28.N6%29.N7%30.N8%31.N9%32.N%10%33.N%11%34.N%12%35.N%13%37.N%15%38.N%16%39.N%17%40	CC(C)C[C@H](N)C(=O)C(=O)CNC(=O)[C@@H](N)CO.CC(C)C[C@H](N)C(=O)N[C@@H](CCCCN)C(=O)N[C@@H](C)C(N)=O.CC(C)[C@H](CC(=O)N[C@@H](CCCCN)C(N)=O)C(N)=O.CC[C@H](C)[C@H](NC(=O)[C@H](CCCCN)NC(=O)[C@H](CCCCN)NC(=O)[C@@H](N)Cc1c[nH]c2ccccc12)C(=O)N1CCC[C@H]1C(=O)c1c[nH]c2ccccc12.C[C@@H](C(=O)N[C@@H](CCCCN)C(N)=O)[C@@H](CO)C(=O)C(=O)[C@H](CCCCN)NC(=O)[C@@H](N)Cc1ccccc1.N.N.N.NCC(=O)C(=O)[C@@H](N)Cc1ccccc1.NCCCC[C@@H]1CC(=O)C1=O
NCCCC[C@H]%12C(=O)O.C2(=O)[C@@H]%13CCCCN.C%11(=O)[C@@H](N)CCCCN.c16ccc(O)cc1.c17ccc(O)cc1.C8(=O)[C@@H]%14C(C)C.C9(=O)[C@@H]4C(C)C.C%10(=O)[C@@H]5C6.N2%12.N7%13.N8%14.N93.N%104.N%115	CC(C)[C@@H]1NC1=O.CC(C)[C@H](NC(=O)[C@H](Cc1ccc(O)cc1)NC(=O)[C@@H](N)CCCCN)C(N)=O.NCCCC[C@H](NC(=O)[C@H](CCCCN)Nc1ccc(O)cc1)C(=O)O
C3(=O)[C@@H]6CCCN=C(N)N.C%19(=O)[C@@H](N)CCCN=C(N)N.[C@H]9(CCCN=C(N)N)C%21=O.[C@H]%15(CCCN=C(N)N)C(N)=O.C%14(=O)[C@@H]7CCC(N)=O.[C@H]%10(CCCCN)C%21=O.[C@H]%11(CCCCN)C%22=O.c1%16c[nH]c2ccccc12.CC[C@H](C)[C@H]5C%20=O.C%18(=O)[C@@H]8[C@@H](C)CC.[C@H]%13(CC(C)C)C4=O.[C@H]%12(C%16)C%23=O.N35.N%146.N%177.N%188.N%199.N%20%10.N%21%11.N%22%12.N%23%13.N4%15	CC(C)C[C@H](NC(=O)[C@H](Cc1c[nH]c2ccccc12)NC(=O)[C@@H](N)CCCCN)C(=O)N[C@@H](CCCN=C(N)N)C(N)=O.CC[C@H](C)[C@@H]1NC1=O.CC[C@H](C)[C@H](NC(=O)[C@H](CCCN=C(N)N)NC(=O)[C@@H](N)CCC(N)=O)C(=O)N[C@@H](CCCCN)C(=O)C(=O)[C@H](CCCN=C(N)N)NC(=O)[C@@H](N)CCCN=C(N)N
C%14(=O)[C@@H]%18CCCCN.c1%42c[nH]c2ccccc12.[C@H]%26(CCC(N)=O)C%48=O.[C@H]%33(CCC(N)=O)C%12=O.[C@H]%38(CCCCN)C(=O)O.CC[C@H](C)[C@H]%16C%45=O.C%36(=O)[C@@H]%19CC(C)C.C%44(=O)[C@@H](N)CCC%21.[C@H]%27(CCC%28)C4=O.[C@@H]%27(C5=O)[C@@H](C)CC.[C@H]%29(CC(C)C)C7=O.[C@H]%30(CCC%31)C8=O.[C@H]%34(CCC%35)C%13=O.[C@H]%37(CC(N)=O)C(N)=O.[C@@H]%32(C%10=O)C(C)C.C%25(=O)[C@@H]%20C%44.[C@H]%22(CO)C%46=O.[C@H]%24(C%41)C%49=O.N15CCC[C@H]1%39.N18CCC[C@H]1%40.[C@H]%33(C%42)C%11=O.C3(=O)[C@@H]%17C.[C@H]%23(C)C%47=O.c1%41cnc[nH]1.Nc%42cnc)N.N%28C(=N)N.N%35C(=N)N.C6%39=O.C9%40=O.N3%16.N%14%17.N%25%18.N%36%19.N%44%20.N%45%22.N%46%23.N%47%24.N%48%26.N4%27.N6%29.N7%30.N9%30.N%10%32.N%11%33.N%12%34.N%13%37.N%15%38	INVALID
C%14(=O)[C@@H]9CCCN=C(N)N.C%28(=O)[C@@H]%10CCCN=C(N)N.C%31(=O)[C@@H]%13CCCN=C(N)N.[C@H]%18(CCCN=C(N)N)C6=O.c1%20c[nH]c2ccccc12.c1%21c[nH]c2ccccc12.c1%23c[nH]c2ccccc12.c1%23c[nH]c2ccccc12.c1%26c[nH]c2ccccc12.CC[C@H](C)[C@H]7C4=O.c1%24ccc(O)cc1.C3(=O)[C@@H]8C%20.C%25(=O)[C@@H]%11C%21.C%29(=O)[C@@H]%12C%22.C%30(=O)[C@@H]%15C%23.C%32(=O)[C@@H]%16C%24.[C@H]%17(C%26)C5=O.[C@H]%19(C%27)C(N)=O.c1%27ccccc1.C%33(=O)CN.N37.N%148.N%259.N%28%10.N%29%11.N%30%12.N%31%13.N%32%15.N%33%16.N4%17.N5%18.N6%19	CC[C@H](C)[C@H](NC(=O)[C@H](Cc1c[nH]c2ccccc12)NC(=O)[C@H](CCCN=C(N)N)NC(=O)[C@H](Cc1c[nH]c2ccccc12)NC(=O)[C@H](C)NC(=O)[C@H](C)NC(=O)[C@H](Cc1ccc(O)cc1)NC(=O)CN)C(=O)N[C@@H](Cc1c[nH]c2ccccc12)C(=O)N[C@@H](CCCN=C(N)N)C(=O)N[C@@H](Cc1ccccc1)C(N)=O.NC(N)=NCCC[C@@H]1NC1=O.NC(N)=NCCC[C@@H]1NC1=O.c1ccc2c(-c3c[nH]c4ccccc34)c[nH]c2c1
C%13(=O)[C@@H]%12CCCN=C(N)N.C6(=O)[C@@H]%20CCCN=C(N)N.[C@H]%21(CCCN=C(N)N)C%10=O.C%36(=O)[C@@H]%16CCC(N)=O.C3(=O)[C@@H]%18CC(N)=O.C8(=O)[C@@H]%22CC(N)=O.C9(=O)[C@@H]%23CCCN.[C@H]%23(CC(C)C)C(N)=O.c1%32ccc(O)cc1.[C@@H]1%25CCCN1%13.[C@@H]1%26CCCN1%32.[C@@H]1%27CCCN1%34.C%34(=O)[C@@H]%14C%31.C%33(=O)[C@@H]%15CO.[C@@H]1%28CCCN1%36.[C@@H]1%29CCCN13.C4(=O)[C@@H]%19C%32.[C@@H]1%30CCCN18.c1%31cnc[nH]1.C9(=O)CN.C2%25=O.C%24%26=O.C%35%27=O.C%37%28=O.C5%29=O.C7%30=O.N2%11.N%24%12.N%33%14.N%35%15.N%37%16.N%38%17.N4%18.N5%19.N6%20.N7%21.N9%22.N%10%23	CC(C)C[C@@H](C(N)=O)[C@@H](CCCN)C(=O)C(=O)CN.C[C@@H]1NC(=O)[C@@H]2CCCN2C(=O)[C@H](CC(N)=O)NC1=O.N.NC(=O)CC[C@@H]1NC(=O)[C@@H]2CCCN2C1=O.NC(=O)C[C@H](N)C(=O)N1CCC[C@H]1C(=O)N[C@@H](CCCN=C(N)N)C(N)=O.NC(=O)[C@@H]1CCCN1C(=O)[C@H](CCCN=C(N)N)NC(=O)[C@@H]1CCCN1c1ccc(O)cc1.NC(N)=NCCC[C@@H]1NC1=O.O=C1N[C@@H](Cc2cnc[nH]2)C(=O)N2CCC[C@H]2C(=O)N[C@H]1CO
C3(=O)[C@@H]%20CCCN=C(N)N.C%14(=O)[C@@H]%20CCCN=C(N)N.[C@H]7(CCCN=C(N)N)C%18=O.c1%10c[nH]c2ccccc12.C%15(=O)[C@@H]5CC(N)=O.c1%12c[nH]c2ccccc12.CC(C)[C@H]%19C%17=O.C%13(=O)[C@@H]4C9.c19ccccc1.C%16(=O)[C@@H](N)C%11.c1%11ccccc1.[C@H]8(C%12)C(N)=O.N3%19.N%13%20.N%144.N%155.N%166.N%177.N%188	CC(C)[C@H](NC(=O)[C@H](CCCN=C(N)N)[C@@H](CCCN=C(N)N)C(=O)N[C@@H](Cc1ccccc1)C(N)=O)C(=O)N[C@@H](CCCN=C(N)N)C(=O)N[C@@H](Cc1c[nH]c2ccccc12)C(N)=O.NC(=O)C[C@@H]1NC1=O.NC(=O)[C@@H](N)Cc1ccccc1.c1ccc2[nH]ccc2c1
[C@H]8(CCCCN)C%22=O.[C@H]9(CCCCN)C%23=O.[C@H]%13(CCCCN)C%26=O.[C@H]%14(CCCCN)C%28=O.[C@H]%16(CCCCN)C2=O.[C@H]%17(CCCCN)C3=O.[C@H]%18(CCCCN)C4=O.CC(C)C[C@H]7C%12=O.[C@H]%11(CC(C)C)C%25=O.[C@H]%15(CC(C)C)C2=O.C1(=O)[C@@H](N)CC%21.[C@@H]%14(C%27=O)C(C)C.[C@H]%19(C)C5=O.[C@H]%20(C)C6=O.[C@H]%21(C)C(N)=O.N17.N%128.N%229.N%23%10.N%24%11.N%25%13.N%26%14.N%27%15.N%28%16.N2%17.N3%18.N4%19.N5%20.N6%21	CC(C)C[C@@H]1NC(=O)[C@H](C(C)C)[C@@H](CCCCN)C(=O)N[C@@H](CCCCN)C(=O)C1=O.CC(C)C[C@H](N)C(=O)N[C@@H](CCCCN)C(N)=O.CC(C)C[C@H](NC(=O)[C@@H](N)CC[C@@H](C)C(N)=O)C(=O)N[C@@H](CCCCN)C(=O)N[C@@H](CCCCN)C(N)=O.C[C@H](NC(=O)[C@H](C)NC(=O)[C@H](CCCCN)NC(=O)[C@@H](N)CCCCN)C(N)=O
[C@@H]1%13NC(=O)[C@H]%14NC(=O)[C@@H]2CCCN2C(=O)[C@@H]%10CSSC[C@@H]%12NC(=O)[C@H]%16NC(=O)CNC(=O)[C@H]%17NC(=O)CNC1=O.C%14(=O)[C@@H]6CCCCN.[C@H]8(CCC(N)=O)C%26=O.c1%19ccc(O)cc1.C%22(=O)[C@@H]5C(C)C.C3(=O)[C@@H]4C%19.[C@@H]1%11CCCN1%23.C%23(=O)[C@@H]7C%20.c1%20ccccc1.C%16CCCN.CC[C@@H]%13C.N6C(=N)N.C%25(=O)CN.C%17(C)C.C9C(=O)O.C%19C%10.C%21%11=O.C%24%12=O.C%18(C)O.N4%10.N%154.N%215.N%226.N%247.N%258.N%269	CCO.CC[C@H]1CSSC[C@@H](C(=O)N[C@@H](Cc2ccccc2)C(=O)N2CCC[C@H]2C(=O)N[C@H](C(N)=O)C(C)C)NC(=O)[C@H](CCCCN)NC(=O)CNC(=O)[C@H](C(C)C)NC(=O)CNC(=O)[C@H]([C@@H](C)CC)NC(=O)[C@H](C(=O)[C@H](CCCCN)NC(=N)N)NC(=O)[C@@H]2CCCN2C1=O.N.NCC(=O)N[C@@H](CCC(N)=O)C(=O)NCC(=O)O.N[C@H](C=O)Cc1ccc(O)cc1
C%16(=O)[C@@H]7CCCN=C(N)N.C%17(=O)[C@@H]8CCCN=C(N)N.C%18(=O)[C@@H](N)CCCN=C(N)N.c19c[nH]c2ccccc12.c1%10c[nH]c2ccccc12.c1%11c[nH]c2ccccc12.c1%12c[nH]c2ccccc12.CCCC[C@H]%19C(N)=O.C3(=O)[C@@H]%20C9.C%13(=O)[C@@H]4C%10.C%14(=O)[C@@H]5C%11.C%15(=O)[C@@H]6C%12.N3%19.N%13%20.N%144.N%155.N%166.N%177.N%188	CCCC[C@H](NC(=O)[C@H](Cc1c[nH]c2ccccc12)NC(=O)[C@H](Cc1c[nH]c2ccccc12)NC(=O)[C@H](Cc1c[nH]c2ccccc12)NC(=O)[C@H](Cc1c[nH]c2ccccc12)NC(=O)[C@H](CCCN=C(N)N)NC(=O)[C@H](CCCN=C(N)N)NC(=O)[C@@H](N)CCCN=C(N)N)C(N)=O
C2(=O)[C@@H]%26CCCN=C(N)N.C%46(=O)[C@@H]%30CCCN=C(N)N.C%57(=O)[C@@H]%30CCCN=C(N)N.C4(=O)[C@@H]%37CCCN=C(N)N.C%59(=O)[C@@H]%33CCCCN.C5(=O)[C@@H]%36CCCCN.C%10(=O)[C@@H](N)CCCCN.[C@H]%42(CCCCN)C%14=O.[C@H]%49(CCC(N)=O)C%20=O.[C@H]%51(CCCCN)C%21=O.[C@H]%53(CCCCN)C(=O)O.CC[C@H](C)[C@H]%25C%11=O.C%13(=O)[C@@H]%27CC(=O)O.C%58(=O)[C@@H]%32CC(C)C.C6(=O)[C@@H]%38CC(C)C.C7(=O)[C@@H]%39CC(C)C.[C@@H]%48(C%19=O)[C@@H](C)CC.[C@H]%52(CC(N)=O)C%22=O.C%24(=O)[C@@H]%28C(C)C.[C@@H]%44(C%15=O)C(C)C.[C@@H]%45(C%17=O)C(C)C.[C@@H]%49(C%18=O)[C@@H](C)O.C%35(=O)[C@@H]%29C%55.c1%55ccccc1.N1%11CCC[C@H]1%54.[C@H]%43(C%56)C%14=O.c1%56ccccc1.[C@H]%50(C)C%21=O.C%60(=O)C%37.C9(=O)C%41.C%40C9=O.C%12%54=O.N2%23.N%13%25.N%24%26.N%35%27.N%46%28.N%57%29.N%58%30.N%59%31.N%60%32.N3%33.N4%34.N5%36.N6%37.N7%38.N8%39.N9%40.N%10%41.N%12%42.N%14%43.N%15%44.N%16%45.N%17%47.N%18%48.N%19%49.N%20%50.N%21%51.N%22%52.N%23%53	CC(C)C[C@H](NC(=O)C[C@@H](CCCN=C(N)N)C(N)=O)C(N)=O.CC(C)C[C@H](NC(=O)[C@@H](N)CC(C)C)C(N)=O.CC(C)[C@@H]1NC1=O.CC(C)[C@H](N)C(N)=O.CC[C@H](C)[C@H](NC(=O)[C@H](CC(=O)O)NC(=O)[C@H](Cc1ccccc1)NC(=O)[C@H](CCCN=C(N)N)[C@@H](CCCN=C(N)N)C(=O)N[C@H](C(=O)N[C@@H](CCCN=C(N)N)C(=O)NN[C@@H](CCCCN)C(=O)O)C(C)C)C(=O)N1CCC[C@H]1C(=O)N[C@@H](CCCCN)C(=O)C(=O)[C@@H](N)Cc1ccccc1.CC[C@H](C)[C@H](NC(=O)[C@H]([C@@H](C)O)[C@@H](CCC(N)=O)C(=O)N[C@@H](C)C(=O)C(=O)[C@@H](N)CCCCN)C(N)=O.NC(=O)C[C@@H]1NC1=O.NCCCC[C@@H]1NC1=O.NCCCC[C@H](N)C(=O)NCC(=O)C(=O)CN.NCCCC[C@H](N)C(N)=O
C%14(=O)[C@@H]8CCC(N)=O.C%23(=O)[C@@H]%11CCCCN.c1%20c[nH]c2ccccc12.CC[C@H](C)[C@H]6C%25=O.C3(=O)[C@@H]7CC(C)C.C%22(=O)[C@@H]%10CC(C)C.[C@H]%16(CC(C)C)C5=O.C%24(=O)[C@@H]%12CC%18.C%21(=O)[C@@H]8C%19.[C@@H]1%19CCCN1.C%23(=O)CN.C%13C%26=O.C%15C4=O.C%17C(N)=O.N36.N%147.N%218.N%229.N%23%10.N%24%11.S%18C.N%25%12.N%26%13.N%27%15.N4%16.N5%17	CC(C)C[C@H](N)C(N)=O.CC(C)C[C@H](NC(=O)CN)C(=O)NCC(N)=O.CC[C@H](C)[C@H](NC(=O)[C@H](CC(C)C)NC(=O)[C@H](CCC(N)=O)[C@@H](C[C@@H]1CCCN1)C(N)=O)C(=O)N[C@@H](CCSC)C(=O)N[C@@H](CCCCN)C(=O)C(=O)CN.O=C1CN1.c1ccc2[nH]ccc2c1
C3(=O)[C@@H]7CCCN=C(N)N.C%14(=O)[C@@H]8CCCN=C(N)N.C%23(=O)[C@@H]%10CCCN=C(N)N.C%25(=O)[C@@H](N)CCCN=C(N)N.[C@H]%15(CCCN=C(N)N)C4=O.[C@H]%16(CCCN=C(N)N)C5=O.[C@H]%17(CCCN=C(N)N)C(N)=O.c1%18c[nH]c2ccccc12.c1%20c[nH]c2ccccc12.c1%21c[nH]c2ccccc12.CC(C)C[C@H]6C%26=O.c1%19ccc(O)cc1.C%22(=O)[C@@H]9C%18.C%24(=O)[C@@H]%11C%19.[C@H]%12(C%20)C%27=O.[C@H]%13(C%21)C%28=O.N36.N%147.N%228.N%239.N%24%10.N%25%11.N%26%12.N%27%13.N%28%15.N4%16.N5%17	CC(C)C[C@H](NC(=O)[C@H](CCCN=C(N)N)NC(=O)[C@H](CCCN=C(N)N)NC(=O)[C@H](Cc1c[nH]c2ccccc12)NC(=O)[C@H](CCCN=C(N)N)NC(=O)[C@H](Cc1ccc(O)cc1)NC(=O)[C@@H](N)CCCN=C(N)N)C(=O)N[C@@H](Cc1c[nH]c2ccccc12)C(=O)N[C@@H](Cc1c[nH]c2ccccc12)C(=O)N[C@@H](CCCN=C(N)N)C(=O)N[C@@H](CCCN=C(N)N)C(=O)N[C@@H](CCCN=C(N)N)C(N)=O
C2(=O)[C@@H]3CCCN=C(N)N.C9(=O)[C@@H]%16CCCCN.C%13(=O)[C@@H](N)CCCCN.CC[C@H](C)[C@H]%15C%14=O.c16ccc(O)cc1.C%11(=O)[C@@H]4C(C)C.c17ccc(O)cc1.c18ccc(O)cc1.[C@H]5(CC6)C(N)=O.C%10(=O)[C@@H]4C8.N2%15.N9%16.N%10%17.N%113.N%134.N%145	CC[C@H](C)[C@H](NC(=O)[C@H](CCCN=C(N)N)NC(=O)[C@H](C(C)C)[C@@H](Cc1ccc(O)cc1)C(N)=O)C(=O)N[C@@H](CCc1ccc(O)cc1)C(N)=O.NCCCC[C@@H]1NC1=O.NCCCC[C@H](N)C(N)=O.Oc1ccccc1
C%36(=O)[C@H](CCCN)NN=C(N(C)C)N(C)C.C%33(=O)[C@@H]%13CCCN=C(N)N.[C@H]%18(CCCN=C(N)N)C5=O.[C@H]%19(CCCN=C(N)N)C6=O.c1%33c[nH]c2ccccc12.CC[C@H](C)[C@H]%11C%37=O.C%34(=O)[C@@H]%16CC(N)=O.C%36(=O)[C@@H]%17C(C)C.c1%32ccc(O)cc1.[C@@H]1%22CCCN1%14.[C@@H]1%23CCCN1%25.C%35(=O)[C@@H]%15C%32.N1%37CCC[C@H]1%24.N1%39CCC[C@H]1%26.N16CCC[C@H]1%27.N17CCC[C@H]1%28.[C@H]%20(C%33)C9=O.[C@H]%21(C%31)C%10=O.N1%10CCC[C@H]1%29.c1%31cnc[nH]1.C3%22=O.C%14%23=O.C%14%24=O.C%38%26=O.C4%27=O.C7%28=O.C8%29=O.C%30(=O)O.N3%12.N%34%13.N%35%15.N%36%16.N%38%17.N4%18.N5%19.N8%20.N9%21	CC(C)[C@H](NC(=O)[C@@H]1CCCN1)C(=O)C(=O)[C@H](CCCN)NN=C(N(C)C)N(C)C.CC[C@H](C)CC(=O)N1CCC[C@H]1C=O.C[C@@H]1NC(=O)[C@@H]2CCCN2C(=O)[C@H](Cc2cnc[nH]2)NC1=O.NC(=O)C[C@H](N)C(=O)N[C@@H](CCCN=C(N)N)C(=O)c1c[nH]c2ccccc12.NC(=O)[C@@H]1CCCN1C(=O)[C@@H]1CCCN1.NC(N)=NCCC[C@@H]1NC(=O)[C@@H]2CCCN2C(=O)[C@H](CCCN=C(N)N)NC1=O.O=C1N[C@H]1Cc1ccc(O)cc1.O=C1[C@@H]2CCCN12.O=CO
CC[C@H](C)[C@H](N)C2=O.[C@H]%14(CCC%15)C%13=O.[C@@H]%16(C%35=O)[C@@H](C)CC.[C@@H]%17(C%40=O)[C@@H](C)CC.[C@H]%18(CCC%19)C%41=O.[C@@H]%20(C%43=O)[C@@H](C)CC.[C@@H]%21(C%44=O)[C@@H](C)CC.[C@H]%22(CC%23)C3=O.[C@H]%25(CCC%26)C5=O.[C@H]%27(CC%28)C6=O.[C@H]%29(CCC%30)C7=O.[C@@H]%29(C%10=O)[C@@H](C)CC.[C@H]%31(CCC%32)C%11=O.[C@@H]%33(C%12=O)[C@@H](C)CC.[C@@H]%33(C(N)=O)C(C)C.N1%13CCC[C@H]1%34.N1%41CCC[C@H]1%36.N13CCC[C@H]1%37.N17CCC[C@H]1%38.N17CCC[C@H]1%39.N1%11CCC[C@H]1%39.N%15C(=N)N.N%19C(=N)N.N%23C(=N)N.N%28C(=N)N.N%32C(=N)N.C%24%34=O.C%42%36=O.C4%37=O.C8%38=O.C%11%39=O.N2%14.N%24%16.N%35%17.N%40%18.N%42%20.N%43%21.N%44%22.N4%25.N4%27.N6%27.N8%29.N9%31.N%10%31.N%12%33	C=O.CCC[C@@H](C(=O)N1CCC[C@H]1C(N)=O)[C@H](C(N)=O)[C@@H](C)CC.CCC[C@@H](C=O)NC(=O)[C@@H]1CCCN1C(=O)[C@H](CCNC(=N)N)NC(=O)[C@@H](NC(=O)[C@@H](NC(=O)[C@@H]1CCCN1C(=O)[C@H](CCCNC(=N)N)NC(=O)[C@@H](NC(=O)[C@@H](NC(=O)[C@@H]1CCCN1C(=O)[C@H](CCCNC(=N)N)NC(=O)[C@@H](N)[C@@H](C)CC)[C@@H](C)CC)[C@@H](C)CC)[C@@H](C)CC)[C@@H](C)CC.CC[C@H](C)[C@@H](C(N)=O)[C@H](C(N)=O)C(C)C.N=C(N)NCCC[C@H](N)C(=O)N1CCC[C@H]1[C@@H]1CCCN1.N=C(N)NCC[C@H](N)C(N)=O
C%36(=O)[C@@H](CCCN)NN=C(N(C)C)N(C)C.C%33(=O)[C@H]%15CCCN=C(N)N.[C@@H]%18(CCCN=C(N)N)C3=O.[C@@H]%19(CCCN=C(N)N)C5=O.[C@@H]%21(CCCN=C(N)N)C%10=O.CC(C)C[C@@H]%11C%36=O.C%35(=O)[C@H]%16CCCN.C%17(CC(O)CN1%38.c1%32ccc(O)cc1.[C@H]%20(C%10=O)C(C)C.C2(=O)[C@H]%12C%32.[C@H]1%23CCCN1%33.N1%37CCC[C@@H]1%25.N13CCC[C@@H]1%26.N15CCC[C@@H]1%27.N16CCC[C@@H]1%29.[C@@H]%19(C%31)C8=O.N18CCC[C@@H]1%30.c1%31cnc[nH]1.C%34(=O)CN.C%24%23=O.C%37%25=O.C%38%26=O.C4%27=O.C6%28=O.C7%29=O.C9%30=O.C%31(=O)O.N2%11.N%13%12.N%24%14.N%34%15.N%35%16.N%36%17.N4%18.N7%19.N9%20.N%10%21	INVALID
C2(=O)[C@@H]%14CCCN=C(N)N.C%13(=O)[C@@H]%15CCCN=C(N)N.C%35(=O)[C@@H]%16CCCN=C(N)N.C%37(=O)[C@@H]%17CCCN=C(N)N.C4(=O)[C@@H]%20CCCN=C(N)N.[C@H]%26(CCCN=C(N)N)C(N)=O.C6(=O)[C@@H]%21CCCCN.CC[C@H](C)[C@H]%12C9=O.C%39(=O)[C@@H]%18CC(C)C.C7(=O)[C@@H]%22CC(=O)O.[C@H]%25(CC(N)=O)C%11=O.c1%32ccc(O)cc1.C8(=O)[C@@H](N)C(C)C.c1%33ccc(O)cc1.[C@@H]1%27CCCN1%34.[C@@H]1%28CCCN1%35.[C@@H]1%29CCCN1%37.[C@@H]1%30CCCN1%39.C3(=O)[C@@H]%19C%32.[C@@H]1%31CCCN16.[C@H]%23(C%33)C%10=O.C%24%27=O.C%34%28=O.C%36%29=O.C%38%30=O.C5%31=O.N2%12.N%13%14.N%24%15.N%36%16.N%38%17.N3%18.N4%19.N5%20.N7%21.N8%22.N9%23.N%10%25.N%11%26	CC[C@H](C)[C@H](NC(=O)[C@H](CCCN=C(N)N)NC(=O)[C@H](CCCN=C(N)N)NC(=O)[C@@H]1CCCN1C(=O)[C@@H]1CCCN1C(=O)[C@H](CCCN=C(N)N)NC(=O)[C@@H]1CCCN1C(=O)[C@H](CCCN=C(N)N)NC(=O)[C@@H]1CCCN1C(=O)[C@H](CC(C)C)NC(=O)[C@H](Cc1ccc(O)cc1)NC(=O)[C@H](CCCN=C(N)N)NC(=O)[C@@H]1CCCN1C(=O)[C@H](CCCCN)NC(=O)[C@H](CC(=O)O)NC(=O)[C@@H](N)C(C)C)C(=O)N[C@@H](Cc1ccc(O)cc1)C(=O)N[C@@H](CC(N)=O)C(=O)N[C@@H](CCCN=C(N)N)C(N)=O
NCCCC[C@H]9C(=O)O.C7(=O)[C@@H](N)CCCCN.C6(=O)[C@@H]%12[C@@H](C)O.C5(=O)[C@@H]%11C4.[C@@H]13CCCN17.C2(=O)[C@@H]%10C.c14cnc[nH]1.C83=O.N29.N5%10.N6%11.N8%12	C[C@H](NC(=O)[C@H](Cc1cnc[nH]1)NC(=O)[C@@H](NC(=O)[C@@H]1CCCN1C(=O)[C@@H](N)CCCCN)[C@@H](C)O)C(=O)N[C@@H](CCCCN)C(=O)O
[C@@H]14NC(=O)[C@H]5NC(=O)[C@H]6NC(=O)[C@H]7NC(=O)[C@H]8NC(=O)[C@@H]9NC1=O.c1%11c[nH]c2ccccc12.NC(N)N4.c1%10ccccc1.c1%10ccccc1.C7CCCN.C6(C)C.C5%10.C8%11	CC(C)[C@@H]1NC(=O)[C@H](CCCCN)NC(=O)[C@H](Cc2c[nH]c3ccccc23)NC(=O)CNC(=O)[C@H](NC(N)N)NC(=O)[C@H](C)NC1=O.c1ccc(-c2ccccc2)cc1
C%13(=O)[C@@H]%19CCCCN.C%44(=O)[C@@H]%22CCCCN.C3(=O)[C@@H]%26CCCCN.C5(=O)[C@@H]%28CCCCN.C7(=O)[C@@H]%29CCCCN.C9(=O)[C@@H]%31CCCCN.C%11(=O)[C@@H]%33CCCCN.C%16(=O)[C@@H]%36CCCCN.CC(C)C[C@H]%18C(=O)O.C%24(=O)[C@@H]%21CC(C)C.C%45(=O)[C@@H]%23CC(C)C.C%46(=O)[C@@H]%25CC(C)C.C4(=O)[C@@H]%27CC(C)C.C8(=O)[C@@H]%30CC(C)C.C%12(=O)[C@@H]%32CC(C)C.C%14(=O)[C@@H]%34CC(N)=O.C%17(=O)[C@@H](N)CC(C)C.[C@@H]1%37CCCN1%13.[C@@H]1%38CCCN1%44.[C@@H]1%39CCCN13.[C@@H]1%40CCCN17.[C@@H]1%41CCCN17.[C@@H]1%42CCCN1%11.[C@@H]1%42CCCN1%16.C2%37=O.C%43%38=O.C%47%39=O.C%47%39=O.C6%40=O.C%10%41=O.C%15%42=O.N2%18.N%24%19.N%35%20.N%43%21.N%45%22.N%46%23.N%47%25.N4%26.N5%27.N6%28.N8%29.N9%30.N%10%31.N%12%32.N%14%33.N%15%34.N%17%36	CC(C)C[C@@H]1NC1=O.CC(C)C[C@H](N)C(=O)N[C@@H](CCCCN)C(=O)N1CCC[C@H]1[C@@H]1CCCN1C(=O)[C@H](CCCCN)NC(=O)[C@H](CC(N)=O)NC=O.CC(C)C[C@H](NC(=O)[C@@H]1CCCN1C(=O)[C@H](CCCCN)NC(=O)[C@H](CC(C)C)NC(=O)[C@@H]1CCCN1C(=O)[C@H](CCCCN)NC(=O)[C@H](CC(C)C)NC(=O)[C@@H](N)CC(C)C)C(=O)O.CC(C)C[C@H](NC(=O)[C@H](CCCCN)NC(=O)[C@@H]1CCCN1C(=O)[C@H](CCCCN)NC(=O)[C@H](CC(C)C)NC(=O)[C@H](CCCCN)NC(=O)[C@@H]1CCCN1)C(=O)N[C@@H](CCCCN)C(=O)N1CCC[C@H]1C(=O)C=O.N
CC(C)C[C@H]%15C%13=O.[C@H]%19(CCC%21)C%50=O.[C@H]%26(CCC%28)C4=O.[C@H]%30(CCCN)C8=O.[C@H]%33(CC(C)C)C%10=O.[C@H]%34(CC(C)C)C%11=O.[C@@H]%31(C9=O)C(C)C.[C@@H]%37(C%14=O)[C@@H](C)O.C2(=O)[C@@H](N)C%40.[C@H]%17(CO)C%24=O.[C@H]%18(C%39)C%46=O.[C@H]%20(C%40)C%51=O.[C@H]%22(C%41)C%52=O.[C@H]%25(C%42)C3=O.[C@H]%26(C%43)C5=O.[C@H]%27(C%44)C6=O.[C@H]%29(C%45)C7=O.[C@H]%32(C%47)C9=O.[C@H]%35(C%48)C%12=O.[C@H]%38(C%49)C(N)=O.c1%49ccccc1.c1%39cnc[nH]1.c1%40cnc[nH]1.c1%41cnc[nH]1.c1%42cnc[nH]1.[C@H]%23(C)C3=O.c1%44cnc[nH]1.c1%45cnc[nH]1.c1%47cnc[nH]1.c1%48ccc1.c1%49cnc[nH]1.c1%50cnc[nH]1.N%31C(=N)N.N%36C(=N)N.N2%15.N%13%16.N%24%17.N%35%18.N%46%19.N%50%20.N%51%21.N%52%22.N%53%23.N3%25.N4%26.N5%28.N6%29.N7%30.N8%31.N9%32.N%10%33.N%11%34.N%12%37.N%14%38	CC(C)C[C@@H]1NC1=O.CC(C)C[C@@H]1NC1=O.CC(C)C[C@H](NC(=O)[C@@H](N)CC[C@H](N)C(=O)NCCC[C@H](NC(=O)[C@H](Cc1cnc[nH]1)N[C@@H](CC1=CC=C1)C(=O)N[C@H](C(=O)N[C@@H](Cc1ccccc1)C(N)=O)[C@@H](C)O)C(=O)c1cnc[nH]1)C(N)=O.CC(C)[C@H](NC(=N)N)C(=O)C(=O)[C@@H](N)Cc1cnc[nH]1.C[C@H](N)C(=O)C(=O)[C@@H](N)Cc1cnc[nH]1.C[C@H]1C(=O)NCCC[C@H]1C(N)=O.N=C(N)N.NCCC[C@H](NC(=O)[C@H](Cc1cnc[nH]1)NC(=O)CCc1cnc[nH]1)C(N)=O.O=C1N[C@H]1CO.O=C1N[C@H]1Cc1cnc[nH]1.c1c[nH]cn1.c1c[nH]cn1
c1%20c[nH]c2ccccc12.C%23(=O)[C@@H]9CCCCN.C%25(=O)[C@@H]%11CCCCN.C%28(=O)[C@@H]%15CCCCN.c1%22c[nH]c2ccccc12.[C@H]%16(CC(C)C)C(N)=O.c1%21ccc(O)cc1.C%27(=O)[C@@H]%13CCN.CCC[C@H]6C5=O.C3(=O)[C@@H]8C%20.C%24(=O)[C@@H]%10C%21.C%26(=O)[C@@H]%11C%22.[C@@H]1%18CCCN1%28.C%28(=O)[C@@H]%12C%23.C4(=O)[C@@H]%15C%19.c1%19cnc[nH]1.C5(=O)CN.C%14%17=O.C%29%18=O.N37.N%148.N%249.N%25%10.N%26%11.N%27%12.N%29%13.N4%15.N5%16	CC(C)C[C@H](N)C(N)=O.CCCCC(=O)C(=O)CN.NC(=O)[C@H](Cc1c[nH]c2ccccc12)NC=O.NCCCC[C@H](NC(=O)[C@H](Cc1ccc(O)cc1)NC(=O)[C@H](CCCCN)[C@@H](Cc1c[nH]c2ccccc12)C(N)=O)C(=O)C[C@@H](C=O)NC(=O)[C@H](CCN)NC(=O)[C@@H]1CCCN1C(=O)[C@H](CCCCN)[C@@H](Cc1cnc[nH]1)C(N)=O
[C@H]8(CCCN=C(N)N)C(N)=O.c1%10c[nH]c2ccccc12.C%13(=O)[C@@H]4CCCCN.c1%11c[nH]c2ccccc12.CC(C)C[C@H]%18C%17=O.C%16(=O)[C@@H](N)CC(C)C.C3(=O)[C@@H]%19C%10.C%12(=O)[C@@H]5CO.C%15(=O)[C@@H]7C%11.[C@@H]19CCCN1.C%149=O.N3%18.N%12%19.N%134.N%145.N%156.N%167.N%178	CC(C)C[C@H](N)C(=O)N[C@@H](Cc1c[nH]c2ccccc12)C(N)=O.CC(C)C[C@H](NC(=O)[C@H](Cc1c[nH]c2ccccc12)NC(=O)[C@H](CO)NC(=O)[C@@H]1CCCN1)C(=O)N[C@@H](CCCN=C(N)N)C(N)=O.NCCCC[C@@H]1NC1=O
[C@H]8(CCCN=C(N)N)C%24=O.[C@H]%12(CCCN=C(N)N)C%28=O.c1%20c[nH]c2ccccc12.[C@H]%13(CCCCN)C%29=O.c1%21c[nH]c2ccccc12.c1%23c[nH]c2ccccc12.CC(C)C[C@H]7C%14=O.[C@H]%11(CC(C)C)C%27=O.[C@H]%16(CCN)C4=O.[C@H]%17(CCN)C5=O.[C@H]%10(C%20)C%26=O.[C@H]%12(C%21)C%29=O.[C@H]%15(Cc)C%30=O.[C@H]%18(C%22)C6=O.c1%22ccccc1.[C@H]%19(C%23)C(=O)O.C3(=O)CN.N37.N%148.N%249.N%25%10.N%26%11.N%27%12.N%28%13.N%29%15.N%30%16.N4%17.N5%18.N6%19	INVALID
[C@H]%56(CCCN=C(N)N)C%11=O.[C@H]%53(CCCN=C(N)N)C%12=O.[C@H]%59(CCCN=C(N)N)C%19=O.[C@H]%66(CCCN=C(N)N)C%28=O.C3(=O)[C@@H]%35CCCCN.C%14(=O)[C@@H]%37CCC(N)=O.C%79(=O)[C@@H]%44CCC(=O)O.C4(=O)[C@@H]%46CCCCN.[C@H]%50(CCC(=O)O)C%11=O.[C@H]%52(CCCCN)C%13=O.[C@H]%55(CCC(=O)O)C%16=O.[C@H]%57(CCCCN)C%18=O.[C@H]%68(CCCCN)C%29=O.c1%77c[nH]c2ccccc12.[C@H]%68(CCCCN)C%29=O.c1%78c[nH]c2ccccc12.[C@H]%73(CCCCN)C%33=O.CC[C@H](C)[C@H]%34C9=O.C%69(=O)[C@@H]%40[C@@H](C)CC.C%81(=O)[C@@H]%43CC(C)C.C5(=O)[C@@H]%48CC(C)C.[C@@H]%59(C%15=O)[C@@H](C)CC.[C@@H]%66(C%28=O)[C@@H](C)CC.[C@@H]%62(C%20=O)C(C)C.[C@@H]%61(C%23=O)C(C)C.[C@@H]%71(C%30=O)C(C)C.[C@@H]%74(C(=O)O)C(C)C.C7(=O)[C@@H]%49C%76.[C@H]%52(C%77)C%10=O.[C@H]%61(C%79)C%10=O.c1%78ccccc1.N1%28CCC[C@H]1%75.C%80(=O)[C@@H]%44C.[C@H]%64(C)C%27=O.[C@H]%71(C)C%32=O.C%25(=O)C%38.C%36(=O)C%39.C%47(=O)C%41.C5(=O)C%45.C8(=O)CN.C%63C%23=O.C%72C%33=O.C%19%75=O.N3%34.N%14%35.N%25%37.N%36%38.N%47%39.N%58%40.N%69%41.N%79%42.N%80%43.N4%44.N5%45.N6%46.N7%48.N8%49.N9%50.N%10%51.N%11%52.N%12%53.N%13%54.N%15%55.N%16%56.N%17%57.N%19%59.N%19%60.N%20%61.N%21%62.N%22%63.N%23%64.N%24%65.N%26%66.N%27%67.N%28%68.N%29%70.N%30%71.N%31%72.N%32%73.N%33%74	CC(C)C[C@@H](C=O)NC(=O)[C@H](C)[C@@H](CCC(=O)O)C(=O)C[C@@H](C(=O)C(=O)[C@H](Cc1c[nH]c2ccccc12)[C@@H](CCCCN)C(N)=O)[C@H](C(=O)C(=O)CN)C(C)C.CC(C)C[C@H](NC(=O)[C@H](C)NC(=O)CN)C(=O)C(=O)CN.CC(C)[C@@H](C(N)=O)[C@@H](C)C(=O)N[C@@H](CCCCN)C(=O)C(=O)CN.CC(C)[C@H](N)C(=O)O.CC(C)[C@H](N)C(N)=O.CC[C@H](C)[C@@H](C(=O)N[C@@H](CCC(=O)O)C(=O)N[C@@H](CCCN=C(N)N)C(=O)C(=O)[C@H](CCC(=O)O)NC(=O)[C@@H](NC(=O)[C@H](CCCCN)NC(=O)[C@H](CCC(N)=O)NC(=O)CNC(=O)CNC(=O)CNC(=O)[C@@H](N)[C@@H](C)CC)[C@@H](C)CC)[C@@H](CCCN=C(N)N)C(=O)C(=O)[C@@H]1CCCN1N.CC[C@H](C)[C@H]1C(=O)C(=O)[C@@H]1CCCN=C(N)N.C[C@H](N)C(N)=O.N.N.N.N.N.N.NC(N)=NCCC[C@@H]1NC1=O.NCCCC[C@H](N)C(N)=O.NCCCC[C@H](N)C=O.NCCCC[C@H]1C(=O)C(=O)[C@@H]1CCCCN.NN.c1ccc(-c2c[nH]c3ccccc23)cc1
NCCCC[C@H]6C(=O)O.C5(=O)[C@@H](N)CCCCN.C2(=O)[C@@H]7CCCCN.C3(=O)[C@@H]8CC(=O)O.[C@@H]1%10CCCN15.C4%10=O.N26.N37.N48.N69	N.NCCCC[C@H](NC(=O)[C@H](CCCCN)NC(=O)[C@H](CC(=O)O)NC(=O)[C@@H]1CCCN1C(=O)[C@@H](N)CCCCN)C(=O)O
C2(=O)[C@@H]%20CCCCN.C%13(=O)[C@@H]%21CCCCN.CC[C@H](C)[C@H]%19C8=O.C%24(=O)[C@@H]%22[C@@H](C)CC.C%46(=O)[C@@H]%26CC(C)C.C%52(=O)[C@@H]%28CC(N)=O.C4(=O)[C@@H]%31CC(C)C.C5(=O)[C@@H]%33CC(C)C.[C@H]%34(CC(N)=O)C9=O.[C@H]%42(CC(C)C)C%18=O.[C@@H]%39(C%14=O)C(C)C.C%46(=O)[C@@H]%25CO.C%49(=O)[C@@H]%26C%45.c1%45ccccc1.C5(=O)[C@@H]%32CO.C7(=O)[C@@H](N)C%47.c1%47ccccc1.[C@H]%38(CO)C%12=O.[C@H]%40(C%48)C%15=O.c1%48ccccc1.N1%16CCC[C@H]1%44.[C@H]%43(CO)C(=O)O.C%35(=O)[C@@H]%23C.C%50(=O)[C@@H]%27C.C3(=O)[C@@H]%30C.[C@H]%36(C)C%10=O.[C@H]%37(C)C%11=O.[C@H]%41(C)C%16=O.C%17%44=O.N2%19.N%13%20.N%24%21.N%35%22.N%46%23.N%49%25.N%50%26.N%51%27.N%52%28.N3%29.N4%30.N5%31.N6%32.N7%33.N8%34.N9%36.N%10%37.N%11%38.N%12%39.N%14%40.N%15%41.N%17%42.N%18%43	CC(C)C[C@H](N)C(=O)N[C@@H](C)C(N)=O.CC(C)C[C@H](NC(=O)[C@@H](N)Cc1ccccc1)C(=O)C(=O)[C@@H](N)CO.CC(C)C[C@H]1C(=O)C(=O)[C@H](CO)NC(=O)[C@@H]1Cc1ccccc1.CC[C@H](C)[C@H](NC(=O)[C@H](C)N)C(=O)N[C@@H](CCCCN)C(=O)N[C@@H](CCCCN)C(=O)N[C@H](C(=O)N[C@@H](CC(N)=O)C(=O)N[C@@H](C)C(=O)N[C@@H](C)C(=O)N[C@@H](CO)C(=O)N[C@H](C(=O)N[C@@H](Cc1ccccc1)C(=O)N[C@@H](C)C(=O)N1CCC[C@H]1C(=O)N[C@@H](CC(C)C)C(=O)N[C@@H](CO)C(=O)O)C(C)C)[C@@H](C)CC.C[C@H](N)C(N)=O.NC(=O)C[C@@H]1NC1=O
C3(=O)[C@H]8CCCN=C(N)N.C%21(=O)[C@H]%10CCCN=C(N)N.[C@@H]%19(CCCN=C(N)N)C(N)=O.c1%20c[nH]c2ccccc12.C%23(=O)[C@H](N)CCCCN.[C@@H]%12(CCCCN)C%25=O.[C@@H]%13(CCCCN)C%26=O.CC[C@@H](C)[C@@H]7C%24=O.C%22(=O)[C@H]%11[C@H](C)CC.[C@H]%15(C%27=O)[C@H](C)CC.[C@@H]%16(CC(C)C)C4=O.C%14(=O)[C@H]9CS.[C@@H]%17(C%20)C5=O.C%19(C)F)C6=O.N37.N%148.N%219.N%22%10.N%23%11.N%24%12.N%25%13.N%26%15.N%27%16.N4%17.N5%18.N6%19	INVALID
[C@@H]%21(CCCN=C(N)N)C%48=O.[C@@H]%25(CCCN=C(N)N)C4=O.[C@@H]%32(CCCN=C(N)N)C%11=O.[C@@H]%34(CCCN=C(N)N)C%15=O.[C@@H]%36(CCCN=C(N)N)C(=O)O.[C@@H]%28(CCC(N)=O)C7=O.CC[C@@H](C)[C@@H]%16C%46=O.[C@@H]%23(CC(C)C)C%49=O.[C@@H]%27(CC(C)C)C5=O.[C@H]%31(C%10=O)C(C)C.C2(=O)[C@H]%17C%39.C%13(=O)[C@H]%18C%40.C%35(=O)[C@H]%20C%43.c1%43ccccc1.C%45(=O)[C@H](N)C%44.c1%44ccccc1.[C@@H]%22(C%45)C%47=O.N1%48CCC[C@@H]1%37.[C@@H]%30(C%41)C9=O.N19CCC[C@@H]1%38.[C@@H]%33(C%42)C%14=O.c1%39cnc[nH]1.c1%39cnc[nH]1.c1%40cnc[nH]1.c1%41cnc[nH]1.c1%42cnc[nH]1.C%24(=O)C%19.C%26C5=O.C8%37=O.C%10%38=O.N2%16.N%13%17.N%24%18.N%35%19.N%45%20.N%46%21.N%48%22.N%49%23.N%50%25.N3%26.N5%27.N6%28.N7%29.N8%30.N%10%31.N%11%32.N%12%33.N%14%34.N%15%36	CC(C)C[C@@H](N)C(=O)C(=O)CN.CC(C)C[C@H]1NC1=O.CC[C@@H](C)[C@@H](NC(=O)[C@@H](Cc1cnc[nH]1)NC(=O)[C@@H](Cc1cnc[nH]1)NC(=O)CNC(=O)[C@H](N)Cc1ccccc1)C(=O)N[C@H](CCCN=C(N)N)C(=O)N1CCC[C@@H]1C(=O)N[C@H](Cc1cnc[nH]1)C(=O)N1CCC[C@@H]1C(=O)C(=O)[C@H](N)C(C)C.NC(=O)CC[C@@H](N)C(N)=O.NC(N)=NCCC[C@@H](N)C=O.NC(N)=NCCC[C@@H](NC(=O)[C@@H](CCCN=C(N)N)NC(=O)[C@H](N)Cc1cnc[nH]1)C(=O)O.NC(N)=NCCC[C@H]1NC1=O.N[C@H](Cc1ccccc1)C(=O)C[C@@H](N)C=O.c1c[nH]cn1
[C@H]%18(CCCCN)C%13=O.[C@H]%21(CCCCN)C%44=O.[C@H]%25(CCCCN)C3=O.[C@H]%31(CCCCN)C%11=O.[C@H]%34(CCCCN)C%16=O.CC[C@H](C)[C@H](N)C2=O.[C@H]%19(CC(=O)O)C%35=O.[C@@H]%20(C%43=O)[C@@H](C)CC.[C@@H]%22(C%46=O)[C@@H](C)CC.[C@@H]%23(C%47=O)[C@@H](C)CC.[C@@H]%26(C5=O)[C@@H](C)CC.[C@@H]%27(C6=O)[C@@H](C)CC.[C@@H]%29(C9=O)[C@@H](C)CC.[C@@H]%30(C%10=O)[C@@H](C)CC.[C@@H]%32(C%14=O)[C@@H](C)CC.[C@H]%33(CCC%34)C%15=O.[C@@H]%36(C(N)=O)[C@@H](C)CC.N1%13CCC[C@H]1%37.N1%44CCC[C@H]1%38.N13CCC[C@H]1%39.N17CCC[C@H]1%40.N1%11CCC[C@H]1%41.N1%16CCC[C@H]1%42.C%24%37=O.C%45%38=O.C4%39=O.C8%40=O.C%12%41=O.C%17%42=O.N2%18.N%24%19.N%35%20.N%43%21.N%45%22.N%46%23.N%47%25.N4%26.N5%27.N6%28.N8%29.N9%30.N%10%31.N%12%32.N%14%33.N%15%36.N%17%36	CC[C@H](C)[C@H](N)C(=O)N[C@@H](CCCCN)C(=O)N1CCC[C@H]1C(=O)N[C@@H](CC(=O)O)C(=O)N[C@H](C(=O)N[C@@H](CCCCN)C(=O)N1CCC[C@H]1C(=O)N[C@H](C(=O)N[C@H](C(=O)N[C@@H](CCCCN)C(=O)N1CCC[C@H]1C(=O)N[C@H](C(=O)N[C@H](C(N)=O)[C@@H](C)CC)[C@@H](C)CC)[C@@H](C)CC)[C@@H](C)CC)[C@@H](C)CC.CC[C@H](C)[C@H](NC(=O)[C@H](CCC[C@@H](CCCCN)C(=O)N1CCC[C@H]1C(N)=O)NC(=O)[C@@H](NC(=O)[C@@H]1CCCN1C(=O)[C@H](CCCCN)NC(=O)[C@@H](NC(=O)[C@@H](NC(=O)[C@@H]1CCCN1)[C@@H](C)CC)[C@@H](C)CC)[C@@H](C)CC)C(N)=O
[C@@H]13NC(=O)[C@H]4NC(=O)[C@H]5NC(=O)[C@@H]2CSSC[C@H](NC1=O)C(=O)N2.C5CCCN.CC[C@@H]3C.C4(C)C	CC[C@H](C)[C@@H]1NC(=O)[C@H](C(C)C)NC(=O)[C@H](CCCCN)NC(=O)[C@@H]2CSSC[C@H](NC1=O)C(=O)N2
C%14(=O)[C@@H]9CCCN=C(N)N.C%24(=O)[C@@H](N)CCCN=C(N)N.[C@H]%12(CCCN=C(N)N)C%26=O.[C@H]%15(CCCN=C(N)N)C%28=O.[C@H]%17(CCCN=C(N)N)C6=O.[C@H]%18(CCCN=C(N)N)C(N)=O.c1%20c[nH]c2ccccc12.c1%21c[nH]c2ccccc12.CC[C@H](C)[C@H]7C%25=O.C3(=O)[C@@H]8C(C)C.[C@@H]%16(C4=O)C(C)C.C%22(=O)[C@@H]%10C%20.C%23(=O)[C@@H]%11C%21.c1%21ccccc1.N1%28CCC[C@H]1%19.C%29%19=O.N37.N%148.N%229.N%23%10.N%24%11.N%25%12.N%26%13.N%27%15.N4%16.N5%17.N6%18	CC(C)[C@@H]1NC1=O.CC[C@H](C)[C@H](NC(=O)[C@@H](NC(=O)[C@H](CCCN=C(N)N)NC(=O)[C@H](Cc1c[nH]c2ccccc12)NC(=O)[C@H](Cc1c[nH]c2ccccc12)NC(=O)[C@@H](N)CCCN=C(N)N)C(C)C)C(=O)N[C@@H](CCCN=C(N)N)C(N)=O.NC(=O)[C@H](CCCN=C(N)N)NC(=O)[C@@H](N)CCCN=C(N)N.NC(N)=NCCC[C@H](N)C(=O)N1CCC[C@H]1C=O.c1ccccc1
[C@H]6(CCCN=C(N)N)C%20=O.[C@H]9(CCCN=C(N)N)C%22=O.[C@H]7(CCCCN)C%20=O.[C@H]%10(CCCCN)C%23=O.[C@H]%15(CCCCN)C3=O.CC[C@H](C)[C@H]5C%13=O.[C@@H]8(C%21=O)[C@@H](C)CC.[C@@H]%11(C%24=O)[C@@H](C)CC.[C@@H]%12(C%25=O)[C@@H](C)CC.[C@@H]%14(C4=O)[C@@H](C)CC.c1%18ccc(O)cc1.[C@H]6(C%17)C%19=O.[C@H]%16(C%18)C(N)=O.c1%17cnc[nH]1.N25.N%136.N%197.N%208.N%219.N%22%10.N%23%11.N%24%12.N%25%14.N3%15.N4%16	CC[C@H](C)[C@H](N)C(=O)N[C@@H](CCCN=C(N)N)C(=O)N[C@@H](CCCCN)C(=O)N[C@H](C(=O)N[C@H](C(=O)N[C@H](C(=O)N[C@@H](Cc1ccc(O)cc1)C(N)=O)[C@@H](C)CC)[C@@H](C)CC)[C@@H](C)CC.CC[C@H](C)[C@H](N)C(N)=O.NCCCC[C@@H]1NC(=O)[C@H](Cc2cnc[nH]2)[C@@H](CCCN=C(N)N)C(=O)C1=O.NCCCC[C@@H]1NC1=O
[C@H]%76(CCCN=C(N)N)C%31=O.c1%89c[nH]c2ccccc12.C4(=O)[C@@H]%53CCCCN.C%12(=O)[C@@H]%59CCCCN.C%20(=O)[C@@H]%70CCCCN.C%19(=O)[C@@H]%64CCC(N)=O.C%21(=O)[C@@H]%74CCCCN.c1%94c[nH]c2ccccc12.[C@H]%71(CCC(=O)O)C%31=O.CC[C@H](C)[C@H]%40C%26=O.C%47(=O)[C@@H]%46[C@@H](C)CC.C7(=O)[C@@H]%49CC(N)=O.C9(=O)[C@@H]%56CC(N)=O.C%11(=O)[C@@H]%65CC(=O)O.C%22(=O)[C@@H]%68CC(N)=O.C%24(=O)[C@@H](N)CC(=O)O.[C@H]%73(CC(=O)O)C%27=O.[C@H]%76(CCC%77)C%33=O.[C@H]%86(CCC%87)C(=O)O.C%14(=O)[C@@H]%42C(C)C.C%80(=O)[C@@H]%48CC%88.C%10(=O)[C@@H]%67[C@@H](C)O.c1%95ccc(O)cc1.[C@H]%73(CC%89)C%30=O.C%14(=O)[C@@H]%43CO.C%36(=O)[C@@H]%44CO.C%47(=O)[C@@H]%45CO.C6(=O)[C@@H]%50CO.C8(=O)[C@@H]%55C%92.c1%92ccccc1.C%13(=O)[C@@H]%60C%93.c1%93ccccc1.C%15(=O)[C@@H]%61CO.C%16(=O)[C@@H]%63C%93.C%18(=O)[C@@H]%65C%84.C%20(=O)[C@@H]%66CO.[C@H]%75(CO)C%29=O.[C@H]%76(CO)C%32=O.[C@H]%77(C%96)C%33=O.[C@H]%78(C%89)C%39=O.[C@H]%85(C%96)C%40=O.c1%89cnc[nH]1.C%80(=O)[C@@H]%46C.C%11(=O)[C@@H]%55C.C%17(=O)[C@@H]%61C.c1%90cnc[nH]1.N%43C(=N)N.C%69(=O)C%48.C%91(=O)C%51.C5(=O)C%52.C%12(=O)C%60.C%79C%28=O.C%81C%35=O.N3%40.N%14%41.N%25%42.N%36%43.N%47%44.N%58%45.N%69%46.N%80%48.N%91%49.N4%50.N5%51.N6%52.N7%53.N8%54.N9%55.N%10%56.N%11%57.N%12%59.N%13%60.N%15%61.N%16%62.N%17%63.N%18%64.N%19%65.N%20%66.N%21%67.N%22%68.N%23%70.N%24%71.S%89C.N%26%73.N%27%74.N%28%75.N%29%76.N%30%77.N%31%78.N%32%79.N%33%81.N%34%82.N%35%83.N%37%84.N%38%85.N%39%86	CC(C)[C@H](N)C(=O)C(=O)[C@H](CO)NC(=N)N.CCC[C@H](NC(=O)[C@@H](N)Cc1cnc[nH]1)C(=O)O.CC[C@H](C)[C@@H](C(N)=O)C(=O)[C@@H](N)CC[C@@H]1CCC[C@H]([C@@H](CCCN=C(N)N)C(=O)C(=O)[C@H](CCC(=O)O)NC(=O)[C@@H](N)CC(=O)O)C(=O)C1=O.CC[C@H](CC(N)=O)C(=O)C(=O)[C@H](C)[C@H](C(=O)C(=O)[C@@H](N)CO)[C@@H](C)CC.CS.C[C@@H](C(=O)C(=O)[C@H](CC(=O)O)[C@@H](CN)C(=O)N[C@@H](CCC(N)=O)C(N)=O)[C@@H](Cc1ccccc1)C(N)=O.C[C@@H](O)[C@H](NC(=O)[C@H](CCCCN)NC(=O)[C@H](CC(=O)O)[C@@H](CCc1c[nH]c2ccccc12)C(N)=O)C(=O)N[C@@H](CC(N)=O)C(N)=O.C[C@H](NC(=O)[C@H](C)[C@@H](CO)C(N)=O)C(N)=O.N.N.N.N.N.NC(=O)C[C@@H]1NC1=O.NC(=O)[C@@H](N)CO.NCC(N)=O.NCCCC[C@@H]1NC(=O)[C@H](CC(N)=O)NC(=O)CNC(=O)CNC(=O)[C@H](CO)NC1=O.NCCCC[C@H](N)C(=O)C(=O)C[C@@H](Cc1ccccc1)C(N)=O.NCCCC[C@H](N)C(=O)C(=O)[C@@H](N)CO.O=C1CNC(=O)[C@H](CO)NC(=O)[C@H](CO)N1.Oc1ccccc1.c1c[nH]cn1.c1ccc2[nH]ccc2c1
C%14(=O)[C@@H]5CCCN=C(N)N.C%19(=O)[C@@H](N)CCCN=C(N)N.[C@H]9(CCCN=C(N)N)C%20=O.C3(=O)[C@@H]4CCCCN.C%17(=O)[C@@H]7CCC(N)=O.c1%12c[nH]c2ccccc12.c1%15c[nH]c2ccccc12.CC[C@H](C)[C@H]%22C%20=O.C%16(=O)[C@@H]6CC(C)C.C%18(=O)[C@@H]8C%12.[C@H]%10(C%13)C%21=O.[C@H]%10(C%15)C(N)=O.c1%11cnc[nH]1.N3%22.N%144.N%165.N%176.N%187.N%198.N%209.N%21%10	CC[C@H](C)[C@H](NC(=O)[C@H](CCCCN)NC(=O)[C@H](CCCN=C(N)N)NC(=O)[C@H](CC(C)C)NC(=O)[C@H](CCC(N)=O)NC(=O)[C@H](Cc1c[nH]c2ccccc12)NC(=O)[C@@H](N)CCCN=C(N)N)C(=O)C(=O)[C@@H](N)CCCN=C(N)N.C[C@@H](C(N)=O)[C@@H](Cc1c[nH]c2ccccc12)C(N)=O.c1c[nH]cn1
C2(=O)[C@@H]%10CCCN=C(N)N.C%13(=O)[C@@H](N)CCCN=C(N)N.[C@H]%11(CCCN=C(N)N)C%26=O.[C@H]%12(CCCN=C(N)N)C%28=O.[C@H]%12(CCCN=C(N)N)C%31=O.[C@H]%16(CCCN=C(N)N)C3=O.[C@H]%17(CCCN=C(N)N)C5=O.[C@H]%19(CCCN=C(N)N)C7=O.CC[C@H](C)[C@H]9C%24=O.[C@H]%14(CC(C)C)C%29=O.[C@H]%15(CC(C)C)C3=O.N1%26CCC[C@H]1%20.N1%29CCC[C@H]1%21.N13CCC[C@H]1%22.N15CCC[C@H]1%23.N17CCC[C@H]1%25.C%27%20=O.C%30%21=O.C4%22=O.C6%23=O.C8%25=O.N29.N%13%10.N%24%11.N%27%12.N%28%14.N%30%15.N%31%16.N4%17.N6%18.N8%19	CC(C)C[C@@H]1NC(=O)[C@@H]2CCCN2C(=O)[C@H](CC(C)C)NC(=O)[C@H](CCCN=C(N)N)[C@@H](CCCN=C(N)N)C(=O)N[C@@H](CCCN=C(N)N)C(=O)C1=O.CC[C@H](C)[C@H](NC(=O)[C@H](CCCN=C(N)N)NC(=O)[C@@H](N)CCCN=C(N)N)C(=O)N[C@@H](CCCN=C(N)N)C(=O)N1CCC[C@H]1C(N)=O.NC(=O)[C@@H]1CCCN1C(=O)[C@H](CCCN=C(N)N)NC(=O)[C@@H]1CCCN1.NC(N)=NCCC[C@@H]1NC(=O)[C@@H]2CCCN2C1=O
C%38(=O)[C@@H]%18CCCN=C(N)N.C%41(=O)[C@@H]%20CCCN=C(N)N.C8(=O)[C@@H]%23CCCN=C(N)N.C%14(=O)[C@@H]%15CCCCN.c1%35c[nH]c2ccccc12.C7(=O)[C@@H]%22CCCCN.[C@H]%26(CCCC(=O)O)C%12=O.CC[C@H](C)[C@H]%13C%11=O.C%40(=O)[C@@H]%19CC%28.c1%37ccc(O)cc1.C1%34CC(O)CN1%41.[C@@H]%27(C(=O)O)C(C)C.[C@@H]1%29CCCN1%25.C%25(=O)[C@@H]%16C%33.C%39(=O)[C@@H]%17C%34.[C@@H]1%30CCCN1%41.[C@@H]1%31CCCN14.C4(=O)[C@@H]%21C%35.[C@@H]1%32CCCN16.[C@@H]1%33CCCN18.c1%34cnc[nH]1.C%10(=O)CN.C3%29=O.C%36%30=O.C%39%31=O.C%40%32=O.C5%33=O.C7%34=O.N3%13.N%14%15.N%36%16.N%38%17.N%39%18.N%40%19.N%42%20.N5%21.N7%22.N9%23.N%10%24.N%11%26.N%12%27	CC[C@H](C)[C@H](NC(=O)[C@@H]1CCCN1C(=O)[C@H](C[C@@H]1CCCN1C(=O)[C@@H](N)CCCN=C(N)N)NC(=O)[C@@H]1CCCN1)C(=O)N[C@@H](CCCC(=O)O)C(=O)N[C@H](C(=O)O)C(C)C.CC[C@H](N)C(=O)C(=O)[C@@H]1CCCN1.NC(N)=NCCC[C@H](N)C(=O)N[C@@H](CC1CC(O)CN1C(=O)[C@@H](N)CCCN=C(N)N)C(=O)C(=O)[C@@H]1CCCN1C(=O)[C@H](Cc1c[nH]c2ccccc12)NC=O.NCC(N)=O.NCCCC[C@@H]1NC1=O.NCCCC[C@H](N)C(=O)C(=O)c1cnc[nH]1.Oc1ccccc1
C%23(=O)[C@H]%10CCCN=C(N)N.C%25(=O)[C@H]%11CCCN=C(N)N.[C@@H]%15(CCCN=C(N)N)C4=O.[C@@H]%16(CCCN=C(N)N)C5=O.[C@@H]%17(CCCN=C(N)N)C(N)=O.c1%19c[nH]c2ccccc12.c1%20c[nH]c2ccccc12.c1%21c[nH]c2ccccc12.CC[C@@H](C)[C@@H]6C%28=O.C%24(=O)[C@H]9C(C)C.c1%22ccc(O)cc1.C3(=O)[C@H]7C%18.c1%18ccccc1.C%14(=O)[C@H]8C%19.C%26(=O)[C@H]%12C%20.C%27(=O)[C@H](N)C%21.[C@@H]%13(C%22)C%29=O.N36.N%147.N%238.N%249.N%25%10.N%26%11.N%27%12.N%28%13.N%29%15.N4%16.N5%17	CC(C)[C@H]1NC1=O.CC[C@@H](C)[C@@H](NC(=O)[C@@H](Cc1ccccc1)NC(=O)[C@@H](Cc1c[nH]c2ccccc12)NC(=O)[C@@H](CCCN=C(N)N)NC(=O)[C@@H](CCCN=C(N)N)NC(=O)[C@@H](Cc1c[nH]c2ccccc12)NC(=O)[C@H](N)Cc1c[nH]c2ccccc12)C(=O)N[C@H](Cc1ccc(O)cc1)C(=O)N[C@H](CCCN=C(N)N)C(=O)N[C@H](CCCN=C(N)N)C(=O)N[C@H](CCCN=C(N)N)C(N)=O
[C@H]%21(CCCN=C(N)N)C%44=O.[C@H]%22(CCCN=C(N)N)C6=O.[C@H]%26(CCCN=C(N)N)C8=O.C%13(=O)[C@@H]%16CCCCN.C%40(=O)[C@@H]%18CCCCN.[C@H]%19(CCCCN)C%43=O.[C@H]%28(CCCCN)C%11=O.[C@H]%28(CCCCN)C%14=O.CC[C@H](C)[C@H]%15C%42=O.[C@H]%20(CC(N)=O)C%43=O.[C@H]%23(CC(C)C)C5=O.c1%37ccc(O)cc1.C%41(=O)[C@@H](N)C(C)C.c1%38ccc(O)cc1.[C@@H]1%30CCCN1%13.[C@@H]1%31CCCN1%35.N1%44CCC[C@H]1%32.N15CCC[C@H]1%33.N17CCC[C@H]1%34.[C@H]%27(C%38)C%10=O.N1%10CCC[C@H]1%36.N1%14CCC[C@H]1%37.[C@H]%29(C%39)C(=O)O.c1%39ccccc1.C2%31=O.C%24%32=O.C7%33=O.C9%34=O.C%15%36=O.N2%15.N%24%16.N%39%17.N%40%18.N%41%19.N%42%20.N%43%21.N3%22.N4%23.N6%25.N8%26.N9%27.N%11%28.N%12%29	CC[C@H](C)[C@@H](C(=O)N[C@@H](CC(N)=O)C(=O)C(=O)[C@H](CCCCN)NC(=O)[C@@H](N)C(C)C)C(=O)[C@@H]1CCCN1C(=O)[C@H](Cc1ccc(O)cc1)NC(=O)[C@@H]1CCCN1C(=O)[C@@H]1CCCN1C(=O)[C@@H](N)CC(C)C.N.NC(=O)[C@@H](N)CCCN=C(N)N.NC(=O)[C@@H]1CCCN1.NC(N)=NCCC[C@@H]1NC1=O.NCCCC[C@@H](C(N)=O)[C@@H](CCCCN)C(=O)N1CCC[C@H]1c1ccc(O)cc1.NCCCC[C@@H]1NC1=O.NCCCC[C@H](NC(=O)[C@@H]1CCCN1C(=O)[C@@H](N)CCCN=C(N)N)C(=O)N1CCCC1.N[C@@H](Cc1ccccc1)C(=O)O
C%25(=O)[C@@H]%13CCCN=C(N)N.C%35(=O)[C@@H]%19CCCN=C(N)N.C3(=O)[C@@H]%11CCCCN.C%14(=O)[C@@H]%12CCCCN.c1%28c[nH]c2ccccc12.C%34(=O)[C@@H]%18CCCCN.C6(=O)[C@@H]cCCCCN.CC(C)C[C@H]%10C7=O.C6(=O)[C@@H](N)CC(N)=O.[C@H]%23(CC(C)C)C8=O.c1%29ccc(O)cc1.C4(=O)[C@@H]%21[C@@H](C)O.[C@@H]%24(C9=O)C(C)C.C%31(=O)[C@@H]%15C%27.C%33(=O)[C@@H]%18C%28.C%36(=O)[C@@H]%20C%29.c1%30ccccc1.[C@H]%26(CO)C(=O)O.C%32(=O)C%17.C5(=O)C%22.N3%10.N%14%11.N%25%12.N%31%13.N%32%15.N%33%16.N%34%17.N%35%18.N%36%19.N4%20.N5%21.N6%22.N7%23.N8%24.N9%26	INVALID
C8(=O)[C@H](CCCN)NN=C(N(C)C)N(C)C.C%32(=O)[C@@H]%14CCCN=C(N)N.C4(=O)[C@@H]%17CCCN=C(N)N.[C@H]%19(CCCN=C(N)N)C(=O)O.C%29(=O)[C@@H]%11CCCCN.CC[C@H](C)[C@H]%10C%36=O.C%34(=O)[C@@H]%16CC(N)=O.c1%30ccc(O)cc1.[C@@H]1%20CCCN1%13.[C@@H]1%21CCCN1%24.C%31(=O)[C@@H]%12C%30.C%32(=O)[C@@H]%15CO.[C@@H]1%22CCCN1%32.[C@@H]1%23CCCN1%35.N15CCC[C@H]1%26.N16CCC[C@H]1%27.[C@H]%18(C%29)C7=O.N17CCC[C@H]1%28.c1%29cnc[nH]1.C2%20=O.C%24%22=O.C%33%23=O.C3%25=O.C5%26=O.C6%27=O.C9%28=O.N2%10.N%24%11.N%31%12.N%33%14.N3%15.N4%16.N6%17.N8%18.N9%19	CC[C@H](C)[C@@H](C=O)NC(=O)[C@@H]1CCCN1.CN(C)C(=NN[C@@H](CCCN)C(=O)N[C@@H](CC(=O)[C@@H](N)CCCCN)C(=O)N1CCC[C@H]1C(=O)N[C@@H](CCCN=C(N)N)C(=O)O)N(C)C.NC(=O)C[C@@H](C=O)NC(=O)[C@@H](N)CCCN=C(N)N.NC(N)=NCCC[C@H](NC(=O)[C@@H]1CCCN1)C(=O)C(=O)[C@H](CO)NC=O.O=C([C@@H]1CCCN1)N1CCCC1.O=C1N[C@H]1Cc1ccc(O)cc1.O=C1[C@@H]2CCCN12.O=C1[C@@H]2CCCN12.c1c[nH]cn1
C%13(=O)[C@@H](N)CCCCN.[C@H]9(CCCCN)C%22=O.[C@H]%11(CCCCN)C3=O.C2(=O)[C@@H]5[C@@H](O)CN.[C@@H]7(CCCN)C%19=O.CC[C@H](C)[C@H]4C%17=O.[C@H]8(C%16)C%21=O.N1C=%15C%23=O.N%22C=%15C%23=O.c1%16cnc[nH]1.C%12CCCN.C6C%18=O.C=%15CC%10.N%10C(=N)N.C%20%14=O.N24.N%135.N%176.N%187.N%208.N%219.N%23%11.N3%12	INVALID
[C@H]%30(CCCN=C(N)N)C%11=O.C2(=O)[C@@H]%14CCCCN.C%33(=O)[C@@H]%16CCC(N)=O.[C@H]%22(CCCCN)C4=O.CC[C@H](C)[C@H]%12C3=O.C%36(=O)[C@@H]%19CC(C)C.[C@H]%27(CC(C)C)C8=O.C%24(=O)[C@@H]%16CO.[C@@H]%31(C(=O)O)C(C)C.C%35(=O)[C@@H]%18CO.[C@H]%25(CS)C5=O.[C@H]%23(C%33)C5=O.c1%32ccccc1.[C@H]%25(C)C6=O.[C@H]%28(CS)C9=O.C%13(=O)C%15.C%34(=O)C%17.C%37(=O)C%20.C%38(=O)CN.C%26C7=O.C%29C%10=O.N2%12.N%13%14.N%24%15.N%34%16.N%35%17.N%36%18.N%37%19.N%38%20.N%39%21.N3%22.N4%23.N5%25.N6%26.N7%27.N8%28.N9%29.N%10%30.N%11%31	CC(C)C[C@H](NC(=O)CNC(=O)CN)C(=O)N[C@@H](CO)C(=O)NCC(N)=O.CC[C@H](C)[C@@H]1NC(=O)[C@H](CCCCN)NC(=O)CNC(=O)[C@H](CO)[C@@H](CCC(N)=O)C(=O)C[C@@H](C(=O)C(=O)[C@H](CS)[C@@H](C)C(=O)NCC(=O)N[C@@H](CC(C)C)C(=O)N[C@@H](CS)C(=O)NCC(=O)N[C@@H](CCCN=C(N)N)C(=O)N[C@H](C(=O)O)C(C)C)NC(=O)[C@H](CCCCN)NC1=O.N.N.c1ccccc1
C9(=O)[C@@H]3CCCN=C(N)N.[C@H]6(CCCCN)C%14=O.CC[C@H](C)[C@H]%16C%13=O.C1(=O)[C@@H]2CC(C)C.C%10(=O)[C@@H]4CC(N)=O.C%11(=O)[C@@H]5CC(C)C.[C@H]7(CC(C)C)C%15=O.[C@H]8(CC(C)C)C(N)=O.C%12(=O)CN.N1%16.N92.N%103.N%114.N%125.N%136.N%147.N%158	CC[C@H](C)[C@H](NC(=O)[C@H](CC(C)C)NC(=O)[C@H](CCCN=C(N)N)NC(=O)[C@H](CC(N)=O)NC(=O)[C@H](CC(C)C)NC(=O)CN)C(=O)N[C@@H](CCCCN)C(=O)N[C@@H](CC(C)C)C(=O)N[C@@H](CC(C)C)C(N)=O
C%13(=O)[C@@H]%10CCCN=C(N)N.C7(=O)[C@@H]%17CCCN=C(N)N.CC[C@H](C)[C@H]9C8=O.C%31(=O)[C@@H]%14CC(N)=O.c1%27ccc(O)cc1.C5(=O)[C@@H]%16CC%18.[C@@H]%18(C(=O)O)C(C)C.[C@@H]1%19CCCN1%24.C%24(=O)[C@@H]%11C%26.[C@@H]1%20CCCN1%30.C%30(=O)[C@@H]%12CO.[C@@H]1%21CCCN1%32.[C@@H]1%22CCCN13.C4(=O)[C@@H]%15C%27.[C@@H]1%25CCCN16.c1%26cnc[nH]1.CS(C)=O.C8(=O)CN.C2%19=O.C%28%20=O.C%29%21=O.C%31%22=O.C%32[C@@H]=O.C%33%23=O.C6%25=O.N29.N%13%10.N%29%11.N%31%12.N3%14.N4%15.N5%16.N7%17.N8%18	C=O.CC(C)[C@H](CC[C@@H]1NC1=O)C(=O)O.CC[C@H](C)[C@H](NC(=O)[C@@H]1CCCN1C(=O)[C@H](Cc1cnc[nH]1)NC(=O)[C@@H]1CCCN1CC=O)C(=O)C(=O)CN.C[S+](C)[O-].N.NC(=O)C[C@@H]1NN2CCC[C@H]2C(=O)C1=O.NC(N)=NCCC[C@@H]1NC1=O.NC(N)=NCCC[C@@H]1NC1=O.N[C@@H](CO)C(=O)N1CCC[C@H]1C=O.O=C1N[C@H]1Cc1ccc(O)cc1.O=C1[C@@H]2CCCN12
C3(=O)[C@@H]5CCCN=C(N)N.C%17(=O)[C@@H](N)CCCN=C(N)N.[C@H]%12(CCCN=C(N)N)C(N)=O.C%14(=O)[C@@H]6CCC(N)=O.[C@H]9(CCCCN)C%19=O.[C@H]%10(CCCCN)C%20=O.c1%13c[nH]c2ccccc12.CC[C@H](C)[C@H]4C%18=O.C%16(=O)[C@@H]8C(C)C.C%15(=O)[C@@H]7C(C)C.[C@H]%11(C%13)C%21=O.N34.N%145.N%156.N%167.N%178.N%189.N%19%10.N%20%11.N%21%12	CC[C@H](C)[C@H](NC(=O)[C@H](CCCN=C(N)N)NC(=O)[C@H](CCC(N)=O)NC(=O)[C@@H](NC(=O)[C@@H](NC(=O)[C@@H](N)CCCN=C(N)N)C(C)C)C(C)C)C(=O)N[C@@H](CCCCN)C(=O)N[C@@H](CCCCN)C(=O)N[C@@H](Cc1c[nH]c2ccccc12)C(=O)N[C@@H](CCCN=C(N)N)C(N)=O
C3(=O)[C@@H]7CCCN=C(N)N.C%20(=O)[C@@H]%10CCCN=C(N)N.C%24(=O)[C@@H](N)CCCN=C(N)N.C%14(=O)[C@@H]8CCCCN.C%21(=O)[C@@H]%11CCC(N)=O.C%22(=O)[C@@H](N)CCCCN.[C@H]%12(CCCCN)C%25=O.c1%18c[nH]c2ccccc12.CC[C@H](C)[C@H]6C%23=O.[C@H]%16(CC(C)C)C5=O.C%19(=O)[C@@H]9C(C)C.[C@H]%15(C%18)C4=O.[C@H]%17(C)C(N)=O.N36.N%147.N%198.N%209.N%21%10.N%22%11.N%23%12.N%24%13.N%25%15.N4%16.N5%17	CC[C@H](C)[C@H](NC(=O)[C@H](CCCN=C(N)N)NC(=O)[C@H](CCCCN)NC(=O)[C@@H](NC(=O)[C@H](CCCN=C(N)N)NC(=O)[C@H](CCC(N)=O)NC(=O)[C@@H](N)CCCCN)C(C)C)C(=O)N[C@@H](CCCCN)C(=O)N[C@@H](Cc1c[nH]c2ccccc12)C(=O)N[C@@H](CC(C)C)C(=O)N[C@@H](C)C(N)=O.NC(=O)[C@@H](N)CCCN=C(N)N
CC[C@H](C)[C@H](N)C2=O.[C@H]%14(CCC%15)C%13=O.[C@@H]%16(C%35=O)[C@@H](C)CC.[C@@H]%17(C%40=O)[C@@H](C)CC.[C@H]%18(CCC%19)C%41=O.[C@@H]%20(C%43=O)[C@@H](C)CC.[C@@H]%21(C%44=O)[C@@H](C)CC.[C@H]%22(CCC%23)C3=O.[C@@H]%25(C5=O)[C@@H](C)CC.[C@@H]%26(C6=O)[C@@H](C)CC.[C@H]%27(CCC%28)C7=O.[C@@H]%29(C9=O)[C@@H](C)CC.[C@@H]%29(C%10=O)[C@@H](C)CC.[C@@H]%30(C%14=O)[C@@H](C)CC.[C@@H]%31(C(N)=O)[C@@H](C)CC.N1%13CCC[C@H]1%32.N1%41CCC[C@H]1%33.N13CCC[C@H]1%34.N15CCC[C@H]1%36.N17CCC[C@H]1%37.N19CCC[C@H]1%38.[C@H]%28(C%39)C%12=O.N%19C(=N)N.N%23C(=N)N.N%28C(=N)N.C%24%33=O.C%42%34=O.C4%36=O.C8%37=O.C%11%38=O.N2%14.N%24%16.N%35%17.N%40%18.N%42%20.N%43%21.N%44%22.N4%25.N6%26.N8%27.N9%29.N%10%30.N%12%31	CCC[C@H](C(=O)[C@@H](NC(=O)[C@@H]([C@H](C(=O)N1CCC[C@H]1C=O)[C@@H](C)CC)[C@@H](C)CC)[C@@H](C)CC)C(=O)N1CCCC1.CC[C@H](C)[C@@H]1NC(=O)[C@@H]2CCCN2C1=O.CC[C@H](C)[C@@H]1NC(=O)[C@H]([C@@H](C)CC)NC(=O)[C@@H]2CCCN2C(=O)[C@H](CCCNC(=N)N)NC1=O.CC[C@H](C)[C@@H]1NC(=O)[C@H]([C@@H](C)CC)NC(=O)[C@@H]2CCCN2C(=O)[C@H](CCCNC(=N)N)NC1=O.CC[C@H](C)[C@@H]1NC1=O.CC[C@H](C)[C@H](N)C(N)=O.CC[C@H](C)[C@H](NC(=O)[C@H](C)CCC[C@@H]1NC(=O)[C@@H]2CCCN2C1=O)C(N)=O.N.N=C(N)N
C%35(=O)[C@@H]%18CCCN=C(N)N.C%36(=O)[C@@H]%17CCCCN.c1%32c[nH]c2ccccc12.c1%34c[nH]c2ccccc12.CC[C@H](C)[C@H]%12C(=O)O.C%38(=O)[C@@H]%21CC(C)C.C6(=O)[C@@H]%24CC(C)C.C8(=O)[C@@H]%27CC(C)C.C%25(=O)[C@@H]%15CC%29.C%37(=O)[C@@H]%20C(C)C.[C@@H]1%30CCCN1%34.C4(=O)[C@@H]%22CS.C5(=O)[C@@H]%23C%31.C7(=O)[C@@H]%26C%32.[C@@H]1%31CCCN1%10.C%10(=O)[C@@H]%28C%33.c1%33ccccc1.C%14(=O)[C@@H]%13C.C%25(=O)[C@@H]%16C.C%11(=O)C%24(C)C.C%39(=O)C%19.C9%30=O.N3%12.S%29C.N%14%13.N%25%15.N%35%16.N%36%17.N%37%18.N%38%19.N%39%20.N4%21.N5%22.N6%23.N7%24.N8%26.N9%27.N%11%28	CC(C)C[C@H](NC(=O)[C@@H]1CCCN1c1c[nH]c2ccccc12)C(=O)N[C@@H](Cc1c[nH]c2ccccc12)C(N)=O.CC[C@H](C)[C@H](N)C(=O)O.CSCC[C@H](N)C(=O)C(=O)[C@H](C)NC(=O)[C@H](CCCN=C(N)N)NC(=O)[C@@H](NC(=O)CNC(=O)[C@H](CC(C)C)NC(=O)[C@H](CS)NC(=O)[C@@H]1C[C@@H]2CCCN2C(=O)[C@H](Cc2ccccc2)NC(=O)C(C)(C)[C@@H](CC(C)C)C(=O)N1)C(C)C.C[C@@H]1NC1=O.NCCCC[C@@H]1NC1=O
C3(=O)[C@@H]6CCCN=C(N)N.C%18(=O)[C@@H]8CCCN=C(N)N.[C@H]%13(CCCN=C(N)N)C4=O.[C@H]%15(CCCN=C(N)N)C(N)=O.C%19(=O)[C@@H]9CCC(N)=O.c1%16c[nH]c2ccccc12.CC[C@H](C)[C@H]5C%21=O.C%14(=O)[C@@H]7[C@@H](C)CC.[C@@H]%12(C%24=O)[C@@H](C)CC.[C@@H]%10(C%22=O)C(C)C.[C@@H]%11(C%23=O)C(C)C.C%20(=O)[C@@H](N)C%16.c1%17ccccc1.N35.N%146.N%187.N%198.N%209.N%21%10.N%22%11.N%23%12.N%24%13.N4%15	CC[C@H](C)[C@H](NC(=O)[C@H](CCCN=C(N)N)NC(=O)[C@H](CCC(N)=O)NC(=O)[C@@H](N)Cc1c[nH]c2ccccc12)C(=O)N[C@@H](CCCN=C(N)N)C(=O)N[C@H](C(=O)N[C@H](C(=O)N[C@H](C(=O)N[C@H](C(=O)N[C@@H](CCCN=C(N)N)C(=O)N[C@@H](CCCN=C(N)N)C(N)=O)[C@@H](C)CC)C(C)C)C(C)C)[C@@H](C)CC.c1ccccc1
C1(=O)[C@@H]%14CCCN=C(N)N.C7(=O)[C@@H]2CCCN=C(N)N.C8(=O)[C@@H](N)CCC(N)=O.[C@H]3(CCC(N)=O)C%10=O.[C@H]4(CCC(=O)O)C%11=O.CC[C@H](C)[C@H]%13C9=O.[C@@H]5(C%12=O)C(C)C.[C@H]6(C)C(=O)O.N1%13.N7%14.N82.N93.N%104.N%115.N%126	CC[C@H](C)[C@H](NC(=O)[C@H](CCCN=C(N)N)NC(=O)[C@H](CCCN=C(N)N)NC(=O)[C@@H](N)CCC(N)=O)C(=O)N[C@@H](CCC(N)=O)C(=O)N[C@@H](CCC(=O)O)C(=O)N[C@H](C(=O)N[C@@H](C)C(=O)O)C(C)C
C%54(=O)[C@@H]%29CCCN=C(N)N.C5(=O)[C@@H]%32CCCN=C(N)N.C9(=O)[C@@H]%37CCCN=C(N)N.[C@H]%41(CCCN=C(N)N)C%17=O.C3(=O)[C@@H]%21CCCCN.C%14(=O)[C@@H]%22CCCCN.C%36(=O)[C@@H]%26CCCCN.C%52(=O)[C@@H]%27CCC(=O)O.C4(=O)[C@@H]%31CCCCN.C6(=O)[C@@H]%33CCCCN.C%10(=O)[C@@H]%38CCC(N)=O.[C@H]%40(CCCCN)C%16=O.[C@H]%43(CCCCN)C%18=O.[C@H]%44(CCCCN)C%19=O.c1%51c[nH]c2ccccc12.CC[C@H](C)[C@H]%20C%15=O.C%55(=O)[C@@H]%30CC(N)=O.[C@H]%45(CC(N)=O)C(=O)O.C6(=O)[C@@H]%32C(C)C.c1%50ccc(O)cc1.C%25(=O)[C@@H]%23C%48.c1%48ccccc1.C%53(=O)[C@@H]%28C%46.C7(=O)[C@@H]%34CO.C8(=O)[C@@H]%35C%49.c1%49ccccc1.C%13(=O)[C@@H](N)C%50.[C@H]%42(C%51)C%18=O.c1%46cnc[nH]1.C%12(=O)C%40.N3%20.N%14%21.N%25%22.N%36%23.N%47%24.N%51%26.N%52%27.N%53%28.N%54%29.N4%30.N5%31.N6%32.N7%33.N8%34.N9%35.N%10%37.N%11%38.N%12%39.N%13%40.N%15%41.N%16%42.N%17%43.N%18%44.N%19%45	CC(C)[C@@H](C(=O)C(=O)[C@H](CCCCN)NC(=O)[C@H](CO)NC(=O)[C@H](Cc1ccccc1)NC(=O)[C@H](CCCN=C(N)N)NC(=O)[C@@H](N)CCC(N)=O)[C@@H](CCCN=C(N)N)C(=O)N[C@@H](CCCCN)C(=O)N[C@H](C=O)CC(N)=O.CC[C@H](C)[C@H](NC(=O)[C@H](CCCCN)NC(=O)[C@H](CCCCN)NC(=O)[C@H](Cc1ccccc1)NC(=O)[C@@H](N)CCCCN)C(=O)N[C@@H](CCCN=C(N)N)C(=O)N[C@@H](CCCCN)C(=O)C(=O)[C@H](Cc1c[nH]c2ccccc12)NC(=O)[C@H](CCCCN)CC(N)=O.N.N.NC(=O)[C@@H](N)Cc1ccc(O)cc1.NC(N)=NCCC[C@@H]1NC1=O.NCCCC[C@H](N)C(=O)N[C@@H](CC(N)=O)C(=O)O.O=C(O)CC[C@@H]1NC1=O.O=C1N[C@H]1Cc1cnc[nH]1
[C@@H]1%15NC(=O)[C@H]%24NC(=O)[C@@H]2CSSC[C@@H]2NC(=O)[C@H]%25NC(=O)CNC(=O)CNC(=O)[C@H]%26NC(=O)[C@H]%27NC(=O)[C@H]%28NC(=O)[C@H]%29NC(=O)[C@H]%30NC(=O)[C@H]5NC(=O)CNC(=O)[C@H]6NC(=O)[C@H]7NC(=O)[C@H]8NC(=O)[C@H]9NC(=O)[C@H]%10NC(=O)[C@H]%11NC(=O)[C@H]%12NC(=O)[C@H]%13NC(=O)CNC(=O)CNC(=O)[C@H](C)NC(=O)CNC(=O)[C@H]%16NC(=O)[C@H]%17NC(=O)[C@H]%18NC(=O)[C@H]%19NC1=O.C3(=O)[C@@H](N)CCCCN.C%14CCN=C(N)N.C%29CCN=C(N)N.C4CCN=C(N)N.C7CCN=C(N)N.C%13CCN=C(N)N.C%15CCN=C(N)N.c1%23ccc(O)cc1.c1%22ccccc1.C%21CC(N)=O.C%26CCCN.C6CC(N)=O.C%12CCCN.C%18CC(N)=O.c1%20cnc[nH]1.CC[C@@H]%15C.C9C(N)=O.C%11C(C)C.C%16C(C)C.C%23(C)C.C8(C)C.C9(C)C.C%10(C)C.C%17(C)C.C5%21.C%24%22.C%19%23	CC(C)C[C@@H]1NC(=O)[C@H](CCCCN)NC(=O)[C@H](CCCN=C(N)N)NC(=O)CNC(=O)CNC(=O)[C@H](C)NC(=O)CNC(=O)[C@H](CC(C)C)NC(=O)[C@H](C(C)C)NC(=O)[C@H](CCC(N)=O)NC(=O)[C@H](C)NC(=O)[C@H](CCCN=C(N)N)NC(=O)[C@H](Cc2ccccc2)NC(=O)[C@@H]2CSSC[C@@H]2NC(=O)CNC(=O)CNC(=O)CNC(=O)[C@H](CCCCN)NC(=O)CNC(=O)CNC(=O)[C@H](CCCN=C(N)N)NC(=O)CNC(=O)[C@H](CCCC(N)=O)NC(=O)CNC(=O)[C@H](CCC(N)=O)NC(=O)[C@H](CCCN=C(N)N)NC(=O)[C@H](C(C)C)NC(=O)[C@H](CC(N)=O)NC(=O)[C@H](C(C)C)NC1=O.CC(C)c1ccc(O)cc1.CCC.CCCC.CCCN=C(N)N.CCCN=C(N)N.NCCCC[C@H](N)C=O.c1c[nH]cn1
C%38(=O)[C@@H]%19CCCN=C(N)N.[C@H]%26(CCCN=C(N)N)C9=O.C3(=O)[C@@H]%12CCCCN.C%14(=O)[C@@H]%13CCC(N)=O.C%36(=O)[C@@H]%18CCC(N)=O.c1%30c[nH]c2ccccc12.[C@H]%21(CCC(N)=O)C5=O.c1%31c[nH]c2ccccc12.[C@H]%27(CCC(N)=O)C%10=O.CC[C@H](C)[C@H]%11C4=O.[C@H]%22(CC(=O)O)C6=O.C%33(=O)[C@@H]%16CC%29.[C@@H]%22(C6=O)C(C)C.[C@@H]%23(C8=O)C(C)C.c1%32ccc(O)cc1.c1%33ccc(O)cc1.C%25(=O)[C@@H]%15C%30.[C@H]%19(C%31)C%39=O.[C@H]%26(C%32)C9=O.[C@H]%28(C%33)C(=O)O.C%35(=O)[C@@H]%17C.C%39(=O)CN.N3%11.N%14%12.N%25%13.N%34%15.N%35%16.N%36%17.N%37%18.N%38%19.N%39%20.N4%21.N5%22.N6%23.N7%24.N8%26.N9%27.N%10%28	CC(C)[C@H](N)C(N)=O.CC(C)[C@H]1C(=O)C(=O)[C@@H]1CC(=O)O.CC[C@H](C)[C@H](NC(=O)[C@H](CCCCN)NC(=O)[C@H](CCC(N)=O)NC(=O)[C@@H](N)Cc1c[nH]c2ccccc12)C(=O)N[C@@H](CCC(N)=O)C(N)=O.CC[C@H](NC(=O)[C@H](C)NC(=O)[C@@H](N)CCC(N)=O)C(=O)c1ccc(O)cc1.C[C@H](NC(=O)[C@@H](N)CCC(N)=O)C(=O)O.N.N.NC(N)=NCCC[C@H]1C(=O)C(=O)[C@@H]1Cc1ccc(O)cc1.NCC(=O)C(=O)[C@H](Cc1c[nH]c2ccccc12)[C@@H](CCCN=C(N)N)C(N)=O
c1%15c[nH]c2ccccc12.C%14(=O)[C@@H]5CCCCN.C%21(=O)[C@@H](N)CCCCN.[C@H]%10(CCCC%11)C%23=O.CC[C@H](C)[C@H]%24C%22=O.C%18(=O)[C@@H]7CC(C)C.[C@H]%12(CCC%13)C(N)=O.c1%16ccc(O)cc1.C%19(=O)[C@@H]8C(C)C.C%20(=O)[C@@H]9C(C)C.C3(=O)[C@@H]4C%15.C%19(=O)[C@@H]8C%16.N6C(=N)N.N%11C(=N)N.N%13C(=N)N.N3%24.N%144.N%185.N%197.N%208.N%219.N%22%10.N%23%12	CC(C)[C@H](NC(=O)[C@@H](N)CCCCN)C(N)=O.CC(C)[C@H]1C(=O)C(=O)[C@@H]1Cc1ccc(O)cc1.CC[C@H](C)[C@H](NC(=O)[C@H](Cc1c[nH]c2ccccc12)NC(=O)[C@H](CCCCN)NC(=O)[C@@H](N)CC(C)C)C(=O)N[C@@H](CCCCNC(=N)N)C(=O)N[C@@H](CCCNC(=N)N)C(N)=O.N=C(N)N
[C@H]1%25NC(=O)CNC(=O)[C@@H]%26NC(=O)[C@@H]5NC(=O)[C@@H]6NC(=O)[C@@H]7NC(=O)[C@@H]8NC(=O)CNC(=O)[C@@H]9NC(=O)CNC1=O)C(=O)N[C@H]%10C(=O)N[C@H]%11C(=O)N[C@H]%12C(=O)N[C@H]%24CSSC[C@@H]%24NC(=O)[C@@H]%13NC(=O)[C@@H]%14NC(=O)[C@@H]%16NC(=O)[C@@H]%17NC1=O.c1%19c[nH]c2ccccc12.C%27CCN=C(N)N.C5CCN=C(N)N.c1%17ccc(O)cc1.C%11CCN=C(N)N.[C@@H]%21(CO)C%15=O.[C@@H]%22(CO)C(=O)O.c1%18ccccc1.c1%16ccccc1.C%26CCCN.C8CCCN.C%12C(N)=O.C%25C(=O)O.C%15(=O)CN.C7(C)C.C4%24=O.C%14(C)C.C6O.C9%18.N4%21.N%15%23.N%20%22.C%13O	INVALID
C%13(=O)[C@@H]%28CCCN=C(N)N.C%68(=O)[C@@H]%32CCCN=C(N)N.[C@H]%33(CCCN=C(N)N)C5=O.[C@H]%37(CCCN=C(N)N)C7=O.[C@H]%38(CCCN=C(N)N)C%14=O.[C@H]%42(CCCN=C(N)N)C%20=O.[C@H]%44(CCCN=C(N)N)C%26=O.C%46(=O)[C@@H]%29CCCCN.CC[C@H](C)[C@H]%27C4=O.[C@@H]%40(C%16=O)[C@@H](C)CC.c1%61ccc(O)cc1.[C@@H]1%47CCCN1%13.C%24(=O)[C@@H]%30C%61.[C@@H]1%48CCCN1%46.C%65(=O)[C@@H]%31C%62.c1%62ccccc1.N1%67CCC[C@H]1%49.N14CCC[C@H]1%50.N15CCC[C@H]1%51.N16CCC[C@H]1%52.[C@H]%34(CS)C9=O.N19CCC[C@H]1%53.[C@H]%39(C%63)C%12=O.c1%63ccccc1.N1%12CCC[C@H]1%54.N1%14CCC[C@H]1%55.N1%16CCC[C@H]1%56.N1%18CCC[C@H]1%57.N1%19CCC[C@H]1%58.[C@H]%41(C%64)C%22=O.c1%64ccccc1.N1%25CCC[C@H]1%59.N1%26CCC[C@H]1%60.C[C@H]%28C5=O.c1%61cnc[nH]1.[C@H]%43(C)C%18=O.C2%47=O.C%46%48=O.C%66%49=O.C%68%49=O.C3%50=O.C6%51=O.C8%52=O.C%10%53=O.C%15%54=O.C%17%55=O.C%19%56=O.C%21%58=O.C%23%59=O.C%60(=O)O.N2%27.N%24%28.N%35%29.N%57%30.N%66%31.N3%32.N4%33.N6%34.N8%36.N%10%37.N%11%38.N%14%39.N%15%40.N%17%41.N%20%42.N%21%43.N%23%44.N%25%45	CC[C@H](C)[C@H](NC(=O)[C@@H]1CCCN1C(=O)[C@@H](N)Cc1ccccc1)C(=O)N1CCC[C@H]1C(=O)N1CCC[C@H]1C(=O)N[C@@H](C)C(=O)N1CCC[C@H]1N[C@@H](Cc1ccc(O)cc1)C(N)=O.CC[C@H](C)[C@H](NC(=O)[C@@H]1CCCN1C(=O)[C@H](CCCN=C(N)N)[C@@H](C)C=O)C(=O)N1CCC[C@H]1C(=O)N[C@@H](CCCN=C(N)N)C(=O)C=O.NC(=O)[C@@H]1CCCN1C(=O)[C@@H]1CCCN1C(=O)[C@@H](N)CCCN=C(N)N.NC(N)=NCCC[C@@H](C=O)NC(=O)[C@@H]1CCCN1C(=O)[C@@H](N)CS.NC(N)=NCCC[C@@H]1NC1=O.NC(N)=NCCC[C@H](N)C(=O)N1CCC[C@H]1C(=O)N[C@H](C=O)Cc1ccccc1.NC(N)=NCCC[C@H](NC(=O)[C@@H]1CCCN1N)C(=O)N1CCC[C@H]1C(=O)O.NCCCC[C@H](N)C(=O)N1CCC[C@H]1C=O.O=C[C@H](Cc1ccccc1)NC(=O)[C@@H]1CCCN1.c1c[nH]cn1
[C@@H]1%11NC(=O)[C@H](C)NC(=O)[C@H]%13NC(=O)[C@@H]2CSSC[C@@H]3NC(=O)[C@H]%14NC(=O)[C@@H]3CSSC[C@H](NC(=O)[C@H]%15NC(=O)[C@H]%16NC(=O)[C@H]%18NC(=O)[C@H]%19NC(=O)[C@H]%20NC(=O)[C@H]%21NC(=O)CNC(=O)[C@H]%22NC(=O)[C@H]%23NC(=O)CNC(=O)[C@H]%24NC(=O)CNC(=O)[C@H]%25NC(=O)[C@H]%26NC(=O)CNC(=O)[C@H]%27NC(=O)[C@H]%29NC(=O)[C@H]%31NC(=O)[C@H](CSSC[C@H](NC1=O)C(=O)N[C@@H](C)C(=O)N[C@@H]%33C(=O)N[C@@H]%34C(=O)N[C@@H]%35C(=O)N2)NC(=O)[C@H]%35NC(=O)[C@H]%36NC(=O)[C@H]%37NC(=O)[C@H]%38NC(=O)[C@H]%40NC3=O)C(=O)N[C@@H]%41C(=O)N[C@@H]%42C(=O)N2.C%39(=O)[C@@H]%49CCCCN.c1%57c[nH]c2ccccc12.C%50(=O)[C@@H]%48CC(C)C.C%51(=O)[C@@H]%53[C@@H](C)CC.C%13CCN=C(N)N.C%15CCN=C(N)N.C%24CCN=C(N)N.c1%47ccc(O)cc1.c1%49ccc(O)cc1.C%33CCN=C(N)N.C%45CCN=C(N)N.c1%51ccc(O)cc1.C%12CCCN.c1%44cnc[nH]1.C%22CC(=O)O.C%21CCCN.C%20CCCN.c1%45cnc[nH]1.C%25CCCN.C%26CCCN.c1%46cnc[nH]1.C%29CC(N)=O.C%30CCCN.C%34CC(=O)O.C%35CC(N)=O.c1%47cnc[nH]1.C%42CC(=O)O.CC[C@@H]%11C.C%12C(C)C.C%14C(C)C.C%16C(C)C.C%27C(=O)O.C%25C(C)C.[C@H]%29(C)CC.C%34C(=O)O.C%36C(C)C.C%41C(N)=O.C%10(=O)O.[C@H]%33(C)O.[C@H]9(C)O.C%54O.C%18%51.C%19%45.C%28%45.N6%52.N%149.N%17%53.N%28%54.N%39%55.N%507.N%528.C%35%47.C6%48.C%38%49.C%40O.C%42O	CC(=O)O.CC(C)C.CC(C)CCCCCN.CC(C)C[C@H](CNN)C(N)=O.CCCC.CCCC(N)=O.CCCCN.CCO.CC[C@H](C)[C@@H]1NC(=O)[C@H](C)NC(=O)[C@H](CCCN=C(N)N)NC(=O)[C@@H]2CSSC[C@@H]3NC(=O)[C@H](CC(C)C)NC(=O)[C@@H]3CSSC[C@@H](C(=O)N[C@@H](CC(N)=O)C(=O)N[C@@H](CCC(=O)O)C(=O)Nc3ccccccc[nH]3)NC(=O)[C@H](CCCN=C(N)N)NC(=O)[C@H](CC(C)C)NC(=O)[C@H](C)NC(=O)[C@H](CCNCO)NC(=O)[C@H](CCCCN)NC(=O)[C@H](CCCCN)NC(=O)CNC(=O)[C@H](CCC(=O)O)NC(=O)CNC(=O)CNC(=O)[C@H](CCCN=C(N)N)NC(=O)CNC(=O)[C@H](CCCCN)NC(=O)[C@H](CCCCN)NC(=O)CNC(=O)[C@H](CC(=O)O)NC(=O)[C@H](CCC(N)=O)NC(=O)CNC(=O)[C@@H]3CSSC[C@H](NC1=O)C(=O)N[C@@H](C)C(=O)N[C@@H](CCCN=C(N)N)C(=O)N[C@@H](CCC(=O)O)C(=O)N[C@H](C(=O)N2)[C@H](NC(=O)[C@H](CC(C)C)NC(=O)CNC(=O)[C@H](C)NC(=O)[C@H](CO)NC=O)C(=O)N3.CC[C@H](C)[C@H](N)C(=O)c1ccc(O)cc1.CO.C[C@H](N)O.NC(N)=NCCCc1cnc[nH]1.NCCCC[C@@H](C(N)=O)c1ccc(O)cc1.O=CO.Oc1ccc(-c2cnc[nH]2)cc1.c1c[nH]cn1.c1c[nH]cn1
C%32(=O)[C@@H]%15CCCN=C(N)N.[C@H]%19(CCCN=C(N)N)C5=O.[C@H]%21(CCCN=C(N)N)C%10=O.C%34(=O)[C@@H]%16CCC(N)=O.C%35(=O)[C@@H]%18CCC(N)=O.C3(=O)[C@@H]%19CCCCN.[C@H]%22(CC(C)C)C(=O)O.c1%31ccc(O)cc1.C%33(=O)[C@@H]%17C(C)C.C2(=O)[C@@H]%12C%31.[C@@H]1%23CCCN1%32.N1%36CCC[C@H]1%25.N13CCC[C@H]1%26.N15CCC[C@H]1%28.[C@H]%20(C%30)C7=O.[C@H]%20(C%29)C8=O.N18CCC[C@H]1%29.C%13(=O)[C@@H]%14C.c1%30cnc[nH]1.C%36(=O)CN.C%24%23=O.C%37%25=O.C4%26=O.C6%27=O.C6%28=O.C9%29=O.N2%11.N%13%12.N%24%14.N%33%15.N%34%16.N%35%17.N%37%18.N4%19.N7%20.N9%21.N%10%22	CC(C)C[C@H](NC(=O)[C@H](CCCN=C(N)N)NC=O)C(=O)O.CC(C)[C@H](NC(=O)[C@H](CCC(N)=O)NC(=O)[C@@H]1CCCN1C(=O)CN)C(=O)N[C@@H](CCCN=C(N)N)C(=O)N1CCC[C@H]1C(=O)N[C@@H](C)C(=O)N[C@@H](Cc1ccc(O)cc1)C(N)=O.NC(=O)CC[C@@H]1NC1=O.NC(=O)[C@H](Cc1cnc[nH]1)[C@H]1C[C@@H]2CCCN2C1=O.NCCCC[C@@H](C(=O)N1CCC[C@H]1C(N)=O)[C@@H](CCCN=C(N)N)C(=O)N1CCC[C@H]1C(=O)C=O
C2(=O)[C@@H](N)CCCCN.[C@H]9(CCCCN)C%22=O.[C@H]%11(CCCCN)C3=O.[C@@H]5(C%17=O)[C@@H](O)CN.[C@@H]7(CCCN)C%19=O.N1%19CCC[C@H]1%14.[C@H]8(C%16)C%21=O.N%22C=%15C%23=O.C[C@H]4C%13=O.c1%16cnc[nH]1.C%12CCCN.C6C%18=O.C=%15CC%10.N%10C(=N)N.C%20%14=O.N24.N%135.N%176.N%187.N%208.N%219.N%23%11.N3%12	C[C@H](NC(=O)[C@@H](N)CCCCN)C(=O)N[C@H](C(=O)NCC(=O)N[C@H](CCCN)C(=O)N1CCC[C@H]1C(=O)N[C@@H](Cc1cnc[nH]1)C(=O)N[C@@H](CCCCN)C(=O)NC(=CCCNC(=N)N)C(=O)N[C@@H](CCCCN)C(=O)NCCCCN)[C@@H](O)CN
c1%55c[nH]c2ccccc12.C%58(=O)[C@@H]%30CCCCN.C7(=O)[C@@H]%38CCCCN.c1%56c[nH]c2ccccc12.[C@H]%43(CCCCN)C%15=O.[C@H]%48(CCC(N)=O)C%20=O.[C@H]%49(CCCCN)C%21=O.[C@H]%52(CCC(N)=O)C(=O)O.CC[C@H](C)[C@H]%24C%11=O.C3(=O)[C@@H]%26CC(N)=O.C%47(=O)[C@@H]%28CCCN.C6(=O)[C@@H]%37CC(C)C.[C@H]%42(CC(N)=O)C%12=O.[C@H]%44(CC(C)C)C%16=O.C%58(=O)[C@@H]%29C(C)C.[C@H]%46(CC(C)C)C%19=O.[C@H]%50(CC(C)C)C%23=O.C%47(=O)[C@@H]%30C(C)C.C%59(=O)[C@@H]%32C(C)C.[C@@H]%46(C%18=O)C(C)C.[C@@H]1%53CCCN14.C%56(=O)[C@@H]%31C%54.[C@@H]1%54CCCN1%62.C4(=O)[C@@H]%33C%55.C5(=O)[C@@H]%35CO.C9(=O)[C@@H]%41CO.C%10(=O)[C@@H](N)CO.[C@H]%45(CO)C%17=O.C%14(=O)[C@@H]%27C.C%58(=O)[C@@H]%32C.C%36(=O)C%28.C%60%53=O.N3%24.N%14%26.N%25%27.N%36%28.N%47%29.N%57%30.N%58%31.N%59%32.N%60%33.N5%34.N6%35.N7%37.N8%38.N9%39.N%10%40.N%11%41.N%12%42.N%13%43.N%15%44.N%16%45.N%17%46.N%18%48.N%19%49.N%20%50.N%21%51.N%23%52	CC(C)C[C@H](NC(=O)[C@@H](N)CCCCN)C(=O)N[C@@H](CO)C(N)=O.CC(C)C[C@H](NC(=O)[C@@H](N)CCCCN)C(=O)N[C@@H](CO)C(N)=O.CC(C)C[C@H](NC(=O)[C@H](CCC(N)=O)NC(=O)[C@H](C(C)C)[C@@H](CC(C)C)C(=O)N[C@@H](CCCCN)C(N)=O)C(=O)N[C@@H](CCC(N)=O)C(=O)O.CC(C)[C@@H](C(N)=O)[C@@H](C)C(=O)N[C@@H](C[C@@H]1CCCN1)C(=O)c1c[nH]c2ccccc12.CC(C)[C@H](N)C(=O)C(=O)[C@H](CCCCN)[C@H](C(=O)C(=O)[C@H](CCCN)CC(N)=O)C(C)C.CC[C@H](C)[C@H](NC(=O)[C@H](CC(N)=O)NC(=O)[C@H](C)N)C(=O)N[C@@H](CO)C(N)=O.N.NC(=O)C[C@@H]1NC1=O.NC(=O)[C@@H](N)CO.O=C1N[C@@H](Cc2c[nH]c3ccccc23)C(=O)N2CCC[C@@H]12
C2(=O)[C@@H]%12CCCN=C(N)N.C%34(=O)[C@@H]%15CCCN=C(N)N.C%36(=O)[C@@H]%16CCCN=C(N)N.C%38(=O)[C@@H]%18CCCCN.C7(=O)[C@@H]%20CCCCN.CC[C@H](C)[C@H]%11C9=O.C8(=O)[C@@H]%22CC(=O)O.C8(=O)[C@@H](N)CC(N)=O.c1%30ccc(O)cc1.C5(=O)[C@@H]%19C(C)C.[C@@H]1%23CCCN1%24.C%24(=O)[C@@H]%14C%30.[C@@H]1%25CCCN1%33.[C@@H]1%26CCCN1%34.[C@@H]1%27CCCN1%36.[C@@H]1%28CCCN1%38.[C@@H]1%29CCCN13.C4(=O)[C@@H]%17C%31.c1%31ccccc1.[C@H]%21(C%32)C%10=O.c1%32ccccc1.C%13%25=O.C%33%26=O.C%35%27=O.C%37%28=O.C6%29=O.N2%11.N%13%12.N%33%14.N%36%15.N%37%16.N3%17.N4%18.N5%19.N7%20.N8%21.N9%22.N%10%23	CC(C)[C@@H]1NC1=O.CC[C@H](C)[C@H](NC(=O)[C@H](CCCN=C(N)N)NC(=O)[C@@H]1CCCN1C(=O)[C@@H]1CCCN1C(=O)[C@@H](N)CCCN=C(N)N)C(=O)N[C@@H](CC(=O)O)C(=O)C(=O)[C@@H](N)CC(N)=O.NCCCC[C@@H]1NC1=O.NCCCC[C@H](NC(=O)[C@H](Cc1ccccc1)NN1CCC[C@H]1C=O)C(=O)N1CCC[C@H]1C(=O)N[C@@H](CCCN=C(N)N)C(=O)N1CCC[C@H]1C=O.N[C@@H](Cc1ccccc1)C(=O)N[C@@H]1CCCN1C(=O)[C@@H](N)Cc1ccc(O)cc1
[C@H]%22(CCCN=C(N)N)C5=O.[C@H]%24(CCCN=C(N)N)C8=O.[C@H]%26(CCCN=C(N)N)C9=O.[C@H]%16(CCCCN)C%38=O.c1%31c[nH]c2ccccc12.[C@H]%20(CCCCN)C%40=O.[C@H]%28(CCCCN)C%10=O.[C@H]%19(CCCCN)C%40=O.c1%35c[nH]c2ccccc12.CC[C@H](C)[C@H](N)C3=O.[C@H]%18(CC(C)C)C%39=O.[C@H]%21(CC(C)C)C4=O.[C@H]%23(CC(=O)O)C6=O.[C@@H]%29(C%11=O)[C@@H](C)CC.c1%33ccc(O)cc1.c1%34ccc(O)cc1.[C@H]%12(C%31)C%14=O.[C@H]%15(C%32)C%25=O.[C@H]%24(C%33)C7=O.[C@H]%27(C%34)C%10=O.[C@H]%30(C%35)C(=O)O.[C@H]%13(C)C%35=O.C%17C%37=O.N3%13.N%14%15.N%25%16.N%36%17.N%37%18.N%38%19.N%39%20.N%40%21.N4%22.N5%23.N6%24.N7%26.N8%27.N9%28.N%10%29.N%11%30	CC(C)C[C@H](N)C(=O)N[C@@H](CCCN=C(N)N)C(=O)N[C@@H](CC(=O)O)C(N)=O.CC(C)C[C@H](NC(=O)CN)C(=O)N[C@@H](CCCCN)C(=O)C(=O)[C@H](CCCCN)NC(=O)[C@H](CCCCN)NC(=O)[C@H](C)NC(=O)CCc1c[nH]c2ccccc12.CC[C@H](C)[C@H](N)C(=O)N[C@@H](C)C=O.CC[C@H](C)[C@H](N)C(=O)N[C@@H](Cc1c[nH]c2ccccc12)C(=O)O.NCCCC[C@@H]1NC(=O)[C@H](CCCN=C(N)N)NC(=O)[C@H](Cc2ccc(O)cc2)[C@@H](CCCN=C(N)N)C(=O)N[C@@H](Cc2ccc(O)cc2)C(=O)C1=O
C%26(=O)[C@@H]%13CCCN=C(N)N.[C@H]%17(CCCN=C(N)N)C5=O.C3(=O)[C@@H]9CCCCN.C%23(=O)[C@@H]%11CCC(N)=O.c1%23c[nH]c2ccccc12.[C@H]%18(CCCCN)C6=O.CC[C@H](C)[C@H]8C4=O.C%14(=O)[C@@H]%10CC(=O)O.C%25(=O)[C@@H]%12CC(N)=O.[C@@H]%19(C7=O)[C@@H](C)CC.C%27(=O)[C@@H]%15CCC%21.c1%22ccc(O)cc1.C%28(=O)[C@@H]%16C%22.[C@H]%20(C%22)C(=O)O.C%29(=O)[C@H](C)N.N38.N%148.N%239.N%24%10.N%25%11.N%26%12.N%27%13.S%21C.N%28%15.N%29%16.N4%17.N5%18.N6%19.N7%20	CC[C@H](C)[C@H](NC(=O)[C@H](CCCCN)NC(=O)[C@H](CCCN=C(N)N)NC(=O)[C@@H](NC(=O)[C@@H](N)CCCCN)[C@@H](C)CC)C(=O)N[C@@H](C)C(=O)O.CSCCC[C@H](NC(=O)[C@H](Cc1ccc(O)cc1)NC(=O)[C@H](C)N)C(=O)N[C@@H](CCCN=C(N)N)C(=O)N[C@@H](CC(N)=O)C(=O)N[C@@H](CCC(N)=O)C(=O)c1c[nH]c2ccccc12.NC(=O)[C@@H](N)CC(=O)O
C%11(=O)[C@@H]4CCCN=C(N)N.C%13(=O)[C@@H]5CCCN=C(N)N.C%13(=O)[C@@H]5CCCCN.C%16(=O)[C@@H](N)CCCCN.c19c[nH]c2ccccc12.CC(C)[C@H]%17C(=O)O.C3(=O)[C@@H]%18C9.[C@@H]18CCCN1%13.C%14(=O)[C@@H]6C%10.c1%10ccccc1.C%128=O.N3%17.N%11%18.N%124.N%145.N%156.N%167	CC(C)[C@H](NC(=O)[C@H](Cc1c[nH]c2ccccc12)NC(=O)[C@H](CCCN=C(N)N)NC(=O)[C@@H]1CCCN1)C(=O)O.NC(=O)[C@@H](N)Cc1ccccc1.NCCCC[C@H](N)C(N)=O.NCCCC[C@H]1C(=O)C(=O)[C@@H]1CCCN=C(N)N
[C@H]7(CCCN=C(N)N)C%25=O.[C@H]%10(CCCN=C(N)N)C%27=O.[C@H]%12(CCCN=C(N)N)C%29=O.[C@H]%17(CCCN=C(N)N)C(N)=O.c1%20c[nH]c2ccccc12.c1%21c[nH]c2ccccc12.[C@H]%15(CCCCN)C4=O.c1%22c[nH]c2ccccc12.[C@H]6(C%18)C%14=O.[C@H]8(C%19)C%24=O.[C@H]9(C%20)C%26=O.[C@H]%11(C%21)C%28=O.[C@H]%13(C%22)C%30=O.[C@H]%16(C%23)C5=O.c1%23ccccc1.[C@H]%16(C%19)C5=O.c1%18cnc[nH]1.NCC3=O.N36.N%147.N%248.N%259.N%26%10.N%27%11.N%28%12.N%29%13.N%30%15.N4%16.N5%17	NC(=O)[C@@H](N)CCCN=C(N)N.NCCCC[C@H](NC(=O)[C@H](Cc1c[nH]c2ccccc12)NC(=O)[C@H](CCCN=C(N)N)NC(=O)[C@H](Cc1c[nH]c2ccccc12)NC(=O)[C@H](CCCN=C(N)N)NC(=O)[C@H](Cc1c[nH]c2ccccc12)NC(=O)[C@H](CCCN=C(N)N)NC(=O)[C@H](Cc1cnc[nH]1)NC(=O)CN)C(N)=O.O=C1N[C@H]1CC[C@H]1C(=O)C(=O)[C@@H]1Cc1ccccc1
C2(=O)[C@H]6CCCN=C(N)N.C%13(=O)[C@H]7CCCN=C(N)N.C%17(=O)[C@H](N)CCCN=C(N)N.[C@@H]%10(CCCN=C(N)N)C%22=O.[C@@H]%11(CCCN=C(N)N)C%23=O.[C@@H]%15(CCCN=C(N)N)C(N)=O.CC[C@@H](C)[C@@H]5C%18=O.[C@H]9(C%21=O)[C@H](C)CC.[C@H]8(C%20=O)C(C)C.[C@H]%12(C3=O)C(C)C.N1%20CCC[C@@H]1%16.[C@@H]%14(C)C4=O.C%21%16=O.N25.N%136.N%177.N%188.N%199.N%21%10.N%22%11.N%23%12.N3%14.N4%15	CC(C)[C@@H](NC(=O)[C@@H](CCCN=C(N)N)NC(=O)[C@H](N)CCCN=C(N)N)C(=O)N[C@H](C)C(=O)N[C@H](CCCN=C(N)N)C(N)=O.CC[C@@H](C)[C@@H](N)C(=O)C(=O)[C@H]1CCCN1C(=O)[C@H](NC(=O)[C@H](NC(=O)[C@@H](CCCN=C(N)N)NC(=O)[C@@H](CCCN=C(N)N)NC(=O)[C@H](N)CCCN=C(N)N)[C@H](C)CC)C(C)C
[C@@H]1%39NC(=O)[C@H]5NC(=O)[C@H]6NC(=O)[C@H]7NC(=O)[C@H]8NC(=O)[C@H]9NC(=O)[C@H]%10NC(=O)[C@H](C)NC(=O)CNC(=O)[C@H]%11NC(=O)[C@H]%12NC(=O)[C@H]%13NC(=O)[C@H]%14NC(=O)[C@H]%16NC(=O)[C@H]%17NC(=O)[C@H]%18NC(=O)[C@H]%19NC(=O)[C@H]%20NC(=O)[C@H]%21NC(=O)[C@H]%22NC(=O)[C@H]%23NC(=O)[C@H]%24NC1=O.c1%29c[nH]c2ccccc12.c1%34c[nH]c2ccccc12.c1%30ccc(O)cc1.C%12CCN=C(N)N.C%21CCN=C(N)N.c1%25ccccc1.c1%27ccccc1.c1%28ccccc1.C4(=O)[C@@H]%35C%29.N1%26CCC[C@H]1%38.c1%31ccccc1.c1%32ccccc1.c1%32ccccc1.C6CCCN.C%10CC(=O)O.c1%27cnc[nH]1.C%13CCCN.C%14CCCN.C%22CCCN.CCC(C)C.CC%36=O.C%26%37=O.C%38%38=O.C7(C)C.C9%24.C%11%28.C%13%25.C%16%27.N4%36.C%15O.C%15%34.N%33%35.C%18%30.C%19%31.C%20%32.C%23%32	CC(=O)NC(=O)[C@@H](N)Cc1c[nH]c2ccccc12.CC(C)[C@@H]1NC(=O)CNC(=O)[C@@H]2C[C@H](NC(=O)CNC(=O)CNC(=O)[C@H](CCCCN)NC1=O)C(=O)N[C@H]1CC[C@H](NC(=O)[C@H](CCCN=C(N)N)NC(=O)[C@H](CCCCN)NC1=O)C(=O)N[C@@H](Cc1ccccc1)C(=O)N[C@@H](Cc1ccc(O)cc1)C(=O)NCC(=O)N[C@@H](C)C(=O)N[C@@H](CCCCN)C(=O)N[C@@H](CCCCN)C(=O)N[C@@H](CCCN=C(N)N)C(=O)N[C@@H](Cc1ccccc1)C(=O)NCC(=O)N[C@@H](C)C(=O)N[C@@H](CCC(=O)O)C(=O)N2.CCC(C)C.Cc1ccccc1.O=C[C@@H]1CCCN1C=O.OCCc1c[nH]c2ccccc12.c1ccc(-c2ccccc2)cc1.c1ccc(-c2cnc[nH]2)cc1
C%35(=O)[C@@H]%14CCCN=C(N)N.C%13(=O)[C@@H]%15CCC(N)=O.C%41(=O)[C@@H]%17CCCCN.C7(=O)[C@@H]%20CCCCN.CC(C)C[C@H]%14C(=O)O.C9(=O)[C@@H]%22CC(C)C.C%12(=O)[C@@H](N)CC(N)=O.c1%34ccc(O)cc1.C6(=O)[C@@H]%19C(C)C.[C@@H]1%25CCCN1%24.[C@@H]1%26CCCN1%35.C%35(=O)[C@@H]%16C%33.[C@@H]1%27CCCN1%38.[C@@H]1%28CCCN1%39.[C@@H]1%29CCCN14.[C@@H]1%30CCCN16.[C@@H]1%31CCCN18.C8(=O)[C@@H]%21C%34.[C@@H]1%32CCCN1%10.C%10(=O)[C@@H]%23C%33.c1%33cnc[nH]1.C%11(=O)[C@@H]%32C.C2%25=O.C%24%26=O.C%37%27=O.C%39%28=O.C%40%29=O.C4%30=O.C5%31=O.C8%32=O.N2%14.N%37%15.N%37%16.N%40%17.N3%18.N5%19.N7%20.N9%21.N%11%22.N%12%23	C=O.CC(C)C[C@@H](C(=O)O)[C@@H](CCCN=C(N)N)C(=O)N1CCC[C@H]1C(=O)N1CCC[C@H]1C(N)=O.CC(C)C[C@H](NC(=O)[C@H](C)[C@@H]1CCCN1C(=O)[C@H](CC[C@H](N)C=O)NC(=O)[C@@H](N)CC(N)=O)C(=O)N[C@@H](Cc1ccc(O)cc1)C(=O)N1CCC[C@H]1C(=O)N[C@H](C(=O)N1CCC[C@H]1C(=O)N1CCC[C@H]1C(=O)N[C@H](C=O)CCCCN)C(C)C.N.NC(=O)CC[C@@H](C=O)NC(=O)[C@@H]1CCCN1.NCCCC[C@@H]1NC1=O.O=C1[C@@H]2CCCN12.c1c[nH]cn1
[C@H]1%25CSSC[C@@H]%26NC(=O)[C@H]%29NC(=O)CNC(=O)[C@H]4NC(=O)[C@H]5NC(=O)[C@H]6NC(=O)[C@H]7NC(=O)[C@H]8NC(=O)[C@H]9NC(=O)[C@H]%10NC(=O)[C@H]%11NC(=O)[C@H]%12NC(=O)[C@H]%13NC2=O)NC(=O)CNC(=O)[C@H]%15NC(=O)[C@H]%16NC(=O)[C@H]%17NC(=O)CNC(=O)[C@H]%19NC1=O.c1%22ccc(O)cc1.C2(=O)[C@@H](N)C%20.c1%20ccccc1.N1%25CCC[C@H]1%27.c1%21ccccc1.c1%23ccccc1.N12CCC[C@H]1%28.C4CCCN.C5CCCN.C9CC(=O)O.C%11CCCN.C%12CCCN.C%15CCCN.C%18CCCN.CC[C@@H]%29C.C%13C(C)C.[C@H]%13(C)CC.C%14(C)=O.CC3=O.C%24%26=O.C%27(N)=O.C%28(C)=O.C%10(C)C.C%17(=O.N3%24.N%14%21.C6%22.C%10%23	INVALID
C3(=O)[C@@H]7CCCN=C(N)N.C%19(=O)[C@@H](N)CCCN=C(N)N.[C@H]%10(CCCN=C(N)N)C%22=O.[C@H]%13(CCCN=C(N)N)C%24=O.[C@H]%17(CCCN=C(N)N)C(N)=O.C%14(=O)[C@@H]8CCC(N)=O.c1%18c[nH]c2ccccc12.[C@H]%12(CCCCN)C%25=O.CC[C@H](C)[C@H]6C%20=O.[C@@H]%15(C4=O)[C@@H](C)CC.[C@@H]%16(C5=O)[C@@H](C)CC.[C@H]9(C%18)C%21=O.[C@H]%11(CS)C%23=O.N36.N%147.N%198.N%209.N%21%10.N%22%11.N%23%12.N%24%13.N%25%15.N4%16.N5%17	CC[C@H](C)[C@H](NC(=O)[C@H](CCCN=C(N)N)NC(=O)[C@H](CCC(N)=O)NC(=O)[C@@H](N)CCCN=C(N)N)C(=O)N[C@@H](Cc1c[nH]c2ccccc12)C(=O)N[C@@H](CCCN=C(N)N)C(=O)N[C@@H](CS)C(=O)N[C@@H](CCCCN)C(=O)N[C@H](C(=O)N[C@H](C(=O)N[C@@H](CCCN=C(N)N)C(N)=O)[C@@H](C)CC)[C@@H](C)CC.NC(N)=NCCC[C@@H]1NC1=O
CC(C)C[C@H]%10C(=O)O.C2(=O)[C@@H]%11CC(C)C.C2(=O)[C@@H]%15CCCN.C%34(=O)[C@@H]%15CCCN.C6(=O)[C@@H]%18CCCN.C8(=O)[C@@H]%20CCCN.c1%31ccc(O)cc1.[C@@H]1%21CCCN1%24.C%24(=O)[C@@H]%12C%28.C%33(=O)[C@@H]%14C%30.c1%30ccccc1.[C@@H]1%22CCCN1%34.C%37(=O)[C@@H]%16C%31.[C@@H]1%23CCCN1%36.[C@@H]1%25CCCN13.[C@@H]1%26CCCN14.C4(=O)[C@@H]%19C%29.[C@@H]1%33CCCN16.[C@@H]1%27CCCN18.c1%28cnc[nH]1.c1%29cnc[nH]1.C9(=O)[C@@H]NN.C%13%21=O.C%32%22=O.C%35%23=O.C%36%25=O.C5%26=O.C7%27=O.N2%10.N%13%11.N%32%12.N%35%14.N%35%15.N3%16.N4%17.N5%18.N7%19.N9%20	CC(C)C[C@@H]1NC(=O)[C@@H]2CCCN2C(=O)[C@H](Cc2cnc[nH]2)NC(=O)[C@@H]2CCCN2C(=O)[C@H](CCCN)[C@@H](CCCN)C(=O)C1=O.CC(C)C[C@H](N)C(=O)O.N.N.NCCC[C@H](NC(=O)[CH]NN)C(=O)N1CCC[C@H]1C(=O)N[C@@H](Cc1cnc[nH]1)C(=O)N1CCC[C@H]1C(=O)N[C@@H](CCCN)C(=O)N1CCC[C@H]1C(=O)[C@H](Cc1ccccc1)NC(=O)[C@@H]1CCCN1C(=O)[C@@H]1CCCN1N[C@H](C=O)Cc1ccc(O)cc1
[C@@H]13NC(=O)[C@H]8NC(=O)[C@H]9NC(=O)[C@H]%10NC(=O)[C@H]%11NC(=O)[C@H]%12NC(=O)[C@@H]%13NC(=O)[C@H]%14NC(=O)[C@@H]2CCCN2C(=O)[C@@H]%15NC1=O.c14ccc(O)cc1.c15ccccc1.c16ccccc1.c17ccccc1.C%11CCCN.CC(C)C3.C8CCN.C%12C(N)=O.C9(C)C.C%104.C%135.C%146.C%157	CC(C)C[C@@H]1NC(=O)[C@H](CCCN)NC(=O)[C@H](C(C)C)NC(=O)[C@H](Cc2ccc(O)cc2)NC(=O)[C@H](CCCCN)NC(=O)[C@H](CC(N)=O)NC(=O)[C@@H](Cc2ccccc2)NC(=O)[C@H](Cc2ccccc2)NC(=O)[C@@H]2CCCN2C(=O)[C@@H](Cc2ccccc2)NC1=O
[C@H]%12(CCCN=C(N)N)C%30=O.[C@H]%17(CCCN=C(N)N)C6=O.c1%20c[nH]c2ccccc12.c1%21c[nH]c2ccccc12.c1%22c[nH]c2ccccc12.c1%23c[nH]c2ccccc12.c1%24c[nH]c2ccccc12.[C@H]%16(CCCCN)C5=O.CC(C)[C@H]7C%14=O.[C@@H]%10(C%26=O)[C@@H](C)O.C3(=O)[C@@H](N)C%20.c1%20ccccc1.[C@H]9(C%21)C%27=O.[C@H]%11(C%22)C%29=O.N1%31CCC[C@H]1%19.[C@H]%15(C%24)C%31=O.[C@H]8(C)C%25=O.C%18C(=O)O.C%32%19=O.N37.N%148.N%259.N%26%10.N%27%11.N%28%12.N%29%13.N%30%15.N4%16.N5%17.N6%18	CC(C)[C@H](NC(=O)[C@@H](N)Cc1c[nH]c2ccccc12)C(=O)N[C@@H](C)C(=O)N[C@@H](Cc1c[nH]c2ccccc12)C(=O)N[C@@H](Cc1c[nH]c2ccccc12)C(N)=O.C[C@@H](O)[C@@H]1NC1=O.NC(N)=NCCC[C@H](N)C(=O)N[C@@H](Cc1c[nH]c2ccccc12)C(=O)N1CCC[C@H]1C=O.NCCCC[C@H](N)C(=O)N[C@@H](CCCN=C(N)N)C(=O)NCC(=O)O.c1ccc2[nH]ccc2c1.c1ccccc1
C%13(=O)[C@@H]%11CCCN=C(N)N.C%31(=O)[C@@H]%14CCCN=C(N)N.[C@H]%15(CCCN=C(N)N)C%34=O.[C@H]%16(CCCN=C(N)N)C4=O.[C@H]%18(CCCN=C(N)N)C9=O.CC[C@H](C)[C@H]%10C%33=O.[C@@H]%19(C(=O)O)C(C)C.[C@@H]1%20CCCN1%13.C%24(=O)[C@@H]%12C%28.c1%28ccccc1.[C@@H]1%21CCCN1%31.C%32(=O)[C@@H]%12CO.N1%35CCC[C@H]1%23.N15CCC[C@H]1%25.[C@H]%17(C%29)C7=O.c1%29ccccc1.N17CCC[C@H]1%26.N19CCC[C@H]1%27.C2%20=O.C%30%21=O.C%35%22=O.C3%23=O.C5%25=O.C6%26=O.C8%27=O.N2%10.N%24%11.N%30%12.N%32%14.N%33%15.N3%16.N4%17.N6%18.N8%19	CC(C)[C@H](NC(=O)[C@@H]1CCCN1C(=O)[C@H](CCCN=C(N)N)NC(=O)[C@@H]1CCCN1C(=O)[C@H](Cc1ccccc1)NC(=O)[C@H](CCCN=C(N)N)NC(=O)[C@@H]1CCCN1C=O)C(=O)O.CC[C@H](C)[C@H](NC(=O)[C@@H]1CCCN1C(=O)[C@H](CCCN=C(N)N)NC(=O)[C@H](Cc1ccccc1)[C@@H](CO)C(=O)N[C@@H](CCCN=C(N)N)C(=O)N1CCC[C@H]1C(N)=O)C(=O)N[C@H](C=O)CCCN=C(N)N.O=C1[C@@H]2CCCN12
C%13(=O)[C@@H]%14CCCN=C(N)N.C%38(=O)[C@@H]%18CCCN=C(N)N.C6(=O)[C@@H]%21CCCN=C(N)N.[C@H]%23(CCCN=C(N)N)C%11=O.C8(=O)[C@@H]%22CCCCN.CC[C@H](C)[C@H]%12C%10=O.C%36(=O)[C@@H]%17[C@@H](C)O.c1%33ccc(O)cc1.C1%30CC(O)CN16.[C@@H]%25(C(=O)O)C(C)C.[C@@H]1%26CCCN1%13.[C@@H]1%27CCCN1%34.[C@@H]1%28CCCN1%34.C%34(=O)[C@@H]%15C%32.C%35(=O)[C@@H]%16CO.C3(=O)[C@@H]%19CO.[C@@H]1%29CCCN13.C4(=O)[C@@H]%20C%33.[C@@H]1%31CCCN18.c1%32cnc[nH]1.C9(=O)CN.C2%26=O.C%24%27=O.C%37%28=O.C%39%29=O.C5%30=O.C7%31=O.N2%12.N%24%14.N%35%15.N%36%16.N%37%17.N%39%18.N4%19.N5%20.N7%21.N9%22.N%10%23.N%11%25	CC[C@H](C)[C@H](NC(=O)[C@@H]1CCCN1C(=O)[C@H](CCCN=C(N)N)NC(=O)[C@@H]1CCCN1N1CCC[C@H]1C(=O)N[C@H](C(=O)N[C@@H](CO)C(=O)N[C@H](C=O)Cc1cnc[nH]1)[C@@H](C)O)C(=O)N[C@@H](CCCN=C(N)N)C(=O)N[C@H](C(=O)O)C(C)C.NCCCC[C@H](NC(=O)CN)C(=O)N1CCC[C@H]1C(=O)N[C@@H](CCCN=C(N)N)C(=O)N1CC(O)CC1C(=O)N[C@@H](Cc1ccc(O)cc1)C(=O)N[C@@H](CO)C(=O)N1CCC[C@H]1C(=O)N[C@H](C=O)CCCN=C(N)N
C2(=O)[C@@H]%17CCCN=C(N)N.C%13(=O)[C@@H](N)CCCN=C(N)N.[C@H]%18(CCCN=C(N)N)C%35=O.[C@H]%19(CCCN=C(N)N)C%40=O.[C@H]%20(CCCN=C(N)N)C%41=O.[C@H]%21(CCCN=C(N)N)C%44=O.[C@H]%23(CCCN=C(N)N)C5=O.[C@H]%25(CCCN=C(N)N)C7=O.[C@H]%25(CCCN=C(N)N)C9=O.[C@H]%26(CCCN=C(N)N)C%11=O.[C@H]%27(CCCN=C(N)N)C%14=O.[C@H]%28(CCCN=C(N)N)C%15=O.N1%35CCC[C@H]1%29.N1%41CCC[C@H]1%30.N1%42CCC[C@H]1%31.N13CCC[C@H]1%32.N15CCC[C@H]1%33.N17CCC[C@H]1%34.N19CCC[C@H]1%36.N1%11CCC[C@H]1%37.N1%14CCC[C@H]1%38.N1%16CCC[C@H]1%39.C%39%29=O.C%42%30=O.C%43%31=O.C4%32=O.C6%33=O.C8%34=O.C%10%36=O.C%12%37=O.C%15%38=O.C%39(=O)O.N2%16.N%13%17.N%24%18.N%40%19.N%43%20.N%44%21.N4%22.N6%23.N8%25.N%10%26.N%12%27.N%15%28	NC(=O)[C@@H]1CCCN1.NC(=O)[C@@H]1CCCN1C(=O)[C@H](CCCN=C(N)N)[C@@H](CCCN=C(N)N)C(=O)N1CCC[C@H]1C(=O)N[C@@H](CCCN=C(N)N)C(=O)N1CCC[C@H]1C(=O)N[C@@H](CCCN=C(N)N)C(=O)N1CCC[C@H]1C(=O)C(=O)[C@@H](N)CCCN=C(N)N.NC(N)=NCCC[C@@H]1NC(=O)[C@@H]2CCCN2C(=O)[C@@H]2CCCN2C1=O.NC(N)=NCCC[C@@H]1NC(=O)[C@@H]2CCCN2C1=O.NC(N)=NCCC[C@@H]1NC1=O.NC(N)=NCCC[C@@H]1NC1=O.NC(N)=NCCC[C@H](NC(=O)[C@@H](N)CCCN=C(N)N)C(=O)NN1CCC[C@H]1C(=O)[C@@H]1CCCN1C(=O)[C@@H](N)CCCN=C(N)N.O=CO
C2(=O)[C@@H]%14CCCN=C(N)N.C%13(=O)[C@@H]%15CCCN=C(N)N.C%35(=O)[C@@H]%16CCCN=C(N)N.C%37(=O)[C@@H]%17CCCN=C(N)N.C%39(=O)[C@@H]%18CCCN=C(N)N.[C@H]%26(CCCN=C(N)N)C(N)=O.C5(=O)[C@@H]%20CCCCN.C6(=O)[C@@H]%21CCCCN.CC[C@H](C)[C@H]%12C9=O.C7(=O)[C@@H]%22CC(=O)O.[C@H]%25(CC(N)=O)C%11=O.c1%32ccc(O)cc1.C8(=O)[C@@H](N)C(C)C.c1%33ccc(O)cc1.[C@@H]1%27CCCN1%34.[C@@H]1%28CCCN1%35.[C@@H]1%29CCCN1%37.[C@@H]1%30CCCN1%39.C4(=O)[C@@H]%19C%32.[C@H]%23(C%33)C%10=O.c1%32cnc[nH]1.C%24%27=O.C%34%28=O.C%36%29=O.C%38%30=O.C4%31=O.N2%12.N%13%14.N%24%15.N%36%16.N%38%17.N3%18.N4%19.N6%20.N7%21.N8%22.N9%23.N%10%25.N%11%26	CC(C)[C@H](N)C(=O)N[C@@H](CC(=O)O)C(=O)N[C@@H](CCCCN)C(=O)N[C@H](C=O)CCCCN.CC[C@H](C)[C@H](NC(=O)[C@H](CCCN=C(N)N)NC(=O)[C@H](CCCN=C(N)N)NC(=O)[C@@H]1CCCN1C(=O)[C@@H]1CCCN1C(=O)[C@H](CCCN=C(N)N)NC(=O)[C@@H]1CCCN1C(=O)[C@H](CCCN=C(N)N)NC(=O)[C@@H]1CCCN1C(=O)[C@@H](N)CCCN=C(N)N)C(=O)N[C@@H](Cc1ccc(O)cc1)C(=O)N[C@@H](CC(N)=O)C(=O)N[C@@H](CCCN=C(N)N)C(N)=O.N[C@@H](Cc1ccc(O)cc1)C(=O)C=O.c1c[nH]cn1
C1(=O)[C@@H]7CCCN=C(N)N.C%21(=O)[C@@H]%10CCCN=C(N)N.C%22(=O)[C@@H](N)CCCN=C(N)N.[C@H]%15(CCCN=C(N)N)C2=O.[C@H]%18(CCCN=C(N)N)C5=O.[C@H]%19(CCCN=C(N)N)C(=O)O.[C@H]%17(CCCCN)C4=O.CC[C@H](C)[C@H]6C%23=O.C%20(=O)[C@@H]9CC(C)C.[C@@H]%14(C%26=O)[C@@H](C)CC.[C@@H]%11(C%24=O)C(C)C.[C@@H]%13(C%25=O)C(C)C.[C@@H]%16(C3=O)C(C)C.C%12(=O)[C@@H]8CO.N16.N%127.N%208.N%219.N%22%10.N%23%11.N%24%13.N%25%14.N%26%15.N2%16.N3%17.N4%18.N5%19	CC[C@H](C)[C@H](NC(=O)[C@H](CCCN=C(N)N)NC(=O)[C@H](CO)NC(=O)[C@H](CC(C)C)NC(=O)[C@H](CCCN=C(N)N)NC(=O)[C@@H](N)CCCN=C(N)N)C(=O)N[C@H](C(=O)N[C@H](C(=O)N[C@H](C(=O)N[C@@H](CCCN=C(N)N)C(=O)N[C@H](C(=O)N[C@@H](CCCCN)C(=O)N[C@@H](CCCN=C(N)N)C(=O)N[C@@H](CCCN=C(N)N)C(=O)O)C(C)C)[C@@H](C)CC)C(C)C)C(C)C
[C@H]12OC(=O)CNC(=O)[C@H]3NC(=O)[C@H]4NC(=O)[C@H]5NC(=O)[C@H]6N(C)C(=O)[C@@H]1C.CCCCCC2.C5C(C)C.C6C(C)C.[C@@H]3(C)O.C4N	CCCCCC[C@H]1OC(=O)CNC(=O)[C@H]([C@H](C)O)NC(=O)[C@H](CN)NC(=O)[C@H](CC(C)C)NC(=O)[C@H](CC(C)C)N(C)C(=O)[C@@H]1C
C2(=O)[C@@H]%10CCCN=C(N)N.C%13(=O)[C@@H](N)CCCN=C(N)N.[C@H]%11(CCCN=C(N)N)C%26=O.[C@H]%12(CCCN=C(N)N)C%28=O.[C@H]%15(CCCN=C(N)N)C%31=O.[C@H]%17(CCCN=C(N)N)C3=O.[C@H]%18(CCCN=C(N)N)C5=O.[C@H]%19(CCCN=C(N)N)C7=O.CC[C@H](C)[C@H]9C%24=O.[C@H]%14(CC(C)C)C%29=O.[C@H]%16(CC(C)C)C3=O.N1%26CCC[C@H]1%20.N1%29CCC[C@H]1%21.N13CCC[C@H]1%22.N15CCC[C@H]1%23.N17CCC[C@H]1%25.C%27%20=O.C%30%21=O.C4%22=O.C6%23=O.C8%25=O.N29.N%13%10.N%24%11.N%27%12.N%28%14.N%30%15.N%31%16.N4%17.N6%18.N8%19	CC[C@H](C)[C@H](NC(=O)[C@H](CCCN=C(N)N)NC(=O)[C@@H](N)CCCN=C(N)N)C(=O)N[C@@H](CCCN=C(N)N)C(=O)N1CCC[C@H]1C(=O)N[C@@H](CCCN=C(N)N)C(=O)N[C@@H](CC(C)C)C(=O)N1CCC[C@H]1C(=O)N[C@@H](CCCN=C(N)N)C(=O)N[C@@H](CC(C)C)C(=O)C(=O)[C@H](CCCN=C(N)N)NC(=O)[C@@H]1CCCN1.NC(N)=NCCC[C@@H]1NC(=O)[C@@H]2CCCN2C1=O.NC(N)=NCCC[C@@H]1NC(=O)[C@@H]2CCCN2C1=O
C%32(=O)[C@@H]%15CCCN=C(N)N.[C@H]%19(CCCN=C(N)N)C5=O.[C@H]%21(CCCN=C(N)N)C%10=O.CC[C@H](C)[C@H]%11C%37=O.C%33(=O)[C@@H]%16CC(N)=O.C%34(=O)[C@@H]%17CC(N)=O.C%35(=O)[C@@H]%18CC(N)=O.c1%31ccc(O)cc1.C%33(=O)[C@@H]%16C(C)C.C2(=O)[C@@H]%12C%31.[C@@H]1%22CCCN1%32.N1%36CCC[C@H]1%23.N1%37CCC[C@H]1%25.N13CCC[C@H]1%26.N15CCC[C@H]1%27.N16CCC[C@H]1%28.[C@H]%20(C%30)C8=O.N18CCC[C@H]1%29.C%13(=O)[C@@H]%14C.c1%30cnc[nH]1.C%36(=O)CN.C%24%23=O.C%38%25=O.C4%26=O.C6%27=O.C7%28=O.C9%29=O.N2%11.N%13%12.N%24%14.N%34%15.N%35%16.N%36%17.N%38%18.N4%19.N7%20.N9%21.N%10%22	CC(C)[C@H]1C(=O)C(=O)[C@@H]1CC(N)=O.CC[C@H](C)[C@H](NC(=O)[C@H](Cc1ccc(O)cc1)NC(=O)[C@H](C)NC(=O)[C@@H]1CCCN1C(=O)CN)C(=O)N1CCC[C@H]1C(=O)N[C@@H](CC(N)=O)C(N)=O.NC(=O)C[C@H](N)C(=O)N[C@@H](CCCN=C(N)N)C(=O)N1CCC[C@H]1NC(=O)[C@H](CCCN=C(N)N)NC(=O)[C@@H]1CCCN1C(=O)[C@H](Cc1cnc[nH]1)NC(=O)[C@@H]1CCCN1C(=O)[C@@H]1CCCN1C(=O)[C@H](CCCN=C(N)N)NC(=O)[C@@H]1CCCN1
C%25(=O)[C@@H]%24CCCCN.c1%49c[nH]c2ccccc12.C%47(=O)[C@@H](N)CCCCN.[C@H]%27(CCCCN)C%52=O.[C@H]%28(CCCCN)C%53=O.[C@H]%31(CCCCN)C5=O.[C@H]%34(CCCCN)C8=O.[C@H]%35(CCCCN)C9=O.[C@H]%41(CCCCN)C%16=O.[C@H]%42(CCCCN)C%17=O.[C@H]%44(CCCCN)C%19=O.CC[C@H](C)[C@H]%21C%51=O.[C@H]%29(CC(C)C)C%54=O.[C@@H]%42(C%16=O)[C@@H](C)CC.[C@@H]%43(C%17=O)[C@@H](C)CC.[C@@H]%30(C4=O)C(C)C.[C@@H]%37(C%10=O)C(C)C.[C@@H]%38(C%12=O)[C@@H](C)O.[C@@H]%39(C%13=O)C(C)C.[C@@H]%44(C%19=O)[C@@H](C)O.C3(=O)[C@@H]%22C%48.c1%48ccccc1.C%14(=O)[C@@H]%23CO.C%36(=O)[C@@H]%26C%49.N1%17CCC[C@H]1%46.[C@H]%32(C)C6=O.[C@H]%33(C)C7=O.[C@H]%40(C)C%15=O.C%18%46=O.N3%21.N%14%22.N%25%23.N%36%24.N%47%26.N%50%27.N%51%28.N%52%29.N%53%30.N4%31.N5%32.N6%33.N7%34.N8%35.N9%37.N%10%38.N%11%39.N%12%40.N%13%41.N%15%42.N%16%43.N%18%44.N%20%45	CC(C)C[C@@H](C=O)NC(=O)[C@@H](N)CCCCN.CC[C@H](C)[C@@H](C(=O)C(=O)[C@H](CCCCN)NC(=O)[C@@H](N)C(C)C)[C@@H](CCCCN)C(=O)C(=O)[C@@H](N)[C@@H](C)CC.CC[C@H](C)[C@H](NC(=O)[C@H](Cc1ccccc1)NC(=O)[C@H](CO)NC(=O)[C@H](CCCCN)NC(=O)[C@H](Cc1c[nH]c2ccccc12)NC(=O)[C@@H](N)CCCCN)C(=O)N[C@@H](CCCCN)C(=O)N[C@H](C(=O)N[C@@H](CCCCN)C(=O)N[C@@H](C)C(=O)N[C@@H](C)C(=O)N[C@@H](CCCCN)C(=O)N[C@@H](CCCCN)C(=O)N[C@H](C(=O)N[C@H](C(=O)N[C@@H](C)C(N)=O)[C@@H](C)O)C(C)C)C(C)C.C[C@@H](O)[C@H]1C(=O)C(=O)[C@@H]1CCCCN.N.NC(=O)[C@@H]1CCCN1
[C@@H]1%12NC(=O)[C@H]%13NC(=O)[C@H]%14NC(=O)[C@H]%16NC(=O)[C@H]%17NC(=O)[C@@H]%10CSSC[C@@H]%11NC(=O)[C@@H]2CCCN2C(=O)[C@H]%18NC(=O)[C@@H]2CCCN2C(=O)[C@@H]2CCCN2C1=O.C%15(=O)[C@@H]5CCCN=C(N)N.C%22(=O)[C@@H]6CCCN=C(N)N.C%26(=O)[C@@H](N)CCCN=C(N)N.c1%19c[nH]c2ccccc12.c1%21c[nH]c2ccccc12.C%23(=O)[C@@H]6CC(C)C.C%24(=O)[C@@H]7CC(C)C.C%17CCN=C(N)N.C%18CCN=C(N)N.c1%20ccccc1.[C@H]9(C%21)C(=O)O.C%25(=O)[C@@H]8C%20.C[C@@H]%12C.C4%11=O.C%14O.C%16O.C%16%19.N4%10.N%15%29.N%235.N%246.N%257.N%268.N%279.N%28%10	CC(C)C[C@@H](C(=O)N[C@@H](CCCN=C(N)N)C(N)=O)[C@H](C=O)CCCN=C(N)N.CC(C)C[C@H](NC(=O)[C@H](Cc1ccccc1)NC(=O)[C@@H](N)CCCN=C(N)N)C(N)=O.CC(C)[C@@H]1NC(=O)CNC(=O)[C@H](CO)NC(=O)[C@H](CO)NC(=O)[C@H](CCCN=C(N)N)NC(=O)[C@@H]2CSSC[C@H](NC(=O)[C@@H]3CCCN3C(=O)[C@H](CCCN=C(N)N)NC(=O)[C@@H]3CCCN3C(=O)[C@@H]3CCCN3C1=O)C(=O)N2.Cc1c[nH]c2ccccc12.N.N[C@@H](Cc1c[nH]c2ccccc12)C(=O)O
[C@H]%31(CCCN=C(N)N)C%10=O.[C@H]%33(CCCN=C(N)N)C%12=O.[C@H]%37(CCCN=C(N)N)C%16=O.C%14(=O)[C@@H]%18CCCCN.[C@H]%24(CCCCN)C%49=O.c1%42c[nH]c2ccccc12.CC[C@H](C)[C@H]%17C%47=O.C%25(=O)[C@@H]%19CC(N)=O.C%36(=O)[C@@H]%21[C@@H](C)CC.C%44(=O)[C@@H]%22CC(C)C.[C@H]%28(CC(C)C)C6=O.[C@H]%29(CC(C)C)C7=O.[C@@H]%35(C%15=O)[C@@H](C)CC.c1%41ccc(O)cc1.C%36(=O)[C@@H]%21CO.C%45(=O)[C@@H]%23C%40.C%46(=O)[C@@H](N)CO.[C@H]%30(C%41)C9=O.N17CCC[C@H]1%39.[C@H]%32(C%43)C%11=O.c1%43ccccc1.C3(=O)[C@@H]%19C.c1%40cnc[nH]1.[C@H]%28(C)C5=O.C%26C4=O.C%38C(=O)O.C8%39=O.N3%17.N%14%18.N%25%19.N%36%20.N%44%21.N%45%22.N%46%23.N%47%24.N%48%26.N4%27.N5%28.N6%29.N8%30.N9%31.N%10%32.N%11%33.N%12%34.N%13%35.N%15%37.N%16%38	CC(C)C[C@H](NC(=O)[C@H](CC(C)C)[C@@H](C)C(N)=O)C(=O)N1CCC[C@H]1C(=O)N[C@@H](Cc1ccc(O)cc1)C(=O)N[C@@H](CCCN=C(N)N)C(=O)N[C@@H](Cc1ccccc1)C(=O)N[C@@H](CCCN=C(N)N)C(N)=O.CC(C)C[C@H](NC(=O)[C@H](Cc1cnc[nH]1)NC(=O)[C@@H](N)CO)C(N)=O.CC[C@H](C)[C@H](N)C(=O)N[C@@H](CCCN=C(N)N)C(=O)NCC(=O)O.CC[C@H](C)[C@H](NC(=O)[C@H](C)[C@@H](CC(N)=O)C(N)=O)C(=O)N[C@H](C=O)CCCCN.CC[C@H](C)[C@H]1C(=O)C(=O)[C@@H]1CO.N.NCC(N)=O.NCCCC[C@@H]1NC1=O.c1ccc2[nH]ccc2c1
[C@H]%86(CCCN=C(N)N)C%31=O.[C@H]%10(CCCN=C(N)N)C%54=O.C3(=O)[C@@H]%58CCCCN.C%23(=O)[C@@H]%60CCCCN.C%89(=O)[C@@H]%61CCC(N)=O.C%15(=O)[C@@H]%71CCCCN.C%23(=O)[C@@H]%73CCCCN.C%24(=O)[C@@H]%80CCC(N)=O.C%27(=O)[C@@H]%80CCC(=O)O.C%15(=O)[C@@H]%83CCCN.c1%10c[nH]c2ccccc12.C%31(=O)[C@@H]%83CCC(=O)O.c1%12c[nH]c2ccccc12.[C@H]%97(CCCCN)C%36=O.[C@H]%101(CCC(N)=O)C%35=O.[C@H]5(CCC(=O)O)C%47=O.CC[C@H](C)[C@H]%58C%39=O.C%13(=O)[C@@H]%64CC(N)=O.C4(=O)[C@@H]%66CC(C)C.C%13(=O)[C@@H]%70CC(C)C.C%17(=O)[C@@H]%74CC(C)C.C%19(=O)[C@@H]%75CC(=O)O.C%24(=O)[C@@H]%81CC(N)=O.C%25(=O)[C@@H]%84[C@@H](C)CC.C%30(=O)[C@@H]%87CC(C)C.C%34(=O)[C@@H]%90[C@@H](C)CC.[C@H]%93(CC(=O)O)C%40=O.[C@H]%96(CC(C)C)C%41=O.[C@H]%99(CC(N)=O)C%48=O.[C@H]%100(CC(=O)O)C%50=O.[C@H]%102(CC(=O)O)C%52=O.C%26(=O)[C@@H]%71CC6.c1%10cccc(O)cc1.[C@@H]%79(C%25=O)C(C)C.[C@@H]%94(C%36=O)[C@@H](C)O.[C@@H]%96(C%47=O)[C@@H](C)O.C%46(=O)[C@@H]%61CO.C%99(=O)[C@@H]%73C8.c18ccccc1.C%101(=O)[C@@H]%82C9.[C@@H]1%107CCCN1%12.C%17(=O)[C@@H]%68C%10O.C%36(=O)[C@@H]%92C%11..C%20(=O)[C@@H]%74C9.c19ccccc1.C%16(=O)[C@@H]%77CO.C%29(=O)[C@@H](N)C%10.c1%10ccccc1.[C@H]%95(C%11)C%44=O.c1%11ccccc1.N1%43CCC[C@H]17.[C@H]%102(C%12)C%48=O.[C@H]%105(C%14)C(=O)O.C%13(=O)[C@@H]%76C.c18cnc[nH]1.[C@H]%95(C)C%42=O.[C@H]%96(C)C%43=O.C3(=O)C%60.C%23(=O)C%82.C%88C%43=O.C%22%100=O.C%51%118=O.N3%59.N%23%61.N%34%62.N%45%63.N%56%64.N%67%65.N%78%66.N%89%68.N%99%69.N4%70.N%14%71.N%15%72.N%16%73.N%17%74.N%18%75.N%19%76.N%20%77.N%21%79.N%22%80.N%25%80.N%26%81.N%27%82.N%28%83.N%29%84.N%30%85.N%31%86.N%32%87.N%33%88.N%35%90.N%36%91.N%37%92.N%38%93.N%39%94.N%40%95.N%41%96.N%42%97.N%43%98.N%44%10%99.N%46%101.N%47%102.N%48%103.N%49%104.N%50%105.N%51%106.N%52%107.N%54%108.N%55%109.N%575	INVALID
[C@H]8(CCCN=C(N)N)C%14=O.[C@H]%12(CCCN=C(N)N)C%28=O.[C@H]%13(CCCN=C(N)N)C%28=O.[C@H]%20(CCCN=C(N)N)C7=O.[C@H]9(CCCCN)C%24=O.[C@H]%10(CCC(N)=O)C%25=O.c1%22c[nH]c2ccccc12.c1%23c[nH]c2ccccc12.[C@H]%11(CC(C)C)C%27=O.[C@H]%16(CC(C)C)C%30=O.[C@H]%19(CC(C)C)C6=O.[C@H]%15(C%22)C%29=O.[C@H]%18(CO)C5=O.[C@H]%21(C%23)C(N)=O.C%11C%26=O.CC3=O.N38.N%149.N%24%10.N%25%11.N%26%12.N%27%13.N%28%15.N%29%16.N%30%17.N4%18.N5%19.N6%20.N7%21	CC(=O)N[C@@H](CCCN=C(N)N)C(=O)N[C@@H](CCCCN)C(=O)N[C@@H](CCC(N)=O)C(N)=O.CC(C)C[C@@H]1CC(=O)N[C@@H](CCCN=C(N)N)C(=O)C(=O)[C@H](CCCN=C(N)N)NC1=O.CC(C)C[C@H](NC(=O)[C@@H](N)CO)C(=O)N[C@@H](CCCN=C(N)N)C(=O)N[C@@H](Cc1c[nH]c2ccccc12)C(N)=O.CC(C)C[C@H](NC(=O)[C@@H](N)Cc1c[nH]c2ccccc12)C(N)=O
[C@@H]1%25NC(=O)[C@H]%27NC(=O)[C@@H]%22CSSC[C@@H]%24NC(=O)[C@H]%28NC(=O)[C@H]%29NC(=O)[C@H](C)NC1=O.C5(=O)[C@@H]%19CCCN=C(N)N.C3(=O)[C@@H]%10CC(C)C.C%15(=O)[C@@H]%11CC(C)C.C%34(=O)[C@@H]%12CC(C)C.c1%31c[nH]c2ccccc12.C%34(=O)[C@@H]%13[C@@H](C)O.C%36(=O)[C@@H]%17C(C)C.C%38(=O)[C@@H]%17C(C)C.C7(=O)[C@@H]%20C(C)C.C%29CCN=C(N)N.C%35(=O)[C@@H]%14C%31.C%37(=O)[C@@H]%18C(C)C.[C@@H]1%23CCCN19.[C@H]%21(C%32)C(N)=O.C%28CCCN.CC[C@@H]%25C.C%35(=O)C%16.C6(=O)CN.C%33%23=O.C8%24=O.C%25(=O)O.C%28%30.N4%22.N%159.N%26%10.N%33%11.N%34%12.N%35%13.N%36%14.N%37%16.N%38%17.N5%18.N6%19.N7%20.N8%21	C.CC(C)C[C@@H]1NC(=O)[C@@H]2CCCN2NC1=O.CC(C)C[C@H](N)C(=O)C(=O)[C@@H](N)[C@@H](C)O.CC(C)C[C@H](N)C=O.CC(C)[C@@H]1NC1=O.CC(C)[C@H](NC(=O)[C@H](CCCN=C(N)N)NC(=O)CN)C(=O)NCC(=O)C(=O)[C@H](Cc1c[nH]c2ccccc12)NC(=O)[C@H](C(C)C)[C@H](C(N)=O)C(C)C.CC[C@H](C)[C@@H]1NC(=O)CNC(=O)[C@@H](N)CSSC[C@@H](C(=O)N[C@@H](C)C(N)=O)NC(=O)[C@H](CCCCN)NC(=O)[C@H](CCCN=C(N)N)NC(=O)[C@H](C)NC1=O.O=CO
[C@H]7(CCCN=C(N)N)C%24=O.[C@H]%15(CCCN=C(N)N)C%30=O.[C@H]%18(CCCN=C(N)N)C6=O.[C@H]%19(CCCN=C(N)N)C(N)=O.c1%21c[nH]c2ccccc12.c1%22c[nH]c2ccccc12.[C@H]%16(CCCCN)C4=O.[C@H]%17(CC(N)=O)C5=O.CCCCCC3=O.[C@@H]8(C%14=O)C(C)C.[C@@H]%11(C%26=O)[C@@H](C)O.[C@H]9(C%20)C%25=O.c1%20ccccc1.[C@H]%12(C%21)C%27=O.[C@H]%13(C%22)C%29=O.[C@H]%18(C%23)C6=O.c1%23ccccc1.N37.N%148.N%249.N%25%10.N%26%11.N%27%12.N%28%13.N%29%15.N%30%16.N4%17.N5%18.N6%19	CC(C)[C@@H]1NC1=O.CCCCCC(=O)N[C@@H](CCCN=C(N)N)C(=O)N[C@@H](Cc1ccccc1)C(N)=O.C[C@@H](O)[C@@H]1NC1=O.NC(=O)[C@@H](N)CCCN=C(N)N.NC(N)=NCCC[C@H]1C(=O)C(=O)[C@@H]1Cc1ccccc1.NCCCC[C@H](NC(=O)[C@H](CCCN=C(N)N)NC(=O)[C@@H](N)Cc1c[nH]c2ccccc12)C(=O)N[C@@H](CC(N)=O)C(N)=O.O=C1N[C@H]1Cc1c[nH]c2ccccc12
N8(C)[C@@H]1C(=O)N[C@@H](C)C(=O)N[C@H]4Cc2ccc%12c(c2)-c2c1ccc2%13.Cc1nc7ncc15.c17ccc6cc1.[C@H]%14(CCN)C8=O.C6(C)(C)C.C35=O.C94=O.C%15C#N.C%10CN.C%11CN.N3%14.N9%15.O%10%12.O%11%13	INVALID
C%14(=O)[C@@H]%24CCCN=C(N)N.C6(=O)[C@@H]%35CCCN=C(N)N.C%13(=O)[C@@H]%41CCCN=C(N)N.C%17(=O)[C@@H](N)CCCN=C(N)N.c1[nH]c[nH]c2ccccc12.C%15(=O)[C@@H]%42CCCCN.[C@H]%44(CCCCN)C%19=O.[C@H]%46(CCCCN)C%20=O.[C@H]%48(CCC(N)=O)C%21=O.[C@H]%49(CCC(N)=O)C(=O)O.CC[C@H](C)[C@H]%22C%18=O.C%36(=O)[C@@H]%27CC(C)C.C%53(=O)[C@@H]%31[C@@H](C)CC.C4(=O)[C@@H]%33[C@@H](C)CC.C9(=O)[C@@H]%38[C@@H](C)CC.C%54(=O)[C@@H]%29[C@@H](C)O.c1%51ccc(O)cc1.C4(=O)[C@@H]%33C(C)C.C5(=O)[C@@H]%34[C@@H](C)O.C8(=O)[C@@H]%37[C@@H](C)O.C%12(=O)[C@@H]%40C(C)C.C%16(=O)[C@@H]%43C(C)C.C%25(=O)[C@@H]%26CO.C%52(=O)[C@@H]%28C%51.[C@@H]1%50CCCN1%11.C%11(=O)[C@@H]%40C%52.C3(=O)[C@@H]%23C.C%55(=O)[C@@H]%30C.C%53(=O)C%29.C%10%50=O.N3%22.N%14%23.N%25%24.N%36%26.N%47%27.N%53%28.N%54%29.N%55%30.N%56%31.N4%32.N5%33.N6%34.N7%35.N8%37.N9%38.N%10%39.N%12%40.N%13%41.N%15%42.N%16%43.N%17%44.N%18%45.N%19%46.N%20%48.N%21%49	INVALID
C1(=O)[C@@H]2CCCN=C(N)N.C9(=O)[C@@H]3CCCCN.[C@H]6(CCCCN)C%14=O.CC[C@H](C)[C@H]%16C%13=O.C%10(=O)[C@@H]4CCCC.C%11(=O)[C@@H]5CS.C%13(=O)[C@@H](N)CS.[C@H]7(CS)C%15=O.[C@H]8(C)C(=O)O.N1%16.N92.N%103.N%114.N%125.N%136.N%147.N%158	CCCC[C@H](NC(=O)[C@@H](N)CS)C(=O)N[C@@H](CCCCN)C(=O)N[C@@H](CCCN=C(N)N)C(=O)N[C@H](C(=O)C(=O)[C@@H](N)CS)[C@@H](C)CC.C[C@H](NC(=O)[C@H](CS)NC(=O)[C@@H](N)CCCCN)C(=O)O
[C@@H]1%35NC(=O)[C@H]%36NC(=O)[C@@H]2CCCN2C(=O)[C@@H]2CSSC[C@@H]2NC(=O)[C@H]%36NC(=O)[C@H]%37NC(=O)[C@H]%38NC(=O)[C@H]%38NC(=O)[C@H]%40NC(=O)[C@H]%41NC(=O)[C@H]%42NC(=O)[C@H]%43NC(=O)[C@H]%44NC(=O)[C@H]%45NC(=O)[C@H](CSSC[C@@H]%36NC(=O)[C@H]%46NC(=O)[C@H]%47NC(=O)[C@H]%48NC(=O)[C@H]%49NC(=O)[C@H]%51NC(=O)[C@H]%52NC(=O)[C@H]%53NC(=O)[C@H]%54NC(=O)CNC(=O)[C@H]%55NC(=O)[C@H]%56NC(=O)CNC(=O)CNC(=O)[C@H]%57NC(=O)[C@H](C)NC(=O)[C@H]%58NC(=O)[C@H]%58NC(=O)[C@H]%59NC2=O)NC(=O)[C@H](C)NC(=O)[C@H]%60NC(=O)CNC(=O)[C@H]%62NC1=O.C%66(=O)[C@@H]%21CCCN=C(N)N.[C@H]%22(CCCN=C(N)N)C%39=O.[C@H]%26(CCCCN=C(N)N)C%14=O.c1%65c[nH]c2ccccc12.C%16(=O)[C@@H]%19CC(=O)O.C%27(=O)[C@@H]%15CC(C)C.C%62(=O)[C@@H]%18[C@@H](C)CC.C7(=O)[C@@H]%23CC(=O)O.C%45CCN=C(N)N.C%52CCN=C(N)N.C%58CCN=C(N)N.C%12CCN=C(N)N.c1%67ccc(O)cc1.C%17(=O)[C@@H]%17C%64.c1%64ccccc1.[C@@H]1%34CCCN1%72.C8(=O)[C@@H](N)CO.[C@H]%25(C%65)C%10=O.c1%66ccccc1.C%37CCCN.C%42CCCN.C%51CC(N)=O.c1%62cnc[nH]1.c1%63cnc[nH]1.C%54CC(=O)O.C%57CC(=O)O.C%59CCCN.C%49CCCN.CC[C@@H]%37C.C%44C(=O)O.[C@H]%40(C)CC.C%79(=O)C%20.C%44C(C)C.[C@H]%49(C)CC.[C@H]%54(C)CC.C%58C(N)=O.C%59C(N)=O.C[C@H]C(C)C.[C@H]%46(C)O.C%10%34=O.C%36%65.C%38O.C%41C.C%43O.N6%15.N%17%16.N%28%18.N%39%19.N%61%20.N%66%21.N%69%22.N%70%23.N%71%13.C%29C.C%40C.N8%24.N9%25.N%10%26.N%11%27.N%12%29.N%13%30.C%14%31.N%15%32.N%16%33.C%51C.C%55O.C%58O	INVALID
C8(=O)[C@@H]%40CCCN=C(N)N.C%13(=O)[C@@H]%46CCCN=C(N)N.C%20(=O)[C@@H](N)CCCN=C(N)N.C%14(=O)[C@@H]%28CCCCN.C5(=O)[C@@H]%37CCCCN.C6(=O)[C@@H]%39CCCCN.C%15(=O)[C@@H]%45CCCCN.C%18(=O)[C@@H]%50CCCCN.c1%63c[nH]c2ccccc12.CC[C@H](C)[C@H]%26C%21=O.C%47(=O)[C@@H]%31[C@@H](C)CC.C%11(=O)[C@@H]%43CC(=O)O.C%12(=O)[C@@H]%43CC(N)=O.[C@H]%52(CC(C)C)C%23=O.C3(=O)[C@@H]%27C(C)C.C%36(=O)[C@@H]%30C(C)C.C%65(=O)[C@@H]%35C(C)C.C7(=O)[C@@H]%39C(C)C.[C@@H]%53(C%23=O)[C@@H](C)O.[C@@H]1%56CCCN1%25.C%64(=O)[C@@H]%32CO.C%64(=O)[C@@H]%33C%59.c1%59ccccc1.C9(=O)[C@@H]%41CO.C%10(=O)[C@@H]%42C%60.C%16(=O)[C@@H]%48C%61.c1%61ccccc1.C%19(=O)[C@@H]%51C%62.c1%62ccccc1.[C@H]%53(CO)C%22=O.[C@H]%54(C%57)C%24=O.C6(=O)[C@@H]%38C.c1%57cnc[nH]1.C%65(=O)C%32.C%13(=O)C%48.C%55C%24=O.C%25%56=O.N3%26.N%14%27.N%25%28.N%47%29.N%58%30.N%64%31.N%65%32.N%66%33.N4%34.N5%35.N6%37.N7%38.N8%39.N9%40.N%10%41.N%11%42.N%12%43.N%13%44.N%15%45.N%16%46.N%17%48.N%18%49.N%19%50.N%20%51.N%21%52.N%22%53.N%23%54.N%24%55	CC(C)[C@H](N)C=O.CC(C)[C@H](NC(=O)[C@@H](N)CCCCN)C(=O)C(=O)C[C@@H](CO)C(=O)C(=O)[C@@H](N)Cc1ccccc1.CC(C)[C@H]1C(=O)N[C@@H](C)C(=O)C(=O)[C@@H]1CCCCN.CC[C@H](C)[C@H](N)C(N)=O.CC[C@H](C)[C@H](NC(=O)[C@@H](NC(=O)[C@@H](N)CCCCN)C(C)C)C(=O)N[C@@H](CC(C)C)C(=O)C(=O)[C@H]([C@@H](C)O)[C@@H](CO)C(N)=O.C[C@H](NC(=O)[C@H](CC(=O)O)[C@@H](CC(N)=O)C(N)=O)C(=O)N[C@@H](CO)C(=O)N[C@@H](CCCN=C(N)N)C(N)=O.N.N.N.N.NC(N)=NCCC[C@@H]1NC(=O)[C@H](Cc2ccccc2)CC(=O)C1=O.NCC(=O)C(=O)[C@@H](N)Cc1cnc[nH]1.NCCCC[C@@H]1NC1=O.NCCCC[C@H](NC(=O)[C@H](Cc1ccccc1)NC(=O)[C@@H](N)CCCN=C(N)N)C(N)=O.O=C1[C@@H]2CCCN12.c1ccc2[nH]ccc2c1
C%25(=O)[C@@H]%29CCCCN.C%36(=O)[C@@H]%30CCCCN.C%60(=O)[C@@H]%33CCCCN.C%61(=O)[C@@H]%34CCCCN.c1%59c[nH]c2ccccc12.C4(=O)[C@@H](N)CCCCN.[C@H]%41(CCCCN)C%10=O.[C@H]%51(CCCCN)C%21=O.[C@H]%54(CCCCN)C%24=O.[C@H]%55(CCCCN)C(N)=O.CC[C@H](C)[C@H]%26C5=O.C%14(=O)[C@@H]%28[C@@H](C)CC.C%47(=O)[C@@H]%31[C@@H](C)CC.[C@H]%40(CC(C)C)C9=O.[C@H]%43(CC(C)C)C%12=O.[C@H]%48(CC(C)C)C%17=O.[C@H]%50(CC(C)C)C%20=O.[C@H]%52(CC(C)C)C%22=O.[C@H]%54(CC(C)C)C%24=O.[C@@H]%42(C%11=O)C(C)C.[C@@H]%44(C%13=O)[C@@H](C)O.[C@@H]%45(C%15=O)[C@@H](C)O.[C@@H]%53(C%23=O)[C@@H](C)O.C%58(=O)[C@@H]%32C%57.c1%57ccccc1.C%62(=O)[C@@H]%35C%59.N1%17CCC[C@H]1%56.[C@H]%38(C)C7=O.[C@H]%49(C)C%19=O.C%37C6=O.C%37C6=O.C%46C%16=O.C%18%56=O.N3%26.N%14%27.N%25%28.N%36%29.N%47%30.N%58%31.N%60%32.N%61%33.N%62%34.N4%35.N5%37.N6%38.N7%39.N8%40.N9%41.N%10%42.N%11%43.N%12%44.N%13%45.N%15%46.N%16%48.N%18%49.N%19%50.N%20%51.N%21%52.N%22%53.N%23%54.N%24%55	CC(C)C[C@H](NC(=O)[C@H](C)NC(=O)[C@@H]1CCCN1C(=O)[C@H](CC(C)C)NC(=O)CNC(=O)[C@@H](NC(=O)[C@@H](NC(=O)[C@H](CC(C)C)NC(=O)[C@@H](NC(=O)[C@H](CCCCN)NC(=O)[C@@H](N)CC(C)C)C(C)C)[C@@H](C)O)[C@@H](C)O)C(=O)N[C@@H](CCCCN)C(=O)N[C@@H](CC(C)C)C(=O)N[C@H](C(N)=O)[C@@H](C)O.CC(C)C[C@H]1C(=O)C(=O)[C@@H]1CCCCN.CC[C@H](C)[C@H](N)C(N)=O.CC[C@H](C)[C@H](NC(=O)[C@H](CCCCN)NC(=O)[C@H](CCCCN)NC(=O)[C@@H](NC(=O)[C@H](Cc1ccccc1)NC(=O)[C@H](CCCCN)NC(=O)[C@H](CCCCN)NC(=O)[C@H](Cc1c[nH]c2ccccc12)NC(=O)[C@@H](N)CCCCN)[C@@H](C)CC)C(N)=O.C[C@H](N)C(N)=O.NCCCC[C@H](N)C(N)=O.O=C1CCC1=O
[C@@H]13NC(=O)[C@H]8NC(=O)[C@H]9NC(=O)[C@H]%10NC(=O)CNC(=O)CNC(=O)[C@H]%11NC(=O)[C@H]%12NC(=O)CNC(=O)[C@H]%13NC(=O)[C@H]%14NC(=O)CNC(=O)[C@H]3NC(=O)[C@H]4NC(=O)[C@H](C)NC(=O)[C@@H]2CCCN=C(N)N.C9CCN=C(N)N.C%10CCN=C(N)N.C%12CCN=C(N)N.C%14CCN=C(N)N.C3CCN=C(N)N.c17ccccc1.c17ccccc1.c16cnc[nH]1.CC[C@@H]8C.C%15C(C)C.C5(C)C.C%136.C%157	INVALID
[C@H]6(CCCN=C(N)N)C%18=O.[C@H]9(CCCN=C(N)N)C%21=O.[C@H]%12(CCCN=C(N)N)C(N)=O.c1%13c[nH]c2ccccc12.[C@H]7(CCCCN)C%19=O.c1%15c[nH]c2ccccc12.[C@H]%10(CCCCN)C%22=O.c1%16c[nH]c2ccccc12.CC(C)C[C@H]4C%17=O.C%14(=O)[C@@H](N)CO.[C@H]8(C%15)C%20=O.[C@H]%11(C%16)C%23=O.C3(=O)C5.N34.N%145.N%176.N%187.N%198.N%209.N%21%10.N%22%11.N%23%12	CC(C)C[C@H](NC(=O)CNC(=O)[C@@H](N)CO)C(=O)N[C@@H](CCCN=C(N)N)C(=O)N[C@@H](CCCCN)C(=O)N[C@@H](Cc1c[nH]c2ccccc12)C(=O)N[C@@H](CCCN=C(N)N)C(=O)N[C@@H](CCCCN)C(=O)N[C@@H](Cc1c[nH]c2ccccc12)C(=O)N[C@@H](CCCN=C(N)N)C(N)=O.c1ccc2[nH]ccc2c1
C%13(=O)[C@@H]%26CCCCN.C%46(=O)[C@@H]%28CCCCN.C%56(=O)[C@@H]%30CCCCN.C%59(=O)[C@@H](N)CCCCN.[C@H]%33(CCCCN)C3=O.[C@H]%36(CCCCN)C6=O.[C@H]%51(CCCCN)C%19=O.CC[C@H](C)[C@H]%23C%57=O.C%35(=O)[C@@H]%27CC(=O)O.C%55(=O)[C@@H]%29CC(C)C.[C@H]%38(CC(C)C)C8=O.[C@H]%42(CC(C)C)C%12=O.[C@H]%45(CC(N)=O)C%16=O.[C@H]%52(CC(C)C)C(=O)O.[C@@H]%33(C4=O)C(C)C.[C@@H]%36(C6=O)C(C)C.[C@@H]%39(C9=O)C(C)C.[C@@H]%41(C%11=O)C(C)C.[C@@H]%44(C%15=O)[C@@H](C)O.c1%54ccc(O)cc1.[C@@H]%49(C%22=O)[C@@H](C)O.C%24(=O)[C@@H]%27CO.[C@H]%32(C%54)C%57=O.[C@H]%48(CO)C%58=O.N1%20CCC[C@H]1%53.[C@H]%34(C)C5=O.[C@H]%37(C)C7=O.[C@H]%47(C)C%17=O.C%40C%10=O.C%42C%12=O.C%21%53=O.N2%23.N%13%25.N%24%26.N%35%27.N%46%28.N%55%29.N%56%30.N%57%31.N%58%32.N3%33.N4%34.N5%36.N6%37.N7%38.N8%39.N9%40.N%10%41.N%11%42.N%12%43.N%14%44.N%15%45.N%16%47.N%17%48.N%18%49.N%19%50.N%21%51.N%22%52	CC(C)C[C@@H]1CC(=O)C1=O.CC(C)C[C@@H]1NC1=O.CC(C)C[C@H](NC(=O)[C@@H](N)[C@@H](C)O)C(=O)O.CC(C)C[C@H](NC(=O)[C@H](C)N)C(=O)N[C@H](C(=O)NCC(=O)N[C@H](C(N)=O)C(C)C)C(C)C.CC(C)[C@@H](C(=O)N[C@@H](C)C(N)=O)[C@@H](CCCCN)C(N)=O.CC(C)[C@H]1C(=O)C(=O)[C@@H]1CCCCN.CC[C@H](C)[C@H](N)C(=O)C(=O)[C@H](Cc1ccc(O)cc1)NC(=O)[C@H](CO)NC(=O)[C@H](C)NC(=O)[C@H](CC(N)=O)NC(=O)[C@@H](N)[C@@H](C)O.N.N.NCCCC[C@@H]1NC1=O.NCCCC[C@@H]1NC1=O.NCCCC[C@H](N)C=O.NCCCC[C@H](NC(=O)[C@@H]1CCCN1)C(N)=O.NCCCC[C@H](NC(=O)[C@H](CO)[C@@H](CC(=O)O)C(N)=O)C(N)=O
C%14(=O)[C@@H]8CCCN=C(N)N.C%20(=O)[C@@H](N)CCCN=C(N)N.[C@H]%11(CCCN=C(N)N)C%23=O.[C@H]%12(CCCN=C(N)N)C%24=O.[C@H]%16(CCCN=C(N)N)C5=O.c1%18c[nH]c2ccccc12.C%19(=O)[C@@H]%10CCCCN.[C@H]%13(CCC(N)=O)C%25=O.[C@H]%17(CCCCN)C(N)=O.CC[C@H](C)[C@H]6C%21=O.C%20(=O)[C@@H]9CC(C)C.[C@H]%15(CC(C)C)C4=O.C3(=O)[C@@H]7C%18.N36.N%147.N%198.N%209.N%21%10.N%22%11.N%23%12.N%24%13.N%25%15.N4%16.N5%17	CC(C)C[C@H](N)C(=O)C(=O)[C@@H](N)CCCN=C(N)N.CC(C)C[C@H](NC(=O)[C@H](CCC(N)=O)NC(=O)[C@H](CCCN=C(N)N)NC(=O)[C@@H](N)CCCN=C(N)N)C(=O)N[C@@H](CCCN=C(N)N)C(=O)N[C@@H](CCCCN)C(N)=O.CC[C@H](C)[C@@H]1NC(=O)[C@H](Cc2c[nH]c3ccccc23)NC(=O)[C@H](CCCN=C(N)N)NC(=O)[C@H](CCCCN)NC1=O
C6(=O)[C@@H]%32CCCN=C(N)N.CC[C@H](C)[C@H]%18C(=O)O.C%46(=O)[C@@H]%23CC(N)=O.C%10(=O)[C@@H]%34[C@@H](C)CC.[C@H]%41(CC(N)=O)C%17=O.[C@H]%42(CC(C)C)C(=O)O.C%47(=O)[C@@H]%25C(C)C.C%11(=O)[C@@H]%38CC%43.C%48(=O)[C@@H]%27CO.C8(=O)[C@@H]%33C%44.C2(=O)[C@@H]%19C.C%13(=O)[C@@H]%20C.C%34(=O)[C@@H]%22C.c1%44c[nH]cn1.C3(=O)[C@@H]%29CO.C4(=O)[C@@H]%30C.C7(=O)[C@@H]%32C.C9(=O)[C@@H]%36C.C%12(=O)[C@@H]%39C.C%15(=O)[C@H](C)N.C%24(=O)C%21.C%48(=O)C%26.C%10(=O)C%37.C%40C%16=O.N2%18.N%13%19.N%24%20.N%35%21.N%45%22.N%46%23.N%47%25.S%43C.N%48%26.N%49%27.N3%28.N4%29.N5%30.N6%31.N7%32.N8%33.N9%34.N%10%36.N%11%37.N%12%38.N%14%39.N%15%40.N%16%41.N%17%42	CC(C)C[C@H](NC(=O)[C@H](CC(N)=O)NC(=O)CNC(=O)[C@H](C)N)C(=O)O.CC(C)[C@@H]1NC1=O.CC[C@H](C)[C@@H](C(=O)C(=O)CNC(=O)[C@H](CCSC)NC(=O)[C@H](C)N)C(=O)[C@H](C)N.CC[C@H](C)[C@H](NC(=O)[C@H](C)NC(=O)[C@H](C)NC(=O)CN)C(=O)O.C[C@@H](C(N)=O)[C@@H](CCCN=C(N)N)C(N)=O.C[C@H](N)C(=O)N[C@@H](CO)C(N)=O.C[C@H](N)C(N)=O.NC(=O)C[C@@H]1NC1=O.NCC(=O)C(=O)[C@@H](N)CO.O=C1N[C@H]1Cc1c[nH]cn1
C3(=O)[C@@H]%38CCC(N)=O.c1%76c[nH]c2ccc(O)cc12.c1%77c[nH]c2ccccc12.c1%78c[nH]c2ccccc12.[C@H]%60(CCCCN)C%22=O.c1%81c[nH]c2ccccc12.[C@H]%60(CCC(N)=O)C%17=O.[C@H]%67(CCCCN)C%31=O.CC[C@H](C)[C@H]%33C%19=O.C%14(=O)[C@@H]%37CC(C)C.C%47(=O)[C@@H]%39CC(=O)O.C6(=O)[C@@H]%50CC(=O)O.C%15(=O)[C@@H]%53CC(N)=O.[C@@H]%56(C%23=O)[C@@H](C)CC.[C@H]%62(CC(C)C)C%23=O.[C@H]%68(CC(C)C)C%29=O.C%69(=O)[C@@H]%41C(C)C.C4(=O)[C@@H]%44C(C)C.C%11(=O)[C@@H]%52[C@@H](C)O.C%19(=O)[C@@H]%59C(C)C.c1%81ccc(O)cc1.[C@@H]%66(C%30=O)[C@@H](C)O.[C@@H]%72(C%32=O)[C@@H](C)O.C%25(=O)[C@@H]%39CO.C%58(=O)[C@@H]%40C%75.c1%75ccccc1.C4(=O)[C@@H]%44CO.C5(=O)[C@@H]%45C%76.C8(=O)[C@@H]%49C%82.C9(=O)[C@@H]%50C%77.C%10(=O)[C@@H]%54C%78.C%16(=O)[C@@H]%55C%79.c1%78ccccc1.[C@@H]1%73CCCN1%18.[C@H]%62(CO)C%26=O.[C@H]%64(C%79)C%27=O.c1%79ccccc1.[C@H]%65(C%81)C%28=O.[C@H]%68(CO)C%32=O.[C@H]%72(CO)C(N)=O.C3(=O)[C@@H]%34C.C%36(=O)[C@@H]%40C.c1%74cnc[nH]1.C%18(=O)[C@H](C)N.C%69(=O)C%42.C%57C%20=O.C%59C%20=O.C%17%73=O.N3%33.N%14%34.N%25%35.N%36%37.N%47%38.N%58%39.N%69%40.N%80%41.N%82%42.N4%43.N5%44.N6%45.N7%46.N8%48.N9%49.N%10%50.N%11%51.N%12%52.N%13%53.N%15%54.N%16%55.N%17%56.N%19%57.N%20%59.N%21%60.N%22%61.N%23%62.N%24%63.N%26%64.N%27%65.N%28%66.N%29%67.N%30%68.N%30%70.N%31%71.N%32%72	CC(C)C[C@@H](C(=O)N[C@@H](CCCCN)C(N)=O)[C@@H](CO)C(=O)C(=O)[C@H]([C@@H](C)O)[C@@H](CO)C(N)=O.CC(C)C[C@H](NC(=O)[C@H](C)[C@@H](Cc1ccccc1)C(N)=O)C(=O)N[C@@H](C)C(=O)C(=O)[C@H](CCC(N)=O)NC(=O)[C@H](CC(=O)O)[C@@H](CO)C(N)=O.CC(C)[C@H](N)C(=O)C(=O)CNC[C@H](NC(=O)[C@H](Cc1c[nH]c2ccccc12)[C@@H](CC(=O)O)C(=O)N[C@@H](Cc1c[nH]c2ccc(O)cc12)C(N)=O)C(N)=O.CC(C)[C@H]1C(=O)C(=O)[C@@H]1CO.CC[C@H](C)[C@H](N)C(=O)C(=O)[C@@H](CC(=O)C(=O)CN)C(C)C.CC[C@H](C)[C@H](N)C(=O)C(=O)[C@H](CC(C)C)[C@@H](CO)C(=O)N[C@@H](CC[C@@H]1NC1=O)C(=O)N[C@@H](C)C(=O)N[C@H](C(N)=O)[C@@H](C)O.C[C@@H](O)[C@H](N)C(N)=O.C[C@H](N)C(=O)N1CCC[C@H]1C(=O)C(=O)[C@H](CCC(N)=O)[C@@H](CCCCN)C(N)=O.N.N.N.N.N.N.N.N.N.NC(=O)C[C@H](N)C(=O)N[C@@H](Cc1c[nH]c2ccccc12)C(N)=O.Oc1ccc(-c2c[nH]c3ccccc23)cc1.c1c[nH]cn1.c1ccccc1.c1ccccc1
C2(=O)[C@@H]%15CCCCN.[C@H]%23(CCCCN)C4=O.[C@H]%30(CCCCN)C%10=O.[C@H]%33(CCCCN)C(N)=O.CC[C@H](C)[C@H]%14C3=O.C%35(=O)[C@@H]%18CC(C)C.C%37(=O)[C@@H]%20[C@@H](C)CC.C%38(=O)[C@@H]%21CC(C)C.[C@@H]%25(C5=O)[C@@H](C)CC.[C@@H]%27(C8=O)[C@@H](C)CC.[C@@H]%29(C9=O)[C@@H](C)CC.c1%36ccc(O)cc1.[C@H]%28(CC%34)C7=O.C%13(=O)[C@@H]%16C%36.C%24(=O)[C@@H]%17C.c1%34cnc[nH]1.[C@H]%32(C)C%12=O.C%35(=O)C%19.C%39(=O)CN.C%26C6=O.C%30C%10=O.N2%14.N%13%15.N%24%16.N%35%17.N%37%18.N%38%19.N%39%20.N%40%21.N%41%22.N3%23.N4%25.N5%26.N6%27.N7%28.N8%29.N9%30.N%10%31.N%11%32.N%12%33	CC[C@H](C)[C@H](NC(=O)CN)C(=O)N[C@@H](CC(C)C)C(=O)C(=O)CNC(=O)[C@@H](N)CC(C)C.CC[C@H](C)[C@H](NC(=O)[C@@H](NC(=O)CNC(=O)[C@@H](NC(=O)[C@H](CCCCN)NC(=O)[C@@H](NC(=O)[C@H](CCCCN)NC(=O)[C@H](Cc1ccc(O)cc1)NC(=O)[C@H](C)N)[C@@H](C)CC)[C@@H](C)CC)[C@@H](C)CC)C(N)=O.C[C@H](N)C(=O)N[C@@H](CCCCN)C(N)=O.N.N.NCCCC[C@@H]1CC(=O)C1=O.O=C1N[C@H]1CCc1cnc[nH]1
C%13(=O)[C@@H]6CCCN=C(N)N.C%19(=O)[C@@H]9CCCN=C(N)N.[C@H]%14(CCCN=C(N)N)C(N)=O.C2(=O)[C@@H]5CCCCN.[C@H]%10(CCCCN)C%22=O.[C@H]%11(CCCCN)C%23=O.CC[C@H](C)[C@H]4C%21=O.C%18(=O)[C@@H]8[C@@H](C)CC.[C@H]%11(CC(=O)O)C%22=O.c1%16ccc(O)cc1.C%20(=O)[C@@H](N)C%15.c1%15ccccc1.C%12C3=O.N24.N%135.N%176.N%187.N%198.N%209.N%21%10.N%22%11.N%23%12.N3%14	CC[C@H](C)[C@H](NC(=O)[C@H](CCCCN)NC(=O)[C@@H](N)CCCN=C(N)N)C(=O)N[C@@H](CCCCN)C(=O)C(=O)[C@H](CC(=O)O)[C@@H](CCCCN)C(=O)NCC(=O)N[C@@H](CCCN=C(N)N)C(N)=O.CC[C@H](C)[C@H](NC(=O)[C@H](CCCN=C(N)N)NC(=O)[C@@H](N)Cc1ccccc1)C(N)=O.N.Oc1ccccc1
[C@@H]13NC(=O)[C@H]4N(C)C(=O)[C@H]5NC(=O)[C@@H]2CCCN2C(=O)[C@H]6OC(=O)CCNC1=O.c17ccc(O)cc1.CC(C)C3.C6C(C)C.C4(C)C.C57	CC(C)C[C@@H]1NC(=O)[C@H](C(C)C)N(C)C(=O)[C@H](Cc2ccc(O)cc2)NC(=O)[C@@H]2CCCN2C(=O)[C@H](CC(C)C)OC(=O)CCNC1=O
c1%24c[nH]c2ccccc12.[C@H]%11(CCCCN)C%26=O.[C@H]%16(CCCCN)C%30=O.[C@H]%16(CCCCN)C%31=O.[C@H]%21(CCCCN)C7=O.[C@H]%22(CCCCN)C8=O.CC(C)C[C@H]9C%14=O.[C@H]%15(CC(C)C)C%29=O.[C@H]%17(CC(C)C)C%31=O.[C@@H]%12(C%27=O)[C@@H](C)O.[C@@H]%18(C4=O)C(C)C.[C@@H]%23(C(N)=O)C(C)C.[C@H]%10(C%24)C%25=O.C3(=O)[C@H](C)N.[C@H]%13(C)C%28=O.C%20C6=O.N39.N%14%10.N%25%11.N%26%12.N%27%13.N%28%15.N%29%16.N%30%17.N%31%18.N4%19.N5%20.N6%21.N7%22.N8%23	CC(C)C[C@@H]1NC(=O)[C@H](CCCCN)[C@@H](CCCCN)C(=O)C1=O.CC(C)C[C@H](NC(=O)[C@H](C)NC(=O)[C@@H](NC(=O)[C@H](CCCCN)NC(=O)[C@H](Cc1c[nH]c2ccccc12)NC(=O)[C@H](CC(C)C)NC(=O)[C@H](C)N)[C@@H](C)O)C(N)=O.CC(C)[C@H](N)C(N)=O.CC(C)[C@H](NC(=O)[C@H](CCCCN)NC(=O)[C@H](CCCCN)NC(=O)CN)C(N)=O
c1%28c[nH]c2ccccc12.c1%30c[nH]c2ccccc12.c1%31c[nH]c2ccccc12.CC[C@H](C)[C@H]8C5=O.C%35(=O)[C@@H]%17C(C)C.C%20(=O)[C@@H]%18CCC%19.[C@H]%20(CCC%21)C6=O.C%25(=O)[C@@H]%11CCN.c1%29ccc(O)cc1.c1%13ccc(O)cc1.c1%26cccccc1.C3(=O)[C@@H]9C%26.C%32(=O)[C@@H]%12C%27.C%33(=O)[C@@H]%13C%28.C%34(=O)[C@@H]%15C%29.[C@@H]1%24CCCN1%36.C%37(=O)[C@@H]%16C%30.C4(=O)[C@@H](N)C%31.c1%27cnc[nH]1.N%19C(=N)N.C%19C7=O.N%21C(=N)N.C%35%24=O.C5(N)=O.N38.N%149.N%25%10.N%32%11.N%33%12.N%34%13.N%35%15.N%37%16.N4%17.N5%18.N6%20.N7%22	INVALID
C%11(=O)[C@@H]%55CCCN=C(N)N.C%18(=O)[C@@H]%59CCCN=C(N)N.C%23(=O)[C@@H]%66CCCN=C(N)N.C3(=O)[C@@H]%35CCCCN.C4(=O)[C@@H]%45CCCCN.C5(=O)[C@@H]%48CCCCN.C8(=O)[C@@H]%52CCCCN.C%13(=O)[C@@H]%57CCCCN.C%18(=O)[C@@H]%64CCCCN.c1%84c[nH]c2ccccc12.C%26(=O)[C@@H]%68CCCCN.CC[C@H](C)[C@H]%34C%28=O.C%14(=O)[C@@H]%37CC(C)C.C%47(=O)[C@@H]%40CC(C)C.C%79(=O)[C@@H]%46[C@@H](C)CC.C6(=O)[C@@H]%49CC(C)C.C6(=O)[C@@H]%50CC(N)=O.C%12(=O)[C@@H]%55[C@@H](C)CC.C%15(=O)[C@@H]%60CCC%63.C%27(=O)[C@@H](N)CCC%65.[C@H]%72(CC(N)=O)C%30=O.[C@H]%73(CC(C)C)C%32=O.c1%83ccc(O)cc1.C%19(=O)[C@@H]9C(C)C.C%24(=O)[C@@H]%13C(C)C.[C@@H]%75(C%33=O)[C@@H](C)O.C%36(=O)[C@@H]%39CO.C7(=O)[C@@H]%51C%82.C9(=O)[C@@H]%56CO.C%17(=O)[C@@H]%59C%78.C%19(=O)[C@@H]%62C%83.C%20(=O)[C@@H]%64C%84.C%21(=O)[C@@H]%66C%85.c1%85ccccc1.C%22(=O)[C@@H]%67C%86.c1%86ccccc1.[C@H]%74(C%87)C%29=O.[C@H]%76(CO)C(=O)O.C%25(=O)[C@@H]%35C.C%80(=O)[C@@H]%42C.c1%79cnc[nH]1.c1%81cnc[nH]1.C5(=O)C%43.C%80(=O)C%49.C%16(=O)C%56.N%63C(=N)N.N%63C(=N)N.N%68C(=N)N.N%76C(=N)N.N%79C(=N)N.N3%34.N%14%35.N%25%37.N%36%38.N%47%39.N%58%40.N%69%41.N%80%43.N%88%44.N4%45.N5%46.N6%48.N7%49.N8%50.N9%51.N%10%52.N%11%53.N%12%54.N%13%55.N%15%56.N%16%59.N%17%60.N%18%61.N%19%62.N%20%64.N%21%65.N%22%66.N%23%67.N%24%68.N%26%70.N%27%71.N%28%72.N%30%73.N%31%74.N%32%75.N%33%76	CC(C)C[C@H](N)C(=O)N[C@@H](CO)C(N)=O.CC(C)[C@@H](C(=O)C(=O)[C@@H](N)Cc1ccc(O)cc1)C(=O)[C@H](CO)CC(N)=O.CC(C)[C@@H](C(N)=O)C(=O)CCCCCN.CCC(=O)C(=O)C[C@@H](CC(C)C)C(=O)C(=O)[C@H](CC(N)=O)NC(=O)[C@@H](N)CCCCN.CC[C@H](C)[C@@H](C(N)=O)[C@@H](CCCN=C(N)N)C(N)=O.CC[C@H](C)[C@H](N)C(=O)c1cnc[nH]1.CC[C@H](C)[C@H](NC(=O)[C@H](CCCCN)[C@@H](C)C(=O)N[C@@H](CC(C)C)C(N)=O)C(=O)N[C@@H](CC(N)=O)C(=O)N[C@@H](CC(C)C)C(=O)N[C@H](C(N)=O)[C@@H](C)O.C[C@@H](C(=O)N[C@@H](CCCNC(=N)N)C(N)=O)[C@@H](CCCN=C(N)N)C(=O)C(=O)[C@H](CCCCN)[C@@H](Cc1c[nH]c2ccccc12)C(N)=O.C[C@H](N)C(N)=O.C[C@H](N)C=O.N.N.N.N.N=C(N)N.N=C(N)N.N=C(N)N[C@@H](CCCCN)C(N)=O.N=C(N)N[C@@H](CO)C(=O)O.NC(=O)[C@H](Cc1ccccc1)NC(=O)[C@H](CCCN=C(N)N)[C@@H](Cc1ccccc1)C(=O)NCCC[C@H](N)C(N)=O.NCCCC[C@@H]1NC1=O.NCCCC[C@H](N)C(=O)C(=O)CN.c1c[nH]cn1
[C@H]13NC(=O)[C@H]4NC(=O)[C@@H]5NC(=O)[C@H]6NC(=O)[C@@H]7NC(=O)[C@H]8NC1=O.c19ccccc1.c1%10ccccc1.C7CCCN.CC(C)C3.C4(C)C.[C@H]6(C)O.C59.C8%10	CC(C)C[C@H]1NC(=O)[C@H](C(C)C)NC(=O)[C@@H](Cc2ccccc2)NC(=O)[C@H]([C@@H](C)O)NC(=O)[C@@H](CCCCN)NC(=O)[C@H](Cc2ccccc2)NC1=O
C2(=O)[C@@H]9CCCN=C(N)N.C%28(=O)[C@@H]%11CCCN=C(N)N.C%31(=O)[C@@H]%14CCCN=C(N)N.C7(=O)[C@@H]%18CCCN=C(N)N.CC[C@H](C)[C@H]8C(N)=O.C%30(=O)[C@@H]%12[C@@H](C)CC.C5(=O)[C@@H]%19CC(C)C.C%29(=O)[C@@H]%14C(C)C.C4(=O)[C@@H]%17C(C)C.c1%25ccc(O)cc1.c1%26ccc(O)cc1.[C@@H]1%20CCCN1%24.C%24(=O)[C@@H]%10C%23.[C@@H]1%21CCCN1%31.C%32(=O)[C@@H]%15C%25.C3(=O)[C@@H]%18C%26.[C@@H]1%22CCCN15.c1%23cnc[nH]1.C%13%20=O.C%27%21=O.C6%22=O.N28.N%139.N%27%10.N%28%11.N%29%12.N%30%14.N%32%15.N3%16.N4%17.N6%18.N7%19	CC(C)C[C@H](NC(=O)[C@H](CCCN=C(N)N)[C@@H](Cc1ccc(O)cc1)C(N)=O)C(=O)N1CCC[C@H]1C(N)=O.CC(C)[C@@H]1NC1=O.CC[C@H](C)[C@H](NC(=O)[C@H](CCCN=C(N)N)NC(=O)[C@@H]1CCCN1C(=O)[C@H](Cc1cnc[nH]1)NC(=O)[C@@H]1CCCN1C(=O)[C@H](CCCN=C(N)N)[C@H](C(=O)N[C@H](C(N)=O)[C@@H](C)CC)C(C)C)C(N)=O.NC(N)=NCCC[C@@H]1NC1=O.O=C1N[C@H]1Cc1ccc(O)cc1
CC[C@H](C)[C@H]%10C%24=O.C2(=O)[C@@H]%11CCC%12.C%13(=O)[C@@H](N)CCC%14.[C@H]%15(CCC%16)C%37=O.[C@H]%17(CCC%18)C%38=O.[C@H]%20(CC(C)C)C%41=O.[C@H]%22(CC(C)C)C3=O.[C@H]%23(CCC%25)C5=O.c1%36ccc(O)cc1.[C@H]%18(CS)C%38=O.[C@H]%19(C%36)C%39=O.N1%39CCC[C@H]1%28.N1%41CCC[C@H]1%29.N15CCC[C@H]1%30.N16CCC[C@H]1%31.[C@H]%27(CS)C9=O.N18CCC[C@H]1%32.N19CCC[C@H]1%33.N1%11CCC[C@H]1%34.N%14C(=N)N.N%16C(=N)N.N%18C(=N)N.N%21C(=N)N.N%25C(=N)N.N%28C(=N)N.C%40%29=O.C4%30=O.C6%31=O.C8%32=O.C%33(=O)O.N2%10.N%13%11.N%24%15.N%37%17.N%38%19.N%38%20.N%40%22.N4%23.N7%26.N9%27	CC(C)C[C@@H](C=O)NC(=O)[C@@H]1CCCN1C(=O)[C@H](CC(C)C)NN[C@@H](Cc1ccc(O)cc1)C(=O)N1CCC[C@H]1NC(=N)N.CCC[C@@H](C(=O)N[C@H](C(=O)N[C@@H](CCCNC(=N)N)C(=O)N[C@H]1CCC[C@@H](CS)C(=O)C1=O)[C@@H](C)CC)N1CCCC1.N.N=C(N)N.N=C(N)N.N=C(N)NCCC[C@@H]1NC(=O)[C@@H]2CCCN2C1=O.N=C(N)NCCC[C@H](N)C(N)=O.N[C@@H](CS)C(=O)N1CCC[C@H]1C(=O)O.O=C1[C@@H]2CCCN12.O=C1[C@@H]2CCCN12
C3(=O)[C@@H]7CCCCN.c1%23c[nH]c2ccccc12.c1%24c[nH]c2ccccc12.c1%27c[nH]c2ccccc12.CC[C@H](C)[C@H]6C%31=O.C%25(=O)[C@@H]9CCC%10.C%29(=O)[C@@H]%11CCC%13.[C@H]%15(CCC%16)C%32=O.[C@H]%17(CCC%19)C%33=O.[C@H]%20(CCC%21)C5=O.C%28(=O)[C@@H]%12C(C)C.C%14(=O)[C@@H]8C%23.C%14(=O)[C@@H]8C%24.C%30(=O)[C@@H](N)C%26.c1%26ccccc1.[C@H]%18(C%27)C4=O.N%10C(=N)N.N%13C(=N)N.N%16C(=N)N.N%19C(=N)N.N%22C(=N)N.N36.N%147.N%258.N%289.N%29%11.N%30%12.N%31%15.N%32%17.N%33%18.N4%20.N5%21	CC(C)[C@H](NC(=O)[C@@H](N)Cc1ccccc1)C(=O)N[C@@H](CCCNC(=N)N)C(N)=O.CC[C@H](C)[C@H](NC(=O)[C@@H](N)CCCCN)C(=O)N[C@@H](CCCNC(=N)N)C(=O)N[C@@H](CCCNC(=N)N)C(=O)N[C@@H](Cc1c[nH]c2ccccc12)C(=O)N[C@H]1CCCNC1=O.N=C(N)N.N=C(N)NCCC[C@@H]1NC1=O.O=C1C(=O)[C@H](Cc2c[nH]c3ccccc23)[C@H]1Cc1c[nH]c2ccccc12
C%13(=O)[C@@H]%19CCCCN.C%42(=O)[C@@H]%22CCCCN.C3(=O)[C@@H]%26CCCCN.C7(=O)[C@@H]%30CCCCN.C%11(=O)[C@@H]%34CCCCN.C%14(=O)[C@@H]%38CCCCN.CC(C)C[C@H]%17C(N)=O.C%24(=O)[C@@H]%20CC(C)C.C%35(=O)[C@@H]%21CC(C)C.C%42(=O)[C@@H]%23CC(C)C.C%44(=O)[C@@H]%27CC(C)C.C4(=O)[C@@H]%28CC(C)C.C5(=O)[C@@H]%29CC(C)C.C8(=O)[C@@H]%32CC(C)C.C9(=O)[C@@H]%33CC(C)C.C%12(=O)[C@@H]%37CC(C)C.C%12(=O)[C@@H]%37CC(C)C.C%16(=O)[C@@H](N)CC(C)C.[C@@H]1%39CCCN1%13.C%10(=O)[C@@H]%36CO.[C@@H]1%40CCCN1%11.C2(=O)C%18.C%35(=O)C%19.C%43%39=O.N2%17.N%24%18.N%35%19.N%40%20.N%41%21.N%42%22.N%43%23.N%44%25.N3%26.N4%27.N5%28.N6%29.N7%30.N8%31.N9%32.N%10%33.N%12%34.N%14%36.N%15%37.N%16%38	CC(C)C[C@H](NC(=O)CNC(=O)[C@H](CC(C)C)N[C@@H]1CCCN1C(=O)[C@@H](N)CCCCN)C(N)=O.CC(C)C[C@H](NC(=O)[C@@H]1CCCN1C(=O)[C@H](CCCCN)CC(=O)C(=O)[C@@H](N)CC(C)C)C(=O)C(=O)[C@@H](N)CCCCN.CC(C)C[C@H](NC(=O)[C@H](CC(C)C)NC(=O)[C@@H](N)CC(C)C)C(N)=O.CC(C)C[C@H](NC(=O)[C@H](CC(C)C)NC(=O)[C@H](CO)NC(=O)[C@H](CCCCN)NC(=O)[C@@H](N)CC(C)C)C(N)=O.CC(C)C[C@H]1C(=O)C(=O)[C@@H]1CC(C)C.N.N.NCCCC[C@@H]1NC1=O.NCCCC[C@@H]1NC1=O
C%25(=O)[C@@H]%29CCCCN.C%36(=O)[C@@H]%30CCCCN.C%58(=O)[C@@H]%32CCCCN.c1%59c[nH]c2ccccc12.[C@H]%41(CCCCN)C%10=O.[C@H]%51(CCCCN)C%21=O.[C@H]%50(CCCCN)C%21=O.[C@H]%55(CCC(N)=O)C(N)=O.CC[C@H](C)[C@H]%26C4=O.C%14(=O)[C@@H]%28[C@@H](C)CC.C%61(=O)[C@@H]%33CC(C)C.[C@H]%40(CC(C)C)C9=O.[C@H]%43(CC(C)C)C%12=O.[C@H]%54(CC(N)=O)C%22=O.[C@@H]%35(C5=O)C(C)C.[C@@H]%37(C6=O)[C@@H](C)O.[C@@H]%41(C%10=O)[C@@H](C)O.[C@@H]%42(C%11=O)C(C)C.[C@@H]%42(C%12=O)C(C)C.[C@@H]%44(C%13=O)[C@@H](C)O.[C@@H]%45(C%15=O)[C@@H](C)O.[C@@H]%53(C%23=O)[C@@H](C)O.C%47(=O)[C@@H]%31C%57.c1%57ccccc1.C%62(=O)[C@@H]%34C%59.N1%16CCC[C@H]1%56.[C@H]%38(C)C7=O.[C@H]%49(C)C%19=O.C3(=O)C%27.C%37C6=O.C%46C%16=O.C%17%56=O.N3%26.N%14%27.N%25%28.N%36%29.N%47%30.N%58%31.N%60%32.N%61%33.N%62%34.N4%35.N5%37.N6%38.N7%39.N8%40.N9%41.N%10%42.N%11%43.N%12%44.N%13%45.N%15%46.N%17%48.N%18%49.N%19%50.N%20%51.N%21%52.N%22%53.N%23%54.N%24%55	CC(C)C[C@@H]1NC(=O)[C@H](C(C)C)[C@@H](C(C)C)C(=O)C1=O.CC(C)C[C@@H]1NC1=O.CC(C)C[C@H](N)C(N)=O.CC[C@H](C)[C@H](NC(=O)CNC(=O)[C@@H](NC(=O)[C@H](CCCCN)NC(=O)[C@H](CCCCN)NC(=O)[C@H](Cc1ccccc1)NC(=O)[C@@H](N)CCCCN)[C@@H](C)CC)C(=O)N[C@H](C(N)=O)C(C)C.C[C@@H](O)[C@@H]1CC(=O)C1=O.C[C@@H](O)[C@@H]1NC(=O)[C@H](CC(N)=O)NC1=O.C[C@@H](O)[C@H](N)C(=O)N[C@H](C(=O)NCC(=O)N1CCC[C@H]1C(N)=O)[C@@H](C)O.C[C@@H](O)[C@H]1C(=O)C(=O)[C@@H]1CCCCN.C[C@H](N)C(=O)N[C@@H](CCCCN)C(=O)C(=O)[C@@H](N)CCCCN.C[C@H](N)C(N)=O.N.N.NC(=O)CC[C@H](N)C(N)=O.O=C1N[C@H]1Cc1c[nH]c2ccccc12
[C@H]1%19CSSC[C@@H]%21NC(=O)[C@H]%22NC(=O)CNC(=O)[C@H]%23NC(=O)[C@H]%25NC(=O)[C@H]%26NC(=O)[C@H]%27NC1=O.[C@H]%16(CCCN=C(N)N)C6=O.C%29(=O)[C@@H]%10CCCCN.C%30(=O)[C@@H]%11CCCCN.[C@H]%15(CCC(N)=O)C5=O.CC[C@H](C)[C@H]7C%33=O.C2(=O)[C@@H]8[C@@H](C)CC.C%24(=O)[C@@H]9C(C)C.[C@@H]%12(C%34=O)C(C)C.C%25CCN=C(N)N.C%26CCN=C(N)N.C%27CCN=C(N)N.C%29(=O)[C@@H]%11CO.[C@H]%14(C%28)C3=O.C%22CC(N)=O.C%23CC(N)=O.C%31(=O)CN.C%27C(N)=O.C%32%20=O.C%22(C)C.N27.N%138.N%299.N%30%10.N%31%11.N%32%12.N%33%14.N%34%18.N4%15.N5%16.N6%17.S%18C	CC(C)[C@H](N)C=O.CC(N)=O.CCC.CC[C@H](C)[C@H](N)C(=O)N[C@H](C(=O)N[C@@H](C)C=O)[C@@H](C)CC.CSNC(=O)[C@@H](NC=O)C(C)C.NC(=O)CC[C@@H]1NC(=O)CNC(=O)[C@H](CCC(N)=O)NC(=O)[C@H](CCCN=C(N)N)NC(=O)[C@H](CCCN=C(N)N)NC(=O)[C@H](CCCN=C(N)N)NC(=O)CCSSCCNC1=O.NC(=O)CC[C@H](N)C(=O)N[C@@H](CCCN=C(N)N)C(N)=O.NCC(N)=O.NCCCC[C@@H]1NC(=O)[C@H](CCCCN)[C@@H](CO)C(=O)C1=O
C4(=O)[C@@H]%38CCCN=C(N)N.C6(=O)[C@@H]%40CCCN=C(N)N.C8(=O)[C@@H]%44CCCN=C(N)N.C%11(=O)[C@@H](N)CCCN=C(N)N.C%13(=O)[C@@H]%28CCC(=O)O.C%57(=O)[C@@H]%32CCCCN.C%66(=O)[C@@H]%34CCCCN.C7(=O)[C@@H]%41CCCCN.C9(=O)[C@@H]%43CCCCN.CC[C@H](C)[C@H]%26C%12=O.C%24(=O)[C@@H]%29CC(C)C.C%67(=O)[C@@H]%39CC(C)C.[C@@H]%49(C%20=O)[C@@H](C)CC.[C@@H]%52(C%25=O)[C@@H](C)CC.C5(=O)[C@@H]%39C(C)C.[C@@H]%45(C%16=O)C(C)C.[C@@H]%48(C%17=O)C(C)C.[C@@H]%50(C%21=O)C(C)C.[C@@H]%53(C%22=O)[C@@H](C)O.C%35(=O)[C@@H]%31C%61.c1%61ccccc1.C%65(=O)[C@@H]%33C%62.c1%62ccccc1.C8(=O)[C@@H]%42C%63.c1%63ccccc1.N1%19CCC[C@H]1%58.[C@H]%51(C%64)C%21=O.c1%64ccccc1.N1%22CCC[C@H]1%59.N1%25CCC[C@H]1%60.C2(=O)[C@@H]%27C.[C@H]%52(C)C%18=O.[C@H]3(C)C%19=O.C2(=O)C%27.C%55C(=O)O.C%15%56=O.C%23%59=O.C%26%60=O.N2%26.N%13%27.N%24%28.N%35%29.N%46%30.N%57%31.N%65%32.N%66%33.N%67%34.N3%36.N4%37.N5%38.N6%39.N7%40.N8%41.N9%42.N%10%43.N%12%44.N%14%45.N%15%47.N%16%48.N%17%49.N%18%50.N%20%51.N%21%52.N%22%53.N%23%54.N%26%55	CC(C)C[C@H](NC(=O)[C@H](Cc1ccccc1)NC(=O)[C@H](CCCCN)NC(=O)[C@H](Cc1ccccc1)NC(=O)[C@H](CCCCN)NC(=O)[C@H](CC(C)C)[C@H](C(=O)N[C@@H](CCCN=C(N)N)C(N)=O)C(C)C)C(=O)N[C@@H](CCC(=O)O)C(N)=O.CC[C@H](C)[C@@H](C(=O)N[C@@H](CCCN=C(N)N)C(=O)C(=O)[C@H](Cc1ccccc1)NC(=O)[C@@H](N)CCCCN)C(=O)[C@@H]1CCCN1C(=O)[C@H]([C@@H](C)CC)[C@@H](C)C(=O)N[C@H](C(=O)C(=O)[C@H](Cc1ccccc1)NC(=O)[C@@H](NC(=O)[C@@H](NC(=O)[C@@H](N)C(C)C)C(C)C)[C@@H](C)CC)C(C)C.C[C@@H](O)[C@H](N)C(=O)N1CCC[C@H]1C(N)=O.C[C@@H]1CC(=O)C1=O.C[C@H](N)C(=O)N1CCCC1.N.N.NC(N)=NCCC[C@H](N)C=O.NC=O.NCCCC[C@H](N)C(=O)N[C@@H](CCCN=C(N)N)C(N)=O.NNCC(=O)O
c1%53c[nH]c2ccccc12.[C@H]%24(CCCCN)C%36=O.[C@H]%29(CCCCN)C%56=O.[C@H]%33(CCCCN)C%57=O.[C@H]%33(CCCCN)C6=O.[C@H]%44(CCCCN)C%17=O.CC[C@H](C)[C@H](N)C3=O.[C@@H]%27(C%54=O)[C@@H](C)CC.[C@H]%28(CC(C)C)C%57=O.[C@H]%33(CC(C)C)C5=O.[C@H]%40(CC(C)C)C%13=O.[C@H]%46(CC(N)=O)C%20=O.[C@@H]%26(C%47=O)[C@@H](C)O.[C@@H]%31(C4=O)C(C)C.[C@@H]%34(C7=O)[C@@H](C)O.[C@@H]%39(C%11=O)[C@@H](C)O.[C@@H]%41(C%15=O)C(C)C.[C@@H]%45(C%19=O)[C@@H](C)O.[C@H]%22(C%53)C%14=O.[C@H]%23(CO)C%25=O.N17CCC[C@H]1%51.[C@H]%44(CO)C%18=O.[C@H]%49(C%52)C%21=O.[C@H]%50(CO)C(=O)O.[C@H]%32(C)C4=O.[C@H]%35(C)C8=O.[C@H]%43(C)C%16=O.c1%52cnc[nH]1.C%38C%10=O.C%42C%13=O.C%12%51=O.N3%22.N%14%23.N%25%24.N%36%26.N%47%27.N%54%28.N%55%29.N%56%30.N%57%31.N4%32.N5%33.N6%34.N8%35.N8%37.N9%38.N%10%39.N%11%40.N%12%41.N%13%42.N%15%43.N%16%44.N%17%45.N%18%46.N%19%48.N%20%49.N%21%50	CC(C)C[C@@H]1NC1=O.CC(C)C[C@H](NC(=O)[C@@H](NC(=O)CN)[C@@H](C)O)C(=O)C(=O)CN.CC(C)[C@H](N)C(=O)C(=O)[C@H](C)N.CC[C@H](C)[C@H](N)C(=O)N[C@@H](Cc1c[nH]c2ccccc12)C(=O)N[C@@H](CO)C(=O)N[C@@H](CCCCN)C(=O)N[C@H](C(=O)N[C@H](C(=O)N[C@@H](CC(C)C)C(=O)C(=O)[C@H](CCCCN)[C@@H](CCCCN)C(=O)N[C@H](C(=O)N1CCC[C@H]1C(=O)N[C@H](C(=O)N[C@@H](C)C(N)=O)C(C)C)[C@@H](C)O)[C@@H](C)CC)[C@@H](C)O.C[C@@H](O)[C@H](NC(=O)[C@H](CCCCN)[C@@H](CO)C(=O)N[C@@H](CC(N)=O)C(=O)N[C@@H](Cc1cnc[nH]1)C(=O)N[C@@H](CO)C(=O)O)C(N)=O.C[C@@H]1NC1=O.N.NCCCC[C@H](N)C(N)=O
C3(=O)[C@H]7CCCN=C(N)N.C%19(=O)[C@H]9CCCN=C(N)N.C%20(=O)[C@H](N)CCCN=C(N)N.[C@@H]%13(CCCN=C(N)N)C%25=O.[C@@H]%16(CCCN=C(N)N)C5=O.[C@@H]%17(CCCN=C(N)N)C(N)=O.c1%18c[nH]c2ccccc12.CC[C@@H](C)[C@@H]6C%21=O.[C@H]%12(C%24=O)[C@H](C)CC.[C@H]%10(C%22=O)C(C)C.[C@H]%11(C%23=O)C(C)C.[C@H]%15(C4=O)C(C)C.C%14(=O)[C@H]8C%18.N36.N%147.N%198.N%209.N%21%10.N%22%11.N%23%12.N%24%13.N%25%15.N4%16.N5%17	CC[C@@H](C)[C@@H](NC(=O)[C@@H](CCCN=C(N)N)NC(=O)[C@@H](Cc1c[nH]c2ccccc12)NC(=O)[C@@H](CCCN=C(N)N)NC(=O)[C@H](N)CCCN=C(N)N)C(=O)N[C@@H](C(=O)N[C@@H](C(=O)N[C@@H](C(=O)N[C@H](CCCN=C(N)N)C(=O)N[C@@H](C(=O)N[C@H](CCCN=C(N)N)C(=O)N[C@H](CCCN=C(N)N)C(N)=O)C(C)C)[C@H](C)CC)C(C)C)C(C)C
[C@H]6(CCCN=C(N)N)C%14=O.[C@H]7(CCCCN)C%15=O.[C@H]8(CCCCN)C(N)=O.CC[C@H](C)[C@H]%16C9=O.[C@H]2(CC(C)C)C%10=O.[C@H]4(CC(C)C)C%12=O.[C@@H]3(C%11=O)C(C)C.[C@@H]5(C%13=O)[C@@H](C)O.C1(=O)CCN.N1%16.N92.N%103.N%114.N%125.N%136.N%147.N%158	CC[C@H](C)[C@H](NC(=O)CCN)C(=O)N[C@@H](CC(C)C)C(=O)N[C@H](C(=O)N[C@@H](CC(C)C)C(=O)N[C@H](C(=O)N[C@@H](CCCN=C(N)N)C(=O)N[C@@H](CCCCN)C(=O)N[C@@H](CCCCN)C(N)=O)[C@@H](C)O)C(C)C
CC[C@H](C)[C@H]%14C(=O)O.C9(=O)[C@@H]3[C@@H](O)CN.C%10(=O)[C@@H]3[C@@H](O)CN.C%12(=O)[C@@H]5[C@@H](O)CN.c18ccccccc1.C2(=O)[C@@H]%15C8.c17cnc[nH]1.C%14CCCN.C%11(=O)C4.C96=O.N2%14.N9%15.N%10%16.N%113.N%124.N%135	CC[C@H](C)[C@H](CCCCN)C(=O)O.NC(=O)[C@@H](N)CC1=CC=CC=CC=C1.NC[C@H](O)[C@@H](C(N)=O)[C@H](C(=O)C=O)[C@@H](O)CN.NC[C@H](O)[C@H](N)C(=O)NCC(N)=O.c1c[nH]cn1
C2(=O)[C@@H]5CCCCN.C%21(=O)[C@@H](N)CCCCN.[C@H]%11(CCCCN)C3=O.C%18(=O)[C@@H]8[C@@H](O)CN.C%20(=O)[C@@H]9[C@@H](O)CN.[C@@H]%10(CCCN)C%23=O.C%13(=O)[C@@H]6C%16.[C@@H]1%14CCCN1%18.C[C@H]4C%22=O)O.c1%16cnc[nH]1.C%12CCCN.N=C(N)N4.C4CC=%15.C%19(=O)C7.C%17%14=O.N%135.N%176.N%197.N%208.N%219.N%22%10.N%23%11.N3%12	INVALID
C%14(=O)[C@H]6CCCN=C(N)N.C%20(=O)[C@H]9CCCN=C(N)N.[C@@H]%12(CCCN=C(N)N)C(N)=O.C%18(=O)[C@H]7CCC(N)=O.c1%15c[nH]c2ccccc12.c1%17c[nH]c2ccccc12.CC(O)[C@@H]4C%24=O.C3(=O)[C@H]5C%13.c1%13ccccc1.C%21(=O)[C@H]%10C%15.C%22(=O)[C@H]%11C%16.c1%16ccccc1.C%23(=O)[C@H](N)C%17.C%19(=O)C8.N34.N%145.N%186.N%197.N%208.N%219.N%22%10.N%23%11.N%24%12	CC(O)[C@@H](NC(=O)[C@@H](Cc1ccccc1)NC(=O)[C@@H](CCCN=C(N)N)NC(=O)[C@@H](CCC(N)=O)NC(=O)CNC(=O)[C@@H](CCCN=C(N)N)NC(=O)[C@@H](Cc1c[nH]c2ccccc12)NC(=O)[C@@H](Cc1ccccc1)NC(=O)[C@H](N)Cc1c[nH]c2ccccc12)C(=O)N[C@H](CCCN=C(N)N)C(N)=O
C2(=O)[C@@H]3CCCCN.C%20(=O)[C@@H](N)CCCCN.C%14(=O)[C@H]5CCCN.C%17(=O)[C@H]6CCCN.C%18(=O)[C@@H]8[C@@H](O)CN.C%19(=O)[C@@H]9[C@@H](O)CN.C%13(=O)[C@@H]4C%12.C%16(=O)[C@@H]7C%14.c1%12cnc[nH]1.CCCCC.N=C(N)N%19.C3CCC%10.N%10C(=N)N.C%15%11=O.N%133.N%154.N%165.N%176.N%187.N%198.N%209	CCCCC.N=C(N)NC(=O)[C@@H](NC(=O)[C@@H](N)CCCCN)[C@@H](O)CN.N=C(N)NCCCC[C@H](C=O)CCCCN.NC(=O)[C@H](Cc1cnc[nH]1)NC=O.NCCC[C@H]1NC(=O)[C@@H](NC(=O)[C@@H](N)[C@@H](O)CN)CC1=O.NCCC[C@H]1NC1=O
C%35(=O)[C@@H]%21CCCN=C(N)N.C%45(=O)[C@@H]%25CCCCN.C%46(=O)[C@@H]%26CCCCN.[C@H]%31(CCCCN)C%10=O.[C@H]%32(CCCCN)C9=O.[C@H]%34(CCCCN)C%15=O.[C@H]%37(CCCCN)C%16=O.CC[C@H](C)[C@H]%17C5=O.C%24(=O)[C@@H]%20CC(C)C.C3(=O)[C@@H]%28CC(C)C.[C@H]%31(CC(C)C)C8=O.[C@H]%33(CC(C)C)C%11=O.[C@@H]%36(C%14=O)[C@@H](C)CC.C%13(=O)[C@@H]%19C%40.C%44(=O)[C@@H]%22C%41.c1%41ccccc1.C4(=O)[C@@H](N)CO.[C@H]%29(C%42)C6=O.c1%42ccccc1.c1%39cnc[nH]1.N1%11CCC[C@H]1%39.[C@H]%38(C%40)C(N)=O.C%46(=O)[C@@H]%23C.c1%40cnc[nH]1.C2(=O)C%18.C%30C7=O.C%12%39=O.N2%17.N%13%18.N%24%19.N%35%20.N%43%21.N%44%22.N%45%23.N%46%25.N%47%26.N3%27.N4%28.N5%29.N6%30.N7%31.N8%32.N%10%33.N%12%34.N%14%36.N%15%37.N%16%38	CC(C)C[C@H](NC(=O)[C@@H](N)CO)C(N)=O.CC(C)C[C@H](NC(=O)[C@H](CCCCN)[C@@H](CC(C)C)C(=O)N[C@H](C=O)CCCCN)C(=O)N1CCC[C@H]1c1cnc[nH]1.CC[C@H](C)[C@@H]1NC1=O.CC[C@H](C)[C@H](NC(=O)CNC(=O)[C@H](CC[C@H](NC(=O)[C@H](CCCCN)NC(=O)[C@H](CCCCN)NC=O)C(N)=O)NC(=O)[C@H](CC(C)C)NC(=O)[C@@H](N)CCCN=C(N)N)C(=O)N[C@@H](Cc1ccccc1)C(=O)NCC(N)=O.C[C@H](NC(=O)[C@@H](N)CCCCN)C(=O)C(=O)[C@@H](N)CCCCN.O=C1N[C@H]1Cc1ccccc1.c1c[nH]cn1
C%13(=O)[C@@H]%10CCCN=C(N)N.[C@H]%17(CCCN=C(N)N)C6=O.C%29(=O)[C@@H]%14CCC(N)=O.C%31(=O)[C@@H]%15CCCCN.C%32(=O)[C@@H]%16CC(=O)O.CC(C)[C@H]9C4=O.[C@@H]%16(C6=O)[C@@H](C)O.[C@@H]1%18CCCN1%13.C%24(=O)[C@@H]%11C%26.c1%26ccccc1.[C@@H]1%19CCCN1%28.C%30(=O)[C@@H]%12CO.[C@@H]1%20CCCN1%30.N14CCC[C@H]1%21.N16CCC[C@H]1%22.N17CCC[C@H]1%23.C%31(=O)[C@@H](N)CS.C2%18=O.C%27%19=O.C%27%20=O.C5%21=O.C7%22=O.C%23(=O)O.N29.N%24%10.N%27%11.N%29%12.N%31%14.N3%15.N5%16.N8%17	CC(C)[C@H](NC(=O)[C@@H]1CCCN1C(=O)[C@H](CCCN=C(N)N)NC(=O)[C@@H](N)Cc1ccccc1)C(=O)N1CCC[C@H]1C(N)=O.C[C@@H](O)[C@@H](C(=O)C(=O)[C@@H](N)CCCN=C(N)N)[C@H](C=O)CC(=O)O.NC(=O)CC[C@H](N)C(=O)N[C@@H](CO)C(=O)N1CCC[C@H]1C(=O)C(=O)[C@@H]1CCCN1.NCCCC[C@H](N)C(=O)C(=O)[C@@H](N)CS.O=C(O)[C@@H]1CCCN1C(=O)[C@@H]1CCCN1
[C@@H]1%31NC(=O)[C@H]%32NC(=O)[C@H]%33NC(=O)[C@H]%34NC(=O)[C@H]5NC(=O)[C@H]6NC(=O)[C@H]7NC(=O)[C@H]8NC(=O)[C@H]9NC(=O)[C@H]%10NC(=O)[C@H]%11NC(=O)[C@H]%12NC(=O)[C@@H](N)CSSC[C@@H]%30NC(=O)[C@H]%13NC(=O)[C@H]%14NC(=O)[C@H]%16NC(=O)[C@H]%17NC(=O)[C@@H]2CCCN2C(=O)[C@@H]2CCCN2C(=O)[C@H]%18NC(=O)[C@H]%19NC(=O)[C@H]%20NC(=O)[C@H]%21NC(=O)[C@H]%22NC1=O.c1%24c[nH]c2ccccc12.c1%29c[nH]c2ccccc12.c1%27ccc(O)cc1.c1%28ccc(O)cc1.N1%15CCC[C@H]1%31.c1%23ccccc1.c1%25ccccc1.C%32CCCN.C%34CCCN.C6CC(N)=O.C%11CC(N)=O.C%16CCCN.C%17CC(N)=O.CC[C@@H]%31C.C%12C(C)C.C%19C(C)C.[C@H]%33(C)O.C%15(C)C.C%26%30=O.C%15(C)C.[C@H]%22(C)O.C5%23.C8O.C9%24.C%13O.C%14%25.C%17%27.C%18%28.C%20%29	CC(C)C[C@@H]1NC(=O)[C@H](Cc2c[nH]c3ccccc23)NC(=O)CNC(=O)[C@H]([C@@H](C)O)NC(=O)[C@H]([C@@H]2CCCN2C(C)C)NC(=O)[C@H](CCCCN)NC(=O)[C@H]([C@@H](C)O)NC(=O)[C@H](CCCCN)NC(=O)[C@H](Cc2ccccc2)NC(=O)[C@H](CCC(N)=O)NC(=O)CNC(=O)[C@H](CO)NC(=O)[C@H](Cc2c[nH]c3ccccc23)NC(=O)CNC(=O)[C@H](CCC(N)=O)NC(=O)[C@H](CC(C)C)NC(=O)[C@@H](N)CSSC[C@@H](C=O)NC(=O)[C@H](CO)NC(=O)[C@H](Cc2ccccc2)NC(=O)[C@H](CCCCN)NC(=O)[C@H](CCC(N)=O)NC(=O)[C@@H]2CCCN2C(=O)[C@@H]2CCCN2C(=O)[C@H](Cc2ccc(O)cc2)NC1=O.CCC.CCCC.Cc1ccc(O)cc1
C2(=O)[C@@H]5CCCN=C(N)N.[C@H]9(CCCN=C(N)N)C%20=O.[C@H]%12(CCCN=C(N)N)C3=O.[C@H]%14(CCCN=C(N)N)C(N)=O.[C@H]%10(CCCCN)C%21=O.CC[C@H](C)[C@H]4C%19=O.C%13(=O)[C@@H]6CC(N)=O.C%16(=O)[C@@H]7C(C)C.[C@@H]%11(C%22=O)C(C)C.C%17(=O)[C@@H]8C%15.c1%15ccccc1.C%18(=O)[C@H](C)N.N24.N%135.N%166.N%177.N%188.N%199.N%20%10.N%21%11.N%22%12.N3%14	CC[C@H](C)[C@H](NC(=O)[C@H](CCCN=C(N)N)NC(=O)[C@H](CC(N)=O)NC(=O)[C@@H](NC(=O)[C@H](Cc1ccccc1)NC(=O)[C@H](C)N)C(C)C)C(=O)N[C@@H](CCCN=C(N)N)C(=O)N[C@@H](CCCCN)C(=O)N[C@H](C(=O)N[C@@H](CCCN=C(N)N)C(=O)N[C@@H](CCCN=C(N)N)C(N)=O)C(C)C
C3(=O)[C@@H]5CCCN=C(N)N.C%17(=O)[C@@H]7CCCN=C(N)N.[C@H]9(CCCN=C(N)N)C%21=O.C3(=O)[C@@H]4CCCCN.c1%11c[nH]c2ccccc12.c1%13c[nH]c2ccccc12.CC[C@H](C)[C@H]%22C%20=O.C%16(=O)[C@@H]6[C@@H](C)CC.C%14(=O)[C@@H]5C%11.C%18(=O)[C@@H]8C%12.C%19(=O)[C@@H](C%13.[C@H]%10(C%15)C(N)=O.c1%15ccccc1.N3%22.N%144.N%165.N%176.N%187.N%198.N%209.N%21%10	INVALID
[C@H]%12(CCCN=C(N)N)C%33=O.[C@H]%16(CCCN=C(N)N)C4=O.[C@H]%18(CCCN=C(N)N)C9=O.[C@H]%14(CCC(N)=O)C%32=O.CC[C@H](C)[C@H]%10C%13=O.[C@H]%15(CC(C)C)C3=O.c1%30ccc(O)cc1.N1%13CCC[C@H]1%20.N1%32CCC[C@H]1%21.[C@H]%15(C%29)C%35=O.c1%29ccccc1.N1%35CCC[C@H]1%22.N1%36CCC[C@H]1%23.N14CCC[C@H]1%25.N15CCC[C@H]1%26.[C@H]%17(C%30)C7=O.N16CCC[C@H]1%27.[C@H]%19(C%28)C8=O.N19CCC[C@H]1%27.c1%28cnc[nH]1.C2%20=O.C%34%21=O.C%36%22=O.C3%23=O.C5%25=O.C6%26=O.C%27%27(=O)O.N2%10.N%24%11.N%31%12.N%33%14.N%34%15.N3%16.N4%17.N7%18.N8%19	INVALID
[C@@H]14NC(=O)[C@H]9NC(=O)[C@H]%10NC(=O)[C@@H]2CCCN2C(=O)[C@H]2CCCN2C(=O)[C@H]%11NC(=O)[C@H](C)NC(=O)[C@H]%12NC(=O)[C@H]%13NC(=O)[C@H]%14NC(=O)[C@H]%15NC(=O)[C@H]%16NC(=O)[C@H]5NC(=O)[C@H]6NC1=O.c18c[nH]c2ccccc12.C%15CCN=C(N)N.C%16CCN=C(N)N.C%10CCCN.C%11CCCN.C%13CCCN.C5CCCN.C5CCCN.C6CN.C97.C%148	CCCCN.C[C@@H]1NC(=O)CNC(=O)[C@H](CCCCN)NC(=O)[C@H](Cc2c[nH]c3ccccc23)NC(=O)[C@H](CCCN=C(N)N)NC(=O)[C@H](CCCN=C(N)N)NC(=O)[C@H](CCCCN)NC(=O)[C@H](CCN)NC(=O)CNC(=O)[C@H](C)NC(=O)[C@H](CCCCN)NC(=O)[C@@H]2CCCN2C(=O)[C@H]2CCCN2C(=O)[C@H](CCCCN)NC1=O
C3(=O)[C@@H]8CCCCN.C%14(=O)[C@@H]9CCCCN.c1%21c[nH]c2ccccc12.[C@H]%12(CCCCN)C%26=O.[C@H]%16(CCCCN)C4=O.[C@H]%17(CCCCN)C5=O.CC[C@H](C)[C@H]7C%24=O.[C@H]%15(CC(C)C)C%27=O.[C@@H]%13(C%28=O)C(C)C.[C@@H]%18(C6=O)C(C)C.[C@@H]%18(C6=O)C(C)C.C%22(=O)[C@@H]%10C%21.[C@H]%11(CO)C%25=O.[C@H]%19(CO)C(N)=O.c1%20cnc[nH]1.N37.N%148.N%229.N%23%10.N%24%11.N%25%12.N%26%13.N%27%15.N%28%16.N4%17.N5%18.N6%19	CC(C)C[C@@H]1NC1=O.CC(C)[C@H]1C(=O)C(=O)[C@@H]1C(C)C.CC[C@H](C)[C@H](NC(=O)[C@H](CCCCN)NC(=O)[C@H](CCCCN)NC(=O)[C@@H](N)Cc1c[nH]c2ccccc12)C(=O)N[C@@H](CO)C(=O)N[C@@H](CCCCN)C(=O)N[C@H](C(=O)N[C@@H](CCCCN)C(=O)N[C@@H](CCCCN)C(N)=O)C(C)C.NC(=O)[C@@H](N)CO.c1c[nH]cn1
[C@@H]1%31NC(=O)[C@H]%32NC(=O)[C@@H]2CSSC[C@@H]3NC(=O)[C@H]%34NC(=O)[C@H]%35NC(=O)[C@@H]%26CSSC[C@H](NC(=O)[C@H]%36NC(=O)[C@H]%37NC(=O)CNC(=O)[C@H]%39NC(=O)[C@H]%40NC(=O)[C@H]%41NC(=O)CNC(=O)[C@H]%42NC(=O)[C@H]%43NC(=O)[C@H]%44NC(=O)[C@H]%45NC(=O)CNC(=O)CNC(=O)[C@H]%46NC(=O)[C@@H]1CCCN1C(=O)N1CCC[C@H]1C(=O)N2)NC(=O)[C@H]%48NC(=O)[C@H]%50NC(=O)CNC(=O)[C@H]%51NC(=O)[C@H]%52NC(=O)[C@H]%53NC1=O.C%49(=O)[C@@H]%17CCCN=C(N)N.[C@H]%25(CCCN=C(N)N)C(=O)O.c1%54c[nH]c2ccccc12.c1%55c[nH]c2ccccc12.C%10(=O)[C@@H](N)CCC(=O)O.C%27(=O)[C@@H]%15CC(N)=O.C%16(=O)[C@@H]%19CC(=O)O.C6(=O)[C@@H]%22CC(N)=O.C9(=O)[C@@H]%23CC(N)=O.C5(=O)[C@@H]%13C(C)C.C7(=O)[C@@H]%21C(C)C.C%45CCN=C(N)N.c1%57ccc(O)cc1.C%53CCN=C(N)N.C%43CCN=C(N)N.[C@@H]1%28CCCN1%49.[C@@H]1%29CCCN1%60.C%61(=O)[C@@H]%18C%57.c1%56ccccc1.c1%58ccccc1.C%44CC(=O)O.C%52CCCN.CC[C@@H]%31C.C%36C(N)=O.C%16(=O)C%14.C7(=O)C%20.C%44C(=O)O.C%46C(N)=O.C%48C(N)=O.C%57%29=O.C%42(C)C.[C@H]%35(C)O.C%39%30=O.C%31O.C%26%53.C%34O.C%38O.C%40O.C%43O.N5%11.N%16%12.N%27%13.N%38%14.N%59%15.N%61%17.C%25O.C%28O.C%30%59.C%40%55.C%41O.N6%20.N8%21.N9%22.N%10%23.N%11%25.N%12%25	CC(=O)O.CC(C)[C@H](N)C(=O)C(=O)CNC(=O)[C@H](CC(N)=O)NC(=O)[C@H](CC(N)=O)NC(=O)[C@@H](N)CCC(=O)O.CC[C@H](C)[C@@H]1NC(=O)CNC(=O)[C@@H]2CSSCCNC(=O)[C@H](CO)NC(=O)[C@H]([C@@H](C)O)NC(=O)[C@@H](C)CSSC[C@H]3NC(=O)[C@H](CC(N)=O)NC(=O)CNC(=O)CNC(=O)CNC(=O)[C@H](CCCCN)NC(=O)[C@H](CCCN=C(N)N)NC(=O)[C@@H](CCCN4C(=O)N4CCC[C@H]1C(=O)N[C@@H](CC(N)=O)C(=O)NCC(=O)NCC(=O)N[C@@H](CCCN=C(N)N)C(=O)N[C@@H](CCC(=O)O)C(=O)N[C@@H](CCCN=C(N)N)C(=O)N[C@@H](C(C)C)C(=O)NCC(=O)N[C@@H](CO)C(=O)N[C@@H](CO)C(=O)N[C@@H](C(=O)CN[C@@H](CC(N)=O)C(=O)N[C@H](C(=O)NNNN)C(C)C)C(=O)NCC(=O)NCC(=O)N[C@@H](CC(N)=O)C(=O)N3)C(=O)N2.CO.CO.Cc1c[nH]c2ccccc12.NC(N)=NCCC[C@H](CO)C(=O)O.NC(N)=NCCC[C@H](NC(=O)CCc1ccc(O)cc1)C(=O)N1CCC[C@H]1CO.O=C(O)CCC(=O)C(=O)CNCO.O=C[C@@H]1CCCN1.c1ccc2[nH]ccc2c1.c1ccccc1.c1ccccc1
C3(=O)[C@@H]4CCCN=C(N)N.C%14(=O)[C@@H]5CCCN=C(N)N.C%18(=O)[C@@H](N)CCCN=C(N)N.[C@H]%10(CCCN=C(N)N)C(N)=O.c1%11c[nH]c2ccccc12.c1%12c[nH]c2ccccc12.c1%13c[nH]c2ccccc12.CC[C@H](C)[C@H]%22C%19=O.C%16(=O)[C@@H]6[C@@H](C)CC.C%17(=O)[C@@H](N)C%11.[C@H]8(C%12)C%20=O.[C@H]9(C%13)C%21=O.c1%15ccccc1.N3%22.N%144.N%165.N%176.N%187.N%198.N%209.N%21%10	CC[C@H](C)[C@H](NC(=O)[C@H](CCCN=C(N)N)NC(=O)[C@H](CCCN=C(N)N)NC(=O)[C@@H](NC(=O)[C@@H](N)Cc1c[nH]c2ccccc12)[C@@H](C)CC)C(=O)N[C@@H](Cc1c[nH]c2ccccc12)C(=O)N[C@@H](Cc1c[nH]c2ccccc12)C(=O)N[C@@H](CCCN=C(N)N)C(N)=O.NC(=O)[C@@H](N)CCCN=C(N)N.c1ccccc1
[C@H]%27(CCCCN)C%25=O.[C@H]%33(CCCCN)C%66=O.[C@H]%34(CCCCN)C5=O.c1%60c[nH]c2ccccc12.[C@H]%41(CCCCN)C%10=O.[C@H]%44(CCCCN)C%13=O.[C@H]%50(CCC(=O)O)C%20=O.[C@H]%51(CCC(N)=O)C%21=O.[C@H]%52(CCC(=O)O)C%24=O.[C@H]%55(CCC(N)=O)C(=O)O.CC[C@H](C)[C@H](N)C3=O.[C@H]%40(CC(C)C)C9=O.[C@H]%40(CCC%41)C%11=O.[C@H]%43(CC(C)C)C%13=O.[C@@H]%43(C%13=O)[C@@H](C)CC.[C@H]%48(CC(C)C)C%19=O.[C@H]%54(CC(N)=O)C(=O)O.[C@@H]%37(C7=O)C(C)C.[C@H]%26(CO)C%14=O.[C@H]%28(C%60)C%36=O.[C@H]%31(C%57)C%47=O.N1%63CCC[C@H]1%56.[C@H]%38(CS)C8=O.[C@H]%46(C%61)C%17=O.c1%61ccccc1.c1%57cnc[nH]1.c1%59cnc[nH]1.[C@H]%32(C)C%63=O.[C@H]%35(C)C6=O.[C@H]%50(C)C%19=O.C%30C%62=O.C%49C%18=O.C%25(C)=O.C8%56=O.N3%26.N%14%27.N%25%28.N%36%29.N%47%30.N%58%31.N%62%32.N%63%33.N4%34.N5%35.N6%37.N7%38.N8%39.N9%40.N%10%42.N%11%42.N%12%43.N%13%44.N%15%45.N%16%46.N%17%48.N%18%49.N%19%50.N%20%51.N%21%52.N%22%53.N%23%54.N%24%55	CC(C)C[C@@H](C(N)=O)[C@H]1CCC[C@@H](CCCCN)C(=O)NNC1=O.CC(C)C[C@H](NC(=O)[C@@H](N)Cc1ccccc1)C(=O)C(=O)[C@H](C)[C@@H](CCC(=O)O)C(=O)N[C@@H](CCC(N)=O)C(=O)N[C@@H](CCC(=O)O)C(=O)N[C@@H](CCC(N)=O)C(=O)O.CC(C)[C@H](NC(=O)[C@H](C)NC(=O)[C@@H](N)CCCCN)C(=O)N[C@@H](CS)C(=O)C(=O)[C@@H]1CCCN1C(=O)[C@H](C)NC(=O)CNC(=O)[C@@H](N)Cc1cnc[nH]1.CC[C@H](C)[C@H](N)C(=O)N[C@@H](CO)C(=O)N[C@@H](CCCCN)C(=O)C(C)=O.CC[C@H](C)[C@H]1C(=O)N[C@@H](CCCCN)C(=O)C(=O)[C@@H]1CC(C)C.N.N.N.N.N.NC(=O)C[C@H](N)C(=O)O.NC(=O)[C@@H](N)Cc1c[nH]c2ccccc12.NCCCC[C@H](N)C=O.O=C1CN1.c1c[nH]cn1
[C@H]15NC(=O)CNC(=O)[C@@H]%14NC(=O)[C@@H]%15NC(=O)[C@H]2CSSC[C@@H](NC1=O)C(=O)N[C@H]%16C(=O)N[C@H]%17C(=O)N[C@H]%18C(=O)N[C@H]1CSSC[C@@H](NC(=O)N[C@H]%19C(=O)N2)NC(=O)[C@@H]%20NC1=O)C(=O)N[C@H]6C(=O)N[C@H]7C(=O)N[C@H]8C(=O)NCC(=O)NCC(=O)N2.C%13CCN=C(N)N.c1%10ccc(O)cc1.C7CCN=C(N)N.C8CCN=C(N)N.c1%11ccc(O)cc1.C%14(=O)[C@H]%17CO.c1%12ccccc1.[C@@H]%14(C%11)C(=O)O.CC[C@H](C.C45=O.C5(C)C.C%15O.C69.N4%11.N%15%10.N%16%13.C9%12	INVALID
[C@H]8(CCCN=C(N)N)C%25=O.[C@H]%12(CCCN=C(N)N)C%29=O.c1%21ccccc2ccccc12.[C@H]%10(CCCCN)C%27=O.[C@H]%15(CCCCN)C%31=O.[C@H]%16(CCCCN)C4=O.[C@H]%17(CCCCN)C5=O.c1%23c[nH]c2ccccc12.CC(C)[C@H](N)C3=O.[C@H]7(CC(C)C)C%14=O.[C@H]9(C%21)C%26=O.[C@H]%11(C%20)C%28=O.[C@H]%13(C%22)C%30=O.c1%22ccccc1.[C@H]%18(C%23)C6=O.[C@H]%19(C%24)C(N)=O.c1%24ccccc1.c1%20cnc[nH]1.N37.N%148.N%259.N%26%10.N%27%11.N%28%12.N%29%13.N%30%15.N%31%16.N4%17.N5%18.N6%19	INVALID
C3(=O)[C@@H]%16CCCCN.c17c[nH]c2ccccc12.c18c[nH]c2ccccc12.[C@H]%17(CCCCN)C%12=O.[C@H]5(CCCCN)C%14=O.CC(C)C[C@H]%15C%11=O.c19ccc(O)cc1.[C@H]4(C7)C%13=O.[C@H]6(C9)C(=O)O.C%103=O.N3%15.N%10%16.N%11%17.N%124.N%135.N%146	CC(C)C[C@H](N)C(=O)N[C@@H](CCCCN)C(=O)N[C@@H](Cc1c[nH]c2ccccc12)C(=O)N[C@@H](CCCCN)C(=O)N[C@@H](Cc1ccc(O)cc1)C(=O)O.NCCCC[C@@H]1NC(=O)C1=O.c1ccc2[nH]ccc2c1
C%17(=O)[C@@H]6CCCN=C(N)N.[C@H]9(CCCN=C(N)N)C%21=O.c1%11c[nH]c2ccccc12.c1%15c[nH]c2ccccc12.C%19(=O)[C@@H](N)CCCCN.c1%16c[nH]c2ccccc12.CC[C@H](C)[C@H]%22C%20=O.c1%13ccc(O)cc1.C%18(=O)[C@@H]7C(C)C.=O.C3(=O)[C@@H]4C%11.C%14(=O)[C@@H]5C%12.c1%12ccccc1.[C@H]%10(C%15)C(N)=O.N3%22.N%144.N%165.N%176.N%187.N%198.N%209.N%21%10	INVALID
[C@@H]1%28NC(=O)[C@H]%30NC(=O)[C@H]4NC(=O)[C@H]5NC(=O)CNC(=O)[C@H]6NC(=O)[C@H]7NC(=O)[C@H]8NC(=O)[C@H]9NC(=O)[C@H]%10NC(=O)[C@H]%11NC(=O)[C@H]%12NC(=O)[C@H]%13NC(=O)[C@H]%15NC(=O)[C@H]%16NC(=O)[C@H]%17NC(=O)[C@@H]2CCCN2C(=O)[C@H]%17NC(=O)[C@H]%18NC(=O)[C@H]%19NC(=O)[C@H]%20NC(=O)[C@H]%21NC1=O.C%14CCN=C(N)N.C%11CCN=C(N)N.c1%26ccc(O)cc1.C%19CCN=C(N)N.c1%22ccccc1.c1%23ccccc1.C4CCCN.C7CCCN.C9CC(N)=O.C%12CCCN.C%16CCCN.C%19CCCN.C%20CCCN.CC[C@@H]%28C.C4C(C)C.[C@H]5(C)CC.C%10C(C)C.C6(C)C.C8(C)C.C%27(N)=O.[C@H]%11(C)O.C%17(C)C.[C@H]%51(C)O.N3%25.C%18%22	CC(C)C.CCC.CCCCN.CCCN=C(N)N.CCO.CCO.CC[C@H](C)[C@@H]1NC(=O)CNC(=O)[C@H](CCCCN)NC(=O)[C@H]([C@@H](C)CC)NC(=O)CNC(=O)[C@H](C(C)C)NC(=O)[C@H](CCCCN)NC(=O)[C@H](C(C)C)NC(=O)[C@H](CCC(N)=O)NC(=O)[C@H](CC(C)C)NC(=O)[C@H](CCCN=C(N)N)NC(=O)[C@H](CCCCN)NC(=O)CNC(=O)CNC(=O)[C@H](CCCCN)NC(=O)[C@H]2NC(=O)[C@@H]3CCCN3C(=O)[C@H]2NC(=O)[C@H](Cc2ccccc2)NC(=O)[C@H](CCCN=C(N)N)NC(=O)[C@H](CCCCN)NC(=O)CNC1=O.N.NC=O.Oc1ccccc1.c1ccccc1
C%25(=O)[C@@H]%18CCCCN.c1%38c[nH]c2ccccc12.C%40(=O)[C@@H](N)CCCCN.[C@H]%20(CCCCN)C%42=O.[C@H]%21(CCCCN)C%44=O.[C@H]%24(CCCCN)C6=O.[C@H]%31(CCCCN)C%12=O.[C@H]%32(CCCCN)C%13=O.CC[C@H](C)[C@H]%15C%41=O.[C@H]%22(CC(C)C)C%43=O.[C@H]%23(CC(N)=O)C5=O.[C@H]%26(CC(C)C)C7=O.[C@H]%27(CC(C)C)C8=O.C3(=O)[C@@H]%16C%37.c1%37ccccc1.C%14(=O)[C@@H]%17N)C%38.N1%45CCC[C@H]1%34.[C@H]%23(CO)C5=O.[C@H]%28(C%39)C9=O.c1%39ccccc1.[C@H]%29(C%35)C%10=O.[C@H]%33(CO)C(N)=O.c1%35cnc[nH]1.C%30C%11=O.C4%34=O.N3%15.N%14%16.N%25%17.N%36%18.N%40%19.N%41%20.N%42%21.N%43%22.N4%23.N5%24.N6%26.N7%27.N8%28.N9%29.N%10%30.N%11%31.N%12%32.N%13%33	INVALID
[C@H]13NC(=O)[C@H](C)NC(=O)[C@H]4NC(=O)[C@H]5NC(=O)[C@H]6NC(=O)[C@H]7NC(=O)[C@@H](C)CCCCCC3.C17CCCCC1.C6C(C)C.[C@@H]4(C)O.C5O	CCCCCC1[C@@H]2NC(=O)[C@@H](C)CCCCCC[C@H]1NC(=O)[C@H](C)NC(=O)[C@H]([C@H](C)O)NC(=O)[C@H](CO)NC(=O)[C@H](CC(C)C)NC2=O
C9(=O)[C@@H]3CCC(=O)O.CC(C)C[C@H]%15C%14=O.C%11(=O)[C@@H]%17CC(N)=O.c17ccc(O)cc1.c18ccc(O)cc1.C2(=O)[C@@H]%16C8.[C@@H]17CCCN1%11.[C@H]6(C9)C(=O)O.C%12(=O)[C@H](C)N.C%107=O.N2%15.N9%16.N%103.N%124.N%135.N%146	CC(C)C[C@H](NC(=O)[C@@H](N)Cc1ccc(O)cc1)C(=O)N[C@@H](CC(=O)[C@H](CCC(=O)O)NC=O)C(=O)O.C[C@H](N)C(N)=O.N.NC(=O)CCC(=O)N1CCC[C@H]1c1ccc(O)cc1
[C@@H]12NC(=O)[C@H]3NC(=O)[C@H]4NC(=O)[C@H]5NC(=O)[C@H]6NC(=O)[C@H]7NC(=O)[C@H]8NC(=O)[C@@H]9NC(=O)[C@@H](N)CSSC[C@@H]3NC1=O.C7CCCN.C8CCCN.CC[C@@H]4C.C5C(C)C.[C@H]7(C)CC.[C@@H]6(C)O.C%10O	CCCC.CC[C@H](C)[C@@H]1NC(=O)[C@H](CC(C)C)NC(=O)[C@H]([C@H](C)O)NC(=O)[C@H](CCCCN)NC(=O)[C@H](CCCCN)NC(=O)CNC(=O)[C@@H](N)CSSC[C@@H]2NC(=O)CNC(=O)[C@H]2NC1=O.CO
[C@@H]11NC(=O)CNC(=O)[C@H](C)NC(=O)[C@H]%13NC(=O)[C@H]%15NC(=O)[C@H]%16NC(=O)[C@H]%17NC(=O)[C@H]%18NC(=O)[C@H]%19NC(=O)[C@H]%20NC(=O)[C@@H]%10CSSC[C@@H]%12NC(=O)[C@H]%21NC(=O)[C@@H]%36CSSC[C@H](NC(=O)[C@H]%23NC1=O.C%25(=O)[C@@H]%35CC(C)C.[C@H]%41(CC(N)=O)C(N)=O.C%20CCN=C(N)N.[C@@H]1%10CCCN1%25.C3(=O)[C@@H]5CO.C%30(=O)[C@@H]7C%26.c1%26ccccc1.[C@@H]1%11CCCN1%32.C%33(=O)[C@@H]9C%27.c1%27ccccc1.c1%29ccccc1.c1%30ccccc1.C6CC(N)=O.C3(=O)[C@@H](C.C%34CC(N)=O.C%17CCCN.C%21CCCN.C%34CC(=O)O.c1%24cnc[nH]1.C%16C(=O)O.C%14%10=O.C%14%11=O.C%33%12=O.C%19(C)C.C%15%31.C%18O.N3%10.N%14%35.N%30%36.N%316.N%337.N%348.C%17%28.C%22%29.C%24O	INVALID
C3(=O)[C@@H]4CCCN=C(N)N.C%16(=O)[C@@H](N)CCCN=C(N)N.[C@H]N(CCCN=C(N)N)C%19=O.[C@H]%10(CCCN=C(N)N)C(N)=O.C%15(=O)[C@@H]6CCC(N)=O.[C@H]7(CCCCN)C%18=O.c1%12c[nH]c2ccccc12.c1%13c[nH]c2ccccc12.NCCC[C@H]%21C%17=O.C%14(=O)[C@@H]5C%11.[C@H]8(C%12)C%20=O.[C@H]9(C%13)C%20=O.N3%21.N%144.N%155.N%166.N%177.N%188.N%199.N%20%10	NC(=O)[C@@H](N)CCCN=C(N)N.[CH]N(CCCN=C(N)N)C(=O)N[C@@H](Cc1c[nH]c2ccccc12)C(=O)C(=O)[C@H](Cc1c[nH]c2ccccc12)NC(=O)[C@H](CCCCN)NC(=O)[C@H](CCCN)NC(=O)[C@H](CCCN=C(N)N)NC(=O)[C@H](C)NC(=O)[C@H](CCC(N)=O)NC(=O)[C@@H](N)CCCN=C(N)N
[C@H]8(CCCN=C(N)N)C%22=O.[C@H]%11(CCCN=C(N)N)C%25=O.[C@H]%18(CCCN=C(N)N)C(N)=O.C2(=O)[C@@H]7CCCCN.[C@H]%15(CCCCN)C3=O.[C@H]%16(CCCCN)C4=O.CC[C@H](C)[C@H]6C%23=O.[C@H]%12(CC(C)C)C%26=O.[C@H]%12(CC(C)C)C%27=O.c1%21ccc(O)cc1.C%13(=O)[C@@H](N)C%19.c1%19ccccc1.[C@H]9(C%20)C%24=O.c1%20ccccc1.[C@H]%14(C%21)C%28=O.N26.N%137.N%228.N%239.N%24%10.N%25%11.N%26%12.N%27%14.N%28%15.N3%16.N4%17.N5%18	CC(C)C[C@@H](C(N)=O)[C@@H](CC(C)C)C(=O)N[C@@H](Cc1ccc(O)cc1)C(=O)N[C@@H](CCCCN)C(=O)N[C@@H](CCCCN)C(N)=O.CC[C@H](C)[C@H](NC(=O)[C@H](CCCCN)NC(=O)[C@@H](N)Cc1ccccc1)C(=O)N[C@@H](Cc1ccccc1)C(N)=O.NC(=O)[C@@H](N)CCCN=C(N)N.NC(N)=NCCC[C@@H]1NC1=O.NC(N)=NCCC[C@@H]1NC1=O
C%14(=O)[C@@H]8CCCN=C(N)N.[C@H]%11(CCCN=C(N)N)C%23=O.[C@H]%13(CCCN=C(N)N)C%25=O.[C@H]%17(CCCN=C(N)N)C(N)=O.c1%18c[nH]c2ccccc12.C%20(=O)[C@@H]%10CCC(N)=O.CC[C@H](C)[C@H]6C%22=O.[C@@H]%16(C5=O)[C@@H](C)CC.C%21(=O)[C@@H](N)C(C)C.[C@@H]%12(C%24=O)C(C)C.[C@@H]%15(C4=O)C(C)C.C%19(=O)[C@@H]9C%18.C3(=O)[C@@H]7C.N36.N%147.N%198.N%209.N%21%10.N%22%11.N%23%12.N%24%13.N%25%15.N4%16.N5%17	CC[C@H](C)[C@H](NC(=O)[C@H](C)NC(=O)[C@H](CCCN=C(N)N)NC(=O)[C@H](Cc1c[nH]c2ccccc12)NC(=O)[C@H](CCC(N)=O)NC(=O)[C@@H](N)C(C)C)C(=O)N[C@@H](CCCN=C(N)N)C(=O)N[C@H](C(=O)N[C@@H](CCCN=C(N)N)C(=O)N[C@H](C(=O)N[C@H](C(=O)N[C@@H](CCCN=C(N)N)C(N)=O)[C@@H](C)CC)C(C)C)C(C)C
C%14(=O)[C@@H]5CCCN=C(N)N.C%16(=O)[C@@H]6CCCN=C(N)N.[C@H]8(CCCN=C(N)N)C%19=O.C3(=O)[C@@H]4CCCCN.c1%12c[nH]c2ccccc12.c1%13c[nH]c2ccccc12.c1%13c[nH]c2ccccc12.CC[C@H](C)[C@H]%21C%18=O.[C@@H]%10(C(N)=O)C(C)C.C%17(=O)[C@@H](N)C%11.c1%11ccccc1.[C@H]9(C%13)C%20=O.N3%21.N%144.N%155.N%166.N%177.N%188.N%199.N%20%10	CC[C@H](C)[C@H](NC(=O)[C@H](CCCCN)NC(=O)[C@@H](N)CCCN=C(N)N)C(=O)N[C@@H](CCCN=C(N)N)C(=O)N[C@@H](C)C(=O)N[C@H](C(N)=O)C(C)C.NC(=O)[C@@H](N)Cc1ccccc1.NC(N)=NCCC[C@@H]1NC1=O.c1ccc2[nH]ccc2c1.c1ccc2c(-c3c[nH]c4ccccc34)c[nH]c2c1
C2(=O)[C@@H]%10CCCN=C(N)N.C%31(=O)[C@@H]%14CCCN=C(N)N.C%31(=O)[C@@H]%16CCCN=C(N)N.C4(=O)[C@@H]%17CCCN=C(N)N.C6(=O)[C@@H]%18CCCN=C(N)N.C8(=O)[C@@H]%19CCCN=C(N)N.C9(=O)[C@@H](N)CCCN=C(N)N.[C@@H]1%19CCCN1%24.C%24(=O)[C@@H]%11CO.C%29(=O)[C@@H]%12C%28.c1%28ccccc1.[C@@H]1%21CCCN1%30.[C@@H]1%22CCCN1%32.[C@@H]1%23CCCN1%34.[C@@H]1%25CCCN1%34.[C@@H]1%26CCCN16.[C@@H]1%27CCCN18.C%13%19=O.C%29%20=O.C%30%21=O.C%32%22=O.C%33%23=O.C5%25=O.C7%26=O.C%27(=O)O.N2%10.N%13%11.N%29%12.N%31%14.N%33%15.N4%16.N6%17.N7%18	NC(=O)[C@@H]1CCCN1N1CCC[C@H]1C=O.NC(N)=NCCC[C@@H](C(=O)N1CCC[C@H]1C(=O)O)[C@@H]1CCCN1C(=O)[C@H](CO)NC=O.NC(N)=NCCC[C@@H]1NC(=O)[C@@H]2CCCN2C1=O.NC(N)=NCCC[C@@H]1NC1=O.NC(N)=NCCC[C@H](N)C=O.NC(N)=NCCC[C@H](NC(=O)[C@@H](N)CCCN=C(N)N)C(=O)C(=O)[C@@H](N)CCCN=C(N)N.N[C@@H](Cc1ccccc1)C(=O)C=O.O=C1[C@@H]2CCCN12.O=C1[C@@H]2CCCN12
C3(=O)[C@@H]%26CCCN=C(N)N.C%47(=O)[C@@H]%28CCCN=C(N)N.C%58(=O)[C@@H]%30CCCN=C(N)N.C4(=O)[C@@H]%32CCCN=C(N)N.C6(=O)[C@@H]%34CCCN=C(N)N.C9(=O)[C@@H]%35CCCN=C(N)N.C%12(=O)[C@@H]%37CCCN=C(N)N.C%13(=O)[C@@H]%38CCCN=C(N)N.[C@H]%41(CCCN=C(N)N)C%22=O.c1%56c[nH]c2ccccc12.c1%58c[nH]c2ccccc12.CC[C@H](C)[C@H]%24C%19=O.C%12(=O)[C@@H]%32[C@@H](C)CC.C3(=O)[C@@H]%27C(C)C.c1%60ccc(O)cc1.C%19(=O)[C@@H](N)C(C)C.[C@@H]1%46CCCN1%25.[C@@H]1%48CCCN1%36.[C@@H]1%49CCCN1%63.C%60(=O)[C@@H]%31C%56.[C@@H]1%50CCCN1%65.C4(=O)[C@@H]%33C%57.[C@@H]1%51CCCN16.[C@@H]1%52CCCN17.[C@@H]1%53CCCN19.[C@@H]1%54CCCN1%16.[C@H]%40(C%59)C%20=O.c1%59ccccc1.N1%17CCC[C@H]1%53.[C@H]%42(C%60)C%21=O.[C@H]%44(C%61)C%23=O.N1%23CCC[C@H]1%54.c1%55cnc[nH]1.[C@H]%45(C)C(N)=O.C%25%46=O.C%47%48=O.C%62%49=O.C5%50=O.C8%51=O.C%11%52=O.C%15%53=O.C%18%54=O.N3%24.N%14%26.N%36%27.N%47%28.N%63%29.N%64%30.N4%31.N5%32.N8%33.N%10%34.N%11%35.N%12%37.N%13%38.N%15%39.N%16%40.N%18%41.N%19%42.N%20%43.N%22%44.N%22%45	CC(C)[C@H](NN1CCC[C@H]1C(=O)C(=O)[C@@H](N)CCCN=C(N)N)C(=O)C(=O)[C@@H](N)CCCN=C(N)N.CC[C@H](C)[C@@H](C(=O)C(=O)[C@@H](N)CCCN=C(N)N)[C@@H](CCCN=C(N)N)C(=O)C(=O)[C@H](C)NC(=O)[C@@H]1CCCN1C(=O)[C@@H](N)CCCN=C(N)N.CC[C@H](C)[C@H](N)C(=O)C(=O)[C@@H](N)C(C)C.C[C@H](N)C(N)=O.C[C@H](N)C=O.C[C@H](NC(=O)[C@H](CCCN=C(N)N)NC=O)C(=O)N1CCC[C@H]1[C@@H]1CCCN1N[C@@H](Cc1ccccc1)C(N)=O.NC(=O)[C@@H]1CCCN1.NC(N)=NCCC[C@@H]1NC1=O.NC(N)=NCCC[C@H](N)C(=O)c1c[nH]c2ccccc12.NC(N)=NCCC[C@H](NC(=O)[C@@H]1CCCN1)C(=O)N1CCC[C@H]1[C@@H]1CCCN1.NC=O.NN1CCC[C@H]1C=O.N[C@@H](Cc1c[nH]c2ccccc12)C(=O)c1ccc(O)cc1.O=C1[C@@H]2CCCN12.c1c[nH]cn1
[C@H]1%19CSSC[C@@H]%22NC(=O)[C@H]%23NC(=O)CNC(=O)[C@H]%25NC(=O)[C@H]%26NC(=O)[C@H]%27NC(=O)[C@H]%28NC1=O.[C@H]%16(CCCN=C(N)N)C5=O.[C@H]%17(CCCN=C(N)N)C6=O.C%32(=O)[C@@H]%11CCCCN.[C@H]%18(CCCCN)C(=O)O.CC[C@H](C)[C@H]7C%35=O.C2(=O)[C@@H]8C(C)C.C%24(=O)[C@@H]9C(C)C.c1%29ccc(O)cc1.C%25CCN=C(N)N.C%26CCN=C(N)N.C%27CCN=C(N)N.[C@@H]1%20CCCN1%24.[C@@H]1%21CCCN1%31.C%33(=O)[C@@H]%12CO.[C@H]%14(C%29)C3=O.C%23CCCN.C%28CC(N)=O.C%34(=O)CN.C%13%20=O.C%30%21=O.C4%22=O.N27.N%138.N%309.N%32%10.N%33%11.N%34%12.N%35%14.N3%19.N4%15.N5%16.N6%17.S%18C.C%25O	CC[C@H](C)[C@H](NC(=O)[C@@H](NC(=O)[C@@H]1CCCN1C(=O)[C@@H](NC(=O)[C@@H]1CCCN1)C(C)C)C(C)C)C(=O)N[C@@H](Cc1ccc(O)cc1)C(=O)N[C@H]1CSSC[C@@H](C(N)=O)NC(=O)[C@H](CCCCN)NC(=O)CNC(=O)[C@H](CCCN=C(N)N)NC(=O)[C@H](CCCN=C(N)N)NC(=O)[C@H](CCCN=C(N)N)NC(=O)[C@H](CCC(N)=O)NC1=O.CO.CS[C@@H](CCCCN)C(=O)O.NC(N)=NCCC[C@@H]1NC1=O.NC(N)=NCCC[C@@H]1NC1=O.NCCCC[C@H](NC(=O)[C@H](CO)NC(=O)CN)C(N)=O
[C@@H]13NC(=O)[C@@H]2CCCN2C(=O)[C@@H]2CCCN2C(=O)[C@H]5NC(=O)[C@H]6NC(=O)[C@@H]2CCCN2C(=O)[C@@H]2CCCN2C1=O.c18ccccc1.C6CCCN.CC4C.CC3C.[C@H]5(C)O.C78	CC(C)[C@@H]1NC(=O)[C@@H]2CCCN2C(=O)[C@@H]2CCCN2C(=O)[C@H]([C@@H](C)O)NC(=O)[C@H](CCCCN)NC(=O)[C@@H]2CCCN2C(=O)[C@@H]2CCCN2C1=O.CCC.Cc1ccccc1
C%25(=O)[C@@H]%28CCCCN.C%36(=O)[C@@H]%29CCCCN.C%60(=O)[C@@H]%33CCCCN.c1%57c[nH]c2ccccc12.[C@H]%41(CCCCN)C%10=O.[C@H]%44(CCCCN)C%13=O.[C@H]%49(CCC(N)=O)C%18=O.[C@H]%49(CCCCN)C%19=O.CC[C@H](C)[C@H]%24C4=O.C%14(=O)[C@@H]%27CC(N)=O.C%59(=O)[C@@H]%32CC(C)C.[C@H]%39(CC(C)C)C9=O.[C@H]%42(CC(C)C)C%12=O.[C@H]%45(CC(C)C)C%16=O.[C@H]%48(CC(C)C)C%17=O.[C@H]%50(CC(C)C)C%20=O.[C@H]%52(CC(C)C)C%22=O.[C@H]%53(CC(C)C)C%23=O.C%36(=O)[C@@H]%30CC%55.[C@@H]%42(C%11=O)[C@@H](C)O.[C@@H]%43(C%15=O)[C@@H](C)O.[C@@H]%51(C%21=O)[C@@H](C)O.C%47(=O)[C@@H]%30C%56.c1%56ccccc1.C%61(=O)[C@@H](N)C%57.[C@H]%34(C)C4=O.[C@H]%35(C)C6=O.C3(=O)C%26.C%33C5=O.C%46C%17=O.C%53C%23=O.C%54C(=O)O.N3%24.N%14%26.N%25%27.N%36%28.N%47%29.N%58%30.N%59%31.N%60%32.N%61%33.N4%34.N5%35.N6%37.N7%38.N8%39.N9%40.N%10%41.N%11%42.N%12%43.N%13%44.N%15%45.N%16%46.N%17%48.N%18%49.N%19%50.N%20%51.N%21%52.N%22%53.N%23%54	CC(C)C[C@@H]1CC(=O)C1=O.CC(C)C[C@H](N)C(N)=O.CC(C)C[C@H](NC(=O)[C@@H](NC(=O)[C@H](CC(C)C)NC(=O)[C@H](CCCCN)[C@@H](CCC(N)=O)C(N)=O)[C@@H](C)O)C(N)=O.CC(C)C[C@H](NC(=O)[C@@H](NC(=O)[C@H](CC(C)C)[C@H](C(N)=O)[C@@H](C)O)[C@@H](C)O)C(=O)NCC(=O)C(=O)[C@@H](N)CC(C)C.CC(C)C[C@H](NC(=O)[C@H](CCCCN)CC(=O)N[C@@H](C)C(N)=O)C(N)=O.CC[C@H](C)[C@H](NC(=O)CNC(=O)[C@H](CC(N)=O)NC(=O)[C@@H](N)CCCCN)C(=O)C(=O)[C@H](C)N.CC[C@H]1C(=O)C(=O)[C@H](CCCCN)NC(=O)[C@@H]1Cc1ccccc1.N.N.NC(=O)[C@@H](N)Cc1c[nH]c2ccccc12.NCC(=O)O.NCCCC[C@@H]1NC1=O.NCCCC[C@@H]1NC1=O
[C@@H]14NC(=O)[C@H]9NC(=O)[C@H]%10NC(=O)[C@H]%11NC(=O)CNC(=O)CNC(=O)[C@H]2CCCN2C(=O)[C@H]%12NC(=O)[C@H]%13NC(=O)[C@H]%14NC(=O)[C@H]%15NC(=O)[C@H]%16NC1=O.c16c[nH]c2ccccc12.C[C@@H]4NC(=O)[C@H]6NC1=O.c18c[nH]c2ccccc12.C%10CCN=C(N)N.C%14CCN=C(N)N.C%16CCN=C(N)N.C5CCN=C(N)N.c17ccccc1.C%15CCCN.CC(C)C4.[C@H]9(C)O.C%117.C%148	INVALID
[C@H]%17(CCCN=C(N)N)C6=O.[C@H]%17(CCCN=C(N)N)C(N)=O.c1%18c[nH]c2ccccc12.[C@H]%10(CCCCN)C%26=O.c1%20c[nH]c2ccccc12.c1%21c[nH]c2ccccc12.c1%22c[nH]c2ccccc12.c1%23c[nH]c2ccccc12.CC[C@H](C)[C@H](N)C3=O.[C@H]6(CC(C)C)C%14=O.[C@H]7(C%18)C%14=O.c1%19ccccc1.[C@H]9(C%20)C%25=O.[C@H]%13(C%21)C%30=O.[C@H]%16(C%22)C5=O.[C@H]8(C)C%25=O.[C@H]%12(C)C%28=O.C%11C%29=O.N36.N%147.N%248.N%259.N%26%10.N%27%11.N%28%12.N%29%13.N%30%15.N4%16.N5%17	CC(C)C[C@@H](C(=O)C(=O)[C@@H](N)Cc1c[nH]c2ccccc12)C(=O)[C@H](CCCN=C(N)N)[C@@H](CCCN=C(N)N)C(N)=O.CC[C@H](C)[C@H](N)C(N)=O.C[C@@H]1NC1=O.C[C@H](N)C(=O)C(=O)[C@@H](N)Cc1c[nH]c2ccccc12.NC(=O)[C@@H](N)Cc1c[nH]c2ccccc12.NCC(=O)N[C@@H](Cc1c[nH]c2ccccc12)C(N)=O.NCCCC[C@@H]1NC1=O.c1ccc2[nH]ccc2c1.c1ccccc1
C%35(=O)[C@@H]%32CCCN=C(N)N.C%12(=O)[C@@H]%50CCCN=C(N)N.C2(=O)[C@@H]%30CCCCN.C%46(=O)[C@@H]%33CCCCN.C%69(=O)[C@@H]%37CCCCN.C%70(=O)[C@@H]%38CCCCN.C5(=O)[C@@H]%40CCCCN.C6(=O)[C@@H]%42CCCCN.C9(=O)[C@@H]%45CCCCN.C%17(=O)[C@@H](N)CCCCN.[C@H]%52(CCCCN)C%20=O.[C@H]%55(CCCCN)C%21=O.[C@H]%59(CCCCN)C%25=O.[C@H]%61(CCCCN)C%28=O.CC[C@H](C)[C@H]%29C%18=O.C%13(=O)[C@@H]%31CC(N)=O.C%24(=O)[C@@H]%32CC(C)C.C%68(=O)[C@@H]%39CC(C)C.C4(=O)[C@@H]%41CC(C)C.[C@@H]%49(C%15=O)[C@@H](C)CC.[C@@H]%53(C%18=O)[C@@H](C)CC.[C@H]%56(CC(C)C)C%22=O.[C@H]%60(CC(C)C)C%26=O.[C@H]%61(CC(C)C)C%27=O.C7(=O)[C@@H]%43C(C)C.[C@@H]%61(C%23=O)[C@@H](C)O.[C@@H]1%63CCCN1%35.C%68(=O)[C@@H]%34C%66.c1%66ccccc1.C8(=O)[C@@H]%44CO.C%15(=O)[C@@H]%50C%65.C%16(=O)[C@@H]%51C%67.c1%67ccccc1.N1%27CCC[C@H]1%64.[C@H]%62(CO)C(=O)O.c1%65cnc[nH]1.C%14(=O)C%49.C%53C%19=O.C%24%63=O.C%28%64=O.N2%29.N%13%30.N%24%31.N%46%32.N%57%33.N%68%34.N%69%36.N%70%37.N3%38.N4%39.N5%40.N6%41.N7%42.N8%43.N9%44.N%10%45.N%11%47.N%12%48.N%14%49.N%15%50.N%16%51.N%17%52.N%18%53.N%19%54.N%20%55.N%21%56.N%22%58.N%23%59.N%25%60.N%26%61.N%28%62	CC(C)C[C@@H]1NC(=O)[C@H](CCCCN)NC(=O)[C@H]([C@@H](C)O)NC1=O.CC(C)C[C@H](NC(=O)[C@H](CCCCN)NC(=O)[C@@H](NC(=O)[C@H](CO)NC(=O)[C@@H](N)CCCCN)C(C)C)C(=O)N[C@@H](CC(C)C)C(=O)C(=O)[C@@H](N)Cc1ccccc1.CC(C)C[C@H](NC(=O)[C@H](CCCCN)NC(=O)[C@H](CCCCN)NC(=O)[C@@H](N)CCCCN)C(N)=O.CC(C)C[C@H]1C(=O)C(=O)[C@@H]2CCCN2C(=O)[C@@H]1CCCN=C(N)N.CC(C)C[C@H]1C(=O)N2CCC[C@H]2C(=O)C(=O)[C@@H]1CCCCN.CC[C@H](C)[C@H](CC(N)=O)C(=O)C(=O)[C@@H](NC(=O)[C@H](CCCCN)NC(=O)[C@@H](N)CC(N)=O)[C@@H](C)CC.CC[C@H](C)[C@H](CC(N)=O)C(=O)C(=O)[C@H](Cc1cnc[nH]1)[C@@H](CCCN=C(N)N)C(N)=O.N.N.N.NCCCC[C@@H]1NC1=O.NCCCC[C@H](N)C(N)=O.NCCCC[C@H](NC(=O)[C@@H](N)CCCCN)C(N)=O.N[C@@H](CO)C(=O)O.O=C1N[C@H]1Cc1ccccc1
C%14(=O)[C@@H]7CCCN=C(N)N.C%23(=O)[C@@H]9CCCN=C(N)N.[C@H]%13(CCCN=C(N)N)C3=O.[C@H]%14(CCCN=C(N)N)C4=O.[C@H]%15(CCCN=C(N)N)C(N)=O.c1%17ccc(O)cc12.c1%18ccc(O)cc1.c1%20ccc(O)cc1.C2(=O)[C@@H]6C%16.C%22(=O)[C@@H]8C%17.C%24(=O)[C@@H]%10C%18.C%25(=O)[C@@H]%11C%19.c1%19ccccc1.C%26(=O)[C@@H]%12C%20.C%27(=O)[C@@H](N)C%21.c1%21ccccc1.C[C@H]5C%28=O.N25.N%136.N%227.N%238.N%249.N%25%10.N%26%11.N%27%12.N%28%13.N4%15	C[C@H](N)C(N)=O.C[C@H](N[C@H](C=O)CCCN=C(N)N)C(=O)c1cc(O)ccc1C[C@H](NC(=O)[C@H](CCCN=C(N)N)NC(=O)[C@H](Cc1ccc(O)cc1)NC(=O)[C@H](Cc1ccccc1)NC(=O)[C@H](Cc1ccc(O)cc1)NC(=O)[C@@H](N)Cc1ccccc1)C(=O)N[C@@H](CCCN=C(N)N)C(=O)[C@@H](CCCN=C(N)N)C(=O)N[C@@H](CCCN=C(N)N)C(N)=O
c16cccc2c7c[nH]c12.[C@@H]15NC(=O)[C@H](C)NC1=O.CC=4C.C=4C6.C57	CC(C)=CCc1cccc2c(C[C@@H]3NC(=O)[C@H](C)NC3=O)c[nH]c12
CC(=O)[C@@H]7CCCN=C(N)N.C%21(=O)[C@@H]%12CCCN=C(N)N.C%24(=O)[C@@H](N)CCCN=C(N)N.C%13(=O)[C@@H]6CCCCN.C%22(=O)[C@@H]%11CCCCN.C%23(=O)[C@@H]%14CCCCN.CC[C@H](C)[C@H]5C3=O.C%19(=O)[C@@H]9CC(C)C.[C@H]%16(CC(C)C)C(=O)O.C%18(=O)[C@@H]8C(C)C.C%20(=O)[C@@H]%10C(C)C.[C@H]%15(C%17)C4=O.c1%17ccccc1.N25.N%136.N%187.N%198.N%209.N%21%10.N%22%11.N%23%12.N%24%14.N3%15.N4%16	CC(=O)[C@H](CCCN=C(N)N)NC(=O)[C@@H](NC(=O)[C@H](CC(C)C)NC(=O)[C@@H](NC(=O)[C@H](CCCN=C(N)N)NC(=O)[C@H](CCCCN)NC(=O)[C@@H](N)CCCN=C(N)N)C(C)C)C(C)C.CC[C@H](C)[C@H](N)C(=O)N[C@@H](Cc1ccccc1)C(=O)N[C@@H](CC(C)C)C(=O)O.NCCCC[C@@H]1NC1=O.NCCCC[C@@H]1NC1=O
C2(=O)[C@@H]%14CCCN=C(N)N.C%13(=O)[C@@H]%15CCCN=C(N)N.[C@H]%20(CCCN=C(N)N)C7=O.[C@H]%22(CCCN=C(N)N)C%10=O.[C@H]%25(CCCN=C(N)N)C(N)=O.C%37(=O)[C@@H]%18CCCCN.CC[C@H](C)[C@H]%12C3=O.C%36(=O)[C@@H]%17CC(C)C.C%38(=O)[C@@H]%18CC(=O)O.[C@H]%23(CC(N)=O)C%11=O.C%39(=O)[C@@H](N)C(C)C.c1%33ccc(O)cc1.c1%34ccc(O)cc1.C%24(=O)[C@@H]%16C%32.[C@@H]1%27CCCN1%35.[C@@H]1%28CCCN1%37.[C@H]%19(C%33)C4=O.N15CCC[C@H]1%30.N16CCC[C@H]1%31.[C@H]%21(C%34)C9=O.C%35(=O)[C@@H]%17C.c1%32cnc[nH]1.C%35%27=O.C4%28=O.C6%29=O.C5%30=O.C8%31=O.N2%12.N%13%14.N%24%15.N%36%16.N%38%17.N3%18.N4%19.N7%20.N8%21.N9%22.N%10%23.N%11%25	CC(C)[C@H](N)C=O.CC[C@H](C)[C@H](NC(=O)[C@H](CCCN=C(N)N)NC(=O)[C@H](CCCN=C(N)N)NC(=O)[C@H](Cc1cnc[nH]1)NC(=O)[C@H](CC(C)C)[C@@H](C)C(=O)N1CCC[C@H]1C=O)C(N)=O.NC(=O)C[C@H](NC(=O)[C@H](CCCN=C(N)N)NC(=O)[C@H](Cc1ccc(O)cc1)NC(=O)[C@@H]1CCCN1C=O)C(=O)N[C@@H](CCCN=C(N)N)C(N)=O.NC(N)=NCCC[C@@H]1NC1=O.NCCCC[C@@H](C(=O)N1CCC[C@H]1C(=O)C(=O)[C@@H](N)Cc1ccc(O)cc1)[C@@H](CC(=O)O)C(N)=O.O=C1[C@@H]2CCCN12
[C@H]%20(CCCN=C(N)N)C%24=O.[C@H]%21(CCCN=C(N)N)C%35=O.[C@H]%30(CCCN=C(N)N)C4=O.[C@H]%40(CCCN=C(N)N)C%16=O.[C@H]%44(CCCN=C(N)N)C(N)=O.[C@H]%25(CCCCCN)C%47=O.[C@H]%26(CCCCN)C%50=O.[C@H]%30(CCCCN)C5=O.[C@H]%38(CCCCN)C%13=O.c1%48c[nH]c2ccccc12.CC[C@H](C)[C@H](N)C3=O.[C@H]%23(CC(N)=O)C%36=O.[C@H]%24(CC(C)C)C%48=O.[C@H]%28(CC(C)C)C4=O.[C@@H]%34(C9=O)[C@@H](C)CC.[C@@H]%33(C8=O)[C@@H](C)O.[C@H]%32(C%46)C7=O.c1%46ccccc1.N19CCC[C@H]1%45.[C@H]%37(C%49)C%15=O.c1%49ccccc1.[C@H]%20(C)C%14=O.[C@H]%22(C)C%36=O.[C@H]%27(C)C%52=O.[C@H]%29(C)C%54=O.[C@H]%31(C)C6=O.C%37C%12=O.C%43C%18=O.C%10%45=O.N3%20.N%14%21.N%25%22.N%36%23.N%47%24.N%50%26.N%51%27.N%52%28.N%53%29.N4%30.N5%31.N6%32.N7%33.N9%34.N%10%35.N%11%37.N%12%38.N%13%39.N%15%40.N%16%41.N%17%42.N%18%43.N%19%44	CC(C)C[C@H](NC(=O)[C@H](C)N)C(=O)C(=O)[C@H](CCCN=C(N)N)[C@@H](CCCCN)C(=O)N[C@@H](C)C(=O)N[C@@H](Cc1ccccc1)C(=O)N[C@H](C=O)[C@@H](C)O.CC[C@H](C)[C@H](N)C(=O)N1CCC[C@H]1C(=O)NC(=O)[C@H](CCCN=C(N)N)NC(=O)[C@H](C)[C@@H](CCCN=C(N)N)C(=O)[C@@H](CC(C)C)C(=O)c1c[nH]c2ccccc12.CC[C@H](C)[C@H](N)C(N)=O.C[C@H](N)C=O.C[C@H](N[C@@H](CCCCCN)C(N)=O)C(=O)C(=O)[C@@H](N)CC(N)=O.N.N.N.NC(=O)[C@@H](N)CCCN=C(N)N.NCCCC[C@@H]1NC1=O.NCCCC[C@H](NC(=O)C[C@@H](Cc1ccccc1)C(=O)N[C@@H](CCCN=C(N)N)C(N)=O)C(N)=O.O=C1CN1
C2(=O)[C@@H]%10CCCN=C(N)N.C%13(=O)[C@@H](N)CCCN=C(N)N.[C@H]%11(CCCN=C(N)N)C%26=O.[C@H]%12(CCCN=C(N)N)C%28=O.[C@H]%16(CCCN=C(N)N)C5=O.[C@H]%18(CCCN=C(N)N)C8=O.CC[C@H](C)[C@H]9C%24=O.[C@H]%14(CC(C)C)C3=O.[C@H]%15(CC(C)C)C3=O.N1%26CCC[C@H]1%19.N1%28CCC[C@H]1%20.N1%29CCC[C@H]1%20.N13CCC[C@H]1%21.N15CCC[C@H]1%22.N16CCC[C@H]1%23.[C@H]%17(CS)C7=O.N18CCC[C@H]1%25.C%27%19=O.C%29%20=O.C%30%21=O.C4%22=O.C%25(=O)O.N28.N%139.N%24%10.N%27%11.N%29%12.N%30%14.N%31%15.N4%16.N6%17.N7%18	CC(C)C[C@H](NC(=O)[C@@H]1CCCN1)C(=O)C(=O)[C@@H](N)CC(C)C.CC[C@H](C)[C@H](NC(=O)[C@@H](N)CCCN=C(N)N)C(=O)N[C@@H](CCCN=C(N)N)C(N)=O.NC(N)=NCCC[C@@H]1NC(=O)[C@@H]2CCCN2C1=O.NC(N)=NCCC[C@@H]1NC(=O)[C@@H]2CCCN2C1=O.NC(N)=NCCC[C@H](N)C(=O)N1CCC[C@H]1[C@@H]1CCCN1C=O.NC(N)=NCCC[C@H](NC(=O)[C@H](CS)NN1CCCC1)C(=O)N1CCC[C@H]1C(=O)O
C3(=O)[C@@H]5CCCN=C(N)N.NCCCC[C@H]%24C(N)=O.c1%13c[nH]c2ccccc12.c1%15c[nH]c2ccccc12.C%20(=O)[C@@H]8CCN.C%21(=O)[C@@H]9CCCCN.c1%12ccc%17cc1.C%14(=O)[C@@H]4C%13.C%18(=O)[C@@H]6C%15.C%19(=O)[C@@H]7C%11.C%22(=O)[C@@H](N)C%16.c1%16ccccc1.[C@H]%10(C%12)C%23=O.c1%11cnc[nH]1.C1%11=O.N3%24.N%144.N%185.N%196.N%207.N%218.N%229.N%23%10	C=O.NCCCC[C@H](NC(=O)[C@H](CCCN=C(N)N)NC(=O)[C@H](Cc1c[nH]c2ccccc12)NC(=O)[C@H](Cc1cnc[nH]1)NC(=O)[C@H](CCN)NC(=O)[C@H](CCCCN)NC(=O)[C@@H](N)Cc1ccccc1)C(N)=O.O=C1N[C@H]1Cc1c[nH]c2ccccc12.O=C1N[C@H]1Cc1ccccc1
[C@H]%26(CCCCN)C%13=O.[C@H]%30(CCCCN)C%57=O.[C@H]%34(CCCCN)C3=O.[C@H]%40(CCCCN)C%11=O.[C@H]%44(CCCCN)C%16=O.[C@H]%48(CCCCN)C%20=O.CC[C@H](C)[C@H](N)C2=O.[C@@H]%27(C%35=O)[C@@H](C)CC.[C@@H]%27(C%46=O)[C@@H](C)CC.[C@@H]%29(C%62=O)[C@@H](C)CC.[C@@H]%31(C%63=O)[C@@H](C)CC.[C@H]%32(CCC%33)C3=O.[C@@H]%36(C5=O)[C@@H](C)CC.[C@@H]%37(C6=O)[C@@H](C)CC.[C@@H]%39(C9=O)[C@@H](C)CC.[C@@H]%40(C%10=O)[C@@H](C)CC.[C@@H]%42(C%14=O)[C@@H](C)CC.[C@@H]%45(C%15=O)[C@@H](C)CC.[C@@H]%47(C%18=O)[C@@H](C)CC.[C@@H]%49(C%19=O)[C@@H](C)CC.[C@H]%51(CCC%52)C%22=O.[C@@H]%53(C(=O)O)[C@@H](C)CC.N1%13CCC[C@H]1%55.[C@H]%41(CS)C%64=O.N13CCC[C@H]1%56.N17CCC[C@H]1%58.N1%11CCC[C@H]1%59.N1%16CCC[C@H]1%60.N1%20CCC[C@H]1%61.N%28C(=N)N.C%41C%11=O.N%45C(=N)N.N%52C(=N)N.C%24%54=O.C4%55=O.C4%56=O.C%12%58=O.C%17%59=O.C%21%60=O.N2%25.N%24%26.N%35%27.N%46%29.N%57%30.N%62%31.N%63%32.N%64%34.N4%36.N5%37.N6%38.N7%39.N8%40.N9%41.N%10%42.N%12%43.N%14%44.N%15%47.N%17%48.N%18%49.N%19%50.N%21%51.N%22%52.N%23%53	CCC[C@H](NC(=O)[C@@H](NC(=O)[C@@H](NC(=O)[C@@H]([C@H](C(N)=O)[C@@H](C)CC)[C@@H](C)CC)[C@@H](C)CC)[C@@H](C)CC)C(=O)C(=O)[C@H](CCCCN)NC(=O)[C@H](CS)CC=O.CC[C@H](C)[C@@H](C(=O)N[C@H](C(=O)N[C@@H](CCCCN)C(=O)N1CCC[C@H]1C(=O)N[C@@H](CCCNC(=N)N)C(N)=O)[C@@H](C)CC)[C@@H](CCCCN)C(=O)N1CCC[C@H]1C(=O)N[C@@H](CCCCN)C(=O)N1CCCC1.CC[C@H](C)[C@H](N)C(=O)N[C@H](C(N)=O)[C@@H](C)CC.CC[C@H](C)[C@H](N)C(=O)O.CC[C@H](C)[C@H](N)C(N)=O.CC[C@H](C)[C@H](NC(=O)[C@@H](NC(=O)[C@@H](NC(=N)N)[C@@H](C)CC)[C@@H](C)CC)C(N)=O.CC[C@H](C)[C@H](NN1CCC[C@H]1C(N)=O)C(N)=O.N.N=C(N)N.NCCCC[C@@H]1NC1=O.NCCCC[C@H](NC=O)C(=O)N1CCC[C@H]1C(=O)C(=O)[C@@H]1CCCN1
c1%20c[nH]c2ccccc12.[C@H]9(CCCCN)C%28=O.c1%22c[nH]c2ccccc12.c1%26c[nH]c2ccccc12.[C@H]%13(CCCCN)C%31=O.[C@H]%17(CCCCN)C6=O.[C@H]%18(CCCCN)C(N)=O.C[C@H](N)C3=O.[C@@H]%13(C%30=O)[C@@H](C)O.c1%24ccc(O)cc1.N1%14CCC[C@H]1%19.[C@H]8(C%20)C%26=O.[C@H]%10(C%21)C%27=O.[C@H]%11(C%22)C%30=O.[C@H]%12(C%23)C%31=O.c1%23ccccc1.[C@H]%16(C%24)C5=O.[C@H]%15(C)C4=O.C%25%19=O.N37.N%258.N%269.N%27%10.N%28%11.N%29%12.N%30%13.N%31%15.N4%16.N5%17.N6%18	C[C@@H](O)[C@@H](C(=O)C(=O)[C@H](Cc1c[nH]c2ccccc12)NC(=O)[C@@H](N)CCCCN)[C@@H](CCCCN)C(=O)C(=O)[C@@H](N)Cc1ccccc1.C[C@@H]1NC1=O.C[C@H](N)C(=O)N[C@@H](Cc1ccc(O)cc1)C(=O)N[C@@H](CCCCN)C(=O)N[C@@H](CCCCN)C(N)=O.C[C@H](N)C(N)=O.N.O=C(N[C@@H](Cc1c[nH]c2ccccc12)C(=O)c1c[nH]c2ccccc12)[C@@H]1CCCN1
C2(=O)[C@@H]%10CCCN=C(N)N.C%24(=O)[C@@H](N)CCCN=C(N)N.[C@H]%12(CCCN=C(N)N)C%28=O.[C@H]%14(CCCN=C(N)N)C%31=O.[C@H]%17(CCCN=C(N)N)C5=O.[C@H]%18(CCCN=C(N)N)C7=O.[C@H]%14(CCC(N)=O)C%29=O.[C@H]%15(CCC(N)=O)C%29=O.CC[C@H](C)[C@H]9C%24=O.[C@H]%16(CC(N)=O)C3=O.N1%26CCC[C@H]1%19.N1%28CCC[C@H]1%20.N1%30CCC[C@H]1%21.N13CCC[C@H]1%22.N15CCC[C@H]1%23.N17CCC[C@H]1%25.C%13(=O)C%11.C%27%20=O.C%30%21=O.C4%22=O.C6%23=O.C8%25=O.N29.N%13%10.N%24%11.N%27%12.N%29%14.N%29%15.N%31%16.N4%17.N6%18.N8%19	CC[C@H](C)[C@H](NC(=O)[C@H](CCCN=C(N)N)NC(=O)CN)C(=O)C(=O)[C@@H](N)CCCN=C(N)N.NC(N)=NCCC[C@@H]1NC(=O)[C@@H]2CCCN2C1=O.NN[C@@H](CCC(N)=O)C(=O)C(=O)[C@H](CCC(N)=O)[C@@H](CCCN=C(N)N)C(=O)N[C@@H](CC(N)=O)C(=O)N1CCC[C@H]1C(=O)N[C@@H](CCCN=C(N)N)C(=O)N1CCC[C@H]1C(=O)N[C@@H](CCCN=C(N)N)C(=O)N1CCC[C@H]1C(=O)N[C@@H]1CCCN1.O=C1[C@@H]2CCCN12
C2(=O)[C@@H]%14CCCN=C(N)N.C%13(=O)[C@@H]%15CCCN=C(N)N.C%36(=O)[C@@H]%16CCCN=C(N)N.C%38(=O)[C@@H]%17CCCN=C(N)N.C%39(=O)[C@@H]%18CCCN=C(N)N.[C@H]%26(CCCN=C(N)N)C(N)=O.C6(=O)[C@@H]%21CCCCN.CC[C@H](C)[C@H]%12C9=O.C%40(=O)[C@@H]%18CC(C)C.C7(=O)[C@@H]%22CC(=O)O.[C@H]%25(CC(N)=O)C%11=O.c1%33ccc(O)cc1.C8(=O)[C@@H](N)C(C)C.c1%34ccc(O)cc1.[C@@H]1%27CCCN1%35.[C@@H]1%28CCCN1%36.[C@@H]1%29CCCN1%38.[C@@H]1%30CCCN1%40.C3(=O)[C@@H]%19C%33.C4(=O)[C@@H]%20CS.[C@@H]1%31CCCN16.[C@H]%23(C%34)C%10=O.C%24%27=O.C%35%28=O.C%37%29=O.C%39%30=O.C4%31=O.C5%32=O.N2%14.N%13%15.N%24%16.N%39%17.N3%18.N4%19.N5%20.N7%21.N8%22.N9%23.N%10%25.N%11%26	CC(C)C[C@H]1C(=O)N2CCC[C@H]2C(=O)C(=O)[C@@H]1CCCN=C(N)N.CC(C)[C@H](N)C(=O)N[C@@H](CC(=O)O)C(=O)N[C@@H](CCCCN)C(=O)N1CCC[C@H]1C(=O)C(=O)[C@H](CS)NC=O.CC[C@H](C)CC(=O)N[C@@H](Cc1ccc(O)cc1)C(=O)N[C@@H](CC(N)=O)C(=O)N[C@@H](CCCN=C(N)N)C(N)=O.NC(=O)[C@@H](N)Cc1ccc(O)cc1.NC(N)=NCCC[C@@H]1NC(=O)[C@@H]2CCCN2C(=O)[C@@H]2CCCN2C1=O.NC(N)=NCCC[C@@H]1NC1=O.NC(N)=NCCC[C@@H]1NC1=O.NC(N)=NCCC[C@H](N)C(=O)N1CCC[C@H]1C=O
[C@H]%13(CCCN=C(N)N)C%31=O.[C@H]%16(CCCN=C(N)N)C4=O.[C@H]%19(CCCN=C(N)N)C7=O.c1%24c[nH]c2ccccc12.[C@H]%10(CCCCN)C%28=O.[C@H]%11(CC(C)C)C%30=O.[C@H]%17(CC(C)C)C4=O.CC(C)[C@H](N)C3=O.[C@@H]%18(C5=O)[C@@H](C)O.C3(=O)[C@@H](N)C%23.c1%22ccccc1.[C@H]9(CO)C%25=O.N1%25CCC[C@H]1%21.[C@H]%15(C%24)C%32=O.[C@H]%19(C%26)C6=O.c1%26ccccc1.[C@H]%20(C%22)C(=O)O.c1%22cnc[nH]1.C%27%21=O.N38.N%149.N%27%10.N%28%11.N%29%12.N%30%13.N%31%15.N%32%16.N4%17.N5%18.N6%19.N7%20	CC(C)C[C@H](NC(=O)[C@H](CCCCN)NC(=O)[C@@H]1CCCN1C(=O)[C@@H](N)CO)C(=O)N[C@@H](CCCN=C(N)N)C(=O)N[C@@H](Cc1c[nH]c2ccccc12)C(=O)N[C@@H](CCCN=C(N)N)C(=O)C(=O)[C@@H](N)CC(C)C.CC(C)[C@H](N)C(=O)C(=O)[C@H](C)N.C[C@@H](O)[C@@H]1NC1=O.N.N.NC(=O)[C@H](Cc1ccccc1)[C@@H](CCCN=C(N)N)C(=O)N[C@@H](Cc1ccccc1)C(=O)O.c1c[nH]cn1
[C@H]1%60CSSC[C@@H]%63NC(=O)[C@H](C)NC(=O)[C@H]%63NC(=O)[C@H]%64NC(=O)[C@H]%65NC(=O)[C@H]%66NC(=O)CNC(=O)[C@H]%67NC(=O)[C@H]%68NC1=O.NC(=O)[C@@H]2CCCN2C(=O)[C@H]%64NC(=O)[C@H]%65NC1=O.C8(=O)[C@@H]%40CCCCN.C%11(=O)[C@@H](N)CCCCN.[C@H]%46(CCCCN)C%18=O.[C@H]%51(CCCCN)C%20=O.c1%68c[nH]c2ccccc12.C%13(=O)[C@@H](N)CCCCN.c1%69c[nH]c2ccccc12.[C@H]%58(CCCCN)C(=O)O.CC[C@H](C)[C@H]%27C%14=O.C%70(=O)[C@@H]%33[C@@H](C)CC.C%73(=O)[C@@H]%39CC(C)C.[C@H]%50(CC(N)=O)C%21=O.[C@H]%53(CC(C)C)C%25=O.C%15(=O)[C@@H]%28CC%58.C5(=O)[C@@H]%38CC%60.c1%66ccc(O)cc1.C%10(=O)[C@@H]%44C(C)C.c1%71ccc(O)cc1.[C@@H]1%61CCCN16.C6(=O)[C@@H]%39CO.C9(=O)[C@@H]%42C%67.c1%67ccccc1.[C@H]%52(C%69)C%22=O.[C@H]%54(C%71)C%24=O.C%37(=O)[C@@H]%31C.C%72(=O)[C@@H]%34C.[C@H]%47(C)C%17=O.[C@H]%52(C)C%23=O.C%62CC(N)=O.C%65CCCN.CC[C@@H]%62C.C4(=O)C%29.C%10(=O)C%43.C%12(=O)C%45.C%63C(N)=O.C%64C(C)C.C5%61=O.C%63(C)C.N4%28.S%59C.N%15%29.N%26%30.N%37%31.N%48%32.N%59%33.N%70%34.N%72%35.N%73%36.N5%38.N7%39.N8%40.N9%41.N%10%42.N%11%43.N%12%44.N%13%45.N%14%46.N%16%47.N%17%49.N%18%50.N%19%51.N%20%52.N%21%53.N%22%54.N%23%55.N%24%56.N%25%57.C%27O	INVALID
C%14(=O)[C@@H]%18CCCN=C(N)N.c1%44c[nH]c2ccccc12.[C@H]%30(CCCCN)C8=O.CC[C@H](C)[C@H]%16C%50=O.C%36(=O)[C@@H]%20CC(C)C.[C@H]%34(CC(C)C)C%13=O.[C@@H]%26(C4=O)C(C)C.[C@@H]%27(C6=O)[C@@H](C)O.[C@@H]%31(C%10=O)C(C)C.[C@@H]%35(C%15=O)C(C)C.C%25(=O)[C@@H]%19C%43.C%46(=O)[C@@H]%22C%39.C%47(=O)[C@@H]%23C%44.C%48(=O)[C@@H]%24C%45.[C@H]%26(C%40)C5=O.[C@H]%28(C%45)C7=O.c1%45ccccc1.[C@H]%29(C%41)C9=O.[C@H]%32(C%42)C%11=O.C%49(=O)[C@H](C)N.c1%38cnc[nH]1.c1%39cnc[nH]1.c1%40cnc[nH]1.c1%41cnc[nH]1.[C@H]%33(C)C%12=O.c1%42cnc[nH]1.[C@H]%37(C)C(N)=O.C3(=O)C%17.C%30C%10=O.N3%16.N%14%17.N%25%18.N%36%19.N%46%20.N%47%21.N%48%22.N%49%23.N%50%24.N4%26.N5%27.N6%28.N7%29.N8%30.N9%31.N%10%32.N%11%33.N%12%34.N%13%35.N%15%37	CC(C)C[C@H](NC(=O)[C@H](C)NC(=O)[C@@H](N)Cc1cnc[nH]1)C(=O)N[C@H](C(=O)N[C@@H](C)C(N)=O)C(C)C.CC[C@H](C)[C@@H]1NC(=O)CNC(=O)[C@H](CCCN=C(N)N)NC(=O)[C@H](C)NC(=O)[C@H](CC(C)C)NC(=O)[C@H](Cc2cnc[nH]2)NC(=O)[C@H](CC[C@H](NC(=O)[C@@H](NC(=O)[C@H](Cc2cnc[nH]2)[C@H](C(N)=O)C(C)C)[C@@H](C)O)C(=O)N[C@@H](Cc2cnc[nH]2)C(=O)N[C@H](C(=O)C(=O)C[C@@H](CCCCN)C(N)=O)C(C)C)NC1=O.C[C@H](N)C(=O)N[C@@H](Cc1c[nH]c2ccccc12)C(N)=O.c1c[nH]cn1.c1ccccc1
O=C1N[C@H]4C(=O)N14.c15c[nH]c2ccccc12.c16ccccc1.C45	Cc1c[nH]c2ccccc12.O=C1N[C@H]2C(=O)N12.c1ccccc1
[C@@H]1%23CSSC[C@@H]2NC(=O)[C@H]%26NC(=O)CNC(=O)[C@H]%28NC(=O)[C@H]%29NC(=O)[C@H]%30NC(=O)[C@H]%31NC(=O)[C@H]%32NC(=O)[C@H]%33NC(=O)CNC(=O)[C@@H]3CSSC[C@H](NC(=O)[C@H]%34NC(=O)CNC(=O)[C@H]%35NC(=O)[C@@H](CSSC[C@H](NC1=O)C(=O)N[C@@H]%36C(=O)N1CCC[C@H]1C(=O)N1CCC[C@H]1C(=O)N[C@@H]%37C(=O)N[C@@H]NC2=O)C(=O)N1CCC[C@H]1C(=O)N[C@@H]%39C(=O)N[C@@H]%40C(=O)N[C@@H]%41C(=O)N[C@@H]%42C(=O)N[C@@H]%43C(=O)N[C@@H]%44C(=O)N[C@@H]%45C(=O)N3.[C@H]%11(CCCN=C(N)N)C%39=O.[C@H]%20(CCCN=C(N)N)C(=O)O.c1%46c[nH]c2ccccc12.C%50(=O)[C@@H]%17CCCCN.C7(=O)[C@@H](N)CCC(N)=O.[C@H]%19(CCC(N)=O)C8=O.C%28CCN=C(N)N.C%31CCN=C(N)N.c1%45ccc(O)cc1.C5(=O)[C@@H]%12C(C)C.C%34CCN=C(N)N.C%36CCN=C(N)N.C%37CCN=C(N)N.C%36CCN=C(N)N.C%43CCN=C(N)N.C%38(=O)[C@@H]%13C%46.[C@@H]1%24CCCN1%45.[C@H]%10(C%47)C(=O)O.c1%47ccccc1.C%30CC(N)=O.CC(C)C%25.C%25C(N)=O.C%32C(C)C.[C@H]%35(C)CC.C%34C(N)=O.C%44C(N)=O.C%38%24=O.C%44%25=O.[C@H]%42(C)O.[C@H]%44(C)O.C%26O.N5%10.N%16%11.N%27%12.N%38%13.N%49%14.N%50%14.N%51%15.N%52%17.N%53%18.N6%19.N6%20.N7%21.C8%22.C9O.C%40O	INVALID
[C@H]%56(CCCN=C(N)N)C%17=O.C3(=O)[C@@H]%27CCCCN.C%36(=O)[C@@H]%30CCC(=O)O.C%58(=O)[C@@H]%32CCCCN.c1%59c[nH]c2ccccc12.C4(=O)[C@@H](N)CCCCN.[C@H]%41(CCC(N)=O)C%10=O.[C@H]%53(CCC(N)=O)C%22=O.[C@H]%54(CCCCN)C(=O)O.CC[C@H](C)[C@H]%26C6=O.C%25(=O)[C@@H]%29[C@@H](C)CC.C%61(=O)[C@@H]%34CC(C)C.[C@H]%50(CC(C)C)C%19=O.[C@H]%52(CC(C)C)C%23=O.C%60(=O)[C@@H]%33C(C)C.[C@@H]%40(C9=O)C(C)C.[C@@H]%41(C%11=O)C(C)C.[C@@H]%43(C%13=O)[C@@H](C)O.[C@@H]%49(C%20=O)C(C)C.[C@@H]%52(C%21=O)C(C)C.C%58(=O)[C@@H]%31C%57.c1%57ccccc1.[C@@H]1%55CCCN18.C%62(=O)[C@@H]%35C%59.[C@H]%46(C%60)C%18=O.c1%56cnc[nH]1.[C@H]%39(C)C8=O.[C@H]%42(C)C%12=O.[C@H]%44(C)C%15=O.[C@H]%48(C)C%18=O.C%14(=O)C%28.C%37C6=O.C%45C%16=O.C7%56=O.N3%26.N%14%27.N%25%28.N%36%29.N%47%30.N%58%31.N%60%32.N%61%33.N%62%34.N4%35.N5%37.N6%38.N7%39.N9%40.N%10%41.N%11%42.N%12%43.N%13%44.N%15%45.N%16%46.N%17%48.N%18%49.N%19%50.N%20%51.N%21%52.N%23%53.N%24%54	CC(C)C[C@@H](C(=O)N[C@H](C=O)CCC(N)=O)[C@H](C(N)=O)C(C)C.CC(C)C[C@@H]1NC1=O.CC(C)C[C@H](NC(=O)[C@H](Cc1c[nH]c2ccccc12)NC(=O)[C@@H](N)CCCCN)C(=O)N[C@H](C(=O)C[C@H](NC(=O)CNC(=O)[C@H](C)NC(=O)[C@@H](NC(=O)[C@H](C)NC(=O)[C@H](C(C)C)[C@@H](CCC(N)=O)C(N)=O)[C@@H](C)O)C(=O)C(=O)[C@H](C)NC(=O)[C@H](CCCN=C(N)N)c1cnc[nH]1)C(C)C.CC(C)[C@@H]1NC1=O.CC(C)[C@H](N)C(N)=O.CC[C@H](C)[C@H](NC(=O)[C@@H](N)CCC(=O)O)C(=O)NCC(=O)N[C@@H](CCCCN)C(=O)N[C@H](C(=O)C(=O)CN)[C@@H](C)CC.C[C@H](NC=O)C(=O)N1CCCC1.N.NCCCC[C@H](N)C(=O)C(=O)[C@@H](N)Cc1ccccc1.NCCCC[C@H](N)C(=O)O
C%28(=O)[C@@H]%13CCCN=C(N)N.C%28(=O)[C@@H]%15CCCN=C(N)N.[C@H]%18(CCCN=C(N)N)C6=O.[C@H]%19(CCCN=C(N)N)C(N)=O.c1%21c[nH]c2ccccc12.c1%22c[nH]c2ccccc12.c1%23c[nH]c2ccccc12.CC(C)C[C@H]7C4=O.C%27(=O)[C@@H]%12CC(N)=O.C%29(=O)[C@@H]%16C(C)C.C3(=O)[C@@H]8C%20.C%14(=O)[C@@H]9C%22.[C@H]%17(C%23)C5=O.[C@H]%17(C%24)C5=O.c1%24ccccc1.C%25(=O)[C@@H]%11C.C%26(=O)[C@@H]%13C.C%31(=O)[C@H](C)N.N37.N%148.N%259.N%26%10.N%27%11.N%28%12.N%29%13.N%30%15.N%31%16.N4%17.N5%18.N6%19	CC(C)C[C@H](NC(=O)[C@H](C)NC(=O)[C@H](Cc1c[nH]c2ccccc12)NC(=O)[C@H](C)NC(=O)[C@@H](N)CC(N)=O)C(N)=O.CC(C)[C@H](NC(=O)[C@H](C)N)C(N)=O.C[C@@H](C(N)=O)[C@@H](CCCN=C(N)N)C(=O)C(=O)[C@@H](N)CCCN=C(N)N.NC(=O)[C@H](CCCN=C(N)N)NC(=O)[C@@H](N)CCCN=C(N)N.O=C1C(=O)[C@H](Cc2c[nH]c3ccccc23)[C@H]1Cc1ccccc1.c1ccc2[nH]ccc2c1
C2(=O)[C@@H]%14CCCN=C(N)N.C%13(=O)[C@@H]%15CCCN=C(N)N.C%35(=O)[C@@H]%16CCCN=C(N)N.C%36(=O)[C@@H]%17CCCN=C(N)N.[C@H]%25(CCCN=C(N)N)C(N)=O.C6(=O)[C@@H]%20CCCCN.CC[C@H](C)[C@H]%12C9=O.C%39(=O)[C@@H]%18CC(C)C.C7(=O)[C@@H]%21CC(=O)O.[C@H]%25(CC(N)=O)C%11=O.c1%32ccc(O)cc1.C8(=O)[C@@H](N)C(C)C.c1%33ccc(O)cc1.[C@@H]1%26CCCN1%34.[C@@H]1%27CCCN1%35.[C@@H]1%28CCCN1%37.[C@@H]1%29CCCN1%39.C3(=O)[C@@H]%19C%32.[C@@H]1%31CCCN15.[C@H]%22(CS)C%10=O.[C@H]%23(C%33)C%10=O.C%24%28=O.C%34%29=O.C%37%30=O.C4%31=O.N2%12.N%13%14.N%24%15.N%36%16.N%38%17.N3%18.N4%19.N6%20.N7%21.N8%22.N9%23.N%10%25	CC(C)C[C@H](NC(=O)[C@H](Cc1ccc(O)cc1)NC(=O)[C@@H]1CCCN1)C(=O)N1CCC[C@H]1C(=O)N1CCCC1.CC[C@H](C)[C@H](NC(=O)[C@H](CCCN=C(N)N)NC(=O)[C@H](CCCN=C(N)N)NC(=O)[C@@H]1CCCN1C=O)C(=O)N[C@@H](Cc1ccc(O)cc1)C(=O)C(=O)[C@H](CS)NC(=O)[C@@H](N)C(C)C.N.NC(=O)C[C@@H](C=O)[C@@H](CCCN=C(N)N)C(N)=O.NC(N)=NCCC[C@H](NC(=O)[C@@H](N)CCCN=C(N)N)C(=O)N1CCCC1.NCCCC[C@@H]1NC1=O.O=C(O)C[C@@H]1NC1=O
[C@H]13NC(=O)[C@H]4NC(=O)[C@@H]5NC(=O)[C@H]6NC(=O)[C@@H]7NC(=O)[C@H]8NC1=O.c19ccccc1.c1%10ccccc1.C7CCCN.CC(C)C3.C4C(C)C.[C@H]6(C)O.C59.C8%10	CC(C)C[C@@H]1NC(=O)[C@@H](Cc2ccccc2)NC(=O)[C@H]([C@@H](C)O)NC(=O)[C@@H](CCCCN)NC(=O)[C@H](Cc2ccccc2)NC(=O)[C@@H](CC(C)C)NC1=O
C%90(=O)[C@@H]%44CCCN=C(N)N.[C@H]%55(CCCN=C(N)N)C7=O.[C@H]%62(CCCN=C(N)N)C%16=O.[C@H]%66(CCCN=C(N)N)C%23=O.[C@H]%72(CCCN=C(N)N)C%33=O.[C@H]%78(CCCN=C(N)N)C%36=O.[C@H]%80(CCCN=C(N)N)C%36=O.[C@H]%82(CCCN=C(N)N)C%38=O.C%13(=O)[C@@H]%43CCCCN.[C@H]%65(CCC(=O)O)C%29=O.[C@H]%69(CCC(=O)O)C%26=O.[C@H]%84(CCC(=O)O)C%30=O.[C@H]%83(CCC(N)=O)C%40=O.CC[C@H](C)[C@H]%42C6=O.C%24(=O)[C@@H]%47CC(C)C.C5(=O)[C@@H]%50[C@@H](C)CC.[C@@H]%56(C8=O)[C@@H](C)CC.[C@H]%64(CC(N)=O)C%21=O.[C@H]%71(CC(C)C)C%28=O.[C@H]%75(CC(C)C)C%31=O.C%57(=O)[C@@H]%50CC%87.[C@@H]%70(C%19=O)[C@@H](C)O.[C@@H]%77(C%32=O)[C@@H](C)O.c1%94ccc(O)cc1.[C@H]%70(CC%87)C%22=O.[C@@H]%84(C%39=O)[C@@H](C)O.C%46(=O)[C@@H]%47CO.C%68(=O)[C@@H]%51C%92.[C@@H]1%88CCCN13.C5(=O)[C@@H]%53C%93.c1%93ccccc1.[C@H]%56(C%94)C9=O.N1%11CCC[C@H]1%89.[C@H]%60(CO)C%14=O.[C@H]%67(CO)C%21=O.[C@H]%71(C%96)C%25=O.c1%95ccccccc1.[C@H]%73(CO)C%27=O.[C@H]%74(C%89)C%30=O.N1%34CCC[C@H]1%91.[C@H]%86(C%92)C(=O)O.C%79(=O)[C@@H]%45C.C%90(=O)[C@@H]%48C.[C@H]%58(C)C%11=O.[C@H]%61(C)C%15=O.[C@H]%63(C)C%16=O.c1%92cnc[nH]1.C4(=O)CN.C%67C%32=O.C%68%88=O.C%32%89=O.C%37%91=O.N2%42.N%13%43.N%24%44.N%35%45.N%46%47.N%57%48.N%68%49.N%79%50.N%90%51.N4%52.N5%53.N6%54.N7%55.N8%56.N9%58.N%10%59.N%12%60.N%14%61.N%15%62.N%16%63.N%17%64.N%18%65.N%19%66.N%20%67.N%21%69.N%22%70.N%23%71.N%25%72.N%26%73.N%27%74.N%28%74.N%29%75.N%30%76.N%31%77.N%32%78.N%33%80.N%34%81.N%36%82.N%37%83.N%38%84.N%39%85.N%41%86	C1=CC=CC=CC=C1.CC(C)C[C@@H](C(N)=O)[C@@H](C)C(=O)N[C@@H](CCCN=C(N)N)C(=O)N[C@@H](CCCN=C(N)N)C(=O)C(=O)[C@H](CCCN=C(N)N)NC=O.CC(C)C[C@H](NC(=O)[C@@H](N)CCC(=O)O)C(=O)N[C@H](C(=O)C(=O)C[C@@H](CO)C(=O)C(=O)[C@@H](N)CC(N)=O)[C@@H](C)O.CC[C@H](C)[C@@H](C(=O)C(=O)[C@@H](N)Cc1ccccc1)[C@@H](CCCC[C@@H](C(N)=O)[C@H](C(=O)N[C@@H](CCCN=C(N)N)C(N)=O)[C@@H](C)O)C(=O)N[C@@H](C)C(=O)C(=O)[C@H](CCCN=C(N)N)NC(=O)[C@H](CC(C)C)[C@@H](CO)C(N)=O.CC[C@H](C)[C@@H](C(N)=O)[C@@H](Cc1ccc(O)cc1)C(=O)N[C@@H](C)C(=O)N1CCC[C@H]1C[C@H](NC(=O)[C@H](CO)NC(=O)[C@@H](N)CCC(=O)O)C(=O)C(=O)[C@H](CCC(=O)O)[C@H](C(N)=O)[C@@H](C)O.CC[C@H](C)[C@H](N)C(N)=O.C[C@H](N)C(=O)C(=O)[C@H](CCCN=C(N)N)NC(=O)[C@H](C)NC(=O)[C@@H](N)CO.C[C@H](N)C(N)=O.N.N.N.N.NC(=O)CC[C@@H](C=O)NC(=O)[C@@H]1CCCN1N.NC(=O)[C@@H](N)CCCN=C(N)N.NC(N)=NCCC[C@@H]1NC1=O.NCC(N)=O.NCCCC[C@@H]1NC1=O.N[C@@H](CC[C@H](N)C(=O)C(=O)[C@@H]1CCCN1)C(=O)O.c1c[nH]cn1
C%33(=O)[C@@H]%15CCCN=C(N)N.[C@H]%19(CCCN=C(N)N)C5=O.[C@H]%21(CCCN=C(N)N)C%10=O.[C@H]%18(CCC(N)=O)C3=O.CC[C@H](C)[C@H]%11C%37=O.C%36(=O)[C@@H](N)CC(C)C.C%35(=O)[C@@H]%17CC(N)=O.[C@H]%22(CC(N)=O)C(=O)O.c1%32ccc(O)cc1.C%13(=O)[C@@H]%14C(C)C.C2(=O)[C@@H]%12C%32.[C@@H]1%23CCCN1%33.N1%37CCC[C@H]1%25.N13CCC[C@H]1%26.N15CCC[C@H]1%27.N16CCC[C@H]1%28.[C@H]%20(C%30)C8=O.N18CCC[C@H]1%29.[C@H]%21(C%31)C(=O.c1%30cnc[nH]1.c1%31cnc[nH]1.C%24%23=O.C%38%25=O.C4%26=O.C6%27=O.C7%28=O.C9%29=O.N2%11.N%13%12.N%24%14.N%34%15.N%35%16.N%36%17.N%38%18.N4%19.N7%20.N9%21.N%10%22	INVALID
CC[C@H](C)[C@H](N)C2=O.[C@H]7(CC(C)C)C%22=O.[C@@H]%17(C6=O)[C@@H](C)CC.c1%20ccc(O)cc1.[C@@H]%10(C%26=O)C(C)C.[C@H]%14(CCN)C%27=O.[C@@H]%16(C5=O)[C@@H](C)O.[C@@H]6(CS)C%13=O.N1%22CCC[C@H]1%18.[C@H]6(C%20)C%21=O.c1%19cnc[nH]1.C4CCCN.C9C%24=O.C%11C%25=O.C%15C3=O.C%23%18=O.C%19(=O)O.N26.N%137.N%218.N%239.N%24%10.N%25%11.N%26%12.N%27%14.N3%15.N4%16.N5%17	CC[C@H](C)[C@H](N)C(=O)N[C@@H](Cc1ccc(O)cc1)C(N)=O.CC[C@H](C)[C@H](NC(=O)[C@@H](NCCCCN)[C@@H](C)O)C(=O)[C@H](CS)C(=O)N[C@@H](CC(C)C)C(=O)N1CCC[C@H]1C(=O)NCC(=O)N[C@H](C(N)=O)C(C)C.NCC[C@@H]1NC1=O.O=C(O)c1cnc[nH]1.O=C1CN1.O=C1CN1
[C@H]%67(CCCN=C(N)N)C%26=O.C%13(=O)[C@@H]%38CCCCN.C%46(=O)[C@@H]%41CCC(N)=O.C%24(=O)[C@@H]%42CCCCN.C3(=O)[C@@H]%45CCC(=O)O.C4(=O)[C@@H]%48CCCCN.C6(=O)[C@@H]%49CCCCN.C6(=O)[C@@H]%51CCCCN.C%10(=O)[C@@H]%54CCCCN.[C@H]%59(CCC(N)=O)C%18=O.[C@H]%63(CCC(N)=O)C%21=O.[C@H]%66(CCC(N)=O)C%26=O.[C@H]%75(CCC(N)=O)C%34=O.[C@H]%76(CCC(N)=O)C%36=O.CC[C@H](C)[C@H]%36C%16=O.C%57(=O)[C@@H]%40[C@@H](C)CC.C%79(=O)[C@@H]%44CC(=O)O.C3(=O)[C@@H]%47CC%78.c1%84ccc(O)cc1.C9(=O)[C@@H]%50[C@@H](C)O.[C@@H]%61(C%19=O)C(C)C.[C@@H]%70(C%22=O)C(C)C.[C@@H]%74(C%33=O)[C@@H](C)O.C8(=O)[C@@H]%52C%82.c1%82ccccc1.[C@H]%55(C%80)C%14=O.[C@H]%60(CO)C%17=O.[C@H]%61(C%83)C%19=O.c1%83ccccc1.[C@H]%64(C%85)C%25=O.[C@H]%69(C%86)C%28=O.C2(=O)[C@@H]%37C.C%57(=O)[C@@H]%43C.c1%80cnc[nH]1.C8(=O)[C@@H]%49C.C%15(=O)[C@H](C)N.[C@H]%58(C)C%16=O.c1%81cnc[nH]1.[C@H]%73(C)C%31=O.[C@H]%77(C)C(=O)O.C%57(=O)C%39.C%62C%20=O.C%65C%23=O.C%71C%28=O.C%76C%33=O.N2%36.N%13%37.N%24%38.N%35%39.N%46%40.N%57%41.N%68%42.N%79%43.N%85%44.N3%45.N4%47.N5%48.N6%49.N7%50.N8%51.N9%52.N%10%53.N%11%54.N%12%55.N%14%56.N%15%58.N%16%59.N%17%60.N%18%61.N%19%62.N%20%63.N%21%64.N%22%65.N%23%66.N%25%67.N%26%69.N%27%70.N%28%71.N%29%72.N%30%73.N%31%74.N%32%75.N%33%76.N%34%77	CC(C)[C@H]1C(=O)C(=O)[C@@H]1Cc1ccccc1.CC[C@H](C)[C@@H](C(=O)C(=O)[C@H](C)NC(=O)[C@H](C)N)C(=O)[C@H](CCC(N)=O)CC(=O)C(=O)[C@@H](NC(=O)[C@H](C)N)[C@@H](C)O.CC[C@H](C)[C@H](NC(=O)[C@H](CCC(N)=O)NC(=O)CN)C(=O)C(=O)[C@H](C)NC(=O)[C@H](CC(=O)O)NC[C@H](NC(=O)[C@H](CCC(N)=O)NC(=O)CN)C(=O)N[C@@H](CCCN=C(N)N)C(=O)C(=O)[C@H](CCC(N)=O)NC(=O)CNC(=O)[C@@H](N)C(C)C.CC[C@H](NC(=O)[C@@H](N)CCCCN)C(=O)C(=O)[C@@H](N)CCC(=O)O.C[C@@H](O)[C@H](N)C(=O)N[C@@H](Cc1ccccc1)C(=O)C(=O)[C@H](C)[C@@H](CCCCN)C(=O)C(=O)[C@@H](N)CCCCN.C[C@H](N)C(=O)C(=O)CN.C[C@H](NC(=O)[C@@H](N)CCC(N)=O)C(=O)O.C[C@H](NC(=O)[C@H](CCCCN)NC(=O)[C@@H](N)CCCCN)C(N)=O.N.N.N.NC(=O)CC[C@H](N)C(N)=O.NC(=O)[C@@H](N)Cc1cnc[nH]1.NCCCC[C@H](N)C(N)=O.O=C1N[C@H]1CO.Oc1ccccc1.c1c[nH]cn1
C8(=O)[C@@H]%35CCCN=C(N)N.C4(=O)[C@@H]%31CCCCN.C6(=O)[C@@H]%33CCCCN.C%11(=O)[C@@H]%39CCCCN.c1%50c[nH]c2ccccc12.C%16(=O)[C@@H]%43CCCCN.C%17(=O)[C@@H]%44CCCCN.[C@H]%44(CCCCN)C%20=O.[C@H]%46(CCCCN)C(=O)O.CC[C@H](C)[C@H]%21C%18=O.C%52(=O)[C@@H]%28CC(C)C.C%12(=O)[C@@H]%40CC(C)C.C%47(=O)[C@@H]%27C(C)C.C%53(=O)[C@@H]%29[C@@H](C)O.C%54(=O)[C@@H]%30C(C)C.C%10(=O)[C@@H]%38C(C)C.[C@@H]1%48CCCN1%36.C5(=O)[C@@H]%32CO.C9(=O)[C@@H]%37C%49.c1%49ccccc1.C%15(=O)[C@@H]%42C%50.c1%50ccccc1.[C@H]%45(CO)C%20=O.C3(=O)[C@@H]%22C.C%36(=O)[C@@H]%24C.C%47(=O)[C@@H]%26C.C7(=O)[C@@H]%34C.C%47(=O)C%26.C%25%48=O.N3%21.N%14%22.N%25%23.N%47%24.N%51%26.N%52%27.N%53%28.N%54%29.N4%30.N5%31.N6%32.N7%33.N8%34.N9%35.N%10%37.N%11%38.N%12%39.N%13%40.N%15%41.N%16%42.N%17%43.N%18%44.N%19%45.N%20%46	CC(C)C[C@H](NC(=O)[C@@H](NC(=O)[C@@H](NC(=O)[C@H](CCCCN)NC(=O)[C@H](CO)NC(=O)[C@H](CCCCN)NC(=O)[C@H](C)NC(=O)[C@H](CCCN=C(N)N)NC(=O)[C@H](Cc1ccccc1)NC(=O)[C@@H](NC(=O)[C@H](CCCCN)NC(=O)[C@@H](N)CC(C)C)C(C)C)C(C)C)[C@@H](C)O)C(=O)N[C@H](C(=O)C(=O)[C@H](C)CC(=O)N[C@@H](C)C(=O)N1CCC[C@H]1C(N)=O)C(C)C.CC[C@H](C)[C@H](NC(=O)[C@H](C)N)C(N)=O.N.NCCCC[C@H](N)C(=O)O.NCCCC[C@H](NC(=O)[C@H](CCCCN)[C@@H](CCCCN)C(=O)C(=O)[C@@H](N)CO)C(=O)N[C@@H](Cc1c[nH]c2ccccc12)C(N)=O.c1ccccc1
C%32(=O)[C@@H]%15CCCN=C(N)N.[C@H]%18(CCCN=C(N)N)C3=O.[C@H]%19(CCCN=C(N)N)C5=O.CC[C@H](C)[C@H]%11C%36=O.C%34(=O)[C@@H]%16[C@@H](C)CC.C%35(=O)[C@@H](N)CC(N)=O.[C@H]%21(CC(N)=O)C%10=O.[C@H]%22(CC(C)C)C(=O)O.c1%31ccc(O)cc1.C%13(=O)[C@@H]%14C(C)C.C2(=O)[C@@H]%12C%32.[C@@H]1%23CCCN1%32.N1%36CCC[C@H]1%25.N13CCC[C@H]1%26.N15CCC[C@H]1%27.N16CCC[C@H]1%28.[C@H]%20(C%30)C7=O.[C@H]%20(C%31)C8=O.N18CCC[C@H]1%29.c1%30cnc[nH]1.C%24%23=O.C%37%25=O.C4%26=O.C6%27=O.C6%28=O.C9%29=O.N2%11.N%13%12.N%24%14.N%33%15.N%34%16.N%35%17.N%37%18.N4%19.N7%20.N9%21.N%10%22	CC(C)C[C@H](NC(=O)[C@H](CC(N)=O)NC(=O)[C@@H]1CCCN1C(=O)[C@H](Cc1ccc(O)cc1)[C@@H](Cc1cnc[nH]1)C(N)=O)C(=O)O.CC[C@H](C)[C@@H]1NC1=O.CC[C@H](C)[C@H](NC(=O)[C@H](CC(=O)[C@@H](N)CCCN=C(N)N)NC(=O)[C@@H](NC(=O)[C@@H]1CCCN1)C(C)C)C(=O)N1CCC[C@H]1C(=O)N[C@@H](CCCN=C(N)N)C(=O)N1CCC[C@H]1C(=O)N[C@@H](CCCN=C(N)N)C(=O)N1CCC[C@H]1C(=O)N1CCC[C@H]1C=O.NC(=O)C[C@H](N)C(N)=O
C%30(=O)[C@@H]%15CCCN=C(N)N.C%31(=O)[C@@H]%16CCCCN.C%34(=O)[C@@H]%20CCCCN.CC[C@H](C)[C@H]%10C9=O.C2(=O)[C@@H]%11CC(N)=O.C%13(=O)[C@@H]%12CC(C)C.C%32(=O)[C@@H]%17CC(=O)O.C6(=O)[C@@H]%25CC(C)C.C7(=O)[C@@H]%26CC(C)C.[C@H]%27(CC(N)=O)C(=O)O.C%30(=O)[C@@H]%16CC%28.C%33(=O)[C@@H]%18C(C)C.C4(=O)[C@@H]%22CO.C5(=O)[C@@H]%23C%29.c1%29ccccc1.C%24(=O)[C@@H]%14C.C3(=O)[C@@H]%21C.C8(=O)CN.N2%10.N%13%11.N%24%12.N%30%14.N%31%15.N%32%16.N%32%17.N%33%18.N%34%19.N3%20.N4%21.N5%22.N6%23.N7%25.N8%26.N9%27	CC(C)C[C@H](NC(=O)CN)C(=O)N[C@@H](CC(C)C)C(=O)N[C@@H](Cc1ccccc1)C(=O)N[C@@H](CO)C(=O)N[C@@H](C)C(=O)N[C@@H](CCCCN)C(N)=O.CC(C)[C@@H]1NC1=O.CC[C@H](C)[C@H](NC(=O)[C@H](CC(N)=O)NC(=O)[C@H](CC(C)C)NC(=O)[C@H](C)N)C(=O)N[C@@H](CC(N)=O)C(=O)O.CC[C@H]1C(=O)C(=O)[C@H](CCCN=C(N)N)NC(=O)[C@@H]1CCCCN.NC(=O)[C@@H](N)CC(=O)O
C%14(=O)[C@@H]8CCCN=C(N)N.C%22(=O)[C@@H]9CCCN=C(N)N.c1%18c[nH]c2ccccc12.c1%20c[nH]c2ccccc12.C%25(=O)[C@@H]%12CCCCN.C%27(=O)[C@@H]%15CCCCN.C%28(=O)[C@@H]%16CC(N)=O.[C@H]%17(CCC(N)=O)C(N)=O.C%23(=O)[C@@H]%10CCCN.CC(C)[C@H]6C5=O.c1%19ccc(O)cc1.C3(=O)[C@@H]7C%18.C%24(=O)[C@@H]%11C%19.C%26(=O)[C@@H]%13C%20.C4(=O)[C@@H](N)C%21.c1%21ccccc1.N36.N%147.N%228.N%239.N%24%10.N%25%11.N%26%12.N%27%13.N%28%15.N4%16.N5%17	CC(C)[C@H](NC(=O)[C@H](Cc1c[nH]c2ccccc12)NC(=O)[C@H](CCCN=C(N)N)NC(=O)[C@H](CCCN=C(N)N)NC(=O)[C@H](CCCN)NC(=O)[C@H](Cc1ccc(O)cc1)NC(=O)[C@H](CCCCN)NC(=O)[C@H](Cc1c[nH]c2ccccc12)NC(=O)[C@H](CCCCN)NC(=O)[C@H](CC(N)=O)NC(=O)[C@@H](N)Cc1ccccc1)C(=O)N[C@@H](CCC(N)=O)C(N)=O
C%30(=O)[C@@H]%12CCCN=C(N)N.C%32(=O)[C@@H]%14CCCN=C(N)N.[C@H]%17(CCCN=C(N)N)C7=O.[C@H]%18(CCCCN)C9=O.CC[C@H](C)[C@H]%10C4=O.C%34(=O)[C@@H]%15C(C)C.C2(=O)[C@@H]%11C%28.[C@@H]1%19CCCN1%24.[C@@H]1%20CCCN1%29.[C@@H]1%21CCCN1%32.N1%33CCC[C@H]1%22.N1%34CCC[C@H]1%22.N14CCC[C@H]1%23.N15CCC[C@H]1%25.N17CCC[C@H]1%26.N19CCC[C@H]1%27.c1%28cnc[nH]1.C%33(=O)CN.C%13%19=O.C%32(C)=O.C%31%20=O.C3%21=O.C3%22=O.C5%23=O.C6%25=O.C8%26=O.C%27(=O)O.N2%10.N%13%11.N%30%12.N%32%14.N3%15.N6%16.N8%18	CC(=O)N[C@@H](CCCN=C(N)N)C(=O)N1CCC[C@H]1C(=O)C=O.CC(C)[C@H](N)C(=O)N1CCC[C@H]1[C@@H]1CCCN1C(=O)CN.CC[C@H](C)[C@H](NC(=O)[C@H](Cc1cnc[nH]1)NC(=O)[C@@H]1CCCN1)C(=O)N1CCC[C@H]1C(=O)N1CCC[C@H]1C(N)=O.NC(N)=NCCC[C@@H]1NC1=O.NCCCC[C@H](NC(=O)[C@@H]1CCCN1C(=O)CCCCN=C(N)N)C(=O)N1CCC[C@H]1C(=O)O.O=C[C@@H]1CCCN1
[C@@H]1%45NC(=O)CNC(=O)[C@H]%45NC(=O)[C@H]%46NC(=O)CNC(=O)CNC(=O)[C@H]%47NC(=O)CNC(=O)CNC(=O)[C@H]%49NC(=O)[C@H]%50NC(=O)[C@H]%51NC(=O)[C@@H]2CCCN2C(=O)[C@H]%52NC(=O)[C@H](C)NC(=O)[C@H]%53NC(=O)[C@@H]%42CSSC[C@@H]%44NC1=O.c1%55c[nH]c2ccccc12.C%37(=O)[C@@H]%27CCCCN.C%64(=O)[C@@H]%28CCCCN.C%10(=O)[C@@H]%33CCCCN.C%11(=O)[C@@H]%34CCCCN.c1%57c[nH]c2ccccc12.c1%61c[nH]c2ccccc12.C%26(=O)[C@@H]%21[C@@H](C)CC.C%48(=O)[C@@H]%22[C@@H](C)CC.C%62(=O)[C@@H]%25CC(C)C.C9(=O)[C@@H]%31CC(N)=O.C6(=O)[C@@H]%29[C@@H](C)O.C5(=O)[C@@H]%30C(C)C.C%14(=O)[C@@H]%35C(C)C.C%15(=O)[C@@H]%20C%55.C%48(=O)[C@@H]%23C%56.c1%56ccccc1.C8(=O)[C@@H]%32CO.C%11(=O)[C@@H]%34C%58.[C@H]%39(C%63)C(=O)O.c1%63ccccc1.[C@H]C(C)C%17=O.c1%54cnc[nH]1.C%16(=O)[C@@H]%40C.[C@H]%18(C)C(=O)O.C%47CCCN.C%55CC(=O)O.CC[C@@H]%46C.C%10(=O)C%32.C%12(=O)C%36.C%51C(N)=O.C%53C(C)C.[C@H]%47(C)O.C4%44=O.C%50C%41.C%55(C)C.[C@H]%52(C)O.N4%43.N%15%19.N%26%20.N%37%21.N%48%22.N%59%23.N%64%24.N%65%25.N%66%27.N5%28.N6%29.N7%30.N8%31.N9%32.N%10%43.N%11%33.N%12%34.N%13%35.N%14%36.N%16%38.N%17%39.N%18%40.C%56O	CC(C)CCC(=O)O.CC(C)C[C@H](N)C=O.CC(C)[C@H](N)C(=O)NCC(N)=O.CC(C)[C@H](N)C(=O)N[C@@H](CCCCN)C(N)=O.CCO.CC[C@@H]1NC(=O)[C@H](CC(N)=O)NC(=O)[C@@H]2CCCN2C(=O)[C@H]([C@@H](C)O)NC(=O)[C@H](C)NC(=O)[C@H](CC(C)C)NC(=O)CCSSC[C@@H](C(=O)NN)NC(=O)[C@H]2NC(=O)CNC(=O)[C@H]2NC(=O)[C@H]([C@@H](C)CC)NC(=O)CNC(=O)CNC(=O)[C@H](CCCCN)NC(=O)CNC(=O)CNC(=O)CNC1=O.CC[C@H](C)[C@H](N)C(=O)C(=O)[C@@H](N)Cc1ccccc1.CC[C@H](C)[C@H](NC(=O)[C@@H](N)CCCCN)C(=O)N[C@@H](Cc1c[nH]c2ccccc12)C(N)=O.CO.C[C@@H](O)[C@@H]1NC1=O.C[C@H](N[C@@H](C)C(=O)O)C(N)=O.C[C@H]1C(=O)C(=O)[C@@H]1CCCCN.NCCCC[C@H](N)C(=O)C(=O)C[C@@H](CO)C(=O)N[C@@H](CC(N)=O)C(N)=O.[CH]C(C)C(=O)N[C@@H](Cc1ccccc1)C(=O)O.c1c[nH]cn1.c1ccc2[nH]ccc2c1.c1ccc2[nH]ccc2c1
C3(=O)[C@@H]7CCCCN.C%14(=O)[C@@H]8CCCCN.C%20(=O)[C@@H]%10CCCCN.C%21(=O)[C@@H]%11CCC(N)=O.c1%18c[nH]c2ccccc12.[C@H]%17(CCCCN)C(N)=O.CC[C@H](C)[C@H]6C%24=O.[C@@H]%12(C%25=O)C(C)C.[C@@H]%15(C4=O)C(C)C.[C@@H]%16(C5=O)C(C)C.C%19(=O)[C@@H]9CO.C%22(=O)[C@@H]%13C%18.C%23(=O)[C@H](C)N.N36.N%147.N%198.N%209.N%21%10.N%22%11.N%23%12.N%24%13.N%25%15.N4%16.N5%17	CC(C)[C@H](NC(=O)[C@H](C)N)C(=O)N[C@H](C(=O)N[C@H](C(=O)N[C@@H](CCCCN)C(N)=O)C(C)C)C(C)C.CC[C@H](C)[C@@H]1NC(=O)[C@H](CCCCN)NC(=O)[C@H](CCCCN)NC(=O)[C@H](CO)NC(=O)[C@H](CCCCN)NC(=O)[C@H](CCC(N)=O)NC(=O)[C@H](Cc2c[nH]c3ccccc23)NC1=O
C3(=O)[C@@H]%42CCCN=C(N)N.C8(=O)[C@@H]%49CCCN=C(N)N.C%10(=O)[C@@H]%50CCCN=C(N)N.[C@H]%65(CCCN=C(N)N)C%29=O.C2(=O)[C@@H]%33CCCCN.C%13(=O)[C@@H]%34CCCCN.C%35(=O)[C@@H]%37CCCCN.C%46(=O)[C@@H]%38CCC(=O)O.C%57(=O)[C@@H]%39CCCCN.C5(=O)[C@@H]%45CCCCN.C5(=O)[C@@H]%44CCCCN.C%12(=O)[C@@H](N)CCCCN.[C@H]%55(CCCCN)C%17=O.[C@H]%62(CCC(N)=O)C%23=O.CC[C@H](C)[C@H]%31C%14=O.C%24(=O)[C@@H]%36[C@@H](C)CC.C%68(=O)[C@@H]%40CC(C)C.C7(=O)[C@@H]%47[C@@H](C)CC.C9(=O)[C@@H]%48CC(N)=O.C%11(=O)[C@@H]%52CC(C)C.[C@@H]%56(C%18=O)[C@@H](C)CC.[C@H]%63(CC(N)=O)C%22=O.[C@H]%64(CC(C)C)C%29=O.C6(=O)[C@@H]%47C(C)C.C8(=O)[C@@H]%48C(C)C.[C@@H]%66(C%30=O)[C@@H](C)O.C2(=O)[C@@H]%32CO.C%68(=O)[C@@H]%42C%71.C%11(=O)[C@@H]%51C%72.c1%72ccccc1.[C@H]%60(C%73)C%21=O.c1%73ccccc1.N1%27CCC[C@H]1%70.[C@H]%69(CO)C(=O)O.c1%71cnc[nH]1.C3(=O)C%42.C9(=O)C%49.C%53C%16=O.C%58C%20=O.[C@H]%63(C)C%26=O.C%28%70=O.N2%31.N%13%32.N%24%33.N%35%34.N%46%36.N%57%37.N%68%38.N%74%39.N%75%40.N3%41.N4%42.N5%43.N6%44.N7%45.N8%47.N9%48.N%10%49.N%11%50.N%12%51.N%14%52.N%15%53.N%16%54.N%17%55.N%18%56.N%19%58.N%20%59.N%21%60.N%22%61.N%23%62.N%25%63.N%26%64.N%28%65.N%29%66.N%30%67.N%30%69	CC(C)C[C@H](N)C(=O)C(=O)[C@H](Cc1cnc[nH]1)[C@@H](CCCN=C(N)N)C(=O)C(=O)CN.CC(C)C[C@H](NC(=O)[C@H](C)[C@@H](CC(N)=O)C(N)=O)C(=O)C(=O)[C@H](CCCN=C(N)N)NC(=O)[C@@H]1CCCN1.CC(C)[C@H]1C(=O)C(=O)[C@H](CCCN=C(N)N)CC(=O)C(=O)[C@@H]1CC(N)=O.CC[C@H](C)[C@@H]1NC1=O.CC[C@H](C)[C@H](N)C(=O)N[C@@H](CC(C)C)C(=O)C(=O)[C@H](Cc1ccccc1)NC(=O)[C@@H](N)CCCCN.CC[C@H](C)[C@H](NC(=O)[C@@H](N)CCC(=O)O)C(=O)N[C@@H](CCCCN)C(=O)C(=O)[C@H](CO)NC(=O)[C@H](CCCCN)NC(=O)[C@H](CCCCN)NC(=O)[C@@H](N)CCCCN.CC[C@H](C)[C@H]1C(=O)N[C@@H](CCCCN)C(=O)C(=O)[C@H](CCCCN)NC(=O)[C@@H]1C(C)C.C[C@@H](O)[C@H](N)C(N)=O.N.N.N.N.N.NC(=O)CC[C@@H]1NC1=O.NC(=O)[C@@H](N)CCCN=C(N)N.NCC(N)=O.NCC(N)=O.NCCCC[C@@H]1NC1=O.N[C@@H](CO)C(=O)O.O=C1N[C@H]1Cc1ccccc1
C2(=O)[C@@H]5CCCCN.C%23(=O)[C@@H](N)CCC(=O)O.C%18(=O)[C@H]6CCCN.C%20(=O)[C@@H]%10[C@@H](O)CN.C%21(=O)[C@@H]%11[C@@H](O)CN.C%22(=O)[C@@H]%12CC(=O)O.C=%15(N2)C4=O.C%13(=O)[C@@H]7C%16.[C@@H]1%15CCCN1%18.c1%16cnc[nH]1.C%14CCN.N=C(N)N4.C%19(=O)C8.C%17%15=O.N25.N%136.N%177.N%198.N%209.N%21%10.N%22%11.N%23%12.N3%14	INVALID
C%14(=O)[C@@H]%27CCCCN.C%25(=O)[C@@H]%28CCCCN.c1%56c[nH]c2ccccc12.C%57(=O)[C@@H](N)CCCCN.[C@H]%33(CCCCN)C%58=O.[C@H]%38(CCCCN)C8=O.[C@H]%39(CCCCN)C9=O.[C@H]%43(CCCCN)C%13=O.[C@H]%50(CCCCN)C%21=O.[C@H]%53(CCCCN)C(=O)O.CC[C@H](C)[C@H]%24C%58=O.[C@H]%39(CC(C)C)C%10=O.[C@H]%44(CC(C)C)C%16=O.[C@H]%48(CC(C)C)C%18=O.[C@H]%49(CC(C)C)C%20=O.[C@H]%52(CC(C)C)C%23=O.[C@@H]%32(C4=O)C(C)C.[C@@H]%37(C7=O)C(C)C.[C@@H]%41(C%11=O)[C@@H](C)O.[C@@H]%42(C%12=O)[C@@H](C)O.[C@@H]%51(C%22=O)[C@@H](C)O.C%47(=O)[C@@H]%29C%55.c1%55ccccc1.C%47(=O)[C@@H]%30C%56.[C@H]%35(CO)C6=O.N1%16CCC[C@H]1%54.[C@H]%46(C)C%19=O.C3(=O)C%26.C%34C5=O.C%44C%15=O.C%17%54=O.N3%24.N%14%26.N%25%27.N%36%28.N%47%29.N%57%30.N%58%31.N%59%32.N%60%33.N4%34.N5%35.N6%37.N7%38.N8%39.N9%40.N%10%41.N%11%42.N%12%43.N%13%44.N%15%45.N%17%46.N%18%48.N%19%49.N%20%50.N%21%51.N%22%52.N%23%53	CC(C)C[C@@H](C(=O)N[C@H](C(=O)N[C@H](C(=O)N[C@@H](CCCCN)C(N)=O)[C@@H](C)O)[C@@H](C)O)[C@@H](CCCCN)C(N)=O.CC(C)C[C@@H]1NC1=O.CC(C)C[C@H](CC(N)=O)C(=O)N1CCC[C@H]1C(=O)N[C@@H](C)C(=O)N[C@@H](CC(C)C)C(=O)N[C@@H](CCCCN)C(=O)N[C@H](C(=O)N[C@@H](CC(C)C)C(=O)N[C@@H](CCCCN)C(=O)O)[C@@H](C)O.CC(C)[C@H](N)C(=O)NCC(=O)N[C@@H](CO)C(=O)N[C@H](C(=O)N[C@@H](CCCCN)C(N)=O)C(C)C.CC[C@H](C)[C@H](NC(=O)CNC(=O)[C@H](CCCCN)NC(=O)[C@@H](N)CCCCN)C(=O)C(=O)[C@@H](N)CCCCN.N.NCCCC[C@H](N)C(=O)N[C@@H](Cc1c[nH]c2ccccc12)C(=O)C(=O)[C@@H](N)Cc1ccccc1
C9(=O)[C@@H]4CCCN=C(N)N.C%11(=O)[C@@H]5CCCN=C(N)N.C%12(=O)[C@@H](N)CCCN=C(N)N.C%10(=O)[C@@H]%16CCC(N)=O.c17c[nH]c2ccccc12.c18c[nH]c2ccccc12.CC[C@H](C)[C@H]%14C%13=O.C3(=O)[C@@H]%15C7.C%12(=O)[C@@H]6C8.N3%14.N9%15.N%10%16.N%114.N%125.N%136	CC[C@H](C)[C@H](NC(=O)[C@H](Cc1c[nH]c2ccccc12)NC(=O)[C@H](CCCN=C(N)N)NC(=O)[C@@H](N)CCCN=C(N)N)C(=O)N[C@@H](Cc1c[nH]c2ccccc12)C(=O)C(=O)[C@@H](N)CCCN=C(N)N.NC(=O)CC[C@@H]1NC1=O
C1(=O)[C@@H]3CCCN=C(N)N.[C@H]7(CCCCN)C%16=O.CC[C@H](C)[C@H]2C%14=O.C%12(=O)[C@@H]4CC(C)C.[C@H]5(CC(C)C)C%15=O.[C@H]6(CC(C)C)C%17=O.C%11(=O)[C@@H]4CCN.[C@@H]9(C%18=O)[C@@H](C)O.[C@H]8(CO)C%18=O.[C@H]%10(C)C(=O)O.N12.N%123.N%134.S%11C.N%145.N%156.N%167.N%179.N%18%10	CC[C@H](C)[C@H](NC(=O)[C@H](CCCN=C(N)N)NC(=O)[C@H](CC(C)C)[C@@H](CCN)C(=O)SC)C(=O)N[C@@H](CC(C)C)C(=O)N[C@@H](CC(C)C)C(=O)N[C@H](C(=O)C(=O)CCO)[C@@H](C)O.C[C@H](N)C(=O)O.N.NCCCC[C@@H]1NC1=O
C%14(=O)[C@@H]%11CCCN=C(N)N.C%29(=O)[C@@H]%16CCCN=C(N)N.C%31(=O)[C@@H]%18CCCN=C(N)N.C%31(=O)[C@@H](N)CCCN=C(N)N.[C@H]%19(CCCN=C(N)N)C5=O.[C@H]%20(CCCN=C(N)N)C6=O.C3(=O)[C@@H]%10CCCCN.C%25(=O)[C@@H]%13CCC(N)=O.c1%24c[nH]c2ccccc12.CC[C@H](C)[C@H]9C4=O.C%25(=O)[C@@H]%12CC(C)C.C%30(=O)[C@@H]%17CC(C)C.[C@@H]%21(C7=O)C(C)C.C%28(=O)[C@@H]%15C%24.[C@H]%22(C)C8=O.[C@H]%23(C)C(N)=O.N39.N%14%10.N%25%11.N%26%12.N%27%13.N%28%15.N%29%16.N%30%17.N%31%18.N4%19.N5%20.N6%21.N7%22.N8%23	CC(C)C[C@@H]1NC1=O.CC(C)C[C@H](N)C(=O)C(=O)[C@@H](N)CCC(N)=O.CC[C@H](C)[C@H](NC(=O)[C@H](CCCCN)NC(=O)[C@@H](N)CCCN=C(N)N)C(=O)N[C@@H](CCCN=C(N)N)C(=O)N[C@@H](CCCN=C(N)N)C(=O)N[C@H](C(=O)N[C@@H](C)C(=O)N[C@@H](C)C(N)=O)C(C)C.NC(N)=NCCC[C@@H]1NC1=O.NC(N)=NCCC[C@H](N)C(=O)C(=O)[C@@H](N)CCCN=C(N)N.O=C1N[C@H]1Cc1c[nH]c2ccccc12
C2(=O)[C@@H]%14CCCN=C(N)N.C%13(=O)[C@@H]%15CCCN=C(N)N.C%36(=O)[C@@H]%16CCCN=C(N)N.C%38(=O)[C@@H]%17CCCN=C(N)N.[C@H]%27(CCCN=C(N)N)C(N)=O.C5(=O)[C@@H]%21CCC(N)=O.C6(=O)[C@@H]%22CCCCN.CC[C@H](C)[C@H]%12C9=O.C%40(=O)[C@@H]%19CC(C)C.C7(=O)[C@@H]%23CC(=O)O.[C@H]%26(CC(N)=O)C%11=O.c1%33ccc(O)cc1.C8(=O)[C@@H](N)C(C)C.c1%34ccc(O)cc1.[C@@H]1%27CCCN1%35.[C@@H]1%28CCCN1%36.[C@@H]1%29CCCN1%38.[C@@H]1%30CCCN1%40.C3(=O)[C@@H]%20C%33.[C@@H]1%31CCCN15.[C@@H]1%32CCCN16.[C@H]%25(C%34)C%10=O.C%24%28=O.C%35%29=O.C%39%30=O.C4%31=O.N2%12.N%13%14.N%24%15.N%37%16.N%39%17.N%39%18.N3%19.N4%20.N6%21.N7%22.N8%23.N9%25.N%10%26.N%11%27	CC(C)C[C@H](NC(=O)[C@H](Cc1ccc(O)cc1)NC(=O)[C@@H]1CCCN1C(=O)[C@@H](N)CCC(N)=O)C(=O)N1CCC[C@H]1C(=O)N[C@@H](CCCN=C(N)N)C(=O)N1CCC[C@H]1C(=O)N1CCC[C@H]1[C@@H](CCCN=C(N)N)C(N)=O.CC(C)[C@H](N)C(=O)N[C@@H](CC(=O)O)C(=O)N[C@@H](CCCCN)C(=O)N1CCCC1.CC[C@H](C)[C@H](NC(=O)[C@H](CCCN=C(N)N)NC(=O)[C@H](CCCN=C(N)N)NC(=O)[C@@H]1CCCN1C(=O)[C@@H](N)CCCN=C(N)N)C(=O)N[C@@H](Cc1ccc(O)cc1)C(=O)N[C@@H](CC(N)=O)C(N)=O.N
[C@@H]1%50NC(=O)[C@H](NC(=O)[C@H]%51NC(=O)[C@H]%52NC(=O)[C@H]%53NC(=O)[C@H]%54NC(=O)[C@H]%55NC(=O)[C@@H]%44CSSC[C@@H]%46NC(=O)[C@H]%56NC(=O)[C@H]%57NC(=O)[C@H]%58NC(=O)[C@H]%59NC(=O)CNC(=O)[C@H]%59NC(=O)[C@@H]4CCCN2C(=O)[C@H]%61NC(=O)[C@H]%62NC(=O)[C@H]%63NC(=O)[C@H]%64NC1=O.C5(=O)[C@@H]%23CCCCN=C(N)N.C%64(=O)[C@@H]%26CCCN=C(N)N.[C@H]%35(CCCN=C(N)N)C%14=O.C%71(=O)[C@@H]%28CCCCN.[C@H]%33(CCC(N)=O)C9=O.c1%67c[nH]c2ccccc12.[C@H]%36(CCC(=O)O)C%14=O.C%72(=O)[C@@H]%30CC(N)=O.[C@H]%37(CC(=O)O)C%11=O.[C@H]%39(CC(C)C)C%17=O.[C@@H]%29(C%39=O)[C@@H](C)O.[C@@H]%42(C(=O)O)C(C)C.c1%66ccc(O)cc1.C%64CCN=C(N)N.C6(=O)[C@@H](N)C(C)C.[C@@H]%38(C%14=O)C(C)C.C%59CCN=C(N)N.C%27(=O)[C@@H]%24C%65.C%66(=O)[C@@H]%29C%66.[C@H]%32(CO)C8=O.[C@H]%34(C%67)C%10=O.c1%67ccccc1.N1%10CCC[C@H]1%49.[C@H]%40(CO)C%18=O.c1%64cnc[nH]1.C%56CCCN.c1%65cnc[nH]1.C%58CC(N)=O.C%62CCCN.C%63CC(=O)O.C%62CC(=O)O.CC[C@@H]%50C.C%52C(N)=O.[C@H]%58(C)CC.C%63C(=O)O.C4%46=O.C%11%47=O.C%19%48=O.C%61(C)C.C%54O.N5%45.N%16%22.N%27%23.N%38%24.N%60%25.N%60%26.N%69%28.N%70%29.N5%30.N6%31.N7%32.N8%33.N9%34.N%10%35.N%11%36.N%12%37.N%13%39.N%14%40.N%15%41.N%17%42.N%18%43.N%19%44.N%20%45.C%45C.C%56O	INVALID
CC[C@H](C)[C@H]%27C%24=O.C2(=O)[C@@H]%28CCC%29.C%13(=O)[C@@H](N)CCC%31.[C@H]%31(CCC%32)C%35=O.[C@H]%33(CCC%34)C%57=O.[C@H]%36(CCC%37)C%72=O.[C@H]%38(CC(C)C)C3=O.[C@H]%40(CCC%41)C7=O.[C@H]%44(CCC%45)C%11=O.[C@H]%49(CC(C)C)C%14=O.[C@H]%52(CC(C)C)C%16=O.[C@H]%54(CCC%55)C%20=O.[C@@H]%37(C%71=O)C(C)C.[C@@H]%38(C5=O)C(C)C.[C@@H]%39(C6=O)C(C)C.[C@@H]%42(C9=O)C(C)C.[C@@H]%43(C%10=O)C(C)C.[C@@H]%53(C%19=O)C(C)C.[C@@H]%56(C%23=O)C(C)C.[C@@H]%60(C(N)=O)C(C)C.N1%35CCC[C@H]1%61.N1%57CCC[C@H]1%62.N13CCC[C@H]1%63.[C@H]%40(CS)C7=O.N17CCC[C@H]1%64.N1%11CCC[C@H]1%65.N1%16CCC[C@H]1%66.N1%20CCC[C@H]1%67.[C@H]%58(CO)C%25=O.N1%25CCC[C@H]1%69.N%29C(=N)N.N%32C(=N)N.N%33C(=N)N.N%37C(=N)N.N%41C(=N)N.N%45C(=N)N.N%45C(=N)N.N%50C(=N)N.N%54C(=N)N.N%59C(=N)N.C%46%61=O.C%68%62=O.C4%63=O.C8%64=O.C%12%65=O.C%17%66=O.C%21%67=O.C%26%69=O.N2%27.N%13%28.N%24%30.N%46%31.N%68%33.N%70%34.N%71%36.N4%38.N5%39.N6%40.N8%42.N9%43.N%10%44.N%12%47.N%14%48.N%15%49.N%17%51.N%18%52.N%19%53.N%21%55.N%22%56.N%23%58.N%26%60	CC(C)C[C@@H](C(=O)N1CCC[C@H]1C(N)=O)[C@H](C(=O)N[C@H](C(N)=O)C(C)C)C(C)C.CC(C)C[C@H](N)C(=O)N1CCC[C@H]1C(N)=O.CC(C)C[C@H](N)C(N)=O.CC(C)[C@@H]1CCC[C@@H](C=O)NC1=O.CC(C)[C@@H]1NC1=O.CC(C)[C@H](N)C(=O)N[C@@H](CO)C(=O)N1CCC[C@H]1C(=O)N[C@H](C(N)=O)C(C)C.CC(C)[C@H](NC(=O)[C@@H]1CCCN1)C(=O)N[C@H](C(=O)N[C@@H](CCCNC(=N)N)C(=O)N1CCC[C@H]1C(N)=O)C(C)C.CC[C@H](C)[C@H](NC(=O)[C@H](CCCNC(=N)N)NC(=O)[C@@H](N)CCC[C@@H](CCCNC(=N)N)C(=O)N1CCC[C@H]1C(N)=O)C(N)=O.N=C(N)N.N=C(N)N.N=C(N)N.N=C(N)N.N=C(N)NCCC[C@H]1C(=O)C(=O)[C@@H]1CS.N=C(N)N[C@@H](CCCN)C(=O)N1CCC[C@H]1C(N)=O.N=C(N)N[C@H]1CCCNC(=O)[C@@H]2CCCN2C1=O
C3(=O)[C@@H]%42CCCN=C(N)N.C3(=O)[C@@H]%43CCCN=C(N)N.C4(=O)[C@@H]%43CCCN=C(N)N.C6(=O)[C@@H]%45CCCN=C(N)N.C%10(=O)[C@@H]%50CCCN=C(N)N.C2(=O)[C@@H]%33CCCCN.C%13(=O)[C@@H]%34CCC(=O)O.C%46(=O)[C@@H]%38CCC(=O)O.[C@H]%50(CCCCN)C%12=O.[C@H]%51(CCCCN)C%14=O.[C@H]%53(CCCCN)C%16=O.[C@H]%54(CCC(N)=O)C%16=O.[C@H]%55(CCCCN)C%21=O.[C@H]%62(CCCCN)C%26=O.[C@H]%69(CCC(=O)O)C%30=O.CC[C@H](C)[C@H]%31C%11=O.C%24(=O)[C@@H]%36[C@@H](C)CC.C%68(=O)[C@@H]%40CC(C)C.C5(=O)[C@@H]%44CC(C)C.C9(=O)[C@@H]%49CC(N)=O.[C@@H]%55(C%17=O)[C@@H](C)CC.[C@H]%59(CC(=O)O)C%20=O.[C@H]%61(CC(C)C)C%22=O.[C@H]%64(CC(C)C)C%29=O.C8(=O)[C@@H]%47C(C)C.[C@@H]%59(C%22=O)C(C)C.[C@H]%64(CC%70)C%27=O.C%35(=O)[C@@H]%37CO.C%68(=O)[C@@H]%39C%72.c1%72ccccc1.C%76(=O)[C@@H]%41C%73.c1%73ccccc1.[C@H]%56(C%74)C%18=O.c1%74ccccc1.[C@H]%60(CO)C%19=O.N1%27CCC[C@H]1%71.[C@H]%69(CO)C(=O)O.C%58C%23=O.C%58C%23=O.C%25%71=O.C%28%72=O.N2%31.N%13%32.N%24%33.N%35%34.N%46%36.N%57%37.N%68%38.N%75%39.N%76%40.N3%41.N4%42.N5%43.N6%44.N7%45.N8%47.N9%48.N%10%49.N%11%50.N%12%51.N%14%52.N%15%53.N%16%54.N%17%55.N%18%56.N%19%58.N%20%59.N%21%60.N%22%61.N%23%62.N%25%63.N%26%64.N%28%65.S%70C.N%29%67.N%30%69	CC(C)C[C@H](N)C(=O)C(=O)[C@H](C(C)C)[C@@H](CC(=O)O)C(N)=O.CC(C)C[C@H](NC(=O)[C@@H](N)CCCN=C(N)N)C(N)=O.CC(C)C[C@H](NC(=O)[C@@H](N)Cc1ccccc1)C(=O)C(=O)[C@@H](N)Cc1ccccc1.CC(C)[C@@H]1NC1=O.CC[C@H](C)[C@@H](C(N)=O)[C@@H](CCCCN)C(=O)N[C@@H](CO)C(N)=O.CC[C@H](C)[C@H](NC(=O)[C@H](CCCCN)NC(=O)[C@@H](NC(=O)[C@@H](N)CCC(=O)O)[C@@H](C)CC)C(N)=O.CSCC[C@@H](C(=O)N1CCC[C@H]1C(N)=O)[C@@H](CC(C)C)C(N)=O.NC(=O)[C@H](CCC(=O)O)NC(=O)[C@@H](N)CO.NC(=O)[C@H](CCC(=O)O)[C@@H](CO)C(=O)O.NC(N)=NCCC[C@@H]1NC(=O)[C@H](CCCN=C(N)N)[C@@H](CCCN=C(N)N)C(=O)C1=O.NC=O.NCCCC[C@H](N)C(=O)C(=O)[C@@H](N)CCC(N)=O.NCCCC[C@H](N)C(N)=O.NCCCC[C@H](NC(=O)[C@H](CCCCN)[C@@H](CCCN=C(N)N)C(=O)N[C@@H](CC(N)=O)C(N)=O)C(N)=O.O=C1CCC1=O.O=C1N[C@H]1Cc1ccccc1
C%46(=O)[C@@H]%27CCCCN.C%57(=O)[C@@H]%31CCCCN.C5(=O)[C@@H]%34CCCCN.C6(=O)[C@@H]%36CCCCN.C%12(=O)[C@@H]%42CCCCN.C%14(=O)[C@@H]%43CCCCN.C%18(=O)[C@@H]%48CCCCN.CC[C@H](C)[C@H]%22[C@H]%21C%19=O.C2(=O)[C@@H]%25CC(C)C.C%24(=O)[C@@H]%26CC(C)C.C%55(=O)[C@@H]%29CC(C)C.C9(=O)[C@@H]%38CC(C)C.C%11(=O)[C@@H]%41CC(C)C.C%46(=O)[C@@H]%29[C@@H](C)O.C%56(=O)[C@@H]%30[C@@H](C)O.C%58(=O)[C@@H]%32C(C)C.C%10(=O)[C@@H]%40[C@@H](C)O.[C@@H]1%51CCCN1%24.C7(=O)[C@@H]%37CO.C9(=O)[C@@H]%39C%52.c1%52ccccc1.C%16(=O)[C@@H]%45C%53.c1%53ccccc1.C%15(=O)[C@@H]%45CO.C%17(=O)[C@@H]%44CO.[C@H]%49(CO)C%20=O.[C@H]%50(CO)C(=O)O.C%35(=O)[C@@H]%28C.C%35(=O)C%27.C%54(=O)C%28.C%13%51=O.N2%23.N%13%25.N%24%26.N%46%27.N%54%28.N%55%29.N%57%30.N3%31.N4%32.N5%33.N6%34.N7%36.N8%37.N9%38.N%10%39.N%11%40.N%12%41.N%14%42.N%15%43.N%16%44.N%17%45.N%18%47.N%19%48.N%20%49.N%21%50	CC(C)C[C@@H](C(N)=O)[C@H](C(=O)C(=O)[C@H](CCCCN)CC(=O)C(=O)[C@H](C)CC(N)=O)[C@@H](C)O.CC(C)C[C@H](NC(=O)[C@@H]1CCCN1C(=O)[C@@H](N)CC(C)C)C(N)=O.CC(C)C[C@H](NC(=O)[C@H](CCCCN)NC(=O)[C@H](CCCCN)NC(=O)[C@H](CO)[C@@H](Cc1ccccc1)C(=O)N[C@@H](CO)C(N)=O)C(=O)N[C@H](C(=O)N[C@@H](Cc1ccccc1)C(=O)C(=O)[C@@H](N)CC(C)C)[C@@H](C)O.CC(C)[C@H](N)C=O.CC[C@H](C)C[C@H](N[C@@H](CO)C(=O)O)C(=O)N[C@@H](CCCCN)C(N)=O.C[C@@H](O)[C@@H](C=O)NC(=O)[C@@H](N)CCCCN.N.NCCCC[C@H](NC(=O)[C@H](CCCCN)NC(=O)[C@@H](N)CO)C(N)=O.O=C1N[C@H]1CO
C2(=O)[C@@H]%36CCCCN.C%13(=O)[C@@H]%37CCC(=O)O.C%24(=O)[C@@H]%38CCCCN.C%46(=O)[C@@H]%40CCCCN.[C@H]%52(CCCCN)C%10=O.[C@H]%53(CCC(N)=O)C%11=O.[C@H]%55(CCCCN)C%14=O.[C@H]%59(CCC(N)=O)C%18=O.[C@H]%65(CCCCN)C%27=O.[C@H]%71(CCC(=O)O)C%31=O.[C@H]%73(CCC(N)=O)C%32=O.[C@H]%73(CCC(=O)O)C%33=O.CC[C@H](C)[C@H]%34C8=O.C%57(=O)[C@@H]%41CCC%42.C%68(=O)[C@@H]%45CC(=O)O.C%88(=O)[C@@H]%48CC(N)=O.C4(=O)[C@@H]%50CC(C)C.C5(=O)[C@@H]%53CC(C)C.C[C@@H](=O)[C@@H](N)CC(C)C.[C@@H]%58(C%20=O)[C@@H](C)CC.[C@H]%64(CC(N)=O)C%22=O.[C@H]%66(CC(N)=O)C%26=O.[C@@H]%70(C%27=O)[C@@H](C)CC.c1%83ccc(O)cc1.[C@@H]%67(C%29=O)[C@@H](C)O.C%79(=O)[C@@H]%43C%82.c1%82ccccc1.C7(=O)[C@@H](N)C%83.c1%83ccccc1.[C@H]%53(C%84)C%12=O.c1%84ccccc1.N1%16CCC[C@H]1%76.[C@H]%62(CO)C%21=O.N1%22CCC[C@H]1%77.N1%25CCC[C@H]1%78.N1%27CCC[C@H]1%80.N1%29CCC[C@H]1%81.C2(=O)[C@@H]%36C.C%79(=O)[C@@H]%49C.[C@H]%60(C)C%18=O.[C@H]%74(C)C(=O)O.N%42C(=N)N.C3(=O)C%47.C%51C9=O.C6(=O)C%51.C%63C%14=O.C%28%76=O.C%26%77=O.C%28%78=O.C%30%80=O.N2%34.N%13%36.N%24%37.N%35%38.N%46%39.N%57%40.N%68%41.N%79%43.N%85%44.N3%45.N4%47.N5%48.N6%49.N7%50.N8%51.N9%52.N%10%53.N%11%54.N%14%56.N%15%58.N%17%59.N%18%60.N%19%61.N%20%62.N%21%63.N%22%64.N%23%65.N%26%67.N%27%69.N%28%70.N%30%71.N%31%72.N%32%73.N%33%74	INVALID
[C@@H]%18(CCCN=C(N)N)C%24=O.[C@@H]%20(CCCN=C(N)N)C%35=O.[C@@H]%29(CCCN=C(N)N)C4=O.[C@@H]%40(CCCN=C(N)N)C%15=O.[C@@H]%41(CCCN=C(N)N)C(N)=O.[C@@H]((CC(N)=O)C%49=O.[C@@H]%26(CCCCN)C%47=O.[C@@H]%26(CCCCN)C3=O.[C@@H]%37(CCCCN)C%14=O.[C@@H]%39(CCCCN)C%16=O.CC[C@@H](C)[C@@H]%17C%13=O.[C@@H]%23(CC(C)C)C%46=O.[C@@H]%34(CC(C)C)C%10=O.[C@H]%30(C6=O)[C@H](C)O.[C@H]%31(C8=O)[C@H](C)O.[C@H]%33(C9=O)[C@H](C)O.[C@@H]%32(C%43)C7=O.c1%43ccccc1.[C@@H]%36(CO)C%12=O.[C@@H]%19(C)C%22=O.[C@@H]%21(C)C%45=O.[C@@H]%25(C)C%48=O.[C@@H]%27(C)C5=O.[C@@H]%28(C)C5=O.C2(=O)CN.C%22C%35=O.N2%17.N%13%18.N%24%19.N%35%20.N%44%21.N%45%22.N%46%23.N%47%25.N%48%26.N3%27.N4%28.N5%29.N6%30.N7%31.N8%32.N9%33.N%10%34.N%11%36.N%12%37.N%14%38.N%15%39.N%16%40.N%16%42	INVALID
C3(=O)[C@@H]%32CCCCN.C%14(=O)[C@@H]%33CCCCN.C%25(=O)[C@@H]%37CCCCN.C6(=O)[C@@H]%48CCCCN.c1%75c[nH]c2ccccc12.[C@H]%53(CCC(N)=O)C%16=O.[C@H]%54(CCCCN)C%16=O.[C@H]%68(CCC(N)=O)C%21=O.[C@H]%68(CCC(=O)O)C%30=O.CC[C@H](C)[C@H]%31C%10=O.C%25(=O)[C@@H]%34CCC%35.C%47(=O)[C@@H]%39[C@@H](C)CC.C4(=O)[C@@H]%43[C@@H](C)CC.C5(=O)[C@@H]%45CCC%46.C9(=O)[C@@H](N)CC(N)=O.[C@@H]%52(C%15=O)[C@@H](C)CC.[C@H]%56(CC(=O)O)C%19=O.[C@H]%57(CC(N)=O)C%20=O.[C@H]%60(CC(N)=O)C%22=O.[C@H]%71(CC(N)=O)C(=O)O.[C@H]%54(CC%72)C%16=O.[C@@H]%56(C%18=O)[C@@H](C)O.[C@H]%61(CC))C%26=O.[C@H]%65(CCC%72)C%29=O.C6(=O)[C@@H]%44[C@@H](C)O.c1%75ccc(O)cc1.c1%77ccc(O)cc1.[C@@H]%62(C%23=O)C(C)C.[C@@H]%67(C%27=O)[C@@H](C)O.[C@@H]%67(C%30=O)[C@@H](C)O.C%36(=O)[C@@H]%38C%74.c1%74ccccc1.C4(=O)[C@@H]%44C%75.[C@H]%55(C%76)C%17=O.c1%76ccccc1.N1%18CCC[C@H]1%73.[C@H]%71(C%77)C(=O)O.N%40C(=N)N.C7(=O)C%45.N%49C(=N)N.N%63C(=N)N.C%61C%12=O.C%64C%28=O.C%19%73=O.N3%31.N%14%32.N%25%33.N%36%34.N%47%37.N%58%38.N%69%39.S%72C.N%79%41.N4%42.N5%43.N6%44.N7%45.N8%46.N9%48.N%10%49.N%11%50.N%12%51.N%13%53.N%15%54.N%16%55.N%17%56.N%17%57.N%19%60.N%20%61.N%21%62.N%22%63.N%23%64.N%24%65.N%27%66.N%28%67.N%29%70.N%30%71	INVALID
C2(=O)[C@@H]%14CCCN=C(N)N.C%13(=O)[C@@H]%15CCCN=C(N)N.C%35(=O)[C@@H]%16CCCN=C(N)N.C%37(=O)[C@@H]%17CCCN=C(N)N.[C@H]%25(CCCN=C(N)N)C(N)=O.C6(=O)[C@@H]%20CCCCN.CC[C@H](C)[C@H]%12C9=O.C%39(=O)[C@@H]%18CC(=O)O.C7(=O)[C@@H]%21CC(=O)O.[C@H]%23(CC(N)=O)C%11=O.c1%32ccc(O)ccc1.C8(=O)[C@@H](N)C(C)C.c1%33ccc(O)cc1.[C@@H]1%26CCCN1%34.[C@@H]1%27CCCN1%35.[C@@H]1%28CCCN1%37.[C@@H]1%29CCCN1%39.C3(=O)[C@@H]%19C%32.[C@@H]1%30CCCN15.[C@@H]1%31CCCN16.[C@H]%22(C)C%10=O.C%24%26=O.C%34%27=O.C%36%28=O.C%38%29=O.C4%30=O.C5%31=O.N2%12.N%13%14.N%24%15.N%36%16.N%38%17.N3%18.N4%19.N7%20.N8%21.N9%22.N%10%23.N%11%25	INVALID
C2(=O)[C@@H]%16CCCCN.C%13(=O)[C@@H]%17CCCCN.C%39(=O)[C@@H]%21CCCCN.C%41(=O)[C@@H]%25CCCCN.[C@H]%28(CCCCN)C7=O.[C@H]%34(CCCCN)C%14=O.CC(C)C[C@H]%15C5=O.C%35(=O)[C@@H]%19CC(C)C.C%38(=O)[C@@H]%20CC(C)C.C%40(=O)[C@@H]%23CC(C)C.[C@H]%29(CC(C)C)C8=O.[C@H]%32(CC(C)C)C%11=O.[C@H]%33(CC(C)C)C%12=O.C3(=O)[C@@H]%26C%37.c1%37ccccc1.[C@H]%27(C)C6=O.[C@H]%31(C)C%10=O.C%24(=O)C%18.C%42(=O)CN.C%26C5=O.C%30C9=O.C%36C(N)=O.N2%15.N%13%16.N%24%17.N%35%18.N%38%19.N%39%20.N%40%21.N%41%22.N%42%23.N3%25.N4%26.N5%27.N6%28.N7%29.N8%30.N9%31.N%10%32.N%11%33.N%12%34.N%14%36	CC(C)C[C@H](NC(=O)CN)C(=O)N[C@@H](CCCCN)C(=O)N[C@@H](CC(C)C)C(=O)N[C@@H](CC(C)C)C(=O)NCC(=O)N[C@@H](CCCCN)C(=O)N[C@@H](CCCCN)C(=O)N[C@@H](CC(C)C)C(=O)C(=O)C[C@@H](Cc1ccccc1)C(=O)N[C@@H](CCCCN)C(N)=O.CC(C)C[C@H](NC(=O)[C@H](C)NC(=O)CNC(=O)[C@H](CC(C)C)NC(=O)[C@H](CCCCN)NC(=O)[C@H](C)N)C(=O)N[C@@H](CC(C)C)C(=O)N[C@@H](CCCCN)C(=O)NCC(N)=O.N
C2(=O)[C@@H]4CCCCN.C%22(=O)[C@@H](N)CCCCN.C%17(=O)[C@H]6CCCN.C%19(=O)[C@@H]7CCN.C%20(=O)[C@@H]9CCN.C%21(=O)[C@@H]%10CCN.C=%14(N2)C(=O)O.C%13(=O)[C@@H]5C%16.c1%16cnc[nH]1.C%12CCCN.N=C(N)N3.C3CC=%15.C%18(=O)C8.C%18%14=O.N%134.N%175.N%186.N%197.N%208.N%219.N%22%10.N3%11	INVALID
[C@H]%20(CCCN=C(N)N)C%24=O.[C@H]%21(CCCN=C(N)N)C%35=O.[C@H]%31(CCCN=C(N)N)C6=O.[C@H]%42(CCCN=C(N)N)C%18=O.[C@H]%44(CCCN=C(N)N)C(N)=O.[C@H]%25(CCCCN)C%49=O.[C@H]%29(CCCCN)C3=O.[C@H]%38(CCCCN)C%14=O.[C@H]%39(CCCCN)C%15=O.CC[C@H](C)[C@H](N)C2=O.[C@H]%23(CC(C)C)C%48=O.[C@@H]%28(C%52=O)[C@@H](C)CC.[C@@H]%34(C9=O)[C@@H](C)CC.[C@@H]%36(C8=O)[C@@H](C)O.N19CCC[C@H]1%45.[C@H]%19(C)C%13=O.[C@H]%20(C)C%13=O.[C@H]%22(C)C%46=O.[C@H]%26(C)C%50=O.[C@H]%27(C)C%51=O.[C@H]%30(C)C5=O.[C@H]%32(C)C7=O.[C@H]%36(C)C%11=O.[C@H]%37(C)C%12=O.[C@H]%41(C)C%17=O.C%10%45=O.N2%19.N%13%20.N%24%21.N%35%22.N%46%23.N%47%25.N%48%26.N%49%27.N%50%28.N3%29.N4%30.N5%31.N6%32.N7%33.N8%34.N%10%36.N%11%37.N%12%38.N%14%39.N%15%40.N%16%41.N%16%42.N%17%43.N%18%44	CC[C@H](C)[C@H](N)C(=O)N[C@@H](C)C(=O)C(=O)[C@H](C)[C@@H](CCCN=C(N)N)C(=O)N[C@@H](CCCN=C(N)N)C(=O)N[C@@H](C)C(=O)N[C@@H](CC(C)C)C(=O)N[C@@H](C)C(=O)N[C@H](C=O)[C@@H](C)CC.CC[C@H](C)[C@H](NC(=O)[C@H]([C@@H](C)O)[C@@H](C)C(=O)N[C@@H](C)C(=O)N[C@@H](CCCCN)C(=O)N[C@@H](CCCCN)C(N)=O)C(=O)N1CCC[C@H]1C(N)=O.C[C@@H](C=O)NC(=O)[C@@H](N)CCCCN.C[C@H](N)C(=O)N[C@@H](CCCN=C(N)N)C(=O)N[C@@H](C)C(N)=O.C[C@H](NN[C@@H](CCCN=C(N)N)C(=O)N[C@@H](CCCN=C(N)N)C(N)=O)C(N)=O.N.NCCCC[C@@H]1NC1=O
c1%38c[nH]c2ccccc12.[C@H]%19(CCCCN)C%39=O.[C@H]%23(CCCCN)C%43=O.[C@H]%27(CCCCN)C6=O.[C@H]%31(CCCCN)C%10=O.[C@H]%33(CCCCN)C%15=O.C%14(=O)[C@@H]%18CC(C)C.[C@H]%20(CC(C)C)C%41=O.[C@H]%22(CC(C)C)C%42=O.[C@H]%35(CC(C)C)C%13=O.[C@@H]%28(C7=O)C(C)C.[C@H]%17(C%38)C%25=O.C[C@H]%16C%25=O.[C@@H]%35(C%12=O)[C@@H](C)O.[C@H]%21(CO)C%40=O.[C@H]%24(C)C4=O.[C@H]%29(C)C8=O.[C@H]%32(C)C%11=O.[C@H]%34(C)C%12=O.[C@H]%37(C)C(N)=O.C%26C5=O.CS%38.N3%16.N%14%17.N%25%18.N%36%19.N%39%20.N%40%21.N%41%22.N%42%23.N%43%24.N4%26.N5%27.N6%28.N7%29.N8%30.N9%31.N%10%32.N%11%33.N%12%34.N%13%35.N%15%37	CC(C)C[C@@H](C(N)=O)[C@H](C(=O)C(=O)[C@H](C)N)[C@@H](C)O.CC(C)C[C@H](N)C(=O)N[C@@H](Cc1c[nH]c2ccccc12)C(=O)C(=O)[C@H](C)N.CC(C)C[C@H](NC(=O)[C@H](CC(C)C)NC(=O)[C@@H](N)CCCCN)C(=O)N[C@@H](CCCCN)C(=O)N[C@@H](C)C(=O)NCC(=O)N[C@@H](CCCCN)C(=O)N[C@H](C(=O)N[C@@H](C)C(N)=O)C(C)C.CS.C[C@H](NC(=O)[C@H](CCCCN)NC(=O)[C@H](C)NC(=O)[C@@H](N)CCCCN)C(N)=O.O=C1N[C@H]1CO
[C@H]%19(CCCN=C(N)N)C3=O.[C@H]%20(CCCN=C(N)N)C4=O.[C@H]%21(CCCN=C(N)N)C8=O.[C@H]%25(CCCN=C(N)N)C%12=O.C%37(=O)[C@@H]%17CCCCN.CC[C@H](C)[C@H]%14C%40=O.C%38(=O)[C@@H]%18CC(N)=O.C%39(=O)[C@@H]%19CC(N)=O.[C@H]%27(CC(C)C)C(N)=O.c1%34ccc(O)cc1.C%13(=O)[C@@H]%16C(C)C.c1%36ccc(O)cc1.C2(=O)[C@@H]%15C%34.[C@@H]1%28CCCN1%35.[C@@H]1%29CCCN1%37.N1%39CCC[C@H]1%30.N1%41CCC[C@H]1%31.N14CCC[C@H]1%32.N15CCC[C@H]1%33.[C@H]%22(CS)C9=O.[C@H]%23(C%36)C%11=O.c1%34cnc[nH]1.C%24%28=O.C%35%29=O.C%40%30=O.C3%31=O.C5%32=O.C6%33=O.N2%14.N%13%15.N%24%16.N%38%17.N%40%18.N3%19.N6%20.N7%21.N8%22.N9%23.N%10%25.N%11%26.N%12%27	CC(C)C[C@H](NC(=O)[C@@H](N)CCCN=C(N)N)C(N)=O.CC[C@H](C)[C@H](NC(=O)[C@H](Cc1ccc(O)cc1)NC(=O)[C@@H](NC(=O)[C@@H]1CCCN1C(=O)[C@@H]1CCCN1C(=O)[C@H](CCCCN)NC(=O)[C@@H](N)CC(N)=O)C(C)C)C(=O)C(=O)[C@@H]1CCCN1C(=O)[C@H](CC(N)=O)[C@@H](CCCN=C(N)N)C(=O)C(=O)[C@@H]1CCCN1.N.NC(=O)[C@H](Cc1ccc(O)cc1)NC(=O)[C@H](CS)NC(=O)[C@@H](N)CCCN=C(N)N.NC(N)=NCCC[C@@H]1NC(=O)[C@@H]2CCCN2C(=O)[C@@H]2CCCN2C1=O.c1c[nH]cn1
[C@@H]13NC(=O)[C@@H]4NC(=O)[C@H]5NC(=O)[C@@H]6NC(=O)[C@H]7NC(=O)[C@@H]8NC1=O.c19ccccc1.c1%10ccccc1.c1%11ccccc1.NCCC3.C4CCN.C8CCN.C59.C6%10.C7%11	NCCC[C@@H]1NC(=O)[C@@H](CCCN)NC(=O)[C@H](Cc2ccccc2)NC(=O)[C@@H](Cc2ccccc2)NC(=O)[C@H](Cc2ccccc2)NC(=O)[C@@H](CCCN)NC1=O
C%18(=O)[C@@H](N)CCCCN.[C@H]9(CCCCN)C%22=O.[C@H]%11(CCCCN)C3=O.C%13(=O)[C@H]6CCCN.C%17(=O)[C@@H]7[C@@H](O)CN.N1%19CCC[C@H]1%14.N%21C=%15C%21=O.N%22C=%16%15C%23=O.[C@@H]4C%19=O.c1%16cnc[nH]1.C%12CCCN.C2(=O)C5.C=%15CC%10.N%10C(=N)N.C%20%14=O.N24.N%135.N%176.N%187.N%208.N%219.N%23%11.N3%12	INVALID
[C@H]%21(CCCN=C(N)N)C%24=O.[C@H]%22(CCCN=C(N)N)C%35=O.[C@H]%29(CCCN=C(N)N)C4=O.[C@H]%44(CCCN=C(N)N)C(=O)O.[C@H]%26(CCC(=O)O)C%46=O.[C@H]%28(CCCCN)C3=O.[C@H]%33(CCCCN)C8=O.[C@H]%36(CCC(N)=O)C%11=O.[C@H]%38(CCCCN)C%14=O.[C@H]%39(CCCCN)C%15=O.CC[C@H](C)[C@H](N)C2=O.[C@H]%23(CC(C)C)C%50=O.[C@H][C@H](CC(N)=O)C%52=O.[C@@H]%34(C9=O)[C@@H](C)CC.[C@@H]%33(C8=O)[C@@H](C)O.[C@H]%20(CS)C%13=O.N1%50CCC[C@H]1%45.[C@H]%25(CS)C%51=O.[C@H]%32(C%47)C7=O.c1%47ccccc1.[C@H]%34(CO)C%10=O.[C@H]%37(CO)C%12=O.[C@H]%40(CS)C%16=O.[C@H]%43(C%48)C%19=O.c1%48ccccc1.[C@H]%30(C)C5=O.[C@H]%31(C)C6=O.C%41C%17=O.C%52%45=O.N2%20.N%13%21.N%24%22.N%35%23.N%46%25.N%49%26.N%51%27.N%52%28.N3%29.N4%30.N5%31.N6%32.N7%33.N8%34.N9%36.N%11%37.N%12%38.N%14%39.N%15%40.N%16%41.N%17%42.N%18%43.N%19%44	CC[C@H](C)[C@@H](C(=O)N[C@@H](CCC(N)=O)C(=O)N[C@@H](CO)C(=O)N[C@@H](CCCCN)C(=O)N[C@@H](CCCCN)C(=O)N[C@@H](CS)C(=O)NCC(N)=O)[C@H](C=O)CO.C[C@@H](O)[C@H]1C(=O)C(=O)[C@@H]1CCCCN.C[C@H](NC(=O)[C@H](C)NC(=O)[C@H](CCCN=C(N)N)NC(=O)[C@@H](N)CCCCN)C(=O)N[C@@H](Cc1ccccc1)C(N)=O.N.NC(=O)[C@H](CS)NC(=O)[C@@H](N)CCC(=O)O.NC(N)=NCCC[C@H](NC(=O)[C@@H](N)Cc1ccccc1)C(=O)O.[CH][C@H](CC(N)=O)C(=O)C(=O)[C@@H]1CCCN1C(=O)[C@H](CC(C)C)NC(=O)[C@H](CCCN=C(N)N)NC(=O)[C@H](CCCN=C(N)N)NC(=O)[C@H](CS)NC(=O)[C@@H](N)[C@@H](C)CC
C2(=O)[C@@H]3CCCCN.C%18(=O)[C@@H](N)CCCCN.C%14(=O)[C@H]5CCCN.C%16(=O)[C@@H]7[C@@H](O)CN.C%17(=O)[C@@H]8[C@@H](O)CN.C=%11(N2)C%19=O.C%12(=O)[C@@H]4C%11.[C@@H]1%10CCCN1%14.c1%11cnc[nH]1.NC(N)N3.C3CC=%10.C%15(=O)C6.C%13%10=O.N%123.N%134.N%155.N%166.N%177.N%188.N%199	INVALID
[C@H]8(CCCCN)C%13=O.[C@H]%15(CCCCN)C4=O.[C@H]%17(CCCCN)C(N)=O.CC[C@H](C)[C@H](N)C2=O.[C@H]9(CC(C)C)C%13=O.[C@H]%11(CC(C)C)C%27=O.[C@@H]%10(C%26=O)C(C)C.[C@@H]%12(C%30=O)C(C)C.[C@@H]1(C5=O)C(C)C.N1%13CCC[C@H]1%18.N1%26CCC[C@H]1%19.N1%28CCC[C@H]1%20.N1%31CCC[C@H]1%21.[C@H]%14(C%23)C3=O.N13CCC[C@H]11.N15CCC[C@H]1%22.[C@H]%16(C%25)C7=O.c1%23cnc[nH]1.C%24%18=O.C%29%19=O.C%31%20=O.C4%21=O.C6%22=O.N28.N%249.N%27%10.N%29%11.N%30%12.N3%14.N4%15.N6%16.N7%17	INVALID
C2(=O)[C@@H]%14CCCN=C(N)N.C%13(=O)[C@@H]%15CCCN=C(N)N.C%36(=O)[C@@H]%16CCCN=C(N)N.C%37(=O)[C@@H]%17CCCN=C(N)N.C%38(=O)[C@@H]%18CCCN=C(N)N.[C@H]%26(CCCN=C(N)N)C(N)=O.C6(=O)[C@@H]%20CCCCN.C6(=O)[C@@H]%21CCCCN.CC[C@H](C)[C@H]%12C9=O.C%40(=O)[C@@H]%19CC(C)C.C7(=O)[C@@H]%22CC(=O)O.[C@H]%25(CC(N)=O)C%11=O.c1%32ccc(O)cc1.c1%33ccc(O)cc1.c1%34ccc(O)cc1.[C@@H]1%27CCCN1%35.[C@@H]1%28CCCN1%36.[C@@H]1%29CCCN1%37.[C@@H]1%30CCCN1%40.[C@@H]1%31CCCN15.[C@@H]1%32CCCN16.[C@H]%23(C%34)C%10=O.C%24%27=O.C%35%28=O.C%39%29=O.C4%30=O.C4%31=O.C5%33=O.N2%14.N%13%15.N%24%16.N%38%17.N%39%18.N3%19.N4%20.N7%21.N8%22.N9%23.N%10%25.N%11%26	CC(C)C[C@H](N)C(=O)N1CCC[C@H]1C(=O)C(=O)[C@@H]1CCCN1C(=O)c1ccc(O)cc1.CC[C@H](C)CC(=O)N[C@@H](Cc1ccc(O)cc1)C(=O)N[C@@H](CC(N)=O)C(=O)N[C@@H](CCCN=C(N)N)C(N)=O.NC(N)=NCCC[C@@H]1NC(=O)[C@@H]2CCCN2C(=O)[C@@H]2CCCN2C1=O.NC(N)=NCCC[C@@H]1NC(=O)[C@@H]2CCCN2C(=O)[C@H](CCCN=C(N)N)NC1=O.NC(N)=NCCC[C@@H]1NC1=O.NC(N)=NCCC[C@@H]1NC1=O.NCCCC[C@H](NC(=O)[C@@H](N)CC(=O)O)C(=O)C(=O)[C@@H](N)CCCCN.Oc1ccc([C@@H]2CCCN2)cc1
C%13(=O)[C@@H]5CCCCN.C%22(=O)[C@@H](N)CCCCN.[C@H]%11(CCCCN)C3=O.C%18(=O)[C@@H]7[C@@H](O)CN.C%21(=O)[C@@H]%10[C@@H](O)CN.C2(=O)[C@@H]6C%16.[C@@H]1%14CCCN1%18.C%20(=O)[C@@H]9CO.CC[C@H]4C%23=O.c1%16cnc[nH]1.C%12CCCN.C=%15C=O.C4CC=%15.C%19(=O)C8.C%17%14=O.N%135.N%176.N%197.N%208.N%219.N%22%10.N%23%11.N3%12	CC[C@H](CCC=CC=O)C(=O)N[C@@H](CCCCN)C(=O)NCCCCN.NCCCC[C@@H]1NC1=O.NCCCC[C@H](N)C(=O)N[C@H](C(=O)N[C@@H](CO)C(=O)NCC(=O)N[C@H](C(=O)N1CCC[C@H]1C(=O)N[C@H](C=O)Cc1cnc[nH]1)[C@@H](O)CN)[C@@H](O)CN
C2(=O)[C@@H]%12CCCCN.C8(=O)[C@@H]3CCCCN.CC4C[C@H]%10C(=O)O.C2(=O)[C@@H]%11C5.C7(=O)[C@@H]%13CO.[C@@H]15CCCN1%10.[C@@H]15CCCN1.C94=O.C5(N)=O.N2%11.N6%12.N8%13.N93	CC(C[C@@H](C(=O)O)N1CCC[C@H]1C[C@H](N)C(=O)C(=O)[C@@H](N)CCCCN)C(=O)N[C@@H](CCCCN)C(=O)N[C@H](C=O)CO.NC(=O)[C@@H]1CCCN1
[C@H]9(CCCN=C(N)N)C%24=O.[C@H]%10(CCCCN)C%25=O.[C@H]%12(CCCCN)C%27=O.[C@H]%15(CCCCN)C%28=O.[C@H]%16(CCCCN)C4=O.CC(C)C[C@H]7C%13=O.C2(=O)[C@@H](N)CC(C)C.[C@@H]%14(C%28=O)C(C)C.[C@@H]%18(C(N)=O)C(C)C.[C@H]8(CS)C%23=O.[C@H]%11(C%20)C%26=O.c1%20ccccc1.N1%13CCC[C@H]1%19.[C@H]%11(C%21)C%27=O.c1%21ccccc1.[C@H]%17(C)C5=O.C%22%19=O.N27.N%228.N%239.N%24%10.N%25%11.N%26%12.N%27%14.N%28%15.N3%16.N4%17.N6%18	CC(C)C[C@H](NC(=O)[C@@H](N)CC(C)C)C(=O)N1CCC[C@H]1C(=O)N[C@@H](CS)C(=O)N[C@@H](CCCN=C(N)N)C(=O)N[C@@H](CCCCN)C(N)=O.CC(C)[C@H](N)C(=O)C(=O)[C@@H](N)CCCCN.CC(C)[C@H](N)C(N)=O.C[C@@H](C=O)NC(=O)[C@@H](N)CCCCN.NCCCC[C@@H]1NC(=O)[C@H](Cc2ccccc2)[C@@H](Cc2ccccc2)C(=O)C1=O
C%18(=O)[C@@H]8CCCN=C(N)N.C3(=O)[C@@H]%21CCCCN.C%14(=O)[C@@H]4CCCCN.c1%10c[nH]c2ccccc12.C%16(=O)[C@@H]6CCCCN.c1%11c[nH]c2ccccc12.c1%12c[nH]c2ccccc12.CC[C@H](C)[C@H]%20C%19=O.C%15(=O)[C@@H]5C%11.C%17(=O)[C@@H]7C%12.[C@H]8(C%13)C(N)=O.c1%13ccccc1.c19cnc[nH]1.N3%20.N%14%21.N%154.N%165.N%176.N%187.N%198	CC[C@H](C)[C@H](NC(=O)[C@H](CCCCN)NC(=O)[C@H](CCCCN)NC(=O)[C@H](Cc1c[nH]c2ccccc12)NC(=O)[C@H](CCCCN)NC(=O)[C@H](Cc1c[nH]c2ccccc12)NC(=O)[C@H](CCCN=C(N)N)[C@@H](Cc1ccccc1)C(N)=O)C(N)=O.c1c[nH]cn1.c1ccc2[nH]ccc2c1
C%13(=O)[C@@H]7CCCCN.C%22(=O)[C@@H](N)CCCCN.[C@H]%11(CCCCN)C%25=O.CC(C)C[C@H]5C%23=O.C%20(=O)[C@@H]8CCCN.C2(=O)[C@@H]6C%18.c1%18ccccc1.[C@H]9(C%19)C%24=O.c1%19ccccc1.[C@H]%12(C%17)C%26=O.N14CCC[C@H]1%16.c1%17cnc[nH]1.C%15CCCN.N=C(N)N4.C%10C%25=O.C%14C3=O.N25.N%136.N%207.N%218.N%229.N%23%10.N%24%11.N%25%12.N%26%14.N3%15	CC(C)C[C@H](NC(=O)[C@H](Cc1ccccc1)NC(=O)[C@H](CCCCN)NC(=O)[C@@H](N)CCCN)C(=O)NCC(=O)C(=O)[C@H](CCCCN)NC(=O)[C@H](Cc1ccccc1)NC(=O)[C@@H](N)CCCCN.N=C(N)NN1CCCC1.NCCCCNC(=O)CNC(=O)[C@@H](N)Cc1cnc[nH]1
C2(=O)[C@@H]9CCCN=C(N)N.C%26(=O)[C@@H]%12CCCN=C(N)N.[C@H]%20(CCCN=C(N)N)C(=O)O.C%30(=O)[C@@H](N)CCCCN.[C@H]%18(CCCCN)C5=O.CC[C@H](C)[C@H]7C3=O.C%13(=O)[C@@H]9[C@@H](C)CC.C%24(=O)[C@@H]%10CC(N)=O.[C@@H]%17(C4=O)C(C)C.C%25(=O)[C@@H]%11C%21.c1%21ccccc1.C%27(=O)[C@@H]%14C%22.c1%22ccccc1.C%29(=O)[C@@H]%16C%23.c1%23ccccc1.C%28(=O)C%15.C%19C6=O.N27.N%138.N%249.N%25%10.N%26%11.N%27%12.N%28%14.N%29%15.N%30%16.N3%17.N4%18.N5%19.N6%20	CC[C@H](C)[C@@H](C(N)=O)[C@@H](CCCN=C(N)N)C(=O)N[C@H](C(=O)N[C@H](C(=O)N[C@@H](CCCCN)C(=O)NCC(=O)N[C@@H](CCCN=C(N)N)C(=O)O)C(C)C)[C@@H](C)CC.NCCCC[C@H](N)C(=O)N[C@@H](Cc1ccccc1)C(=O)NCC(=O)N[C@@H](Cc1ccccc1)C(=O)N[C@@H](CCCN=C(N)N)C(=O)N[C@@H](Cc1ccccc1)C(=O)N[C@@H](CC(N)=O)C(N)=O
C%16(=O)[C@@H](N)CCCN=C(N)N.[C@H]8(CCCN=C(N)N)C%19=O.C%14(=O)[C@@H]5CCCCN.C%15(=O)[C@@H]6CCCCN.CC[C@H](C)[C@H]3C%17=O.C2(=O)[C@@H]4CC(N)=O.[C@@H]1%11CCCN1%14.[C@H]9(C%12)C%20=O.c1%12ccccc1.[C@H]%10(CO)C(=O)O.C%13%11=O.N23.N%134.N%155.N%166.N%177.N%188.N%199.N%20%10	CC[C@H](C)[C@H](NC(=O)[C@H](CC(N)=O)NC(=O)[C@@H]1CCCN1C(=O)[C@H](CCCCN)NC(=O)[C@H](CCCCN)NC(=O)[C@@H](N)CCCN=C(N)N)C(N)=O.NC(N)=NCCC[C@H](N)C(=O)N[C@@H](Cc1ccccc1)C(=O)N[C@@H](CO)C(=O)O
[C@H]9(CC(C)C)C%25=O.[C@H]%17(CC(C)C)C5=O.[C@H]8(CCCN)C%24=O.[C@H]%17(CCCN)C4=O.c1%22ccc(O)cc1.[C@H]7(C%19)C%24=O.[C@H]%11(C%20)C%26=O.[C@H]%12(C%21)C%27=O.[C@H]%16(C%22)C4=O.C[C@H](N)C2=O.C6CC2=O.c1%19cnc[nH]1.c1%21cnc[nH]1.[C@H]7(C)C%23=O.C%10C%25=O.C%15C3=O.C%13(C)=O.N26.N%137.N%238.N%249.N%25%10.N%26%11.N%27%12.N%28%14.N%29%15.N3%16.N4%17.N5%18	CC(C)C[C@@H](C(N)=O)[C@@H](CCCN)C(=O)C(=O)[C@H](Cc1ccc(O)cc1)NC(=O)CN.CC(C)C[C@H](N)C(=O)C(=O)CN.CC(N)=O.C[C@@H]1NC1=O.C[C@H](N)C(=O)C(=O)CCN.C[C@H]1C(=O)N[C@@H](CCCN)C(=O)C(=O)[C@@H]1Cc1cnc[nH]1.N.N.O=C1N[C@H]1Cc1cnc[nH]1
c1%19c[nH]c2ccccc12.C%14(=O)[C@@H]8CCCCN.C%21(=O)[C@@H]9CCCCN.C%25(=O)[C@@H]%12CCCCN.[C@H]%13(CCCCN)C4=O.CC(C)C[C@H]6C%27=O.C%22(=O)[C@@H]%10CC(C)C.[C@H]%15(CC(C)C)C4=O.[C@H]%16(CC(C)C)C5=O.C3(=O)[C@@H]7C%19.C%23(=O)[C@@H]%11C%20.c1%20ccccc1.[C@@H]1%17CCCN1%25.C%26(=O)[C@@H](N)C%20.c1%18cnc[nH]1.C%24%17=O.N36.N%147.N%218.N%229.N%23%10.N%24%11.N%26%12.N%27%13.N4%15.N5%16	CC(C)C[C@@H]1NC1=O.CC(C)C[C@H](NC(=O)[C@H](Cc1ccccc1)NC(=O)[C@@H]1CCCN1C(=O)[C@H](CCCCN)NC(=O)[C@H](C)N)C(=O)N[C@@H](CCCCN)C(=O)N[C@@H](CCCCN)C(=O)N[C@@H](Cc1c[nH]c2ccccc12)C(=O)N[C@@H](CC(C)C)C(=O)N[C@@H](CCCCN)C(=O)C(=O)[C@@H](N)CC(C)C.c1c[nH]cn1
C1(=O)[C@@H]5CCCCN.C%12(=O)[C@@H]6CCCCN.C%20(=O)[C@@H]%11CCCCN.C%21(=O)[C@@H]%13CCCCN.CC[C@H](C)[C@H]4C2=O.C%17(=O)[C@@H]8CC(C)C.C%18(=O)[C@@H]9CC(C)C.C%19(=O)[C@@H]%10CC(N)=O.[C@H]%14(CC(C)C)C3=O.C%16(=O)[C@H]7CO.C[C@H]4C2=O.C%22(=O)CN.C%15C(=O)O.N14.N%125.N%166.N%177.N%188.N%199.N%20%10.N%21%11.N%22%13.N2%14.N3%15	CC(C)C[C@H](N)C(=O)NCC(=O)O.CC(C)C[C@H](NC(=O)[C@H](CC(N)=O)NC(=O)[C@H](CCCCN)NC(=O)[C@H](CCCCN)NC(=O)CN)C(=O)N[C@@H](CC(C)C)C(=O)N[C@H](CO)C(=O)N[C@@H](CCCCN)C(=O)N[C@@H](CCCCN)C(N)=O.CC[C@H](C)[C@H]1C(=O)C(=O)[C@@H]1C
C%11(=O)[C@@H]4CCCCN.[C@H]5(CCCCN)C%14=O.[C@H]7(CCCCN)C%16=O.CC[C@H](C)[C@H]2C%14=O.C1(=O)[C@@H]3CC(C)C.C%12(=O)[C@@H]5CC(C)C.[C@H]9(CC(C)C)C%18=O.[C@@H]8(C%17=O)[C@@H](C)O.[C@H]%10(CS)C(N)=O.[C@H]6(C)C%15=O.N12.N%113.N%124.N%135.N%146.N%157.N%168.N%179.N%18%10	CC(C)C[C@H](NC(=O)[C@@H](NC(=O)[C@H](CCCCN)NC(=O)[C@H](C)N)[C@@H](C)O)C(=O)N[C@@H](CS)C(N)=O.CC[C@H](C)[C@@H]1NC(=O)[C@H](CC(C)C)NC(=O)[C@H](CCCCN)NC(=O)[C@H](CC(C)C)[C@@H](CCCCN)C(=O)C1=O.N
[C@H]%10(CCCN=C(N)N)C%25=O.[C@H]%17(CCCN=C(N)N)C5=O.c1%21c[nH]c2ccccc12.[C@H]%13(CCCCN)C%28=O.CC[C@H](C)[C@H](N)C3=O.[C@H]%11(CC(C)C)C%26=O.[C@@H]%12(C%27=O)[C@@H](C)CC.[C@H]%16(CC(C)C)C4=O.[C@H]%18(CC(C)C)C6=O.[C@@H]7(C%14=O)[C@@H](C)O.c1%22ccc(O)cc1.[C@H]8(C%21)C%23=O.[C@H]9(C%20)C%24=O.[C@H]%15(C%22)C%29=O.[C@H]%19(CO)C(=O)O.c1%20cnc[nH]1.N37.N%148.N%239.N%24%10.N%25%11.N%26%12.N%27%13.N%28%15.N%29%16.N4%17.N5%18.N6%19	CC[C@H](C)[C@H](N)C(=O)N[C@H](C(=O)N[C@@H](Cc1c[nH]c2ccccc12)C(=O)N[C@@H](Cc1cnc[nH]1)C(=O)N[C@@H](CCCN=C(N)N)C(=O)N[C@@H](CC(C)C)C(=O)N[C@H](C(=O)N[C@@H](CCCCN)C(=O)N[C@@H](Cc1ccc(O)cc1)C(=O)N[C@@H](CC(C)C)C(=O)N[C@@H](CCCN=C(N)N)C(=O)N[C@@H](CC(C)C)C(=O)N[C@@H](CO)C(=O)O)[C@@H](C)CC)[C@@H](C)O
[C@H]9(CCCCN)C%14=O.[C@H]%10(CCCCN)C%25=O.[C@H]%15(CCCCN)C%29=O.[C@H]%18(CCCCN)C4=O.[C@H]%19(CCCCN)C5=O.[C@H]%21(CCCCN)C7=O.c1%24c[nH]c2ccccc12.[C@H]%11(CC(C)C)C%26=O.[C@H]%13(CC(C)C)C%27=O.[C@H]%16(CC(C)C)C%30=O.[C@H]%17(CC(C)C)C%31=O.[C@H]%20(CC(C)C)C6=O.[C@H]%22(CC(C)C)C8=O.[C@H]%23(CC(C)C)C(N)=O.CC3=O.N39.N%14%10.N%25%11.N%26%12.N%27%13.N%28%15.N%29%16.N%30%17.N%31%18.N4%19.N5%20.N6%21.N7%22.N8%23	CC(=O)N[C@@H](CCCCN)C(=O)N[C@@H](CCCCN)C(=O)N[C@@H](CC(C)C)C(N)=O.CC(C)C[C@@H]1NC1=O.CC(C)C[C@H](NC(=O)[C@H](CC(C)C)NC(=O)[C@H](CCCCN)NC(=O)[C@H](CC(C)C)NC(=O)[C@H](CCCCN)NC(=O)[C@H](CCCCN)NC(=O)[C@H](CC(C)C)NC(=O)[C@H](CC(C)C)NC(=O)[C@@H](N)CCCCN)C(N)=O.c1ccc2[nH]ccc2c1
C%10(=O)[C@@H]%16CCCN=C(N)N.C%12(=O)[C@@H]5CCCCN.C%13(=O)[C@@H](N)CCCCN.c16c[nH]c2ccccc12.c17c[nH]c2ccccc12.C3(=O)[C@@H]%15C6.c17ccccc1.C%11(=O)[C@@H]4C7.c18ccccc1.N3%14.N9%15.N%10%16.N%114.N%125.N%135	C[C@@H]1NC1=O.NC(=O)[C@@H](N)Cc1c[nH]c2ccccc12.NC(N)=NCCC[C@@H]1NC1=O.NCCCC[C@@H]1NC1=O.NCCCC[C@H](N)C(N)=O.c1ccc(-c2c[nH]c3ccccc23)cc1.c1ccccc1
C%25(=O)[C@@H](N)CCCN=C(N)N.[C@H]%12(CCCN=C(N)N)C%27=O.[C@H]%13(CCCN=C(N)N)C%28=O.[C@H]%16(CCCN=C(N)N)C%30=O.[C@H]%20(CCCN=C(N)N)C7=O.C3(=O)[C@@H]9CCCCN.c1%22c[nH]c2ccccc12.c1%23c[nH]c2ccccc12.CC[C@H](C)[C@H]8C%26=O.C%24(=O)[C@@H]%11CC(C)C.[C@H]%15(CC(N)=O)C%29=O.[C@@H]%18(C5=O)C(C)C.[C@@H]%21(C(N)=O)C(C)C.C%14(=O)[C@@H]%10C%22.[C@H]%17(CO)C4=O.[C@H]%19(C%23)C6=O.N38.N%149.N%24%10.N%25%11.N%26%12.N%27%13.N%28%15.N%29%16.N%30%17.N4%18.N5%19.N6%20.N7%21	CC[C@H](C)[C@H](NC(=O)[C@H](CCCCN)NC(=O)[C@H](Cc1c[nH]c2ccccc12)NC(=O)[C@H](CC(C)C)NC(=O)[C@@H](N)CCCN=C(N)N)C(=O)N[C@@H](CCCN=C(N)N)C(=O)N[C@@H](CCCN=C(N)N)C(=O)N[C@@H](CC(N)=O)C(=O)N[C@@H](CCCN=C(N)N)C(=O)N[C@@H](CO)C(=O)N[C@H](C(=O)N[C@@H](Cc1c[nH]c2ccccc12)C(=O)N[C@@H](CCCN=C(N)N)C(=O)N[C@H](C(N)=O)C(C)C)C(C)C
C3(=O)[C@@H](N)CCCN=C(N)N.[C@H]%17(CCC(=O)O)C%10=O.[C@H]4(CCC(=O)O)C%12=O.c19c[nH]c2ccccc12.[C@H]6(CCCCN)C%15=O.[C@H]7(CCCCN)C(=O)O.[C@H]%18(CS)C%11=O.N1%12CCC[C@H]18.[C@H]5(C9)C%14=O.C%138=O.N3%16.N%10%17.N%114.N%135.N%146.N%157	NC(=O)[C@@H](N)CCCN=C(N)N.NCCCC[C@H](NC(=O)[C@H](CCCCN)NC(=O)[C@H](Cc1c[nH]c2ccccc12)NC(=O)[C@@H]1CCCN1C(=O)[C@H](CCC(=O)O)NC(=O)CCS)C(=O)O.O=C(O)CC[C@@H]1NC1=O
[C@H]1%25CSSC[C@@H]%26NC(=O)[C@H]%27NC(=O)[C@@H]2CSSC[C@H](NC(=O)[C@H]5NC(=O)[C@H]6NC(=O)[C@H]7NC(=O)[C@H]8NC(=O)[C@H]9NC1=O)C(=O)N[C@@H]%10C(=O)N[C@@H]%11C(=O)N[C@@H]%12C(=O)NCC(=O)N[C@@H]%13C(=O)N[C@@H]%14C(=O)NCC(=O)N[C@@H]%16C(=O)N[C@@H]%17C(=O)N2.c1%20c[nH]c2ccccc12.CC(C)C[C@H]%22C%15=O.[C@H]%24(CC(C)C)C%21=O.c1%18ccc(O)cc1.C9CCN=C(N)N.C%10CCN=C(N)N.C%11CCN=C(N)N.C%16CCN=C(N)N.c1%19ccccc1.[C@H]%23(CO)C(=O)O.[C@H]%23(CO)C(N)=O.C%21(=O)CN.CC%26C.C7(C)C.C8(C)C.C4%25=O.N4%23.N%15%22.N%21%24.N%22%18.C%15%19.C%12%20.C%17%20	CC(C)C[C@@H]1NC1=O.CC(C)C[C@H](N)C(=O)C(=O)CN.CC(C)[C@@H]1CSSC[C@H](C(N)=O)C(=O)N[C@@H](CCCN=C(N)N)C(=O)N[C@@H](C(C)C)C(=O)N[C@@H](C(C)C)C(=O)NCC(=O)NCC(=O)N[C@H]2CSSC[C@H](NC(=O)[C@H](C)NC(=O)[C@H](CCCN=C(N)N)NC(=O)CNC(=O)CNC(=O)CNC(=O)CNC(=O)[C@H](Cc3c[nH]c4ccccc34)NC(=O)[C@H](CCCN=C(N)N)NC(=O)[C@H](CCCN=C(N)N)NC2=O)C(=O)NCC(=O)N1.Cc1ccccc1.NC(=O)[C@H](CO)[C@@H](CO)C(=O)O.Nc1ccc(O)cc1
c18ccc2ccccc2c1.c19cc(O)cccc1)cc2cc2cc2ccccc2c1.C=%10c1ccccc1.c1%11cccccc1.[C@H]4(CCN)C%14=O.C=(c1ccccc1.[C@@H]7(CCN)C%16=O.C8CCN=C(N)N.C6(C)CC=O.C%10(=%10C(N)=O.CC3=O.N3%17.N%12%18.N%13%19.N%145.N%156.N%167	INVALID
C%35(=O)[C@@H]%16CCCN=C(N)N.C%38(=O)[C@@H]%18CCCN=C(N)N.[C@H]%23(CCCN=C(N)N)C%11=O.C%37(=O)[C@@H]%19CCCCN.CC[C@H](C)[C@H]%12C5=O.C%36(=O)[C@@H]%17CC(N)=O.C%37(=O)[C@@H]%20CC(N)=O.[C@H]%26(CC(C)C)C(=O)O.c1%34ccc(O)cc1.C%13(=O)[C@@H]%16C(C)C.C2(=O)[C@@H]%14C%34.[C@@H]1%27CCCN1%35.N1%40CCC[C@H]1%28.N15CCC[C@H]1%29.N16CCC[C@H]1%30.[C@H]%22(C%33)C8=O.N18CCC[C@H]1%31.c1%32cnc[nH]1.c1%33cnc[nH]1.C3(=O)CN.N%25C(=N)N.C%24%26=O.C%39%27=O.C4%28=O.C6%29=O.C7%30=O.C9%31=O.N2%12.N%13%14.N%24%15.N%36%16.N%37%17.N%38%18.N%39%19.N4%20.N7%21.N9%22.N%10%23.N%11%26	CC(C)C[C@H](C(N)=O)C(=O)O.CC[C@H](C)[C@H](NC(=O)[C@H](Cc1ccc(O)cc1)NC(=O)[C@H](C(C)C)[C@@H](CCCN=C(N)N)C(=O)N1CCC[C@H]1C(=O)N[C@@H](CCCCN)C(=O)C(=O)[C@H](CC(N)=O)NC(=O)[C@@H]1CCCN1)C(=O)N1CCC[C@H]1C(=O)N1CCC[C@H]1C(N)=O.N=C(N)N.NC(=O)C[C@H](N)C(N)=O.NC(=O)[C@@H](N)CCCN=C(N)N.NC(N)=NCCC[C@@H]1NC1=O.NCC=O.O=C1N[C@@H](Cc2cnc[nH]2)C(=O)N2CCC[C@@H]12.c1c[nH]cn1
[C@@H]1%44CSSC[C@H]%44C(=O)N[C@@H]%50C(=O)NCC(=O)N[C@@H]%51C(=O)N[C@@H]%52C(=O)N1.CC[C@H](C)[C@H]%18C%19=O.C3(=O)[C@@H]%20CC(C)C.C%36(=O)[C@@H]%23CCC%24.C%53(=O)[C@@H]%27CC(N)=O.C3(=O)[C@@H]%28CCC%29.C4(=O)[C@@H]%30CC(=O)O.C5(=O)[C@@H]%31[C@@H](C)CC.C7(=O)[C@@H]%32[C@@H](C)CC.C8(=O)[C@@H]%34CC(C)C.C9(=O)[C@@H]%35CCC%37.C%10(=O)[C@@H]%38CC(C)C.C%11(=O)[C@@H]%38CC(C)C.C%13(=O)[C@@H]%39CCC%40.C%15(=O)[C@@H]%42CC(C)C.C%16(=O)[C@@H]%43CC(C)C.C%17(=O)[C@@H](N)CC(C)C.[C@@H]1%45CCCN13.[C@@H]1%48CCCN1%52.[C@@H]1%49CCCN1%13.N%19C(=N)N.N%24C(=N)N.N%29C(=N)N.N%29C(=N)N.N%33C(=N)N.N%37C(=N)N.N%41C(=N)N.N%42C(=N)N.C%25%45=O.C%47%45=O.C%55%46=O.C6%48=O.C%12%49=O.N3%18.N%14%20.N%25%21.N%36%22.N%47%23.N%53%23.N%54%26.N%55%27.N4%28.N5%30.N6%31.N7%32.N8%33.N%10%34.N%11%36.N%12%39.N%13%40.N%15%41.N%16%42.N%17%43	CC(C)C[C@H](NC(=N)N)C(=O)NNC(=N)N.CC(C)C[C@H](NC(=O)[C@@H](N)CC(C)C)C(N)=O.CC(C)C[C@H](NC(=O)[C@H](CC(C)C)[C@@H](CC(C)C)C(N)=O)C(=O)NNC(=N)N.CC[C@H](C)[C@@H]1NC1=O.CC[C@H](C)[C@H](NC(=O)[C@@H]1CCCN1[C@@H]1NC(=O)CNC(=O)CNC(=O)CNC(=O)[C@@H]2CSSC[C@@H]2NC1=O)C(=O)N[C@@H](CC(=O)O)C(=O)N[C@@H](CCCNC(=N)N)C(=O)C(=O)[C@@H](N)CC(C)C.CC[C@H](C)[C@H](NN1CCC[C@H]1C(N)=O)C(=O)NC(=N)N.N.N=C(N)N.N=C(N)NCCCCC=O.N=C(N)NCCC[C@H](NC=O)C(N)=O.NC(=O)C[C@H](NC=O)C(N)=O.NCCC[C@@H]1NC(=O)[C@@H]2CCCN2C1=O
C%14(=O)[C@@H]%18CCCN=C(N)N.C%45(=O)[C@@H]%22CCCN=C(N)N.c1%42c[nH]c2ccccc12.CC[C@H](C)[C@H]%16C%15=O.C%36(=O)[C@@H]%20[C@@H](C)CC.C5(=O)[C@@H]%28[C@@H](C)CC.C8(=O)[C@@H]%31[C@@H](C)CC.C9(=O)[C@@H]%32[C@@H](C)CC.[C@H]%37(CC(C)C)C(N)=O.C%25(=O)[C@@H]%19C(C)C.C%25(=O)[C@@H]%19C%38.C%48(=O)[C@@H]%26C%39.C4(=O)[C@@H]%27CO.C6(=O)[C@@H]%29C%42.C%10(=O)[C@@H]%33C%40.C%11(=O)[C@@H]%34C%43.c1%43ccccc1.C%12(=O)[C@@H]%35C%42.C3(=O)[C@@H]%17C.C%44(=O)[C@@H]%21C.C%44(=O)[C@@H]%23C.c1%38cnc[nH]1.c1%39cncc[nH]1.C7(=O)[C@@H]%30C.c1%40cnc[nH]1.C%47(=O)C%24.C%13(=O)CN.N3%16.N%14%17.N%25%18.N%36%19.N%44%20.N%45%21.N%46%22.N%47%23.N%48%24.N4%26.N5%27.N6%28.N7%29.N8%30.N9%31.N%10%32.N%11%33.N%12%34.N%13%35.N%15%37	INVALID
[C@H]%16(CCCN=C(N)N)C%38=O.[C@H]%17(CCCN=C(N)N)C4=O.[C@H]%19(CCCN=C(N)N)C7=O.[C@H]%20(CCCN=C(N)N)C8=O.C%13(=O)[C@@H]%14CCCN=C(N)N.C%34(=O)[C@@H](N)CCCN=C(N)N.[C@H]%15(CCCN=C(N)N)C%36=O.[C@H]%23(CCC(N)=O)C(=O)O.CC[C@H](C)[C@H]%11C%35=O.[C@H]%18(CC(C)C)C3=O.c1%32ccc(O)cc1.C2(=O)[C@@H]%12C%30.c1%30ccccc1.N1%36CCC[C@H]1%25.N13CCC[C@H]1%26.N15CCC[C@H]1%27.N16CCC[C@H]1%28.[C@H]%21(C%31)C9=O.c1%31ccccc1.[C@H]%22(C%32)C%10=O.N1%10CCC[C@H]1%29.C%37%25=O.C%37%26=O.C3%27=O.C5%28=O.C6%29=O.N2%11.N%13%12.N%24%14.N%34%15.N%35%16.N%37%17.N%38%18.N4%19.N4%20.N7%21.N9%22.N%10%23	CC[C@H](C)[C@H](NC(=O)[C@H](Cc1ccccc1)NC(=O)[C@@H](N)CCCN=C(N)N)C(=O)N[C@@H](CCCN=C(N)N)C(=O)N[C@@H](CC(C)C)C(=O)N1CCC[C@H]1C(=O)C(=O)[C@@H]1CCCN1C(=O)[C@H](CCCN=C(N)N)NC(=O)[C@@H](N)CCCN=C(N)N.NC(=O)CC[C@H](N)C(=O)O.NC(N)=NCCC[C@H](N)C=O.NC(N)=NCCC[C@H](NC(=O)[C@@H](N)CCCN=C(N)N)C(=O)N[C@@H](Cc1ccccc1)C(=O)N[C@@H](Cc1ccc(O)cc1)C(=O)N1CCC[C@H]1C(=O)N1CCC[C@H]1C(=O)N1CCC[C@H]1C=O
C%20(=O)[C@@H]9CCCN=C(N)N.C%21(=O)[C@@H]%10CCCN=C(N)N.C%25(=O)[C@@H](N)CCCN=C(N)N.C3(=O)[C@@H]5CCCCN.c1%16c[nH]c2ccccc12.c1%17c[nH]c2ccccc12.CC(C)C[C@H]5C(N)=O.C%19(=O)[C@@H]8C(C)C.C%14(=O)[C@@H]6C%16.C%14(=O)[C@@H]7CO.C%22(=O)[C@@H]%11C%17.C%24(=O)[C@@H]%13C%18.c1%18ccccc1.C%23(=O)C%12.N35.N%146.N%197.N%208.N%219.N%22%10.N%23%11.N%24%12.N%25%13.N4%15	CC(C)C[C@@H](C(N)=O)[C@@H](CCCCN)C(N)=O.CC(C)[C@H](NC(=O)[C@H](CCCN=C(N)N)NC(=O)[C@H](CCCN=C(N)N)NC(=O)[C@H](Cc1c[nH]c2ccccc12)NC(=O)CNC(=O)[C@H](Cc1ccccc1)NC(=O)[C@@H](N)CCCN=C(N)N)C(=O)N[C@@H](CO)C(=O)C(=O)[C@@H](N)Cc1c[nH]c2ccccc12.N
CCCCCCCCCCCCCC1=O.[C@H]%14(CCCN=C(N)N)C9=O.[C@H]3(CCCN=C(N)N)C%10=O.[C@H]4(CCCN=C(N)N)C%12=O.[C@H]7(CCN)C(=O)O.[C@H]6(C)C(=O)O.C%13C8=O.C4C%11=O.C5C%13=O.N1%13.N7%13.N8%14.N92.N%103.N%104.N%115.N%126	CCCCCCCCCCCCCC(=O)NN[C@@H](CCN)C(=O)O.C[C@H](NC(=O)[C@H](CCCN=C(N)N)CC(=O)NCC(=O)CC(=O)N[C@@H](CCCN=C(N)N)C(N)=O)C(=O)O.N.NC(N)=NCCC[C@@H]1NC1=O
C3(=O)[C@@H]9CCCN=C(N)N.C%23(=O)[C@@H]%11CCCN=C(N)N.[C@H]%20(CCCN=C(N)N)C7=O.c1%23c[nH]c2ccccc12.[C@H]%13(CCCCN)C%27=O.[C@H]%18(CCCCN)C5=O.[C@H]%19(CCCCN)C6=O.CC[C@H](C)[C@H]8C%26=O.C%14(=O)[C@@H]%10CC(N)=O.C%25(=O)[C@@H]%12[C@@H](C)CC.C%25(=O)[C@@H](N)CC(C)C.[C@@H]%15(C%29=O)[C@@H](C)CC.[C@H]%17(CC%22)C4=O.C%24(=O)[C@@H]%12C%23.[C@H]%21(C)C(N)=O.N38.N%149.N%24%10.N%25%11.N%26%12.N%27%13.N%28%15.N%29%16.S%20C.N4%18.N5%19.N6%20.N7%21	CCCC(=O)N[C@@H](CCCCN)C(=O)N[C@@H](CCCCN)C(N)=O.CC[C@H](C)[C@@H](C(=O)C(=O)[C@@H](N)CC(C)C)[C@@H](C)C(=O)N[C@@H](CC(N)=O)C(=O)N[C@@H](CCCN=C(N)N)C(=O)N[C@H](C(N)=O)[C@@H](C)CC.CC[C@H](C)[C@H](N)C(N)=O.CS[C@@H](CCCN=C(N)N)C(=O)N[C@@H](C)C(N)=O.NC(N)=NCCC[C@H](N)C(=O)c1c[nH]c2ccccc12.NCCCC[C@@H]1NC1=O
C2(=O)[C@@H]%14CCCN=C(N)N.C%13(=O)[C@@H]%15CCCN=C(N)N.C%35(=O)[C@@H]%16CCCN=C(N)N.C%37(=O)[C@@H]%19CCCN=C(N)N.[C@H]%26(CCCN=C(N)N)C%12=O.[C@H]%27(CCCN=C(N)N)C(N)=O.C%36(=O)[C@@H]%17CCC(N)=O.C6(=O)[C@@H]%22CCCCN.CC[C@H](C)[C@H]%12C9=O.C%39(=O)[C@@H]%20CC(C)C.C7(=O)[C@@H]%23CC(=O)O.[C@H]%26(CC(N)=O)C%11=O.c1%32ccc(O)cc1.C8(=O)[C@@H](N)C(C)C.c1%33ccc(O)cc1.[C@@H]1%28CCCN1%35.C3(=O)[C@@H]%21C%32.[C@@H]1%30CCCN15.[C@@H]1%31CCCN16.[C@H]%25(C%33)C%10=O.c1%32ccccc1.C%24%28=O.C%34%29=O.C4%30=O.C5%31=O.N2%12.N%13%14.N%24%15.N%36%16.N%37%17.N%38%18.N%39%19.N3%20.N4%21.N7%22.N8%23.N9%25.N%10%26.N%11%27	C=O.CC(C)C[C@H](NC(=O)[C@H](Cc1ccc(O)cc1)NC(=O)[C@@H]1CCCN1C(=O)[C@@H]1CCCN1C(=O)[C@H](CCCCN)NC(=O)[C@H](CC(=O)O)NC(=O)[C@@H](N)C(C)C)C(=O)N[C@@H](CCCN=C(N)N)C(=O)N[C@@H](CCC(N)=O)C(=O)N[C@@H](CCCN=C(N)N)C(=O)N1CCC[C@H]1C(=O)N[C@@H](CCCN=C(N)N)C(=O)N[C@@H](CCCN=C(N)N)C(N)=O.CC[C@H](C)[C@@H](C(=O)N[C@@H](Cc1ccc(O)cc1)C(N)=O)C(=O)[C@H](CCCN=C(N)N)[C@@H](CC(N)=O)C(=O)N[C@@H](CCCN=C(N)N)C(N)=O.N.c1ccccc1
c1%18c[nH]c2ccccc12.[C@H]6(CCCCN)C%14=O.[C@H]7(CCCCN)C%21=O.[C@H]%10(CCC(=O)O)C%24=O.[C@H]%13(CCCCN)C%27=O.CC[C@H](C)[C@H](N)C3=O.[C@H]%15(CC(C)C)C4=O.[C@H]8(C%18)C%22=O.[C@H]%11(C%19)C%25=O.[C@H]%12(C%20)C%26=O.c1%20ccccc1.[C@H]%16(C%21)C5=O.c1%21ccccc1.[C@H]%17(C)C(N)=O.C9C%23=O.N36.N%147.N%228.N%239.N%24%10.N%25%11.N%26%12.N%27%13.N%28%15.N4%16.N5%17	CC[C@H](C)[C@H](N)C(=O)N[C@@H](CCCCN)C(=O)N[C@@H](CCCCN)C(=O)C[C@H](NC(=O)[C@@H](N)CC(C)C)C(=O)N[C@@H](C)C(N)=O.C[C@@H]1NC1=O.NCCCC[C@@H]1NC1=O.O=C(O)CC[C@@H]1NC1=O.O=C1CN1.O=C1N[C@H]1Cc1c[nH]c2ccccc12.O=C1N[C@H]1Cc1ccccc1.c1ccccc1
[C@@H]11NC(=O)[C@H]5NC(=O)[C@H](C)NC(=O)[C@@H]2CSSC[C@@H]3NC(=O)[C@H]7NC1=O.c18ccccc1.c1%10ccccc1.c1%11ccccc1.CC4CC.[C@H]5(C)O.C68.C7%10	INVALID
C3(=O)[C@@H]8CCCN=C(N)N.C%24(=O)[C@@H]%13CCCN=C(N)N.[C@H]%19(CCCN=C(N)N)C(N)=O.c1%20c[nH]c2ccccc12.C%27(=O)[C@@H]%16CCC(N)=O.[C@H]%17(CCCCN)C5=O.CC[C@H](C)[C@H]7C4=O.C%14(=O)[C@@H]9CC(C)C.C%23(=O)[C@@H]%11[C@@H](C)CC.[C@H]%18(CC(=O)O)C6=O.C%22(=O)[C@@H]%10CS.C%25(=O)[C@@H]%15C%20.C%27(=O)[C@@H](N)CO.C%26(=O)CN.N37.N%148.N%219.N%22%10.N%23%11.N%24%12.N%25%13.N%26%15.N%27%16.N4%17.N5%18.N6%19	CC[C@H](C)[C@@H]1NC1=O.CC[C@H](C)[C@H](NC(=O)[C@H](CCCN=C(N)N)NC(=O)[C@@H](N)CC(C)C)C(=O)N[C@@H](CCCCN)C(=O)N[C@@H](CC(=O)O)C(=O)N[C@@H](CCCN=C(N)N)C(N)=O.NC(=O)CC[C@H](N)C(=O)C(=O)[C@@H](N)CO.NCC(=O)N[C@@H](Cc1c[nH]c2ccccc12)C(=O)N[C@@H](CCCN=C(N)N)C(N)=O.O=C1N[C@H]1CS
C3(=O)[C@H](CCC(N)=O.C%13(=O)[C@@H]%14CCCN=C(N)N.C%34(=O)[C@@H]%16CCCN=C(N)N.[C@H]%21(CCCN=C(N)N)C%10=O.C%35(=O)[C@@H]%15CCC(N)=O.CC[C@H](C)[C@H]%11C6=O.C2(=O)[C@@H]%12[C@@H](C)CC.C%37(=O)[C@@H]%17C(C)C.C3(=O)[C@@H]%18C(C)C.C4(=O)[C@@H]%19C(C)C.c1%32cccccc1.[C@@H]%23(C(=O)O)C(C)C.[C@@H]1%25CCCN1%24.[C@@H]1%26CCCN1%33.[C@@H]1%27CCCN1%36.N15CCC[C@H]1%28.N16CCC[C@H]1%29.[C@H]%20(C%31)C8=O.N18CCC[C@H]1%30.c1%31cnc[nH]1.N%22C(=N)N.C%24%25=O.C%33%26=O.C%36%27=O.C%38%28=O.C7%29=O.C9%30=O.N2%11.N%13%12.N%33%14.N%34%15.N%35%16.N%37%17.N%38%18.N4%19.N7%20.N9%21.N%10%23	INVALID
C%14(=O)[C@@H]%28CCC(N)=O.C%58(=O)[C@@H]%32CCCCN.C%63(=O)[C@@H]%34CCCCN.C5(=O)[C@@H]%38CCC(=O)O.C6(=O)[C@@H]%39CCCCN.C9(=O)[C@@H]%42CCCCN.C%16(=O)[C@@H]%49CCCCN.c1%60c[nH]c2ccccc12.C%19(=O)[C@@H]%52CCCCN.C%20(=O)[C@@H]%53CCCCN.c1%61c[nH]c2ccccc12.c1%62c[nH]c2ccccc12.[C@H]%54(CCC(=O)O)C%24=O.CC[C@H](C)[C@H]%26C%23=O.C3(=O)[C@@H]%27[C@@H](C)CC.C%58(=O)[C@@H]%33[C@@H](C)CC.C4(=O)[C@@H]%37[C@@H](C)CC.C7(=O)[C@@H]%40CC(C)C.C%12(=O)[C@@H]%45CC(C)C.C%18(=O)[C@@H]%50[C@@H](C)CC.[C@H]%55(CC(N)=O)C%24=O.C%11(=O)[C@@H]%44[C@@H](C)O.C%47(=O)[C@@H]%30CO.C%63(=O)[C@@H]%33C%59.c1%59ccccc1.C9(=O)[C@@H]%42CO.C%10(=O)[C@@H]%45C%60.c1%60ccccc1.C%17(=O)[C@@H]%50C%61.C%21(=O)[C@@H]%51C%62.[C@H]%56(CO)C%23=O.c1%57cnc[nH]1.C%13(=O)[C@@H]%48C.C%36(=O)CN.C%21(=O)CN.N3%26.N%14%27.N%25%28.N%36%29.N%47%30.N%58%31.N%63%32.N%64%33.N%65%34.N4%35.N5%37.N6%38.N7%39.N8%40.N9%41.N%10%42.N%11%43.N%12%44.N%13%45.N%15%46.N%16%48.N%17%49.N%18%50.N%19%51.N%20%52.N%21%53.N%22%54.N%23%55.N%24%56	CC(C)C[C@@H](C(=O)N[C@H](C(N)=O)[C@@H](C)O)[C@@H](Cc1c[nH]c2ccccc12)C(N)=O.CC[C@H](C)[C@@H](C(=O)C(=O)[C@@H](N)CCCCN)[C@@H](Cc1ccccc1)C(=O)C(=O)[C@@H](N)CCCCN.CC[C@H](C)[C@@H](C(N)=O)[C@@H](Cc1c[nH]c2ccccc12)C(=O)N[C@@H](CCCCN)C(=O)N[C@@H](C)C(N)=O.CC[C@H](C)[C@H](NC(=O)[C@@H](N)CCC(N)=O)C(=O)N[C@H](C(=O)C(=O)[C@@H](N)CO)[C@@H](C)CC.CC[C@H](C)[C@H](NC(=O)[C@H](CCC(=O)O)NC(=O)[C@H](CCCCN)NC(=O)[C@@H](N)CC(C)C)C(N)=O.N.N.N.N.NC(=O)C[C@H](N)C(=O)C(=O)[C@@H](N)CCC(=O)O.NCC(N)=O.NCCCC[C@H](NC(=O)[C@@H](N)CCCCN)C(=O)N[C@@H](Cc1c[nH]c2ccccc12)C(=O)C(=O)CN.NCCCC[C@H]1C(=O)C(=O)[C@@H]1CO.O=C1N[C@H]1CO.c1c[nH]cn1.c1ccccc1
C1(=O)[C@@H]3CCCN=C(N)N.[C@H]7(CCCCN)C%16=O.CC(C)C[C@H]2C%15=O.C%12(=O)[C@@H]5CC(C)C.C%13(=O)[C@@H]6CC(C)C.[C@H]9(CC(C)C)C%18=O.C%11(=O)[C@@H]4C(C)C.[C@@H]%10(C(N)=O)[C@@H](C)O.[C@H]8(CO)C%17=O.C%14(=O)CN.N12.N%113.N%124.N%135.N%146.N%157.N%168.N%179.N%18%10	CC(C)C[C@H](NC(=O)CN)C(=O)N[C@@H](CC(C)C)C(=O)N[C@H](C(=O)N[C@@H](CCCN=C(N)N)C(=O)N[C@@H](CC(C)C)C(=O)N[C@@H](CCCCN)C(=O)N[C@@H](CO)C(=O)N[C@@H](CC(C)C)C(=O)N[C@H](C(N)=O)[C@@H](C)O)C(C)C
[C@H]13NC(=O)[C@H]4NC(=O)[C@H]5NC(=O)[C@@H]6NC(=O)[C@H]7NC(=O)[C@@H]8NC1=O.C4CCN=C(N)N.C6CCN=C(N)N.c19ccccc1.c1%10ccccc1.[C@H]8(C)CC.[C@H]8(C)O.C59.C7%10	CCO.CC[C@H](C)[C@H]1NC(=O)CNC(=O)[C@H](CCCN=C(N)N)NC(=O)[C@H](Cc2ccccc2)NC(=O)[C@@H](CCCN=C(N)N)NC(=O)[C@H](Cc2ccccc2)NC1=O
C5(=O)[C@@H]%31CCCN=C(N)N.[C@H]%42(CCCN=C(N)N)C%17=O.C%14(=O)[C@@H]%23CCC(=O)O.C7(=O)[C@@H]%33CCCCN.C8(=O)[C@@H]%34CCCCN.c1%49c[nH]c2ccccc12.C%10(=O)[C@@H]%38CCCCN.[C@H]%43(CCCCN)C%19=O.CC[C@H](C)[C@H]%20C%13=O.C3(=O)[C@@H]%21CC(C)C.C%36(=O)[C@@H]%24CC(C)C.C%50(=O)[C@@H]%28CC(C)C.C4(=O)[C@@H]%30CC(C)C.C5(=O)[C@@H]%32CC(C)C.C%11(=O)[C@@H](N)CC(N)=O.[C@@H]%39(C%15=O)[C@@H](C)CC.[C@@H]%40(C%16=O)[C@@H](C)CC.C%25(=O)[C@@H]%23[C@@H](C)O.C%52(=O)[C@@H]%32[C@@H](C)O.C%47(=O)[C@@H]%26CO.C%51(=O)[C@@H]%27C%46.c1%46ccccc1..N1%11CCC[C@H]1%45.[C@H]%41(C%48)C%18=O.c1%48ccccc1.[C@H]%44(C)C(=O)O.C%49(=O)CN.C%12%45=O.N3%20.N%14%21.N%25%22.N%36%23.N%47%24.N%49%26.N%50%27.N%51%28.N%52%29.N4%30.N5%31.N6%32.N7%33.N8%34.N9%35.N%10%37.N%12%38.N%13%39.N%15%40.N%16%41.N%17%42.N%18%43.N%19%44	INVALID
C3(=O)[C@@H]4CCCN=C(N)N.[C@H]9(CCCN=C(N)N)C%19=O.[C@H]%10(CCCN=C(N)N)C(N)=O.c1%11c[nH]c2ccccc12.c1%12c[nH]c2ccccc12.c1%15c[nH]c2ccccc12.CC[C@H](C)[C@H]%21C%18=O.C%14(=O)[C@@H]5C%11.C%16(=O)[C@@H]7C%12.C%17(=O)[C@@H](N)C%13.c1%13ccccc1.[C@H]8(C%15)C%20=O.N3%21.N%144.N%155.N%166.N%177.N%188.N%199.N%20%10	CC[C@H](C)[C@H](NC(=O)[C@H](CCCN=C(N)N)NC(=O)[C@@H](N)Cc1c[nH]c2ccccc12)C(=O)N[C@@H](Cc1c[nH]c2ccccc12)C(=O)N[C@@H](CCCN=C(N)N)C(N)=O.NC(=O)[C@H](Cc1c[nH]c2ccccc12)NC(=O)[C@@H](N)Cc1ccccc1.NC(N)=NCCC[C@@H]1NC1=O
[C@@H]1%28NC(=O)[C@H]%29NC(=O)[C@H]4NC(=O)[C@H]5NC(=O)[C@H]6NC(=O)[C@H]7NC(=O)[C@H]8NC(=O)[C@H]9NC(=O)[C@H]%10NC(=O)[C@H]%11NC(=O)[C@H]%12NC(=O)[C@@H]%26CSSC[C@@H]%27NC(=O)[C@H]%13NC(=O)CNC(=O)[C@H]%15NC(=O)[C@H]%16NC(=O)[C@H]%17NC(=O)[C@H]%18NC(=O)[C@H]%19NC(=O)[C@H]%20NC(=O)[C@H]%21NC(=O)[C@H]%22NC1=O.C4CCN=C(N)N.C7CCN=C(N)N.C%11CCN=C(N)N.c1%22ccc(O)cc1.c1%24ccc(O)cc1.c1%23ccccc1.C5CCCN.C%10CC(N)=O.C%12CCCN.C%20CCCN.C5C(C)C.C8C(C)C.C%13C(N)=O.C%17C(N)=O.C6C(C)C.C%15(C)C.C%27(C)C.C4(C)C.C%17(C)C.C%22(C)C.C3%23.C%14%24.N3%25.N%14%24.C%19%21	CC(C)C.CC(C)C[C@@H]1NC(=O)CNC(=O)[C@H](CCC(N)=O)NC(=O)[C@H](CCCN=C(N)N)NC(=O)[C@H](CCCCN)NC(=O)CCSSC[C@@H](C(C)C)NC(=O)[C@H](CC(N)=O)NC(=O)CNC(=O)[C@H](C(C)C)NC(=O)CNC(=O)[C@H](CC(N)=O)NC(=O)CNC(=O)[C@@H]2C[C@H](NC(=O)[C@H](c3ccc(O)cc3)NC(=O)CNC(=O)CNC(=O)[C@H](CCCN=C(N)N)NC(=O)[C@H](CCCCN)NC(=O)[C@H](CC(C)C)NC(=O)[C@H](CCCN=C(N)N)NC1=O)C(=O)N[C@@H](CCCCN)C(=O)N2.CCC.CCC.CCC.NCc1ccc(O)cc1.NCc1ccccc1
[C@H]%12(CCCN=C(N)N)C%28=O.[C@H]%18(CCCN=C(N)N)C6=O.[C@H]8(CCCCN)C%24=O.[C@H]%10(CCCCN)C%25=O.c1%20c[nH]c2ccccc12.[C@H]%15(CCCCN)C%29=O.c1%21c[nH]c2ccccc12.c1%22c[nH]c2ccccc12.c1%23c[nH]c2ccccc12.CC(C)[C@H](N)C%14=O.[C@H]9(CO)C%26=O.[C@H]%11(C%20)C%27=O.[C@H]%13(C%21)C%30=O.[C@H]%16(C%22)C%31=O.[C@H]%17(CO)C5=O.[C@H]%19(C%23)C(=O)O.C3(=O)CN.N37.N%148.N%249.N%25%10.N%26%11.N%27%12.N%28%13.N%29%15.N%30%16.N4%17.N5%18.N6%19	CC(C)[C@H](N)C(=O)N[C@@H](CCCCN)C(=O)N[C@@H](CO)C(=O)N[C@@H](Cc1c[nH]c2ccccc12)C(=O)N[C@@H](CCCN=C(N)N)C(=O)N[C@@H](Cc1c[nH]c2ccccc12)C(=O)N[C@H](C=O)Cc1c[nH]c2ccccc12.NC(N)=NCCC[C@H](NC(=O)[C@@H](N)CO)C(=O)N[C@@H](Cc1c[nH]c2ccccc12)C(=O)O.NCC(N)=O.NCCCC[C@@H]1NC1=O.NCCCC[C@@H]1NC1=O
C%13(=O)[C@@H]6CCCCN.C%23(=O)[C@@H](N)CCCCN.C%19(=O)[C@H]8CCCN.C%21(=O)[C@@H]%10[C@@H](O)CN.C%22(=O)[C@@H]%11[C@@H](O)CN.C2(=O)C=%15C%13.[C@@H]1%14CCCN1%18.C%18(=O)[C@@H]7C%16.C[C@H]4C3=O.c1%16cnc[nH]1.C%12CCCN.C=%15CC5.N5C(=N)N.C%20(=O)C9.C%17%14=O.N24.N%176.N%187.N%208.N%219.N%22%10.N%23%11.N3%12	C[C@H](NC(=O)C(=CCCNC(=N)N)CC(=O)[C@H](CCCCN)NC(=O)[C@@H]1CCCN1C(=O)[C@@H](N)Cc1cnc[nH]1)C(=O)NCCCCN.NCCCC[C@H](N)C(=O)N[C@H](C(=O)N[C@H](C(=O)NCC(=O)N[C@@H](C=O)CCCN)[C@@H](O)CN)[C@@H](O)CN
[C@H]17CSSC[C@@H]8NC(=O)[C@H]9NC(=O)[C@@H]2CSSC[C@H](NC(=O)[C@H]%10NC1=O)C(=O)N[C@@H]%11C(=O)N[C@@H]%12C(=O)N[C@@H]%13C(=O)N[C@@H]%14C(=O)N2.[C@H]5(CCCN=C(N)N)C%20=O.[C@H]6(CCCCN)C(=O)O.[C@@H]%23(C%18=O)C(C)C.c1%16ccc(O)cc1.c1%17ccc(O)cc1.C%11CCN=C(N)N.C%12CCN=C(N)N.C%13CCCN.CC[C@@H]8C.C4(=O)C%22.[C@H]%11(C)CC.C%15C(=O)O.C%218=O.C9(C)C.N4%22.N%15%23.N%18%24.N%195.N%207.N%216.C%10%16.C%14%17	CC(C)[C@H](NCC(=O)O)C(N)=O.CCCC.CC[C@H](C)[C@@H]1CSSC[C@H](NC(=O)[C@@H](N)CCCN=C(N)N)C(=O)N[C@@H](Cc2ccc(O)cc2)C(=O)N[C@H]2CSSC[C@H](NC(=O)[C@H](Cc3ccc(O)cc3)NC(=O)[C@H](CCCCN)NC(=O)[C@H](CCCN=C(N)N)NC(=O)[C@H](CCCN=C(N)N)NC2=O)C(=O)N[C@@H](C(C)C)C(=O)N1.NCCCC[C@H](NC=O)C(=O)O.O=C1CN1
C2(=O)[C@@H](N)CCCN=C(N)N.[C@H]%11(CCCN=C(N)N)C%30=O.[C@H]%14(CCCN=C(N)N)C%31=O.[C@H]%17(CCCN=C(N)N)C5=O.[C@H]%18(CCCN=C(N)N)C(=O)O.CC[C@H](C)[C@H]9C%24=O.N1%24CCC[C@H]1%19.N1%30CCC[C@H]1%20.N1%31CCC[C@H]1%21.[C@H]%12(C%27)C%33=O.c1%27ccccc1.[C@H]%15(CO)C4=O.N1%34CCC[C@H]1%22.[C@H]%16(C%28)C7=O.c1%28ccccc1.N15CCC[C@H]1%23.N17CCC[C@H]1%25.N18CCC[C@H]1%26.C%28%19=O.C%29%20=O.C%32%21=O.C%34%22=O.C3%23=O.C6%25=O.C8%26=O.N29.N%13%10.N%29%11.N%32%12.N%33%14.N3%15.N4%16.N6%17.N8%18	CC[C@H](C)[C@H](NC(=O)[C@@H](N)CCCN=C(N)N)C(=O)N1CCC[C@H]1C=O.N.NC(N)=NCCC[C@@H]1NC(=O)[C@@H]2CCCN2C(=O)[C@H](Cc2ccccc2)NC(=O)[C@H](CO)NC(=O)[C@@H]2CCCN2C1=O.NC(N)=NCCC[C@@H]1NC(=O)[C@@H]2CCCN2C1=O.NC(N)=NCCC[C@@H]1NC(=O)[C@H](Cc2ccccc2)NC(=O)[C@@H]2CCCN2C1=O.NC(N)=NCCC[C@H](N)C(=O)O.O=C1[C@@H]2CCCN12.O=C1[C@@H]2CCCN12
CCCCCCCCCCCCCC3=O.[C@H]7(CCCN=C(N)N)C%21=O.[C@H]8(CCCN=C(N)N)C%22=O.[C@H]%16(CCCN=C(N)N)C5=O.[C@H]%10(CCC(N)=O)C%23=O.c1%18c[nH]c2ccccc12.c1%19c[nH]c2ccccc12.c1%20c[nH]c2ccccc12.[C@H]%11(CO)C%24=O.[C@H]%12(C%18)C%25=O.[C@H]%15(C%19)C4=O.[C@H]%17(CO)C(N)=O.[C@H]6(C)C%14=O.C9C%23=O.N36.N%147.N%208.N%219.N%22%10.N%23%11.N%24%12.N%25%13.N%26%15.N4%16.N5%17	CCCCCCCCCCCCCC(=O)N[C@@H](C)C(=O)N[C@@H](CCCN=C(N)N)C(=O)NCC(=O)C(=O)[C@H](CCC(N)=O)NC(=O)[C@H](CCCN=C(N)N)Nc1c[nH]c2ccccc12.NC(=O)[C@H](CO)NC(=O)[C@H](CCCN=C(N)N)NC(=O)[C@@H](N)Cc1c[nH]c2ccccc12.NC(=O)[C@H](Cc1c[nH]c2ccccc12)NC(=O)[C@@H](N)CO
[C@H]%20(CCCN=C(N)N)C%24=O.[C@H]%21(CCCN=C(N)N)C%35=O.[C@H]%29(CCCN=C(N)N)C4=O.[C@H]%42(CCCN=C(N)N)C%18=O.[C@H]%43(CCCN=C(N)N)C(N)=O.[C@H]%25(CCCCN)C%49=O.[C@H]%26(CCCCN)C%50=O.[C@H]%36(CCC(N)=O)C%11=O.[C@H]%36(CCCCN)C%11=O.[C@H]%38(CCCCN)C%14=O.[C@H]%39(CCCCN)C%15=O.CC[C@H](C)[C@H](N)C2=O.[C@H]%23(CC(C)C)C%48=O.[C@@H]%34(C9=O)[C@@H](C)CC.[C@H]%32(C%45)C7=O.N19CCC[C@H]1%44.[C@H]%37(CS)C%12=O.[C@H]%40(C%47)C%16=O.c1%47ccccc1.[C@H]%19(C)C%13=O.[C@H]%22(C)C%46=O.[C@H]%27(C)C%51=O.[C@H]%29(C)C5=O.[C@H]%30(C)C5=O.[C@H]%31(C)C6=O.c1%45cnc[nH]1.C%41C%17=O.C%10%44=O.N2%19.N%13%20.N%24%21.N%35%22.N%46%23.N%48%25.N%49%26.N%50%27.N%51%28.N3%29.N4%30.N5%31.N6%32.N7%33.N8%34.N%10%36.N%11%37.N%12%38.N%14%39.N%15%40.N%16%41.N%17%42.N%18%43	CC[C@H](C)[C@H](N)C(=O)N1CCC[C@H]1C(N)=O.CC[C@H](C)[C@H](N)C(=O)N[C@@H](C)C(=O)N[C@@H](CCCN=C(N)N)C(=O)N[C@@H](CCCN=C(N)N)C(=O)N[C@@H](C)C(=O)N[C@@H](CC(C)C)C(=O)N[C@@H](CCCCN)C(=O)N[C@@H](CCCCN)C(=O)N[C@@H](C)C(N)=O.C[C@@H]1NC(=O)[C@H](CCCN=C(N)N)[C@@H](C)C(=O)C1=O.C[C@H](N)C(=O)N[C@@H](Cc1cnc[nH]1)C(N)=O.N.NCCCC[C@H](NC(=O)[C@H](CCCCN)NC(=O)[C@@H](N)CS)C(=O)N[C@@H](Cc1ccccc1)C(=O)NCC(=O)N[C@@H](CCCN=C(N)N)C(=O)N[C@@H](CCCN=C(N)N)C(N)=O.NCCCC[C@H]1C(=O)C(=O)[C@@H]1CCC(N)=O
C3(=O)[C@@H]4CCCN=C(N)N.C%17(=O)[C@@H](N)CCCN=C(N)N.c1%10cccc2ccccc2c1.c1%11c[nH]c2ccccc12.C%16(=O)[C@@H]7CCCC(N)=O.c1%12c[nH]c2ccccc12.CC[C@H](C)[C@H]%20C%19=O.C%17(=O)[C@@H]8[C@@H](C)CC.C%14(=O)[C@@H]6C(C)C.C%13(=O)[C@@H]5C%11.[C@H]%10(C%12)C(N)=O.N3%20.N%134.N%145.N%156.N%167.N%178.N%189.N%19%10	INVALID
[C@H]%56(CCCN=C(N)N)C6=O.[C@H]%65(CCCN=C(N)N)C%16=O.[C@H]%70(CCCN=C(N)N)C%20=O.[C@H]%79(CCCN=C(N)N)C%29=O.C3(=O)[C@@H]%45CCCCN.[C@H]%50(CCCCN)C%80=O.[C@H]%53(CCCCN)C%80=O.[C@H]%57(CCC(=O)O)C8=O.[C@H]%62(CCCCN)C%11=O.[C@H]%66(CCCCN)C%18=O.[C@H]%70(CCC(N)=O)C%20=O.[C@H]%72(CCCCN)C%23=O.[C@H]%73(CCC(N)=O)C%21=O.c1%98c[nH]c2ccccc12.[C@H]%79(CCCCN)C%31=O.c1%99c[nH]c2ccccc12.[C@H]%89(CCC(=O)O)C%39=O.[C@H]%88(CCC(N)=O)C%41=O.[C@H]%93(CCCCN)C(=O)O.CC[C@H](C)[C@H]%44C%58=O.C%25(=O)[C@@H]%49CC(=O)O.[C@H]%59(CC(C)C)C9=O.[C@@H]%62(C%12=O)[C@@H](C)CC.[C@H]%72(CC(C)C)C%22=O.[C@H]%75(CC(N)=O)C%26=O.[C@@H]%82(C%33=O)[C@@H](C)CC.[C@H]%77(CC(N)=O)C%28=O.c1%95ccc(O)cc1.[C@@H]%82(C%30=O)C(C)C.[C@@H]%83(C%38=O)C(C)C.C%14(=O)[C@@H]%46C%95.[C@H]%48(CO)C%47=O.[C@H]%59(C%96)C6=O.c1%96ccccc1.[C@H]%59(CO)C%10=O.[C@H]%64(C%97)C%13=O.c1%97ccccc1.[C@H]%64(CO)C%15=O.[C@H]%67(C%98)C%18=O.N1%98CCC[C@H]1%94.[C@H]%76(C%99)C%27=O.[C@H]%78(CS)C%32=O.[C@H]%53(C)C4=O.[C@H]%54(C)C4=O.[C@H]%54(C)C7=O.[C@H]%64(C)C%15=O.c1%95cnc[nH]1.[C@H]%90(C)C%41=O.[C@H]%92(C)C%43=O.C%47(=O)CN.C%63C%13=O.C%73C%21=O.C%85C%37=O.C%34%94=O.N3%44.N%14%45.N%25%46.N%36%48.N%47%49.N%58%50.N%69%51.N%80%52.N%91%53.N4%54.N5%55.N6%56.N7%57.N8%59.N9%60.N%10%61.N%11%62.N%12%63.N%13%64.N%15%65.N%16%66.N%17%67.N%18%68.N%19%70.N%20%71.N%21%72.N%22%73.N%23%74.N%24%75.N%26%76.N%27%77.N%28%78.N%29%79.N%30%81.N%31%82.N%32%83.N%33%84.N%34%85.N%35%86.N%37%87.N%39%88.N%40%89.N%41%90.N%42%92.N%43%93	CC(C)C[C@@H](C(N)=O)[C@@H](CCCCN)C(N)=O.CC(C)C[C@@H](C(N)=O)[C@@H](Cc1ccccc1)C(=O)C(=O)[C@@H](N)CCCN=C(N)N.CC(C)[C@@H](C=O)NC(=O)[C@H](CS)NC(=O)[C@H](CC(N)=O)NC(=O)[C@H](Cc1c[nH]c2ccccc12)NC(=O)[C@@H](N)CC(N)=O.CC[C@H](C)[C@@H](C(=O)NCC(=O)C(=O)[C@H](Cc1ccccc1)[C@@H](CO)C(=O)C(=O)[C@H](C)N)[C@@H](CCCCN)C(N)=O.CC[C@H](C)[C@@H](C(N)=O)[C@H](C(N)=O)C(C)C.CC[C@H](C)[C@H](NC(=O)[C@H](CCCCN)NC(=O)[C@H](Cc1ccc(O)cc1)NC(=O)[C@@H](N)CC(=O)O)C(=O)N[C@@H](CCCCN)C(=O)C(=O)[C@H](CCCCN)[C@@H](C)C(=O)C(=O)[C@H](C)[C@@H](C)C(=O)N[C@@H](CCC(=O)O)C(=O)N[C@@H](CO)C(N)=O.C[C@H](N)C(=O)C(=O)[C@H](CCC(N)=O)NC(=O)[C@@H](N)CCC(=O)O.C[C@H](N)C(=O)N[C@@H](CCCCN)C(=O)O.N.N.N.N.N.N.N.N.N.N.NC(=O)CC[C@@H]1CC(=O)C1=O.NC(=O)CC[C@H]1C(=O)C(=O)[C@@H]1CCCN=C(N)N.NC(=O)CNC(=O)[C@@H]1CCCN1.NCC(=O)C(=O)[C@@H](N)CO.NCCCC[C@@H](C(N)=O)[C@@H](CCCN=C(N)N)C(N)=O.NCCCC[C@H](NC(=O)[C@@H](N)CCCN=C(N)N)C(=O)C(=O)[C@@H](N)Cc1c[nH]c2ccccc12.c1c[nH]cn1
[C@H]%13(CCCN=C(N)N)C%25=O.[C@H]%18(CCCN=C(N)N)C5=O.[C@H]%19(CCCN=C(N)N)C(N)=O.C%20(=O)[C@@H]9CCC(N)=O.C%22(=O)[C@@H](N)CCCCN.[C@H]%11(CCCCN)C%24=O.[C@H]%17(CCCCN)C4=O.CC[C@H](C)[C@H]6C%23=O.C1(=O)[C@@H]7CC(C)C.[C@H]%16(CC(C)C)C2=O.C%12(=O)[C@@H]8C(C)C.[C@@H]%10(C%23=O)C(C)C.[C@H]%15(CS)C3=O.N16.N%127.N%208.N%219.N%22%10.N%23%11.N%24%13.N%25%14.N%26%15.N2%16.N3%17.N4%18.N5%19	CC(C)C[C@@H]1NC1=O.CC[C@H](C)[C@H](NC(=O)[C@H](CC(C)C)NC(=O)[C@@H](NC(=O)[C@@H](N)CCC(N)=O)C(C)C)C(=O)C(=O)[C@@H](NC(=O)[C@@H](N)CCCCN)C(C)C.NCCCC[C@H](N)C(=O)N[C@@H](CCCN=C(N)N)C(N)=O.NCCCC[C@H](NC(=O)[C@@H](N)CS)C(=O)N[C@@H](CCCN=C(N)N)C(=O)N[C@@H](CCCN=C(N)N)C(N)=O
C%39(=O)[C@@H]%19CCCN=C(N)N.[C@H]%25(CCCN=C(N)N)C6=O.[C@H]%27(CCCN=C(N)N)C%12=O.[C@H]%21(CCCCN)C3=O.CC[C@H](C)[C@H]%14C3=O.C%35(=O)[C@@H]%17CC(C)C.C%37(=O)[C@@H]%18CC(N)=O.C%38(=O)[C@@H]%20CC(N)=O.C%40(=O)[C@@H]%21CC(N)=O.[C@H]%28(CC(C)C)C(=O)O.c1%36ccc(O)cc1.C%13(=O)[C@@H]%16C(C)C.C2(=O)[C@@H]%15C%36.[C@@H]1%29CCCN1%35.N1%41CCC[C@H]1%30.N15CCC[C@H]1%31.N17CCC[C@H]1%32.N18CCC[C@H]1%33.[C@H]%26(C%34)C%10=O.N1%10CCC[C@H]1%33.c1%34cnc[nH]1.C%41(=O)CN.C%24%29=O.C4%29=O.C5%30=O.C7%31=O.C9%32=O.C%11%33=O.N2%14.N%13%15.N%24%16.N%37%17.N%38%18.N%39%19.N%40%20.N%41%21.N4%22.N4%23.N6%25.N9%26.N%11%27.N%12%28	CC(C)C[C@H](NC(=O)[C@H](CCCN=C(N)N)NC=O)C(=O)O.CC[C@H](C)[C@@H]1NC(=O)[C@H](Cc2ccc(O)cc2)NC(=O)[C@H](C(C)C)NC(=O)[C@@H]2CCCN2C(=O)[C@H](CC(C)C)NC(=O)[C@H](CC(N)=O)NC(=O)[C@H](CC(N)=O)NC(=O)[C@H](CC(N)=O)[C@@H](CCCCN)C(=O)C1=O.N.N.NC(N)=NCCC[C@@H]1NC1=O.NC(N)=NCCC[C@@H]1NC1=O.NC=O.NCC(=O)N1CCC[C@H]1C(=O)N1CCC[C@H]1C(=O)N1CCC[C@H]1C(=O)N[C@@H](Cc1cnc[nH]1)C(=O)N1CCC[C@H]1[C@@H]1CCCN1
C2(=O)[C@@H](N)CCCCN.[C@H]9(CCCCN)C%22=O.[C@H]%11(CCCCN)C3=O.[C@@H]5(C%17=O)[C@@H](O)CN.[C@@H]7(CCCN)C%19=O.CC[C@H](C)[C@H]4C%13=O.N1%19CCC[C@H]1%14.[C@H]8(C%16)C%21=O.N%22C=%15C%23=O.c1%16cnc[nH]1.C%12CCCN.C6C%18=O.C=%15CC%10.N%10C(=N)N.C%20%14=O.N24.N%135.N%176.N%187.N%208.N%219.N%23%11.N3%12	CC[C@H](C)[C@H](NC(=O)[C@@H](N)CCCCN)C(=O)N[C@H](C(=O)NCC(=O)N[C@H](CCCN)C(=O)N1CCC[C@H]1C(=O)N[C@@H](Cc1cnc[nH]1)C(=O)N[C@@H](CCCCN)C(=O)NC(=CCCNC(=N)N)C(=O)N[C@@H](CCCCN)C(=O)NCCCCN)[C@@H](O)CN
C2(=O)[C@@H]%11CCCN=C(N)N.[C@H]%17(CCCN=C(N)N)C5=O.[C@H]%19(CCCN=C(N)N)C9=O.[C@H]%15(CCC(N)=O)C%31=O.[C@H]%12(CCC(N)=O)C%29=O.CC[C@H](C)[C@H]%10C%24=O.[C@H]%20(CC(C)C)C(=O)O.[C@@H]%14(C%32=O)C(C)C.[C@@H]%16(C%33=O)C(C)C.[C@@H]1%21CCCN1%13.N1%30CCC[C@H]1%22.N1%34CCC[C@H]1%23.N13CCC[C@H]1%25.N14CCC[C@H]1%26.[C@H]%18(C%28)C7=O.N17CCC[C@H]1%27.c1%28cnc[nH]1.C%13(=O)CN.C2%21=O.C%34%22=O.C%35%23=O.C4%25=O.C6%26=O.C8%27=O.N29.N%24%10.N%24%11.N%29%12.N%31%14.N%32%15.N%33%16.N5%17.N6%18.N8%19.N8%20	CC(C)C[C@H](N)C(=O)O.CC(C)[C@@H]1NC(=O)[C@H](CCC(N)=O)NC1=O.CC(C)[C@@H]1NC1=O.CC[C@H](C)[C@@H]1NC1=O.NC(=O)CC[C@@H]1NC1=O.NC(=O)[C@H](CCCN=C(N)N)NC(=O)[C@@H]1CCCN1C(=O)[C@H](Cc1cnc[nH]1)NC(=O)[C@@H]1CCCN1C(=O)[C@@H]1CCCN1.NC(N)=NCCC[C@@H]1NC1=O.NCC(=O)N1CCC[C@H]1C(=O)C(=O)[C@@H](N)CCCN=C(N)N.O=C[C@@H]1CCCN1C(=O)[C@@H]1CCCN1
C%14(=O)[C@@H]6CCCN=C(N)N.[C@H]%12(CCCN=C(N)N)C(N)=O.c1%13c[nH]c2ccccc12.C%20(=O)[C@@H](N)CCCCN.[C@H]%10(CCCCN)C%22=O.c1%16c[nH]c2ccccc12.CC[C@H](C)[C@H]4C%21=O.C%18(=O)[C@@H]8[C@@H](C)CC.C%17(=O)[C@@H]7C(C)C.C3(=O)[C@@H]5C%13.C%19(=O)[C@@H]9C%15.c1%15ccccc1.[C@H]%11(C%16)C%23=O.N34.N%145.N%176.N%187.N%198.N%209.N%21%10.N%22%11.N%23%12	CC[C@H](C)[C@H](NC(=O)[C@H](Cc1c[nH]c2ccccc12)NC(=O)[C@H](CCCN=C(N)N)NC(=O)[C@@H](NC(=O)[C@@H](NC(=O)[C@H](Cc1ccccc1)NC(=O)[C@@H](N)CCCCN)[C@@H](C)CC)C(C)C)C(=O)N[C@@H](CCCCN)C(=O)N[C@@H](Cc1c[nH]c2ccccc12)C(=O)N[C@@H](CCCN=C(N)N)C(N)=O
C%13(=O)[C@@H]%19CCCCN.C%44(=O)[C@@H]%22CCCCN.C3(=O)[C@@H]%26CCCCN.C7(=O)[C@@H]%29CCCCN.C%11(=O)[C@@H]%32CCCCN.C%16(=O)[C@@H]%36CCCCN.CC(C)C[C@H]%18C(N)=O.C%24(=O)[C@@H]%20CC(C)C.C%35(=O)[C@@H]%21CC(C)C.C%45(=O)[C@@H]%23CC(C)C.C%46(=O)[C@@H]%25CC(C)C.C4(=O)[C@@H]%27CC(C)C.C5(=O)[C@@H]%28CC(C)C.C8(=O)[C@@H]%30CC(C)C.C9(=O)[C@@H]%31CC(C)C.C%12(=O)[C@@H]%33CC(C)C.C%14(=O)[C@@H]%34CC(C)C.[C@@H]1%37CCCN1%13.[C@@H]1%38CCCN1%44.[C@@H]1%39CCCN13.[C@@H]1%40CCCN17.[C@@H]1%41CCCN17.[C@@H]1%41CCCN1%11.[C@@H]1%42CCCN1%16.C2%37=O.C%43%38=O.C%47%39=O.C6%40=O.C%10%41=O.C%15%42=O.N2%18.N%24%19.N%35%20.N%43%21.N%45%22.N%46%23.N%47%25.N4%26.N5%27.N6%28.N8%29.N9%30.N%10%31.N%12%32.N%14%33.N%15%34.N%17%36	CC(C)C[C@H](NC(=O)[C@@H]1CCCN1C(=O)[C@H](CCCCN)NC(=O)[C@H](CC(C)C)NC(=O)[C@H](CC(C)C)NC(=O)[C@@H]1CCCN1C(=O)[C@H](CCCCN)NC(=O)[C@H](CC(C)C)NC(=O)[C@H](CC(C)C)NC(=O)[C@@H]1CCCN1C(=O)[C@H](CCCCN)NC(=O)[C@H](CC(C)C)NC(=O)[C@H](CC(C)C)NC(=O)[C@@H]1CCCN1C(=O)[C@H](CCCCN)NC(=O)[C@H](CC(C)C)NC(=O)[C@H](CC(C)C)NC=O)C(N)=O.CC(C)C[C@H](NC(=O)[C@H](CC(C)C)NC(=O)[C@@H]1CCCN1C(=O)[C@@H](N)CCCCN)C(=O)N[C@@H](CCCCN)C(=O)N1CCC[C@H]1[C@@H]1CCCN1
C2(=O)[C@@H]%15CCCN=C(N)N.C%13(=O)[C@@H]%16CCCN=C(N)N.C%39(=O)[C@@H]%18CCCN=C(N)N.C%41(=O)[C@@H]%19CCCN=C(N)N.C5(=O)[C@@H]%22CCCN=C(N)N.[C@H]%28(CCCN=C(N)N)C%12=O.C%35(=O)[C@@H]%17CCC(N)=O.C6(=O)[C@@H]%23CCCCN.CC[C@H](C)[C@H]%14C9=O.C%42(=O)[C@@H]%20CC(C)C.C7(=O)[C@@H]%25CC(=O)O.[C@H]%27(CC(N)=O)C%11=O.c1%36ccc(O)cc1.C8(=O)[C@@H](N)C(C)C.c1%37ccc(O)cc1.[C@@H]1%30CCCN1%35.[C@@H]1%31CCCN1%39.[C@@H]1%32CCCN1%41.[C@@H]1%33CCCN1%42.C3(=O)[C@@H]%21C%36.[C@@H]1%34CCCN15.[C@H]%26(C%37)C%10=O.C%24%30=O.C%35%31=O.C%40%32=O.C%40%33=O.C4%34=O.N2%14.N%13%15.N%24%16.N%38%17.N%38%18.N%40%19.N3%20.N4%21.N6%22.N7%23.N8%25.N9%26.N%10%27.N%11%28.N%12%29	CC(C)C[C@H](NC(=O)[C@H](Cc1ccc(O)cc1)NC(=O)[C@@H]1CCCN1C(=O)[C@H](CCCN=C(N)N)NC(=O)[C@H](CCCCN)NC(=O)[C@H](CC(=O)O)NC(=O)[C@@H](N)C(C)C)C(=O)N1CCC[C@H]1C(=O)C(=O)[C@@H]1CCCN1C(=O)[C@@H](N)CCCN=C(N)N.CC[C@H](C)[C@H](NC(=O)[C@H](CCCN=C(N)N)NC(=O)[C@H](CCCN=C(N)N)NC(=O)[C@@H]1CCCN1C(=O)[C@H](CCC(N)=O)NN[C@@H](CCCN=C(N)N)C(=O)N1CCC[C@H]1C=O)C(=O)N[C@@H](Cc1ccc(O)cc1)C(=O)N[C@@H](CC(N)=O)C(=O)N[C@@H](CCCN=C(N)N)C(N)=O
[C@@H]1%12NC(=O)[C@H]%13NC(=O)[C@H]%14NC(=O)[C@@H](N)CSSC[C@@H]2NC(=O)[C@H]%15NC(=O)[C@H]%16NC(=O)[C@H]%17NC(=O)CNC(=O)CNC1=O)C(=O)N[C@@H]%18C(=O)N[C@@H]4C(=O)N[C@@H]5C(=O)N[C@H]6C(=O)NNC(=O)[C@H]6NC(=O)[C@H]7NC(=O)[C@H]8NC(=O)[C@H]9NC(=O)[C@H]%10NC1=O.C%14CCN=C(N)N.C%16CCN=C(N)N.C%17CCN=C(N)N.C6CCN=C(N)N.C8CCN=C(N)N.C9CCN=C(N)N.c1%11ccccc1.CC[C@@H]%12C.C%13C(C)C.[C@H]%15(C)O.C4%11.C%10C	INVALID
[C@@H]%11(CCCN=C(N)N)C%23=O.[C@@H]%15(CCCN=C(N)N)C(N)=O.c1%17c[nH]c2ccccc12.c1%18c[nH]c2ccccc12.[C@@H]%13(CCCCN)C4=O.CC[C@@H](C)[C@@H]5C%21=O.C%14(=O)[C@H]7CC(N)=O.C%20(=O)[C@H](N)CC(C)C.C3(=O)[C@H]6C%17.C%14(=O)[C@H]7C%16.C%19(=O)[C@H]8CS.c1%16cnc[nH]1.C%10C%22=O.N35.N%146.N%187.N%198.N%209.N%21%10.N%22%11.N%23%12.N%24%13.N4%15	CC(C)C[C@@H](N)C(N)=O.CC[C@@H](C)[C@@H](NC(=O)[C@H](N)Cc1c[nH]c2ccccc12)C(=O)NCC(=O)N[C@H](CCCN=C(N)N)C(N)=O.NC(=O)C[C@@H]1C(=O)C(=O)[C@H]1Cc1cnc[nH]1.NCCCC[C@@H](N)C(=O)N[C@H](CCCN=C(N)N)C(N)=O.Nc1c[nH]c2ccccc12.O=C1N[C@@H]1CS
[C@H]%13(CCCN=C(N)N)C%29=O.[C@H]%17(CCCN=C(N)N)C%32=O.[C@H]%19(CCCCN)C4=O.c1%27c[nH]c2ccccc12.[C@H]%24(CCCCN)C9=O.CC[C@H](C)[C@H]%10C%14=O.[C@H]%11(CC(C)C)C%25=O.[C@@H]%16(C%31=O)[C@@H](C)CC.[C@H]%23(CC(N)=O)C8=O.[C@@H]%12(C%28=O)C(C)C.[C@@H]%18(C%33=O)C(C)C.[C@H]%15(CO)C%30=O.[C@H]%22(C%27)C7=O.[C@H]%26(CO)C(N)=O.C3(=O)C%11C.C%20C5=O.C%21C6=O.N3%10.N%14%11.N%25%12.N%28%13.N%29%15.N%30%16.N%31%17.N%32%18.N%33%19.N4%20.N5%21.N6%22.N7%23.N8%24.N9%26	CC[C@H](C)[C@H](NC(=O)C(C)[C@@H](CC(C)C)C(=O)N[C@H](C(=O)N[C@@H](CCCN=C(N)N)C(=O)N[C@@H](CO)C(=O)N[C@H](C(=O)N[C@@H](CCCN=C(N)N)C(=O)N[C@H](C(=O)N[C@@H](CCCCN)C(=O)NCC(=O)NCC(=O)N[C@@H](Cc1c[nH]c2ccccc12)C(=O)N[C@@H](CC(N)=O)C(=O)N[C@@H](CCCCN)C(=O)N[C@@H](CO)C(N)=O)C(C)C)[C@@H](C)CC)C(C)C)C(N)=O
[C@H]%22(CCCN=C(N)N)C6=O.[C@H]%22(CCCN=C(N)N)C9=O.[C@H]%24(CCCN=C(N)N)C%10=O.c1%27c[nH]c2ccccc12.c1%28c[nH]c2ccccc12.[C@H]%15(CCCCN)C%35=O.c1%30c[nH]c2ccccc12.[C@H]%19(CCCCN)C%39=O.c1%31c[nH]c2ccccc12.CC[C@H](C)[C@H](N)C3=O.[C@H]%18(CC(C)C)C%38=O.[C@H]%21(CC(C)C)C5=O.[C@@H]%13(C%34=O)[C@@H](C)O.c1%32ccc(O)cc1.c1%32ccc(O)cc1.[C@H]%11(C%27)C%14=O.[C@H]%12(C%28)C%25=O.[C@H]%17(C%29)C%37=O.[C@H]%20(C%30)C4=O.[C@H]%21(C%31)C7=O.N17CCC[C@H]1%26.[C@H]%23(C%32)C9=O.C8%26=O.N3%10.N%14%11.N%25%12.N%33%13.N%34%15.N%35%16.N%36%17.N%37%18.N%38%19.N4%20.N5%21.N6%22.N8%23.N9%24	CC(C)C[C@@H](C(N)=O)[C@@H](Cc1c[nH]c2ccccc12)C(=O)N1CCC[C@H]1C(=O)N[C@@H](C)C(=O)C(=O)[C@H](CCCN=C(N)N)[C@@H](CCCN=C(N)N)C(N)=O.CC(C)C[C@H](NC(=O)[C@H](C)N)C(=O)N[C@H](C=O)CCCCN.CC[C@H](C)[C@H](N)C(=O)NC(=O)[C@@H](N)CCCN=C(N)N.C[C@@H](O)[C@H](N)C(=O)N[C@@H](CCCCN)C(N)=O.O=C1N[C@H]1Cc1c[nH]c2ccccc12.O=C1N[C@H]1Cc1c[nH]c2ccccc12.O=C1N[C@H]1Cc1c[nH]c2ccccc12.Oc1ccc(-c2ccc(O)cc2)cc1
[C@@H]1%28CSSC[C@H]%26C(=O)N[C@@H]%30C(=O)N[C@H]2CSSC[C@H](NC(=O)[C@H]%31NC(=O)[C@H]%32NC(=O)[C@H]%33NC(=O)[C@H]%34NC(=O)[C@H]%35NC(=O)[C@H](C)NC1=O.C%37(=O)[C@@H]%12CCCN=C(N)N.C%40(=O)[C@@H](N)CCCN=C(N)N.C%39(=O)[C@@H]%15CCCCN.[C@H]%21(CCC(N)=O)C5=O.CC[C@H](C)[C@H]%11C%41=O.[C@H]%22(CC(C)C)C7=O.C%25(=O)[C@@H]%13C(C)C.c1%36ccc(O)cc1.[C@@H]%24(C(=O)O)C(C)C.[C@@H]1%27CCCN1%25.C%38(=O)[C@@H]%16C%35.c1%35ccccc1.[C@H]%18(CO)C%43=O.[C@H]%20(CO)C6=O.[C@H]%24(CO)C%10=O.N17CCC[C@H]1%29.c1%37ccccc1.C%34CC(=O)O.C%32CCCN.C%14%27=O.C4%28=O.C%36%29=O.C8%30=O.N3%11.N%14%12.N%36%13.N%39%15.N%40%16.N%41%17.N%42%18.N%43%19.N4%19.C%33%20.N5%21.N6%22.N8%23.N9%24.N%10%26.C%33O	INVALID
C3(=O)[C@@H]%17CCCN=C(N)N.C%11(=O)[C@@H]5CCCN=C(N)N.NCCCC[C@H]%16C%15=O.c19c[nH]c2ccccc12.C%13(=O)[C@@H]6[C@@H](O)CN.C%10(=O)[C@@H]4C9.[C@@H]18CCCN1%13.[C@H]7(CO)C(=O)O.C%14(=O)[C@H](C)N.C%128=O.N3%16.N%10%17.N%114.N%125.N%146.N%157	C[C@H](N)C(=O)N[C@H](C(=O)N1CCC[C@H]1C(=O)N[C@@H](CCCN=C(N)N)C(=O)N[C@@H](Cc1c[nH]c2ccccc12)C(=O)N[C@@H](CCCN=C(N)N)C(=O)N[C@@H](CCCCN)C(=O)N[C@@H](CO)C(=O)O)[C@@H](O)CN
CC[C@H](C)[C@H]%19C%57=O.C%24(=O)[C@@H]%20CCC%21.C%46(=O)[C@@H](N)CC(C)C.[C@H]%25(CC(C)C)C%56=O.[C@H]%26(CCC%27)C%59=O.[C@H]%29(CCC%30)C4=O.[C@H]%31(CCC%32)C5=O.[C@H]%33(CC(C)C)C9=O.[C@H]%36(CCC%37)C%11=O.[C@@H]%39(C%14=O)C(C)C.c1%53ccc(O)cc1.[C@@H]%40(C%18=O)[C@@H](C)O.C2(=O)[C@@H]%19C%53.N1%57CCC[C@H]1%43.N1%57CCC[C@H]1%44.N13CCC[C@H]1%45.N15CCC[C@H]1%47.[C@H]%31(C%54)C7=O.c1%54ccccc1.N17CCC[C@H]1%48.N19CCC[C@H]1%49.N1%11CCC[C@H]1%50.N1%14CCC[C@H]1%51.[C@H]%38(C%55)C%16=O.c1%55ccccc1.[C@H]%39(CO)C%16=O.N1%17CCC[C@H]1%52.N%21C(=N)N.N%23C(=N)N.N%27C(=N)N.N%28C(=N)N.N%30C(=N)N.N%32C(=N)N.N%34C(=N)N.N%37C(=N)N.N%41C(=N)N.C2%43=O.C%57%44=O.C%58%45=O.C3%47=O.C6%48=O.C8%49=O.C%12%50=O.C%15%51=O.C%52(=O)O.N2%19.N%13%20.N%24%22.N%35%22.N%46%25.N%56%26.N%59%29.N4%29.N6%31.N8%33.N%10%34.N%12%36.N%14%38.N%15%40.N%18%42	CC(C)C[C@@H]1NC(=O)[C@@H]2CCCN2C1=O.CC(C)C[C@H](NC(=O)[C@@H](N)CC(C)C)C(=O)N[C@@H](CCCNC(=N)N)C(=O)N[C@@H](CCCNC(=N)N)C(N)=O.CC(C)[C@@H](C(=O)N1CCC[C@H]1C(=O)N[C@H](C(N)=O)[C@@H](C)O)[C@@H](CO)C(=O)C(=O)[C@@H](N)Cc1ccccc1.CC[C@H](C)[C@H]1C(=O)N2CCC[C@H]2C(=O)C(=O)[C@@H]1Cc1ccc(O)cc1.N.N=C(N)N.N=C(N)N.N=C(N)N.N=C(N)NCCC[C@@H](C(=O)N1CCC[C@H]1C(=O)N1CCC[C@H]1C=O)[C@@H](Cc1ccccc1)C(=O)N1CCC[C@H]1C(N)=O.N=C(N)NCCC[C@@H]1NC(=O)[C@@H]2CCCN2C1=O.N=C(N)NCCC[C@H](N)C(=O)NN.N=C(N)NN.O=C(O)[C@@H]1CCCN1.O=C1[C@@H]2CCCN12
C%13(=O)[C@@H]8CCCCN.C%24(=O)[C@@H]%12CCCCN.C%26(=O)[C@@H]%15CCCCN.C3(=O)[C@@H]%17CCCCN.CC(C)C[C@H]6C(=O)O.C%22(=O)[C@@H]%10CC(C)C.C%27(=O)[C@@H]%16CC(C)C.c1%20ccc(O)cc1.C5(=O)[C@@H](N)C(C)C.C2(=O)[C@@H]7C%19.c1%19ccccc1.C%23(=O)[C@@H]%11CO.C4(=O)[C@@H]%18C%20.C%21(=O)[C@@H]9C.C%25(=O)[C@@H]%14C.N26.N%137.N%218.N%229.N%23%10.N%24%11.N%25%12.N%26%14.N%27%15.N3%16.N4%17.N5%18	CC(C)C[C@H](NC(=O)[C@H](Cc1ccccc1)NC(=O)[C@H](CCCCN)NC(=O)[C@H](C)NC(=O)[C@H](CC(C)C)NC(=O)[C@H](CO)NC(=O)[C@H](CCCCN)NC(=O)[C@H](C)NC(=O)[C@H](CCCCN)NC(=O)[C@H](CC(C)C)NC(=O)[C@H](CCCCN)NC(=O)[C@H](Cc1ccc(O)cc1)NC(=O)[C@@H](N)C(C)C)C(=O)O
c1%66c[nH]c2ccccc12.[C@@H]%42(CCC(N)=O)C9=O.[C@@H]%49(CCCCN)C%16=O.[C@@H]%53(CCC(N)=O)C%20=O.[C@@H]%56(CC(N)=O)C%23=O.CC[C@@H](C)[C@@H]%27C%70=O.C%14(=O)[C@H]%28CCC%32.C%58(=O)[C@H](N)CC(C)C.[C@@H]%37(CC(C)C)C4=O.[C@@H]%39(CCC%40)C7=O.[C@@H]%41(CCC%42)C8=O.[C@@H]%43(CC(C)C)C%10=O.[C@@H]%44(CC(C)C)C%11=O.[C@@H]%46(CC(C)C)C%15=O.[C@@H]%52(CC(C)C)C%21=O.[C@@H]%59(CCC%60)C(=O)O.C%47(=O)[C@H]%32CCC%30.[C@@H]%38(CC%62)C5=O.c1%67ccc(O)cc1.[C@H]%55(C%22=O)[C@H](C)O.C3(=O)[C@H]%29C%66.C%58(=O)[C@H]%33C%67.[C@@H]%40(C%68)C6=O.c1%68ccccc1.N18CCC[C@@H]1%62.[C@@H]%44(C%70)C%11=O.N1%13CCC[C@@H]1%63.N1%15CCC[C@@H]1%64.N1%17CCC[C@@H]1%65.C3(=O)[C@H]%29C.c1%66cnc[nH]1.[C@@H]%50(C)C%18=O.[C@@H]%54(C)C%22=O.[C@@H]%56(C)C%26=O.N%31C(=N)N.N%38C(=N)N.N%41C(=N)N.N%45C(=N)N.N%60C(=N)N.C9%62=O.C%12%63=O.C%17%64=O.C%18%65=O.N3%27.N%14%28.N%25%29.N%36%30.N%47%32.N%58%33.N%69%34.S%61C.N%71%37.N4%39.N5%39.N6%41.N7%42.N9%43.N%10%44.N%11%45.N%12%46.N%15%48.N%16%50.N%17%51.N%19%53.N%20%54.N%21%55.N%22%56.N%23%59.N%26%59	CC(C)CCC(=O)N[C@@H](C(=O)C(=O)[C@@H](C)NC(=O)[C@H](N)CCC(N)=O)[C@H](C)O.CC(C)C[C@@H](N)C(=O)C(=O)[C@H](N)Cc1ccc(O)cc1.CC(C)C[C@@H](N)C(=O)N[C@H](CCC[C@H](Cc1ccccc1)C(N)=O)C(N)=O.CC(C)C[C@@H](N)C(N)=O.CC(C)C[C@@H](NC(=O)[C@H]1CCCN1)C(=O)N1CCC[C@@H]1C(=O)N1CCC[C@@H]1C(=O)C(=O)[C@@H](C)NC(=O)CCCCCN.CC[C@@H](C)[C@@H](N)C(=O)C[C@@H]1C(=O)C(=O)[C@H]1CC(C)C.CS.C[C@@H]1C(=O)C(=O)[C@H]1Cc1c[nH]c2ccccc12.C[C@H](C(N)=O)[C@H](CC(N)=O)C(=O)N[C@H](CCCNC(=N)N)C(=O)O.N.N.N.N.N.N=C(N)N.N=C(N)NN.N=C(N)N[C@H](CC[C@H]1CCCN1C(=O)[C@@H](CCC[C@H](CCC(N)=O)C(=O)C=O)NC(=N)N)C(N)=O.NCCC[C@@H](CCC[C@H]1NC1=O)C(N)=O.c1c[nH]cn1
[C@@H]1%28CSSC[C@H](N)C(=O)N[C@@H]%30C(=O)N[C@@H]%31C(=O)N[C@@H]%32C(=O)N[C@@H]%33C(=O)N[C@@H]%34C(=O)N[C@@H]%35C(=O)N1.[C@H]%18(CCCN=C(N)N)C%44=O.c1%39c[nH]c2ccccc12.CC[C@H](C)[C@H]%11C%42=O.[C@H]%15(CC(C)C)C%43=O.[C@@H]%23(C%10=O)[C@@H](C)CC.[C@@H]%20(C5=O)C(C)C.[C@@H]1%27CCCN1%14.[C@H]%16(C%38)C%45=O.[C@H]%19(C%38)C6=O.c1%38ccccc1.N15CCC[C@H]1%29.[C@H]%21(C%39)C9=O.c1%40ccccc1.C%22CC(=O)O.C%30CCCN.C%31CCCN.C%34CCCN.C%32CCCN.C%35CCCN.C%34CCCN.C%37CCCN.C4(=O)C%12.C%26(=O)C%13.C%37(=O)CN.C%24C(=O)O.C4%27=O.C6%28=O.C8%29=O.C%36(C)C.N3%11.N%25%12.N%36%13.N%40%14.N%41%15.N%42%16.N%43%17.N%44%18.N4%19.C%33%41.N6%20.N7%21.N8%22.N9%23.N%10%24	CC(C)NCC=O.CC(C)[C@H](N)C(=O)N1CCC[C@H]1C(=O)NCCC(=O)O.CCCCN.CC[C@H](C)[C@H](N)C(=O)N[C@H](C=O)CC[C@H](N)C(=O)C(=O)[C@@H]1CSSC[C@H](N)C(=O)N[C@@H](CCCCN)C(=O)N[C@@H](CCCCN)C(=O)N[C@@H](CCCCN)C(=O)N[C@@H](CN[C@@H](CC(C)C)C(N)=O)C(=O)N[C@@H](CCCCN)C(=O)N[C@@H](CCCCN)C(=O)N1.CC[C@H](C)[C@H](NC(=O)[C@@H](N)Cc1c[nH]c2ccccc12)C(=O)NCC(=O)O.NC(N)=NCCC[C@@H]1NC1=O.NCC(=O)C(=O)[C@@H]1CCCN1Nc1ccccc1.NCCCCC(=O)CN.c1ccccc1
[C@@H]14NC(=O)[C@H]8NC(=O)[C@H]9NC(=O)[C@@H]2CCCN2C(=O)[C@H]2CCCN2C(=O)[C@H]%10NC(=O)[C@H](C)NC(=O)[C@H]%11NC(=O)[C@H]%12NC(=O)[C@H]%13NC(=O)[C@H]%14NC(=O)[C@H]%15NC(=O)[C@H]5NC(=O)[C@H]6NC1=O.c16c[nH]c2ccccc12.c17c[nH]c2ccccc12.C%14CCN=C(N)N.C%15CCN=C(N)N.C%11CCCN.C5CCCN.C6CCCN.CC(C)C4.C8C(C)C.[C@H]9(C)O.C%137	CC(C)C[C@@H]1NC(=O)[C@H](CC(C)C)NC(=O)[C@H]([C@@H](C)O)NC(=O)[C@@H]2CCCN2C(=O)[C@H]2CCCN2C(=O)CNC(=O)[C@H](C)NC(=O)[C@H](CCCCN)NC(=O)CNC(=O)[C@H](Cc2c[nH]c3ccccc23)NC(=O)[C@H](CCCN=C(N)N)NC(=O)[C@H](CCCN=C(N)N)NC(=O)[C@H](CCCCN)NC(=O)[C@H](c2c[nH]c3ccccc23)NC1=O.CCCCN
c1%15c[nH]c2ccccc12.C%14(=O)[C@@H]7CCCCN.C%20(=O)[C@@H](N)CCCCN.[C@H]%11(CCCCN)C%22=O.c1%16c[nH]c2ccccc12.[C@H]%15(CCCCN)C(N)=O.CC(C)C[C@H]5C%21=O.C3(=O)[C@H]6CC(C)C.C%18(=O)[C@H]9CC(C)C.[C@@H]%12(CC(C)C)C%23=O.C%17(=O)[C@@H]8C(C)C.[C@H]%13(C%16)C4=O.N35.N%146.N%177.N%188.N%199.N%20%10.N%21%11.N%22%12.N%23%13.N4%15	CC(C)C[C@@H](N)C(=O)N[C@H](C(=O)N[C@@H](CCCCN)C(=O)N[C@H](CC(C)C)C(=O)N[C@@H](CC(C)C)C(=O)N[C@@H](CCCCN)C(=O)N[C@H](CC(C)C)C(=O)N[C@@H](Cc1c[nH]c2ccccc12)C(N)=O)C(C)C.NCCCC[C@@H](C(N)=O)c1c[nH]c2ccccc12.NCCCC[C@H](N)C(N)=O
[C@H]%42(CCCN=C(N)N)C%17=O.C3(=O)[C@@H]%21CCCCN.C%47(=O)[C@@H]%24CCCCN.c1%46c[nH]c2ccccc12.C%49(=O)[C@@H](N)CCCCN.[C@H]%27(CCCCN)C%51=O.c1%48c[nH]c2ccccc12.[C@H]%40(CCCCN)C%15=O.[C@H]%44(CCCCN)C(N)=O.CC[C@H](C)[C@H]%20C%50=O.C%14(=O)[C@@H]%22CC(N)=O.[C@H]%31(CC(C)C)C5=O.[C@H]%35(CC(C)C)C%10=O.[C@H]%38(CC(C)C)C%12=O.[C@H]%41(CC(C)C)C%16=O.[C@H]%43(CC(C)C)C%18=O.[C@@H]%34(C9=O)C(C)C.C%25(=O)[C@@H]%22CO.C%36(=O)[C@@H]%24C%46.N1%18CCC[C@H]1%45.C%25(=O)[C@@H]%23C.[C@H]%29(C)C4=O.[C@H]%33(C)C8=O.[C@H]%39(C)C%13=O.C%28C%52=O.C%37C%11=O.C%19%45=O.N3%20.N%14%21.N%25%22.N%36%23.N%47%24.N%49%26.N%50%27.N%51%28.N%52%29.N4%30.N5%31.N6%32.N7%33.N8%34.N9%35.N%10%37.N%11%38.N%12%39.N%13%40.N%15%41.N%16%42.N%17%43.N%19%44	CC(C)C[C@@H]1NC1=O.CC(C)C[C@H](NC(=O)CNC(=O)[C@H](CC(C)C)NC(=O)[C@@H](NC(=O)[C@H](C)N)C(C)C)C(=O)N[C@@H](C)C(=O)N[C@@H](CCCCN)C(=O)N[C@@H](CC(C)C)C(=O)N[C@@H](CCCN=C(N)N)C(=O)N[C@@H](CC(C)C)C(=O)N1CCC[C@H]1C(=O)N[C@@H](CCCCN)C(N)=O.CC[C@H](C)[C@H](NC(=O)[C@H](CCCCN)NC(=O)[C@H](CC(N)=O)[C@@H](CO)C(=O)C(=O)[C@H](C)NC(=O)[C@H](Cc1c[nH]c2ccccc12)[C@@H](CCCCN)C(N)=O)C(=O)N[C@@H](CCCCN)C(=O)NCC(=O)N[C@@H](C)C(N)=O.N.N.NCCCC[C@H](N)C(N)=O.c1ccc2[nH]ccc2c1
[C@H]4(CCCN=C(N)N)C%13=O.[C@H]6(CCCN=C(N)N)C%15=O.[C@H]5(CCC(=O)O)C%14=O.c19c[nH]c2ccccc12.c1%10c[nH]c2ccccc12.CC(C)C[C@H]%16C%12=O.[C@@H]18CCCN1%11.C%11(=O)[C@@H](N)C9.[C@H]7(C%10)C(=O)O.C38=O.N3%16.N%11%17.N%124.N%135.N%146.N%157	CC(C)C[C@H](NC(=O)[C@@H]1CCCN1C(=O)[C@@H](N)Cc1c[nH]c2ccccc12)C(=O)N[C@@H](CCCN=C(N)N)C(=O)N[C@@H](CCC(=O)O)C(=O)N[C@@H](CCCN=C(N)N)C(=O)N[C@@H](Cc1c[nH]c2ccccc12)C(=O)O.N
[C@H]13CSSC[C@@H]4NC(=O)[C@H]5NC(=O)[C@H]6NC(=O)[C@H]7NC(=O)[C@H]8N(C)C(=O)[C@@H]1C.CCCCCCCCCC2.C5CCCN.C6CCCN.C7CCCN.C4(=O)O.C54.C9N.C23	C.CCCCCCCCCCC[C@H]1CSSC[C@@H](C(=O)O)NC(=O)[C@H](CCCCN)NC(=O)[C@H](CCCCN)NC(=O)[C@H](CCCCN)NC(=O)CN(C)C(=O)[C@@H]1C.CN
C2(=O)[C@@H]5CCCCN.C%22(=O)[C@@H](N)CCCCN.C%18(=O)[C@H]7CCCN.C%21(=O)[C@@H]%10[C@@H](O)CN.C%20(=O)[C@@H]%11[C@@H](O)CN.C=%14(N2)C%23=O.C%13(=O)[C@@H]6C%15.[C@@H]1%14CCCN1%17.c1%15cnc[nH]1.C%12CCCN.N=C(N)N4.C%19(=O)C8.C%16%14=O.N24.N%135.N%166.N%187.N%198.N%209.N%21%10.N%22%11.N3%12	INVALID
[C@H]%22(CCC%23)C%13=O.[C@H]%27(CCC%28)C%57=O.[C@H]%31(CCC%32)C3=O.[C@H]%36(CCC%37)C7=O.[C@H]%40(CCC%41)C%11=O.[C@H]%44(CCC%45)C%16=O.[C@H]%49(CCC%50)C%16=O.[C@H]%54(CCC%50)C%20=O.[C@@H]%25(C%35=O)[C@@H](C)CC.[C@@H]%26(C%46=O)[C@@H](C)CC.[C@H]%27(CCC%28)C%57=O.[C@@H]%30(C%62=O)[C@@H](C)CC.[C@H]%31(CCC%32)C3=O.[C@@H]%34(C6=O)[C@@H](C)CC.[C@H]%36(CCC%37)C7=O.[C@@H]%39(C%10=O)[C@@H](C)CC.[C@@H]%42(C%14=O)[C@@H](C)CC.[C@H]%44(CCC%45)C%18=O.[C@@H]%48(C%19=O)[C@@H](C)CC.[C@@H]%51(C(N)=O)[C@@H](C)CC.[C@H]%25(CS)C%24=O.N1%35CCC[C@H]1%52.N1%57CCC[C@H]1%53.N13CCC[C@H]1%54.N17CCC[C@H]1%55.N1%11CCC[C@H]1%56.N1%16CCC[C@H]1%58.N1%20CCC[C@H]1%59.N%23C(=N)N.N%28C(=N)N.N%32C(=N)N.N%37C(=N)N.N%41C(=N)N.N%45C(=N)N.N%50C(=N)N.C%24%52=O.C%60%53=O.C4%54=O.C8%55=O.C%12%56=O.C%17%58=O.C%21%59=O.N2%22.N%13%25.N%24%26.N%46%27.N%60%29.N%61%30.N%62%31.N4%33.N5%34.N6%36.N8%38.N9%39.N%10%40.N%12%42.N%14%43.N%15%44.N%17%47.N%18%48.N%19%49.N%21%51	CC[C@H](C)[C@H](N)C(=O)N[C@@H](CCCNC(=N)N)C(=O)N1CCC[C@H]1C(=O)N[C@H](C(N)=O)[C@@H](C)CC.CC[C@H](C)[C@H](N)C(N)=O.CC[C@H](C)[C@H](N)C(N)=O.CC[C@H](C)[C@H](N)C(N)=O.CC[C@H](C)[C@H](NC(=O)[C@@H]1CCCN1C(=O)[C@H](CCCCCC[C@@H]1NC(=O)[C@H]([C@@H](C)CC)NC(=O)[C@@H]2CCCCCC[C@H]2C(=O)C1=O)[C@@H]1CCCN1)C(N)=O.CC[C@H](C)[C@H]1C(=O)N2CCC[C@H]2C(=O)C(=O)[C@@H]1CS.N.N=C(N)N.N=C(N)N.N=C(N)N.N=C(N)N.N=C(N)N.N=C(N)NCCC[C@H](N)C(N)=O.NC(=O)[C@@H]1CCCN1.NC(=O)[C@@H]1CCCN1.NC(=O)[C@@H]1CCCN1.NC=O.O=C1C(=O)[C@@H]2CCCCCC[C@@H]12.O=C1C(=O)[C@@H]2CCCCCC[C@@H]12.O=C1C(=O)[C@@H]2CCCCCC[C@@H]12
C%12(=O)[C@@H]3CCCN=C(N)N.C%15(=O)[C@@H]6CCCCN.CC[C@H](C)[C@H]%19C%16=O.C2(=O)[C@@H]%20CC(N)=O.[C@H]5(CC(C)C)C%17=O.c1%11ccc(O)cc1.[C@H]7(CCN)C%18=O.[C@@H]19CCCN1%14.C%13(=O)[C@@H]4C%10.[C@H]8(C%11)C(=O)O.c1%10cnc[nH]1.C%149=O.N2%19.N%123.N%134.N%155.N%166.N%177.N%188	CC[C@H](C)[C@H](NC(=O)CCC(N)=O)C(=O)N[C@@H](CCCCN)C(=O)N[C@@H](CC(C)C)C(=O)N[C@@H](CCN)C(=O)N[C@@H](Cc1ccc(O)cc1)C(=O)O.NC(N)=NCCC[C@@H]1NC1=O.O=C1N[C@H]1Cc1cnc[nH]1.O=C1[C@@H]2CCCN12
C3(=O)[C@@H]%17CCCN=C(N)N.C%46(=O)[C@@H]%26CCCN=C(N)N.[C@H]%30(CCCN=C(N)N)C8=O.[C@H]%33(CCCN=C(N)N)C%13=O.C%14(=O)[C@@H]%18CCC(N)=O.C%42(=O)[C@@H]%21CCCCN.c1%42c[nH]c2ccccc12.CC(C)C[C@H]%16C6=O.C%36(=O)[C@@H]%20CC(C)C.C%44(=O)[C@@H]%23CC(C)C.[C@H]%31(CC(C)C)C%10=O.C%43(=O)[C@@H]%24[C@@H](C)O.[C@@H]%29(C9=O)C(C)C.[C@@H]%32(C%12=O)C(C)C.C%25(=O)[C@@H]%19C%39.C%45(=O)[C@@H]%22C%40.c1%40ccccc1.N1%10CCC[C@H]1%37.[C@H]%35(C%41)C(N)=O.c1%41ccccc1.C4(=O)[C@@H]%27C.[C@@H]1%38CCCN1.C4(=O)CN.C%28C7=O.C%34C%15=O.C%13%37=O.C%11%38=O.N3%16.N%14%17.N%25%18.N%36%19.N%42%20.N%43%21.N%44%22.N%45%23.N%46%24.N4%26.N5%27.N6%28.N7%29.N8%30.N9%31.N%11%32.N%12%33.N%13%34.N%15%35	CC(C)C[C@@H]1NC(=O)[C@H](Cc2ccccc2)NC1=O.CC(C)C[C@H](NC(=O)[C@H](CCCN=C(N)N)NC(=O)[C@H](CCC(N)=O)NC(=O)[C@H](C)NC(=O)[C@@H](N)CC(C)C)C(=O)NCC(=O)N[C@H](C(=O)N[C@@H](CC(C)C)C(=O)N1CCC[C@H]1C(=O)C(=O)[C@H](CCCN=C(N)N)NC(=O)[C@@H](NC(=O)[C@@H]1CCCN1)C(C)C)C(C)C.C[C@@H](O)[C@H](NC(=O)[C@@H](N)CCCN=C(N)N)C(=O)N[C@@H](CCCCN)C(=O)c1c[nH]c2ccccc12.C[C@H](N)C(=O)C(=O)CN.NC(N)=NCCC[C@@H]1NC1=O.NCC(=O)N[C@@H](Cc1ccccc1)C(N)=O
C3(=O)[C@@H]7CCCN=C(N)N.C%21(=O)[C@@H](N)CCCN=C(N)N.[C@H]%16(CCCN=C(N)N)C5=O.[C@H]%17(CCCN=C(N)N)C(N)=O.c1%18c[nH]c2ccccc12.c1%19c[nH]c2ccccc12.CC[C@H](C)[C@H]6C%22=O.[C@@H]%12(C%25=O)[C@@H](C)CC.[C@@H]%10(C%23=O)C(C)C.[C@@H]%15(C4=O)C(C)C.C%14(=O)[C@@H]8C%18.C%20(=O)[C@@H]9CS.[C@H]%13(C%19)C%26=O.[C@H]%11(C)C%24=O.N36.N%147.N%208.N%219.N%22%10.N%23%11.N%24%12.N%25%13.N%26%15.N4%16.N5%17	CC[C@H](C)[C@H](NC(=O)[C@H](C)NC(=O)[C@@H](NC(=O)[C@@H](NC(=O)[C@H](CCCN=C(N)N)NC(=O)[C@H](Cc1c[nH]c2ccccc12)NC(=O)[C@H](CS)NC(=O)[C@@H](N)CCCN=C(N)N)[C@@H](C)CC)C(C)C)C(=O)N[C@@H](Cc1c[nH]c2ccccc12)C(=O)N[C@H](C(=O)N[C@@H](CCCN=C(N)N)C(=O)N[C@@H](CCCN=C(N)N)C(N)=O)C(C)C
C%24(=O)[C@@H]%34CCCN=C(N)N.C7(=O)[C@@H]%41CCCN=C(N)N.C%15(=O)[C@@H]%53CCCN=C(N)N.C%16(=O)[C@@H](N)CCCN=C(N)N.[C@H]%56(CCCN=C(N)N)C%26=O.[C@H]%63(CCCN=C(N)N)C%27=O.[C@H]%65(CCCN=C(N)N)C%28=O.[C@H]%66(CCCN=C(N)N)C%29=O.C%13(=O)[C@@H]%33CCC(N)=O.C%10(=O)[C@@H]%50CCCCN.C%15(=O)[C@@H]%53CCCCN.[C@H]%59(CCC(=O)O)C%23=O.CC[C@H](C)[C@H]%31C%17=O.C%46(=O)[C@@H]%36CC(C)C.C%76(=O)[C@@H]%40[C@@H](C)CC.C4(=O)[C@@H]%43CC(C)C.C%12(=O)[C@@H]%52CC(N)=O.[C@@H]%61(C%26=O)[C@@H](C)CC.C%35(=O)[C@@H]%37CC%70.c1%75ccc(O)cc1.C%11(=O)[C@@H]%50CC%70.[C@@H]%55(C%18=O)C(C)C.[C@@H]%59(C%21=O)C(C)C.[C@H]%69(CC%71)C(=O)O.C2(=O)[C@@H]%32CO.C6(=O)[C@@H]%47C%72.C%77(=O)[C@@H]%53C%73.C%14(=O)[C@@H]%54CO.[C@H]%58(C%74)C%19=O.[C@H]%62(C%75)C%25=O.c1%71cnc[nH]1.c1%72cnc[nH]1.c1%73cnc[nH]1.c1%74cnc[nH]1.C2(=O)C%32.C5(=O)C%44.C6(=O)C%45.C8(=O)C%48.C9(=O)C%49.C%10(=O)C%51.C%60C%22=O.C%67C%29=O.N2%31.N%13%32.N%24%33.N%35%34.N%46%36.N%57%37.N%68%38.N%76%39.N%77%40.N3%41.N4%42.N5%43.N6%44.N7%45.N8%47.N9%48.N%10%49.N%11%50.N%12%51.N%14%52.N%15%53.N%16%54.N%17%55.N%18%56.N%19%58.N%20%59.N%21%60.N%22%61.N%23%62.N%25%63.N%26%64.N%27%65.N%28%66.S%71C.N%30%69	CC(C)C[C@@H]1NC1=O.CC(C)C[C@H](NC(=O)CN)C(N)=O.CC[C@H](C)[C@H](N)C(=O)N[C@H](C(=O)N[C@@H](CCCN=C(N)N)C(=O)C(=O)[C@@H](NC(=O)CNC(=O)[C@H](C(C)C)[C@@H](CCC(=O)O)C(=O)N[C@@H](Cc1ccc(O)cc1)C(=O)N[C@@H](CCCN=C(N)N)C(=O)N[C@@H](CCCN=C(N)N)C(=O)N[C@@H](CCCN=C(N)N)C(=O)C(C)=O)[C@@H](C)CC)C(C)C.CC[C@H](C)[C@H](NC(=O)[C@@H](N)Cc1cnc[nH]1)C(N)=O.CS.N.N.N.NCC(=O)NCC(=O)N[C@@H](Cc1cnc[nH]1)C(=O)C(=O)CNC(=O)[C@@H](N)CCCN=C(N)N.NCCCC[C@@H](C(=O)C(=O)CNC(=O)[C@H](CC(N)=O)NC(=O)[C@H](CO)NC(=O)[C@@H](N)CCCN=C(N)N)[C@@H](CCCC[C@H](N)C(=O)N[C@@H](CCCN=C(N)N)C(=O)N[C@@H](CCC(N)=O)C(N)=O)C(N)=O.NCCCC[C@H]1C(=O)C(=O)[C@@H]1CCCN=C(N)N.N[C@@H](CCc1cnc[nH]1)C(=O)O.O=C1C[C@@H](CO)C1=O.O=C1N[C@H]1Cc1cnc[nH]1
[C@H]1%12CSSC[C@@H]%14NC(=O)[C@@H]2CCCN2C(=O)[C@H]%16NC(=O)[C@@H]2CCCN2C(=O)[C@@H]2CCCN2C(=O)[C@H]%17NC(=O)[C@@H]2CCCN2C(=O)[C@@H]2CCCN2C(=O)[C@H]%18NC(=O)[C@H]%19NC(=O)[C@H]%20NC(=O)[C@H]%21NC(=O)[C@H]%22NC(=O)[C@H]%23NC(=O)[C@H]%24NC(=O)[C@H]%25NC(=O)[C@H]%27NC1=O.c1%29c[nH]c2ccccc12.c1%29c[nH]c2ccccc12.[C@H]9(CCC(N)=O)C%34=O.c1%32c[nH]c2ccccc12.C4(=O)[C@@H]5[C@@H](C)O.c1%30ccc(O)cc1.C%19CCN=C(N)N.c1%31ccc(O)cc1.C%26(=O)[C@@H]6CO.[C@@H]1%13CCCN1%33.C%33(=O)[C@@H](N)CO.[C@H]7(C%30)C%35=O.[C@H]8(C%31)C%36=O.[C@H]%10(C%32)C(=O)O.C%11CC(N)=O.CC[C@@H]%14C.C%17C(C)C.C%26%12=O.C%15%13=O.C%35%13=O.C%25(C)C.N4%10.N%15%10.N%26%10.C9%28.C%24%29.C%25O.N%265.N%336.N%347.N%358.N%369.C%37%10	C.CCC(N)=O.CC[C@H](C)[C@@H]1CSSC[C@H](C(=O)C(=O)[C@@H](N)CO)C(=O)NCC(=O)N[C@@H](C(C)C)C(=O)N[C@@H](C)C(=O)NCC(=O)NCC(=O)NCC(=O)NCC(=O)N[C@@H](CCCN=C(N)N)C(=O)NCC(=O)N2CCC[C@H]2C(=O)N2CCC[C@H]2C(=O)N[C@@H](CC(C)C)C(=O)N2CCC[C@H]2C(=O)N2CCC[C@H]2C(=O)NCC(=O)N2CCC[C@H]2C(=O)N1.CO.C[C@@H](CCC(N)=O)C(=O)N[C@@H](Cc1ccc(O)cc1)C(=O)C=O.C[C@@H](O)[C@H](NNNC(=O)[C@@H]1CCCN1C(=O)[C@@H](N)CO)C(=O)N[C@@H](Cc1c[nH]c2ccccc12)C(=O)O.NC(=O)[C@@H](N)Cc1ccc(O)cc1.c1ccc2c(-c3c[nH]c4ccccc34)c[nH]c2c1
c1%20c[nH]c2ccccc12.c1%21c[nH]c2ccccc12.c1%22c[nH]c2ccccc12.c1%23c[nH]c2ccccc12.c1%24c[nH]c2ccccc12.CC[C@H](C)[C@H]7C(=O)O.C%30(=O)[C@@H]%16[C@@H](C)CC.C5(=O)[C@@H]%19CC(N)=O.C%25(=O)[C@@H]%10CCN.C%27(=O)[C@@H]%12CCN.C%28(=O)[C@@H]%13CCN.c1%26ccc(O)cc1.C3(=O)[C@@H]8C%20.C%14(=O)[C@@H]9C%21.C%29(=O)[C@@H]%15C%22.C%31(=O)[C@H]%17C%23.C4(=O)[C@@H]%18C%24.C6(=O)[C@@H](N)C%26.N37.N%148.N%259.N%27%10.N%28%11.N%29%12.N%30%13.N%31%15.N%32%16.N4%17.N5%18.N6%19	CC[C@H](C)[C@H](N)C(=O)N[C@@H](CCN)C(N)=O.CC[C@H](C)[C@H](NC(=O)[C@H](Cc1c[nH]c2ccccc12)NC(=O)[C@H](Cc1c[nH]c2ccccc12)NC(=O)[C@H](CCN)NC(=O)[C@H](CCN)NC(=O)[C@H](Cc1c[nH]c2ccccc12)NC(=O)[C@@H](Cc1c[nH]c2ccccc12)NC(=O)[C@H](Cc1c[nH]c2ccccc12)NC(=O)[C@H](CC(N)=O)NC(=O)[C@@H](N)Cc1ccc(O)cc1)C(=O)O
[C@@H]1%20CSSC[C@H](N)C(=O)N[C@@H]%22C(=O)N[C@@H]5C(=O)N[C@@H]6C(=O)N[C@@H]7C(=O)N[C@@H]8C(=O)N[C@@H]9C(=O)N[C@@H]%10C(=O)N[C@@H](C)C(=O)N1.[C@H]%18(CCCN=C(N)N)C(N)=O.c1%11c[nH]c2ccccc12.c1%12c[nH]c2ccccc12.CC[C@H](C)[C@H](N)C4=O.C%21CCN=C(N)N.C7CCN=C(N)N.C8CCN=C(N)N.C%15(=O)[C@@H](C.C%11CCCN.C%14C(N)=O.C4%20=O.[C@H]%10(C)O.N4%17.C5%11.C6%12.C6%13.N%15%18.N%16%18	INVALID
[C@@H]15NC(=O)[C@H](C)NC(=O)[C@H]6NC(=O)[C@@H]4CSSC[C@@H]5NC(=O)[C@H]6NC(=O)[C@H]7NC(=O)[C@H]8NC(=O)[C@@H](N)CSSC[C@@H]3NC1=O.C7CCCN.C[C@@H]4C.[C@H]5(C)CC.[C@H]8(C)O.C3(=O)O.C6O	CC(C)[C@H]1CSSC[C@@H]2NC(=O)[C@H]3NC(=O)[C@H](CCCCN)NC(=O)[C@H]([C@@H](C)O)NC(=O)[C@@H](N)CSSC[C@@H](C(=O)O)NC(=O)[C@H]2NC(=O)[C@H](C)NC(=O)[C@H]3NC1=O.CCCC.CO
[C@@H]14NC(=O)[C@H]8NC(=O)[C@H]9NC(=O)[C@@H](N)CSSC[C@@H]4NC(=O)[C@H]2CCCN2C(=O)[C@H]%10NC(=O)[C@H]%11NC(=O)[C@H]%12NC(=O)[C@H]%13NC(=O)[C@H]%14NC(=O)[C@H]%15NC(=O)[C@H]%16NC(=O)[C@H]5NC(=O)[C@H]6NC1=O.c17c[nH]c2ccccc12.c18c[nH]c2ccccc12.C%13CCN=C(N)N.C%15CCN=C(N)N.C%11CCCN.C%14CCCN.C5CCCN.CC(C)C4.C9C(C)C.[C@H]%10(C)O.C87.C%128	CC(C)C.CC(C)C[C@@H]1NC(=O)[C@@H](N)CSSC[C@@H]2NC(=O)[C@H]3CCCN3C(=O)[C@H]([C@@H](C)O)NC(=O)[C@H](CCCCN)NC(=O)[C@H](CCc3c[nH]c4ccccc34)NC(=O)[C@H](CCCN=C(N)N)NC(=O)[C@H](CCCCN)NC(=O)[C@H](CCCN=C(N)N)NC(=O)CNC(=O)[C@H](CCCCN)NC(=O)CNC(=O)[C@H]2NC(=O)[C@H](c2c[nH]c3ccccc23)NC1=O
C%13(=O)[C@@H]%11CCCCN.[C@H]%15(CCC(N)=O)C%36=O.CC[C@H](C)[C@H]%10C%34=O.C%24(=O)[C@@H]%14[C@@H](C)CC.C%34(=O)[C@@H](N)CC(=O)O.[C@H]%17(CC(N)=O)C3=O.[C@H]%20(CC(N)=O)C9=O.c1%31ccc(O)cc1.C%33(=O)[C@@H]%12C(C)C.[C@@H]1%21CCCN1%13.[C@@H]1%22CCCN1%32.N1%34CCC[C@H]1%23.N1%36CCC[C@H]1%25.N1%37CCC[C@H]1%26.N14CCC[C@H]1%27.[C@H]%18(C%30)C6=O.N16CCC[C@H]1%28.[C@H]%19(C%31)C8=O.c1%30cnc[nH]1.N%21C(=N)N.C2%22=O.C%37%23=O.C%35%25=O.C3%26=O.C5%27=O.C7%28=O.C%29(=O)O.N2%10.N%24%11.N%31%12.N%33%14.N%36%15.N3%17.N6%18.N7%19.N8%20	CC[C@H](C)[C@H](NC(=O)[C@@H](N)C(C)C)C(=O)N[C@@H](CCCCN)C(=O)N1CCC[C@H]1NC(=N)N.CC[C@H](C)[C@H](NC(=O)[C@@H]1CCCN1)C(=O)C(=O)[C@@H](N)CC(=O)O.NC(=O)CC[C@H](N)C(=O)N1CCC[C@H]1C=O.NC(=O)C[C@@H](C=O)NC(=O)[C@H](Cc1ccc(O)cc1)NC(=O)[C@@H]1CCCN1C(=O)[C@@H](N)Cc1cnc[nH]1.NC(=O)C[C@H](N)C(=O)C(=O)[C@@H]1CCCN1C(=O)[C@@H]1CCCN1.O=CO.O=C[C@@H]1CCCN1
[C@@H]14NC(=O)[C@H]%11NC(=O)[C@H]%12NC(=O)[C@@H]2CCCN2C(=O)[C@H]%13NC(=O)[C@H]%14NC(=O)[C@H]%15NC(=O)[C@H]%16NC(=O)[C@H]%17NC(=O)[C@H]5NC(=O)[C@@H]2CCCN2C(=O)[C@@H]5NC(=O)[C@H]6NC(=O)[C@H]7NC1=O.c18c[nH]c2ccccc12.c19c[nH]c2ccccc12.C%17CCN=C(N)N.C%11CCCN.C%13CCCN.C%15CCCN.C5CCCN.C6CCCN.C7CCCN.CC(C)C4.[C@H]%10(C)O.C%128.C%149.C%16%10	CC(C)C[C@@H]1NC(=O)[C@H](CCCCN)NC(=O)[C@H](Cc2c[nH]c3ccccc23)NC(=O)[C@@H]2CCCN2C(=O)[C@H](CCCCN)NC(=O)[C@H](Cc2c[nH]c3ccccc23)NC(=O)[C@H](CCCCN)NC(=O)[C@H](C[C@@H](C)O)NC(=O)[C@H](CCCN=C(N)N)NC(=O)[C@H]2NC(=O)[C@@H]3CCCN3C(=O)[C@@H]2NC(=O)[C@H](CCCCN)NC(=O)[C@H](CCCCN)NC1=O.CCCCN
C%25(=O)[C@@H]%14CCCN=C(N)N.C%28(=O)[C@@H]%16CCCN=C(N)N.C2(=O)[C@@H]7CCCCN.C%23(=O)[C@@H]9CCCCN.C%24(=O)[C@@H]%11CCCCN.C%25(=O)[C@@H]%12CCC(=O)O.C3(=O)[C@@H]%17CCCCN.CC(C)C[C@H]6C(N)=O.C%13(=O)[C@@H]8CC(C)C.C4(=O)[C@@H]%18CC(C)C.C%22(=O)[C@@H]%10C%19.c1%19ccccc1.C%27(=O)[C@@H]%15C%20.c1%20ccccc1.C%26(=O)[C@@H]%15C%21.c1%21ccccc1.N26.N%137.N%228.N%239.N%24%10.N%25%11.N%26%12.N%27%14.N%28%15.N3%16.N4%17.N5%18	CC(C)C[C@H](N)C(=O)N[C@@H](CCCCN)C(=O)N[C@@H](CCCN=C(N)N)C(N)=O.CC(C)C[C@H](NC(=O)[C@H](CCCCN)NC(=O)[C@H](CC(C)C)NC(=O)[C@H](Cc1ccccc1)NC(=O)[C@@H](N)CCCCN)C(N)=O.NC(N)=NCCC[C@@H]1NC(=O)[C@H](Cc2ccccc2)[C@@H](Cc2ccccc2)C(=O)N[C@@H](CCC(=O)O)C(=O)C1=O.NCCCC[C@@H]1NC1=O
[C@@H]19NC(=O)[C@H]%10NC(=O)[C@H]%11NC(=O)[C@H]%12NC(=O)[C@H]%13NC(=O)[C@H]%14NC(=O)[C@H]%16NC(=O)[C@H]%17NC(=O)[C@@H]7CSSC[C@@H]8NC1=O)cc(O)cc1.c1%18ccc8cc1.c1%19ccc9cc1.c1%21cccccc1.c1%20ccccc1.C%24(=O)[C@@H](N)C%21.c1%21ccccc1.c1%22ccccc1.C4(=O)[C@@H]%29C.N=C(=N)N.C%12CC%25.N%25C(=N)N.C%11CC%26.N%26C(=N)N.C%12CC%27.N%27C(=N)N.C%16CC%28.N%28C(=N)N.C%10(C)C.C%10%19.C%13%18.N47.N%15%30.N%225.N%146.N%28%24	INVALID
[C@@H]%32(CCCN=C(N)N)C%12=O.c1%40c[nH]c2ccccc12.[C@@H]%26(CCCCN)C5=O.[C@@H]%35(CCCCN)C%15=O.CC[C@@H](C)[C@@H]%16C6=O.C%14(=O)[C@H]%18CC(C)C.C%42(=O)[C@H]%22CC(N)=O.C%45(=O)[C@H]%24CC(C)C.[C@@H]%34(CC(C)C)C%13=O.C%25(=O)[C@H]%19[C@H](C)O.C4(=O)[C@H]%27C(C)C.C5(=O)[C@H](N)C(C)C.C%44(=O)[C@H]%23C%41.c1%41ccccc1.[C@@H]%31(C%38)C%10=O.[C@@H]%33(C%40)C%11=O.[C@@H]%37(C%39)C(N)=O.C3(=O)[C@H]%17C.C%42(=O)[C@H]%21C.C%43(=O)[C@H]%26C.c1%38cnc[nH]1.[C@@H]%29(C)C7=O.c1%39cnc[nH]1.C%36(=O)C%20.C%48(=O)C%26.N3%16.N%14%17.N%25%18.N%36%19.N%42%20.N%43%21.N%44%22.N%45%23.N%46%24.N4%26.N5%27.N6%28.N7%29.N8%30.N9%31.N%10%32.N%11%33.N%12%34.N%13%35.N%15%37	CC(C)C[C@@H](N)C(=O)N[C@H](Cc1ccccc1)C(=O)N[C@H](CC(N)=O)C(=O)C(=O)[C@@H](C)NC(=O)[C@@H](C)[C@H](CCCCN)C(=O)C(=O)[C@H](N)C(C)C.CC(C)C[C@@H](NC(=O)[C@@H](CCCN=C(N)N)NC(=O)[C@H](N)Cc1cnc[nH]1)C(=O)N[C@H](CCCCN)C(=O)N[C@H](Cc1cnc[nH]1)C(N)=O.CC(C)[C@@H](N)C(=O)NCC=O.CC[C@@H](C)[C@@H](NC(=O)[C@@H](C)NC(=O)[C@@H](CC(C)C)NC(=O)[C@H](NC(=O)CN)[C@H](C)O)C(N)=O.C[C@H]1NC1=O.N.O=C1N[C@@H]1Cc1c[nH]c2ccccc12
C%24(=O)[C@@H]%26CCC(=O)O.C%24(=O)[C@@H]%26CCCCN.C%46(=O)[C@@H](N)CCCCN.[C@H]%30(CCC(=O)O)C%57=O.[C@H]%32(CCCCN)C4=O.[C@H]%37(CCC(N)=O)C8=O.[C@H]%47(CCC(N)=O)C%20=O.[C@H]%49(CCC(N)=O)C%21=O.CC[C@H](C)[C@H]%22C%56=O.C%13(=O)[C@@H]%25CC(N)=O.C%54(=O)[C@@H]%28CC(N)=O.[C@H]%31(CC(N)=O)C%58=O.[C@H]%33(CC(C)C)C4=O.[C@H]%41(CC(C)C)C%12=O.[C@H]%43(CC(C)C)C%16=O.[C@H]%47(CC(C)C)C%18=O.[C@H]%48(CC(C)C)C%19=O.[C@@H]%33(C5=O)C(C)C.[C@@H]%38(C9=O)C(C)C.[C@@H]%40(C%10=O)[C@@H](C)O.[C@@H]%42(C%15=O)[C@@H](C)O.C%35(=O)[C@@H]%27C%53.c1%53ccccc1.N1%10CCC[C@H]1%51.[C@H]%41(CO)C%14=O.N1%16CCC[C@H]1%52.[C@H]%50(CO)C(N)=O.c1%53cnc[nH]1.C%34C6=O.C%39C%11=O.C%11%51=O.C%17%52=O.N2%22.N%13%23.N%24%25.N%35%26.N%46%27.N%54%28.N%55%29.N%56%30.N%57%31.N3%32.N4%33.N5%34.N6%36.N7%37.N8%38.N9%39.N%11%40.N%12%41.N%14%42.N%15%43.N%17%44.N%17%45.N%18%47.N%19%48.N%20%49.N%21%50	CC(C)C[C@@H](C(=O)C(=O)[C@@H](N)CCCCN)[C@H](C(=O)NCC(N)=O)C(C)C.CC(C)C[C@@H](C(N)=O)[C@@H](CCC(N)=O)C(=O)N[C@@H](CCC(N)=O)C(=O)N[C@@H](CO)C(N)=O.CC(C)C[C@@H]1NC1=O.CC(C)C[C@H](NC(=O)[C@@H](NC(=O)[C@H](CO)[C@@H](CC(C)C)C(N)=O)[C@@H](C)O)C(=O)N1CCC[C@H]1C(N)=O.CC(C)[C@H](NC(=O)[C@@H](N)CCC(N)=O)C(=O)NCC(=O)C(=O)[C@@H]1CCCN1C(=O)[C@@H](N)[C@@H](C)O.CC[C@H](C)[C@H](N)C(=O)N[C@@H](CCC(=O)O)C(=O)N[C@H](C=O)CC(N)=O.N.N.N.NC(=O)C[C@@H]1NC1=O.NC(=O)C[C@H](N)C(N)=O.NCCCC[C@H](N)C(=O)N[C@@H](Cc1ccccc1)C(N)=O.NCCCC[C@H]1C(=O)C(=O)[C@@H]1CCC(=O)O.c1c[nH]cn1
C%13(=O)[C@@H]%18CCCN=C(N)N.[C@H]%33(CCCN=C(N)N)C%11=O.[C@H]%29(CCCCN)C7=O.CC[C@H](C)[C@H]%16C%49=O.C%35(=O)[C@@H]%20CC(N)=O.[C@@H]%32(C9=O)[C@@H](C)CC.[C@H]%34(CC(N)=O)C%12=O.[C@@H]%25(C3=O)C(C)C.[C@@H]%27(C5=O)C(C)C.[C@@H]%31(C8=O)[C@@H](C)O.[C@@H]%36(C%14=O)C(C)C.[C@@H]%37(C%15=O)[C@@H](C)O.C%24(=O)[C@@H]%19C%43.c1%43ccccc1.C%45(=O)[C@@H]%21C%40.C%46(=O)[C@@H]%22C%41.C%48(=O)[C@@H](N)C%44.c1%44ccccc1.[C@H]%26(C%41)C3=O.[C@H]%26(C%42)C4=O.[C@H]%33(CO)C%10=O.c1%39cnc[nH]1.c1%40cnc[nH]1.c1%41cnc[nH]1.c1%42cnc[nH]1.C2(=O)C%17.C%28C6=O.C%39C(=O)O.N2%17.N%13%18.N%24%19.N%35%20.N%45%21.N%46%22.N%47%23.N%48%25.N%49%26.N3%27.N4%28.N5%29.N6%30.N7%31.N8%32.N9%33.N%10%34.N%11%36.N%12%37.N%14%38.N%15%39	CC(C)[C@H](NC(=O)[C@@H](N)Cc1ccccc1)C(=O)C(=O)[C@H](CC[C@@H]1NC1=O)[C@@H](Cc1cnc[nH]1)C(=O)NCC(N)=O.CC(C)[C@H](NC(=O)[C@H](CCCN=C(N)N)[C@@H](CO)C(=O)N[C@@H](CC(N)=O)C(=O)N[C@H](C(N)=O)[C@@H](C)O)C(N)=O.CC[C@H](C)CC(N)=O.CC[C@H](C)[C@H](NC(=O)[C@@H](NC(=O)[C@H](CCCCN)NC(=O)[C@@H](N)C(C)C)[C@@H](C)O)C(N)=O.N.NC(=O)C[C@@H]1NC1=O.NC(N)=NCCC[C@@H]1NC1=O.O=C(O)Cc1cnc[nH]1.O=C1CN1.O=C1N[C@H]1Cc1ccccc1.O=C1N[C@H]1Cc1cnc[nH]1.c1c[nH]cn1
C3(=O)[C@@H]9CCCCN.C%14(=O)[C@@H]%10CCCCN.C%32(=O)[C@@H]%16CCCCN.c1%24c[nH]c2ccccc12.C6(=O)[C@@H](N)CCCCN.CC[C@H](C)[C@H]8C7=O.C%27(=O)[C@@H]%11CC(C)C.c1%22ccc(O)cc1.[C@@H]%18(CO)[C@@H])C(C)C.c1%20ccccc1.C%25(=O)[C@@H]%11C%21.C%29(=O)[C@@H]%13C%22.[C@@H]1%21CCCN1%31.C%31(=O)[C@@H]%15C%23.c1%23ccccc1.C5(=O)[C@@H]%17C%24.[C@H]%19(C%26)C(N)=O.c1%26ccccc1.C%28(=O)C%12.C%32%20=O.N38.N%149.N%25%10.N%27%11.N%29%12.N%30%13.N%32%15.N4%16.N5%17.N6%18.N7%19	INVALID
C3(=O)[C@@H]%38CCCCN.C%14(=O)[C@@H]%38CCC(N)=O.[C@H]%53(CCC(N)=O)C%12=O.[C@H]%56(CCC(N)=O)C%13=O.[C@H]%57(CCCCN)C%16=O.[C@H]%60(CCC(N)=O)C%17=O.c1%85c[nH]c2ccccc12.[C@H]%78(CCC(N)=O)C%34=O.CC[C@H](C)[C@H]%35C8=O.C%25(=O)[C@@H]%41CCC%42.C%58(=O)[C@@H]%43CC(C)C.C%83(=O)[C@@H]%45CC(=O)O.C4(=O)[C@@H]%46[C@@H](C)O.C((=O)[C@@H]%53C(C)C.C7(=O)[C@@H](N)C(C)C.[C@H]%56(CCC%57)C%15=O.[C@H]%60(CCC%63)C%18=O.[C@H]%62(CCC%63)C%19=O.[C@H]%64(CC(N)=O)C%20=O.[C@H]%66(CC(N)=O)C%22=O.[C@H]%73(CC(C)C)C%26=O.[C@H]%75(CCC%76)C(=O)O.[C@H]%74(CCC%76)C%27=O.[C@@H]%74(C%31=O)C(C)C.[C@@H]%77(C%33=O)[C@@H](C)O.C%36(=O)[C@@H]%43CO.C%58(=O)[C@@H]%44C%82.c1%82ccccc1.C5(=O)[C@@H]%49C%83.[C@H]%55(CO)C%13=O.[C@H]%57(C%84)C%15=O.c1%84ccccc1.[C@H]%62(CO)C%21=O.[C@H]%67(CO)C%23=O.N1%29CCC[C@H]1%81.[C@H]%72(C%86)C%32=O.c1%86ccccc1.[C@H]%78(CO)C%34=O.C%80(=O)[C@@H]%40C.C6(=O)[C@@H]%49C.[C@H]%59(C)C%17=O.C%54C%12=O.C%66C%24=O.N%68C(=N)N.N%63C(=N)N.N%76C(=N)N.C%79C%31=O.C%30%81=O.N3%35.N%14%37.N%25%38.N%36%39.N%47%40.N%58%41.N%69%42.N%80%43.N%87%44.N4%45.N5%46.N6%48.N7%49.N8%50.N9%51.N%10%53.N%11%54.N%12%55.N%13%56.N%15%57.N%16%59.N%17%60.N%18%61.N%19%62.N%20%64.N%21%65.N%22%66.N%23%67.N%24%70.N%26%71.N%27%72.N%28%73.N%30%74.N%31%75.N%32%77.N%33%78.N%34%79	INVALID
C%47(=O)[C@@H]%37CCCN=C(N)N.C%75(=O)[C@@H]%41CCCN=C(N)N.C%76(=O)[C@@H]%42CCCN=C(N)N.[C@H]%50(CCCN=C(N)N)C%11=O.[C@H]%55(CCCN=C(N)N)C%18=O.[C@H]%61(CCCN=C(N)N)C%24=O.[C@H]%66(CCCN=C(N)N)C%30=O.C%14(=O)[C@@H]%34CCC(=O)O.C%75(=O)[C@@H]%44CCCCN.c1%73c[nH]c2ccccc12.[C@H]%51(CCC(=O)O)C%13=O.[C@H]%54(CCC(N)=O)C%16=O.[C@H]%59(CCC(N)=O)C%22=O.[C@H]%64(CCC(N)=O)C%27=O.[C@H]%67(CCCCN)C%31=O.CC[C@H](C)[C@H]%32C9=O.C3(=O)[C@@H]%33CC(C)C.C%36(=O)[C@@H]%39CC(C)C.C%76(=O)[C@@H]%45CC(C)C.[C@H]%53(CC(N)=O)C%16=O.[C@H]%68(CC(C)C)C%31=O.C%36(=O)[C@@H]%38C(C)C.C5(=O)[C@@H]%44C(C)C.C8(=O)[C@@H](N)[C@@H](C)O.[C@@H]%52(C%15=O)[C@@H](C)O.[C@@H]%56(C%17=O)C(C)C.[C@@H]%68(C%30=O)[C@@H](C)O.C%69(=O)[C@@H]%42CO.C5(=O)[C@@H]%44CS.C6(=O)[C@@H]%45CO.C7(=O)[C@@H]%41C%73.[C@H]%57(C%74)C%21=O.c1%74ccccc1.[C@H]%60(CO)C%21=O.N1%18CCC[C@H]1%71.[C@H]%65(CS)C%24=O.[C@H]%70(CS)C(=O)O.C6(=O)[C@@H]%46C.C4(=O)C%43.C%51C%12=O.C%19%71=O.N3%32.N%14%33.N%25%34.N%36%35.N%47%37.N%58%38.N%69%39.N%75%40.N%76%41.N4%42.N5%43.N6%44.N7%45.N8%46.N9%48.N%10%49.N%11%50.N%12%51.N%13%52.N%15%53.N%16%54.N%17%55.N%19%56.N%19%57.N%20%59.N%21%60.N%22%61.N%23%62.N%24%63.N%26%64.N%27%65.N%28%66.N%29%67.N%30%68.N%31%70	CC(C)C[C@@H](C(=O)C(=O)[C@@H](N)CCCCN)[C@H](C(=O)C(=O)[C@@H](N)CCCN=C(N)N)[C@@H](C)O.CC(C)C[C@H](NC(=O)[C@H](CO)[C@@H](CCCN=C(N)N)C(=O)C(=O)[C@H](CC(C)C)[C@@H](CO)C(=O)C(=O)[C@H](C)NC(=O)[C@@H](N)[C@@H](C)O)C(=O)C(=O)[C@@H](N)C(C)C.CC(C)[C@@H](C(=O)C(=O)[C@@H](N)CS)[C@@H](CCCCN)C(=O)C(=O)[C@H](CCCN=C(N)N)[C@@H](Cc1c[nH]c2ccccc12)C(N)=O.CC(C)[C@@H]1NC(=O)[C@@H]2CCCN2C(=O)[C@H](CCCN=C(N)N)NC1=O.CC[C@H](C)[C@H](NC(=O)[C@H](CC(C)C)NC(=O)[C@@H](N)CCC(=O)O)C(N)=O.C[C@@H](O)[C@H](NC(=O)[C@H](CCC(=O)O)CC(N)=O)C(=O)N[C@@H](CC(N)=O)C(=O)C(=O)[C@@H](N)CCC(N)=O.N.N.N.N.N.N.N.NC(=O)CC[C@H](N)C(=O)N[C@@H](CS)C(=O)C(=O)[C@H](CCCN=C(N)N)NC(=O)[C@@H](N)CCC(N)=O.NC(N)=NCCC[C@@H]1NC1=O.NC(N)=NCCC[C@@H]1NC1=O.NCC(N)=O.N[C@@H](CO)C(=O)C(=O)[C@@H](N)Cc1ccccc1.N[C@@H](CS)C(=O)O
[C@@H]1%24NC(=O)[C@@H]2CSSC[C@H](NC(=O)[C@@H]4CCCN4C(=O)[C@H]5NC(=O)[C@H]6NC(=O)[C@H](CSSC[C@H](NC(=O)[C@H]7NC(=O)[C@H]8NC3=O)C(=O)N[C@@H]9C(=O)N[C@@H]%10C(=O)NCC(=O)NCC(=O)N[C@@H]%11C(=O)N[C@@H]%12C(=O)NCC(=O)NCC(=O)N[C@@H]%13C(=O)N2.[C@H]%21(CC(N)=O)C(=O)O.C4(=O)[C@@H]%22C(C)C.c1%16ccc(O)cc1.C%11CCN=C(N)N.C%11CCN=C(N)N.c1%17ccccc1.c1%18ccccc1.C%13CCCN.CC[C@@H]%24C.C%24C(N)=O.C5(=O)CN.C%12C%22.C%156=O.[C@H]9(C)O.C8(C)C.N4%23.N%15%19.N%19%20.N%21%21.C%10%17.C%12O.C%14%18	INVALID
C%13(=O)[C@@H]%14CCCN=C(N)N.C%30(=O)[C@@H]%14CCCN=C(N)N.[C@H]%18(CCCN=C(N)N)C5=O.[C@H]%20(CCCN=C(N)N)C%10=O.CC[C@H](C)[C@H]%11C%33=O.C%31(=O)[C@@H]%15CC(N)=O.C%32(=O)[C@@H]%16CC(N)=O.[C@H]%17(CC(C)C)C3=O.c1%28ccc(O)cc1.C%32(=O)[C@@H](N)C(C)C.c1%29ccc(O)cc1.C2(=O)[C@@H]%12C%28.[C@@H]1%21CCCN1%30.N1%35CCC[C@H]1%22.N15CCC[C@H]1%23.N16CCC[C@H]1%25.[C@H]%19(C%29)C8=O.N18CCC[C@H]1%26.N1%10CCC[C@H]1%27.C%24%21=O.C%34%22=O.C4%23=O.C6%25=O.C7%26=O.C9%27=O.C%27(=O)O.N2%11.N%13%12.N%24%14.N%32%15.N%33%16.N%34%17.N4%18.N7%19.N7%20	CC(C)C[C@@H](C=O)NC(=O)[C@@H]1CCCN1.CC[C@H](C)[C@H](NC(=O)[C@H](Cc1ccc(O)cc1)NC(=O)[C@H](CCCN=C(N)N)[C@@H](CCCN=C(N)N)C(=O)N1CCC[C@H]1C(N)=O)C(=O)N[C@@H](CC(N)=O)C(=O)C(=O)[C@@H](N)C(C)C.NC(=O)C[C@H](N)C=O.NC(N)=NCCC[C@@H]1NC(=O)[C@@H]2CCCN2C1=O.NC(N)=NCCC[C@H](N)C(=O)N1CCC[C@H]1C=O.O=C1N[C@@H](Cc2ccc(O)cc2)C(=O)N2CCC[C@@H]12.O=C1[C@@H]2CCCN12.O=CO
C%18(=O)[C@@H]%65CCCN=C(N)N.C%20(=O)[C@@H]%64CCCN=C(N)N.C%20(=O)[C@@H]%65CCCN=C(N)N.C%35(=O)[C@@H]%41CCC(N)=O.C3(=O)[C@@H]%48CCC(=O)O.C5(=O)[C@@H]%50CCC(=O)O.C7(=O)[C@@H]%52CCC(N)=O.C%10(=O)[C@@H]%55CCCCN.C%11(=O)[C@@H]%56CCCCN.C%12(=O)[C@@H]%59CCCCN.C%16(=O)[C@@H]%61CCCCN.C%17(=O)[C@@H]%62CCCCN.[C@H]%69(CCC(N)=O)C%25=O.[C@H]%78(CCC(N)=O)C%26=O.[C@H]%75(CCC(N)=O)C%26=O.[C@H]%80(CCCCN)C%36=O.CC[C@H](C)[C@H]%38C%22=O.C%57(=O)[C@@H]%42[C@@H](C)CC.C%18(=O)[C@@H]%64[C@@H](C)CC.C%57(=O)[C@@H]%47C(C)C.C9(=O)[C@@H]%54CC%83.[C@@H]%76(C%33=O)C(C)C.[C@@H]%77(C%33=O)[C@@H](C)O.C%68(=O)[C@@H]%43C%85.c1%85ccccc1.C%68(=O)[C@@H]%48CO.C7(=O)[C@@H]%58CO.[C@H]%73(C%84)C%23=O.[C@H]%82(C%85)C(=O)O.C%13(=O)[C@@H]%40C.C%68(=O)[C@@H]%47C.C4(=O)[C@@H]%49C.C%14(=O)[C@@H]%60C.C%14(=O)[C@@H]%59C.C%21(=O)[C@H](C)N.c11.c1%84cnc[nH]1.[C@H]%70(C)C%27=O.[C@H]%73(C)C%28=O.[C@H]%74(C)C%31=O.[C@H]%76(C)C%32=O.[C@H]%80(C)C%36=O.C6(=O)C%51.C8(=O)C%53.C%19(=O)C%67.N2%38.N%13%39.N%24%40.N%35%41.N%46%41.N%57%42.N%68%43.N%79%44.N%86%45.N3%47.N4%48.N5%49.N6%50.N7%51.N8%52.N9%53.N%10%54.N%11%55.N%12%56.N%14%58.N%15%59.N%16%60.N%17%61.N%18%62.N%19%63.N%20%64.N%21%65.N%22%66.N%23%67.N%25%69.N%26%70.N%27%71.N%28%72.N%29%73.N%30%74.N%30%75.N%31%76.N%32%77.N%33%78.N%34%80.N%36%81.N%37%82	INVALID
C2(=O)[C@@H]%40CCCCN.C%13(=O)[C@@H]%41CCC(=O)O.C%24(=O)[C@@H]%42CCCCN.C%46(=O)[C@@H]%44CCCCN.[C@H]%59(CCCCN)C%14=O.[C@H]%62(CCC(=O)O)C%18=O.[C@H]%61(CCCCN)C%21=O.[C@H]%71(CCCCN)C%27=O.[C@H]%73(CCC(=O)O)C%33=O.[C@H]%76(CCCCN)C%34=O.[C@H]%78(CCCCN)C%36=O.CC[C@H](C)[C@H]%38C8=O.C%82(=O)[C@@H]%45CC(=O)O.C4(=O)[C@@H]%51CC(C)C.C5(=O)[C@@H]%52CC(C)C.[C@@H]%59(C%15=O)[C@@H](C)CC.[C@H]%60(CC(N)=O)C%16=O.[C@H]%62(CC(C)C)C%17=O.[C@@H]%65(C%20=O)[C@@H](C)CC.[C@H]%67(CC(=O)O)C%25=O.[C@@H]%70(C%26=O)[C@@H](C)CC.[C@H]%71(CC(=O)O)C%27=O.[C@H]%73(CC(C)C)C%28=O.[C@@H]%64(C%19=O)C(C)C.[C@@H]%77(C%32=O)C(C)C.C%46(=O)[C@@H]%43CO.C%68(=O)[C@@H]%47C%83.c1%83ccccc1.C%79(=O)[C@@H]%48C%84.c1%84ccccc1.C7(=O)[C@@H](N)C%85.c1%85ccccc1.[C@H]%54(C%86)C%12=O.c1%86ccccc1.N1%19CCC[C@H]1%81.[C@H]%69(C%82)C%19=O.[C@H]%80(CO)C(=O)O.C6(=O)[C@@H]%49C.[C@H]%58(C)C%11=O.c1%82cnc[nH]1.C%57(=O)C%39.C%79(=O)C%48.C3(=O)C%50.C%54C9=O.C%55C%10=O.C%66C%22=O.C%77C%32=O.C%28%81=O.N2%39.N%13%40.N%24%41.N%35%42.N%46%43.N%57%44.N%68%45.N%79%47.N%88%48.N3%49.N4%50.N5%51.N6%52.N7%53.N8%54.N9%55.N%10%56.N%11%58.N%12%59.N%14%60.N%15%61.N%16%62.N%17%63.N%18%64.N%20%65.N%21%66.N%22%67.N%23%69.N%25%70.N%26%71.N%27%72.N%28%73.N%29%74.N%30%75.N%31%76.N%32%77.N%33%78.N%37%80	CC(C)C[C@@H](C(N)=O)[C@@H](CCC(=O)O)C(=O)N[C@H](C(=O)N1CCC[C@H]1C(=O)C(=O)[C@H](CC(C)C)[C@@H](CCC(=O)O)C(=O)N[C@H](C=O)CCCCN)C(C)C.CC(C)C[C@@H]1NC(=O)[C@H](C)NC(=O)CNC(=O)[C@H](CC(C)C)NC1=O.CC(C)[C@@H]1CC(=O)C1=O.CC[C@H](C)CC(N)=O.CC[C@H](C)[C@@H](C(=O)N[C@@H](CCCCN)C(=O)NCC(=O)N[C@@H](CC(=O)O)C(=O)N[C@H](C(N)=O)[C@@H](C)CC)[C@@H](CCCCN)C(=O)N[C@@H](CC(N)=O)C(N)=O.CC[C@H](C)[C@@H]1NC1=O.C[C@@H]1NC1=O.N.N.N.N.N.N.NC(=O)CNC(=O)C[C@@H](Cc1ccccc1)C(N)=O.NC(=O)[C@@H](N)Cc1ccccc1.NCCCC[C@H](N)C=O.NCCCC[C@H](NC(=O)[C@H](CCC(=O)O)NC(=O)[C@@H](N)CCCCN)C(=O)NCC(=O)N[C@@H](CCCCN)C(=O)C(=O)[C@@H](N)CO.NCCCC[C@H]1C(=O)C(=O)[C@@H]1CC(=O)O.N[C@@H](CO)C(=O)O.N[C@H](C=O)CC(=O)[C@H](CC(=O)O)NC(=O)[C@@H](N)Cc1ccccc1.O=C1C[C@@H](Cc2ccccc2)C1=O.c1c[nH]cn1
[C@H]%24(CCCN=C(N)N)C8=O.[C@H]%24(CCCN=C(N)N)C9=O.[C@H]%10(CCCCN)C%14=O.c1%27c[nH]c2ccccc12.[C@H]%15(CCCCN)C%34=O.[C@H]%16(CCCCN)C%36=O.c1%29c[nH]c2ccccc12.c1%30c[nH]c2ccccc12.CC[C@H](C)[C@H](N)C3=O.[C@H]%18(CC(C)C)C%38=O.[C@H]%19(CC(C)C)C4=O.[C@H]%26(CC(C)C)C(=O)O.c1%28ccc(O)cc1.[C@@H]%20(C5=O)C(C)C.[C@@H]%23(C7=O)C(C)C.[C@H]%11(C%27)C%25=O.[C@H]%13(C%28)C%32=O.[C@H]%17(C%29)C%35=O.[C@H]%21(C%30)C6=O.[C@H]%22(C%31)C7=O.c1%31ccccc1.N3%10.N%14%11.N%25%12.N%32%13.N%33%15.N%34%16.N%35%17.N%36%18.N%37%19.N4%20.N5%21.N6%22.N7%23.N8%24.N9%26	CC(C)C[C@@H](C=O)NC(=O)[C@H](CCCCN)NC(=O)[C@@H](N)CCCCN.CC(C)C[C@H](N)C(=O)N[C@H](C(=O)N[C@@H](Cc1c[nH]c2ccccc12)C(=O)N[C@@H](Cc1ccccc1)C(=O)C(=O)[C@@H](N)C(C)C)C(C)C.CC(C)C[C@H](NC(=O)[C@H](CCCN=C(N)N)[C@@H](CCCN=C(N)N)C(N)=O)C(=O)O.CC[C@H](C)[C@H](N)C(=O)N[C@@H](CCCCN)C(=O)N[C@@H](Cc1c[nH]c2ccccc12)C(N)=O.O=C1N[C@H]1Cc1c[nH]c2ccccc12.O=C1N[C@H]1Cc1ccc(O)cc1
[C@@H]13NC(=O)[C@H]4NC(=O)[C@H](C)NC(=O)[C@H]6N)N(C)C(=O)CNC(=O)[C@@H]2CCCN2C1=O.c17ccccc1.c18ccccc1.CC[C@@H]3C.[C@H]5(C)O.C47.C68	INVALID
[C@@H]14NC(=O)[C@H]9NC(=O)[C@@H]2CSSC[C@H](NC(=O)[C@H]3CCCN3C(=O)[C@H]%10NC(=O)[C@H]%11NC(=O)[C@H]%12NC(=O)[C@H]%13NC(=O)[C@H]%14NC(=O)[C@H](NC(=O)CNC(=O)[C@H]%15NC(=O)[C@H]5NC(=O)[C@H]6NC(=O)[C@@H](N)CSSC[C@@H]4NC1=O)C(=O)NCC(=O)N[C@@H]7C(=O)N2.C9CCN=C(N)N.C%12CCN=C(N)N.C%14CCN=C(N)N.C%16CCN=C(N)N.C5CCN=C(N)N.c18ccccc1.CC[C@@H]4C.C6C(C)C.[C@H]%15(C)O.C%137.C%118	INVALID
C%22(=O)[C@@H]%11CCCN=C(N)N.C%25(=O)[C@@H](N)CCCN=C(N)N.[C@H]%17(CCCN=C(N)N)C(N)=O.C3(=O)[C@@H]7CCCCN.c1%18c[nH]c2ccccc12.[C@H]%16(CCCCN)C5=O.CC[C@H](C)[C@H]6C4=O.C%20(=O)[C@@H]9[C@@H](C)CC.C%23(=O)[C@@H]%12[C@@H](C)CC.C%14(=O)[C@@H]8C(C)C.C%21(=O)[C@@H]%10C%18.C%24(=O)[C@@H]%13C%19.c1%19ccccc1.[C@H]%23(C)C(N)=O.N36.N%147.N%208.N%219.N%22%10.N%23%11.N%24%12.N%25%13.N%26%15.N4%16.N5%17	CC[C@H](C)[C@H](NC(=O)[C@H](CCCCN)NC(=O)[C@@H](NC(=O)[C@@H](NC(=O)[C@H](Cc1c[nH]c2ccccc12)NC(=O)[C@@H](N)CCCN=C(N)N)[C@@H](C)CC)C(C)C)C(=O)N[C@@H](CCCCN)C(=O)N[C@@H](CCCN=C(N)N)C(N)=O.CC[C@H](C)[C@H](NC(=O)[C@H](Cc1ccccc1)NC(=O)[C@@H](N)CCCN=C(N)N)C(=O)[C@@H](C)C(N)=O.N
C%14(=O)[C@@H]%19CCCN=C(N)N.[C@H]%34(CCCN=C(N)N)C%15=O.C3(=O)[C@@H]%17CCCCN.C%36(=O)[C@@H]%21CCCCN.c1%42c[nH]c2ccccc12.C%46(=O)[C@@H]%23CCCCN.CC(C)C[C@H]%17C9=O.C5(=O)[C@@H]%28CC(N)=O.C3(=O)[C@@H]%18C(C)C.C%48(=O)[C@@H]%22C(C)C.c1%44ccc(O)cc1.[C@@H]%35(C(=O)O)C(C)C.C%25(=O)[C@@H]%20CO.C%47(=O)[C@@H]%24C%40.C%49(=O)[C@@H]%26C%41.C4(=O)[C@@H]%27C%42.c1%43ccccc1.C6(=O)[C@@H]%29C%43.C7(=O)[C@@H]%30C%44.N19CCC[C@H]1%38.[C@H]%32(C%39)C%12=O.N1%12CCC[C@H]1%39.[C@H]%37(CO)C(=O)O.c1%44ccccc1.c1%40cnc[nH]1.c1%41cnc[nH]1.C8(=O)CN.C%10%38=O.C%11%39=O.N3%16.N%14%17.N%25%18.N%36%19.N%45%20.N%46%21.N%47%22.N%48%23.N%49%24.N4%26.N5%27.N6%28.N7%29.N8%30.N9%31.N%10%32.N%11%33.N%13%34.N%15%35.N%16%37	CC(C)C[C@@H](C(=O)N1CCC[C@H]1C(=O)N[C@H]1C[C@@H]2CCCN2C1=O)[C@@H](CCCCN)C(=O)C(=O)[C@@H](NC(=O)[C@@H](N)CO)C(C)C.CC(C)[C@H](NC(=O)[C@@H](N)CCCN=C(N)N)C(=O)O.CC(C)[C@H](NC(=O)[C@H](Cc1cnc[nH]1)NC(=O)[C@H](Cc1cnc[nH]1)NC(=O)[C@H](Cc1c[nH]c2ccccc12)NC(=O)[C@H](CC(N)=O)NC(=O)[C@H](Cc1ccccc1)NC(=O)[C@H](Cc1ccc(O)cc1)NC(=O)CN)C(=O)N[C@@H](CCCCN)C(=O)N[C@@H](CCCCN)C(=O)N[C@@H](CCCN=C(N)N)C(N)=O.N.NC=O.NN[C@@H](CO)C(=O)O.c1ccccc1
C3(=O)[C@@H]%19CCCN=C(N)N.C4(=O)[C@@H]%24CCCN=C(N)N.C%25(=O)[C@@H]%17CCC(N)=O.C%44(=O)[C@@H]%21CCCCN.c1%40c[nH]c2ccccc12.[C@H]%29(CCC(N)=O)C%10=O.[C@H]%30(CCC(N)=O)C%12=O.[C@H]%30(CC(C)C)C%11=O.C%45(=O)[C@@H]%23CC(C)C.C%33C[C@H]%16C8=O.c1%39ccc(O)cc1.C%44(=O)[C@@H]%22[C@@H](C)C.[C@@H]1%34CCCN1%25.C%25(=O)[C@@H]%18C%38.[C@@H]1%34CCCN1%41.C%43(=O)[C@@H]%20C%39.c1%38ccccc1.C5(=O)[C@@H]%26C%39.C6(=O)C%27CO.[C@H]%31(C%40)C%13=O.N1%13CCC[C@H]1%37.[C@@H]1%35CCCN1.[C@H]%32(C)C(=O)O.C%14%34=O.C%36%35=O.C%15%37=O.CS%33.N3%15.N%14%16.N%36%17.N%40%18.N%42%19.N%43%20.N%44%21.N4%22.N5%23.N6%24.N7%26.N8%27.N9%28.N%10%29.N%11%30.N%12%31.N%15%32	CC(C)C[C@@H](C(N)=O)[C@@H](CCC(N)=O)C(=O)N[C@@H](Cc1c[nH]c2ccccc12)C(=O)N1CCC[C@H]1C(=O)NC(=O)[C@@H](N)CCCN=C(N)N.CC(C)C[C@@H](C=O)NC(=O)[C@H](C)N.CSCC[C@H](NC=O)C(=O)NC(CO)C(=O)N[C@@H](CCCN=C(N)N)C(=O)N[C@H](C(=O)C(=O)[C@@H](N)CCCCN)C(C)C.C[C@H](N)C(=O)O.N.NC(=O)CC[C@@H]1NC1=O.NC(=O)CC[C@H](NC(=O)[C@@H]1CCCN1)C(=O)N1CCC[C@H]1[C@@H]1CCCN1.N[C@H](C=O)Cc1ccccc1.O=C1N[C@H]1Cc1ccc(O)cc1
[C@@H]1%28NC(=O)[C@H]%31NC(=O)[C@@H]2CCCN2C(=O)[C@H](C)NC(=O)NCC(=O)N[C@@H]6C(=O)N[C@@H]7C(=O)N[C@@H]8C(=O)N[C@@H]9C(=O)N[C@H](CSSC[C@@H]%27NC(=O)[C@H]%10NC(=O)[C@H]%11NC1=O)C(=O)N[C@@H]%12C(=O)N[C@@H]%13C(=O)N[C@@H]%14C(=O)[C@H]%14NC(=O)[C@H]%16NC(=O)[C@H]%17NC(=O)[C@H]%18NC(=O)[C@H]%19NC1=O.c1%24c[nH]c2ccccc12.C%29CCN=C(N)N.C%31CCN=C(N)N.C9CCN=C(N)N.C5CCN=C(N)N.C%12CCN=C(N)N.C%19CCN=C(N)N.c1%21ccccc1.C%15(=O)[C@@H](N)C%22.c1%22ccccc1.c1%23ccccc1.C6CC(N)=O.C%16CC(N)=O.CC[C@@H]%29C.C7C(C)C.[C@H]%11(C)CC.C%14C(C)C.C%26%27=O.[C@H]%10(C)O.C%10(C)C.N4%23.N%15%26.N%26%24.N7%21.C8O.C9%23.C%10O.C%18%24	INVALID
C%69(=O)[C@@H]%41CCCN=C(N)N.C%18(=O)[C@@H]%62CCCN=C(N)N.[C@H]%78(CCCN=C(N)N)C(=O)O.C%36(=O)[C@@H]%39CCC(N)=O.C4(=O)[C@@H]%48CCC(=O)O.C%17(=O)[C@@H]%55CCCCN.C%23(=O)[C@@H]%67CCCCN.C%24(=O)[C@@H]%72CCC(N)=O.c1%83c[nH]c2ccccc12.CC[C@H](C)[C@H]%37C%35=O.C%25(=O)[C@@H]%40CC(C)C.C%90(=O)[C@@H]%45CC(C)C.C6(=O)[C@@H]%50CC(N)=O.C%12(=O)[C@@H]%54CC(=O)O.C%20(=O)[C@@H]%63CC(C)C.C%27(=O)[C@@H]%71CC(C)C.C%28(=O)[C@@H]%72CC(=O)O.C%58(=O)[C@@H]%42C(C)C.c1%82ccc(O)cc1.C9(=O)[C@@H]%53C(C)C.C%24(=O)[C@@H]%63[C@@H](C)O.C%27(=O)[C@@H]%72[C@@H](C)O.C%30(=O)[C@@H]%75C(C)C.C%47(=O)[C@@H]%43CS.C%69(=O)[C@@H]%44C%79.C5(=O)[C@@H]%49C%79.C7(=O)[C@@H]%51C%82.C%11(=O)[C@@H]%55CO.C%16(=O)[C@@H]%64C%81.C%23(=O)[C@@H]%67C%84.c1%84ccccc1.C%26(=O)[C@@H]%68CO.C%29(=O)[C@@H]%76C%85.C3(=O)[C@@H]%38C.C%36(=O)[C@@H]%42C.c1%79cnc[nH]1.C6(=O)[C@@H]%49C.C%19(=O)[C@@H]%61C.c1%81cnc[nH]1.C%13(=O)C%57.C8(=O)C%52.C%13(=O)C%56.C%22(=O)[C@@H]%64C.C%20(=O)C%66.C%28(=O)CN.N3%37.N%14%38.N%25%39.N%36%40.N%47%41.N%58%42.N%69%43.N%80%44.N%86%45.N4%46.N5%48.N6%49.N7%50.N8%51.N9%52.N%10%53.N%11%54.N%12%55.N%13%56.N%15%57.N%16%59.N%17%60.N%18%61.N%19%62.N%20%63.N%21%64.N%22%65.N%23%66.N%24%67.N%26%68.N%27%70.N%28%71.N%29%72.N%30%73.N%31%74.N%32%75.N%33%76.N%34%77.N%35%78	CC(C)C[C@@H](C(=O)C(=O)CN)[C@H](C(=O)C(=O)[C@H](CCC(N)=O)[C@@H](CC(=O)O)C(=O)C(=O)CN)[C@@H](C)O.CC(C)C[C@H](N)C(=O)C(=O)[C@@H](NC(=O)[C@H](C)N)[C@@H](C)O.CC(C)C[C@H](N)C(=O)N[C@@H](CCC(N)=O)C(=O)C(=O)[C@H](C)[C@H](C(N)=O)C(C)C.CC(C)C[C@H](N)C=O.CC(C)[C@H](N)C(=O)NCC(=O)N[C@@H](Cc1ccc(O)cc1)C(=O)N[C@@H](CC(N)=O)C(=O)C(=O)[C@H](C)[C@@H](CC[C@H](N)C(=O)C(=O)[C@H](CCCN=C(N)N)NC(=O)[C@@H](N)CS)C(=O)N[C@@H](CCC(=O)O)C(N)=O.CC(C)[C@H](N)C(N)=O.CC[C@H](C)[C@H](NC(=O)[C@H](C)N)C(=O)N[C@@H](CCCN=C(N)N)C(=O)O.C[C@@H](C(N)=O)[C@@H](Cc1cnc[nH]1)C(N)=O.C[C@@H]1NC(=O)[C@H](CCCN=C(N)N)NC1=O.N.N.N.N.N.N.N.NCC(=O)C(=O)CN.NCCCC[C@@H](C(N)=O)[C@@H](CO)C(=O)N[C@@H](CC(=O)O)C(N)=O.NCCCC[C@H]1C(=O)C(=O)[C@@H]1Cc1ccccc1.O=C1N[C@H]1CO.c1c[nH]cn1.c1ccc2[nH]ccc2c1
C5(=O)[C@@H]%26CCCN=C(N)N.C8(=O)[C@@H]%29CCCN=C(N)N.C%14(=O)[C@@H]%18CCC(N)=O.C%25(=O)[C@@H]%18CCCCN.C%44(=O)[C@@H]%21CCCCN.c1%40c[nH]c2ccccc12.[C@H]%31(CCCCN)C%13=O.CC[C@H](C)[C@H]%16C9=O.C7(=O)[C@@H]%28CC(N)=O.[C@H]%30(CC(C)C)C%15=O.C3(=O)[C@@H]%17CC%32.c1%41ccc(O)cc1.C%25(=O)[C@@H]%19CO.C%43(=O)[C@@H]%22C%39.[C@@H]1%33CCCN1%45.C%46(=O)[C@@H]%24C%40.[C@@H]1%34CCCN16.C5(=O)[C@@H]%27CO.N1%10CCC[C@H]1%35.[C@H]%30(C%41)C%12=O.c1%39ccccc1.N1%13CCC[C@H]1%37.[C@H]%32(CS)C(N)=O.C%36(=O)CN.C%43%34=O.C%45%35=O.C%11%37=O.C%15%38=O.N3%16.N%14%17.N%25%18.N%36%19.N%42%20.N%43%21.N%44%22.N%46%23.N4%24.N5%26.N7%27.N8%28.N9%29.N%11%30.N%12%31.N%15%32	CC(C)C[C@@H](C(=O)C=O)[C@@H](Cc1ccc(O)cc1)C(=O)N[C@@H](CCCCN)C(=O)N1CCC[C@H]1C(N)=O.CC[C@H](C)[C@H](NC(=O)[C@H](CC[C@@H](CS)C(N)=O)NC(=O)[C@H](CCC(N)=O)[C@@H](CCCCN)C(=O)C(=O)[C@H](CO)NC(=O)CN)C(=O)N[C@@H](CCCN=C(N)N)C(=O)N[C@@H](CC(N)=O)C(=O)N[C@@H](CO)C(=O)C(=O)[C@@H](N)CCCN=C(N)N.N.N.N.NC(=O)[C@@H](N)Cc1c[nH]c2ccccc12.NCCCC[C@H](N)C(=O)N[C@@H](Cc1ccccc1)C(=O)C(=O)[C@@H]1CCCN1.O=C([C@@H]1CCCN1)N1CCCC1
C%69(=O)[C@@H]%45CCCCN.C4(=O)[C@@H]%48CCC(=O)O.C6(=O)[C@@H]%49CCCCN.C%15(=O)[C@@H]%52CCCCN.c1%79c[nH]c2ccccc12.C%19(=O)[C@@H]%62CCCCN.[C@H]%68(CCCCN)C%31=O.[C@H]%72(CCC(N)=O)C%33=O.CC[C@H](C)[C@H]%35C%28=O.C%36(=O)[C@@H]%39[C@@H](C)CC.C%47(=O)[C@@H]%40[C@@H](C)CC.C%58(=O)[C@@H]%41CCC%42.C%69(=O)[C@@H]%44CC(N)=O.C8(=O)[C@@H]%48CC(N)=O.C%12(=O)[C@@H]%55[C@@H](C)CC.C%16(=O)[C@@H]%59CC(C)C.C%20(=O)[C@@H]%61CC(C)C.C%18(=O)[C@@H]%60CC(C)C.C%23(=O)[C@@H]%64[C@@H](C)CC.C%26(=O)[C@@H]%66CC(C)C.[C@H]%71(CC(N)=O)C%30=O.[C@H]%72(CC(C)C)C%33=O.C6(=O)[C@@H]%44CC%75.C%80(=O)[C@@H]%46C(C)C.[C@@H]%74(C(=O)O)C(C)C.C%25(=O)[C@@H]%41CO.C7(=O)[C@@H]%50C%78.[C@@H]1%76CCCN1%13.[C@@H]1%77CCCN1%17.C%21(=O)[C@@H]%57C%79.[C@H]%67(CO)C%29=O.[C@H]%71(C%81)C%31=O.c1%81ccccc1.[C@H]%72(CO)C%32=O.C3(=O)[C@@H]%37C.C%69(=O)[C@@H]%42C.c1%78cnc[nH]1.C5(=O)C%46.C%11(=O)C%53.C%11(=O)C%56.C%13(=O)C%60.C%28(=O)CN.C%13%76=O.C%10%77=O.N3%35.N%14%37.N%25%38.S%75C.N%36%40.N%47%41.N%58%42.N%69%43.N%82%44.N4%45.N5%46.N6%48.N7%49.N8%50.N9%51.N%10%52.N%11%53.N%12%54.N%15%55.N%16%56.S%75C.N%18%59.N%19%60.N%20%61.N%21%62.N%22%63.N%23%64.N%24%65.N%26%66.N%27%67.N%28%68.N%29%70.N%30%71.N%31%72.N%32%73.N%34%74	CC(C)C[C@@H]1NC1=O.CC(C)C[C@@H]1NC1=O.CC(C)C[C@H](CC(=O)N1CCC[C@H]1C=O)C(=O)N[C@@H](CC(C)C)C(=O)NCC(=O)C(=O)CN.CC(C)C[C@H]1C(=O)C(=O)[C@@H]1CCC(N)=O.CC(C)[C@@H](C=O)CC(N)=O.CC(C)[C@H](N)C(=O)O.CC[C@H](C)CC(=O)N[C@H](C(N)=O)[C@@H](C)CC.CC[C@H](C)[C@@H]1NC1=O.CC[C@H](C)[C@H](NC(=O)[C@H](C)N)C(=O)C(=O)CN.CC[C@H](C)[C@H](NC(=O)[C@H](CCCCN)NC(=O)[C@@H]1CCCN1)C(N)=O.CS.CSCC[C@H]1C(=O)C(=O)[C@H](CCCCN)NC(=O)[C@H](Cc2cnc[nH]2)NC(=O)[C@H](CC(N)=O)[C@@H](CCC(=O)O)C(=O)N[C@@H](CCCCN)C(=O)C(=O)[C@@H]1CC(N)=O.C[C@H](CCC[C@@H](C(N)=O)[C@@H](CO)C(N)=O)C(N)=O.N.N.N.N.N.NC(=O)[C@@H](N)CO.NC(=O)[C@@H](N)CO.NCCCC[C@H](N)C(=O)C(=O)[C@H](Cc1ccccc1)[C@@H](CC(N)=O)C(N)=O.NCCCC[C@H](NC(=O)CCc1c[nH]c2ccccc12)C(N)=O
C%10(=O)[C@@H]%48CCCN=C(N)N.C%13(=O)[C@@H]%33CCC(=O)O.C%46(=O)[C@@H]%34CCCCN.C3(=O)[C@@H]%40CCCCN.C7(=O)[C@@H]%44CCCCN.C%11(=O)[C@@H]%50CCC(=O)O.C%16(=O)[C@@H]%53CCC(=O)O.C%17(=O)[C@@H]%55CCCCN.C%20(=O)[C@@H]%60CCC(=O)O.C%22(=O)[C@@H]%61CCCCN.CC[C@H](C)[C@H]%30C%27=O.C8(=O)[C@@H]%45[C@@H](C)CC.C%12(=O)[C@@H]%50CC(=O)O.C%14(=O)[C@@H]%51[C@@H](C)CC.C%18(=O)[C@@H]%58[C@@H](C)CC.C%25(=O)[C@@H]%63CC(C)C.C2(=O)[C@@H]%31C(C)C.C%57(=O)[C@@H]%38CC%67.C%78(=O)[C@@H]%40C(C)C.C6(=O)[C@@H]%43[C@@H](C)O.C%15(=O)[C@@H]%53C(C)C.c1%70ccc(O)cc1.C4(=O)[C@@H]%42CO.C%20(=O)[C@@H]%62C%69.c1%69ccccc1.C%21(=O)[C@@H]%59CO.[C@H]%65(C%70)C%29=O.C%24(=O)[C@@H]%33C.C%71(=O)[C@@H]%39C.C5(=O)[C@@H]%42C.C9(=O)[C@@H]%47C.[C@H]%63(C)C%28=O.[C@H]%66(C)C(=O)O.C%57(=O)C%37.C%26(=O)C%64.C%27(=O)CN.N2%30.N%13%31.N%24%32.N%35%33.N%46%34.N%57%36.N%68%37.N%71%38.N%72%38.N3%39.N4%40.N5%41.N6%42.N7%43.N8%44.N9%45.N%10%47.N%11%48.N%12%49.N%14%50.N%15%51.N%16%52.N%17%53.N%18%54.N%19%55.N%20%56.N%21%58.N%22%59.N%23%60.N%25%61.N%25%62.N%26%63.N%27%64.N%28%65.N%29%66	CC[C@H](C)[C@H](NC(=O)[C@@H](NC(=O)[C@H](CCC(=O)O)[C@@H](C)C(N)=O)C(C)C)C(=O)C(=O)CN.CC[C@H](C)[C@H](NC(=O)[C@H](C(C)C)[C@@H](CCC(=O)O)C(N)=O)C(N)=O.CC[C@H](C)[C@H](NC(=O)[C@H](C)NC(=O)[C@H](CCCN=C(N)N)NC(=O)[C@H](CCC(=O)O)[C@@H](CC(=O)O)C(N)=O)C(=O)N[C@@H](CCCCN)C(=O)N[C@H](C(N)=O)[C@@H](C)O.CC[C@H](C)[C@H](NC(=O)[C@H](CO)NC(=O)[C@H](CCCCN)NC(=O)[C@H](CC(C)C)[C@@H](C)C(=O)N[C@@H](Cc1ccc(O)cc1)C(=O)N[C@@H](C)C(=O)O)C(N)=O.CC[C@H](NC(=O)[C@H](C)NC(=O)[C@H](CCCCN)[C@H](C=O)C(C)C)C(=O)C(=O)CN.C[C@@H](C(N)=O)[C@@H](CO)C(N)=O.N.N.N.N.NCC(N)=O.NCCCC[C@@H]1NC1=O.NCCCC[C@H](N)C(N)=O.N[C@@H](CCC(=O)O)C(=O)C(=O)[C@@H](N)Cc1ccccc1
C%12(=O)[C@@H]%16CCCCN.C%37(=O)[C@@H]%20CCCCN.C%39(=O)[C@@H](N)CCCCN.[C@H]%24(CCCCN)C3=O.[C@H]%26(CCC(N)=O)C6=O.[C@H]%27(CCCCN)C7=O.[C@H]%30(CCC(N)=O)C9=O.[C@H]%31(CC(N)=O)C%11=O.[C@H]%28(CC(N)=O)C8=O.C%38(=O)[C@@H]%21CC%36.[C@H]%31(CC%36)C%11=O.[C@H]%33(CO)C%13=O.C1(=O)[C@@H]%15C.C%23(=O)[C@@H]%17C.C%34(=O)[C@@H]%18C.[C@H]%22(C)C2=O.[C@H]%25(C)C5=O.[C@H]%32(C)C%10=O.[C@H]%35(C)C(N)=O.C%24C2=O.C%29C7=O.N1%14.N%12%15.N%23%16.N%34%17.N%37%18.N%38%19.N%39%20.S%36%21.N%40%22.N2%24.N3%25.N4%26.N5%27.N6%28.N7%29.N8%30.N9%31.N%10%32.N%11%33.N%13%35	C[C@@H]1NC1=O.C[C@H](N)C(=O)C(=O)C[C@@H](CCCCN)C(=O)N[C@@H](C)C(=O)N[C@@H](CCCCN)C(=O)C(=O)CN.C[C@H](NC(=O)[C@@H](N)CO)C(N)=O.C[C@H](NC(=O)[C@H](CCCCN)NC(=O)[C@H](C)NC(=O)[C@H](C)NC(=O)[C@H](CCCCN)NC(=O)[C@@H](N)CCCCN)C(N)=O.N.NC(=O)CC[C@H](NC(=O)[C@H](CC(N)=O)NC(=O)[C@@H](N)CCC(N)=O)C(N)=O.NC(=O)C[C@H]1C(=O)C(=O)[C@@H]1CCCC[C@H](S)C(N)=O
C2(=O)[C@@H]5CCCCN.C%18(=O)[C@@H](N)CCCCN.[C@H]9(CCCCN)C%22=O.[C@H]%11(CCCCN)C3=O.[C@H]%12(CCCCN)C3=O.C%13(=O)[C@H]5CCCN.C%17(=O)[C@@H]7[C@@H](O)CN.N1%19CCC[C@H]1%14.[C@H]8(C%16)C%21=O.N%22C=%15C%23=O.C[C@H]4C%19=O.c1%16cnc[nH]1.C%14CC6.C=%15CC%10.N%10C(=N)N.C%20%14=O.N24.N%135.N%176.N%187.N%208.N%219.N%23%11.N3%12	C[C@H](NC(=O)[C@H](CCCCN)[C@H](CCCN)C(N)=O)C(=O)N1CCC[C@H]1CCCNC(=O)[C@@H](NC(=O)[C@@H](N)CCCCN)[C@@H](O)CN.N=C(N)NCCC=C(NC(=O)[C@H](CCCCN)NC(=O)[C@H](Cc1cnc[nH]1)NC=O)C(=O)N[C@@H](CCCCN)C(=O)C(=O)[C@@H](N)CCCCN
C%25(=O)[C@@H]%24CCCCN.C%36(=O)[C@@H]%26CCCCN.C%52(=O)[C@@H]%29CCCCN.C%53(=O)[C@@H](N)CCCCN.c1%50c[nH]c2ccccc12.[C@H]%34(CCCCN)C8=O.CC[C@H](C)[C@H]%21C%54=O.C3(=O)[C@@H]%22[C@@H](C)CC.C%51(=O)[C@@H]%28CC(C)C.[C@H]%33(CC(C)C)C8=O.[C@H]%38(CC(C)C)C%12=O.[C@H]%42(CC(C)C)C%16=O.[C@H]%43(CC(C)C)C%17=O.[C@H]%46(CC(C)C)C(N)=O.[C@@H]%32(C6=O)C(C)C.[C@@H]%37(C%11=O)[C@@H](C)O.[C@@H]%44(C%19=O)[C@@H](C)O.C%47(=O)[C@@H]%27C%49.c1%49ccccc1.N18CCC[C@H]1%48.[C@H]%39(CO)C%13=O.[C@H]%45(C%50)C%20=O.C%14(=O)[C@@H]%23C.[C@H]%30(C)C4=O.[C@H]%34(C)C7=O.[C@H]%35(C)C%10=O.C%31C5=O.C%41C%15=O.C9%48=O.N3%21.N%14%22.N%25%23.N%36%24.N%47%26.N%51%27.N%52%28.N%53%29.N%54%30.N4%31.N5%32.N6%33.N7%34.N9%35.N%10%37.N%11%38.N%12%39.N%13%40.N%15%41.N%16%42.N%17%43.N%18%44.N%19%45.N%20%46	CC(C)C[C@@H]1NC1=O.CC(C)C[C@@H]1NC1=O.CC(C)C[C@H](NC(=O)[C@@H](NC(=O)[C@H](C)NC(=O)[C@@H]1CCCN1)[C@@H](C)O)C(=O)N[C@@H](CO)C(N)=O.CC(C)C[C@H](NC(=O)[C@H](Cc1c[nH]c2ccccc12)NC(=O)[C@@H](N)[C@@H](C)O)C(N)=O.CC[C@H](C)[C@H](NC(=O)[C@H](C)NC(=O)[C@H](CCCCN)NC(=O)[C@H](CCCCN)NC(=O)[C@H](Cc1ccccc1)NC(=O)[C@H](CC(C)C)NC(=O)[C@H](CCCCN)NC(=O)[C@@H](N)CCCCN)C(=O)N[C@H](C(=O)N[C@@H](C)C(=O)NCC(=O)N[C@H](C(=O)N[C@@H](CC(C)C)C(=O)C(=O)[C@H](CCCCN)[C@@H](C)C(N)=O)C(C)C)[C@@H](C)CC.O=C1CN1
C3(=O)[C@H]6CCCN=C(N)N.C%14(=O)[C@H]7CCCN=C(N)N.[C@@H]%13(CCCN=C(N)N)C4=O.[C@@H]%15(CCCN=C(N)N)C(N)=O.c1%16c[nH]c2ccccc12.c1%17c[nH]c2ccccc12.CC[C@@H](C)[C@@H]5C%21=O.C%19(=O)[C@H]9CC(C)C.[C@H]%12(C%24=O)[C@H](C)CC.[C@H]%10(C%22=O)C(C)C.[C@H]%11(C%23=O)C(C)C.C%18(=O)[C@H]8C%16.[C@@H]%12(C%17)C%23=O.N35.N%146.N%187.N%198.N%209.N%21%10.N%22%11.N%23%12.N%24%13.N4%15	CC[C@@H](C)[C@H](C(=O)N[C@H](CCCN=C(N)N)C(=O)N[C@H](CCCN=C(N)N)C(N)=O)[C@H](Cc1c[nH]c2ccccc12)C(=O)C(=O)[C@H](NC(=O)[C@H](NC(=O)[C@H](NC(=O)[C@@H](CCCN=C(N)N)NC(=O)[C@@H](CCCN=C(N)N)NC(=O)[C@@H](Cc1c[nH]c2ccccc12)NC(=O)[C@H](N)CC(C)C)[C@H](C)CC)C(C)C)C(C)C.N
CC[C@H](C)[C@H]%17C%47=O.C%24(=O)[C@@H]%18CCC%19.C%46(=O)[C@@H](N)CCC%20.[C@H]%21(CCC%22)C%48=O.[C@H]%23(CCC%25)C%50=O.[C@H]%26(CCCN)C5=O.[C@H]%28(CC(C)C)C5=O.[C@H]%29(CCC%30)C9=O.[C@H]%31(CCC%32)C%14=O.[C@H]%40(CC%32)C%16=O.c1%45ccc(O)ccc1.[C@@H]1%33CCCN1%13.C%35(=O)[C@@H]%19C%44.c1%44ccccc1.N1%50CCC[C@H]1%34.N1%51CCC[C@H]1%36.N15CCC[C@H]1%37.N16CCC[C@H]1%38.[C@H]%27(C%45)C8=O.N19CCC[C@H]1%39.N1%11CCC[C@H]1%40.N1%12CCC[C@H]1%41.N1%14CCC[C@H]1%42.N1%16CCC[C@H]1%43.N%20C(=N)N.N%22C(=N)N.N%25C(=N)N.N%28C(=N)N.N%32C(=N)N.C2%34=O.C%45%36=O.C%46%37=O.C%49%38=O.C3%39=O.C6%40=O.C7%41=O.C%10%42=O.C%12%43=O.C%44(=O)O.N2%16.N%24%17.N%46%18.N%47%21.N%49%21.N3%23.N4%26.N7%28.N8%29.N%10%31.N%15%31	INVALID
[C@H]5(CCCCN)C%18=O.[C@H]9(CCCCN)C3=O.[C@@H]4(C%13=O)[C@@H](O)CN.[C@@H]5(C%16=O)[C@@H](O)CN.[C@@H]7(CCCN)C%19=O.N1%19CCC[C@H]1%11.[C@H]8(C%14)C%21=O.C%22(N)C2=O.c1%14cnc[nH]1.C%10CCCN.N=C(N)N3.C3CC=%12.C%17(=O)C6.C%20%11=O.N%134.N%155.N%166.N%187.N%188.N%209.N%21%10	C=CCC.N.N=C(N)NC(=O)[C@H](CCCCN)NC(=O)[C@@H]1CCCN1C(=O)[C@@H](CCCN)NC(=O)[C@H](CCCCN)[C@H](C(=O)NCC=O)[C@@H](O)CN.NCC=O.NCCCCNC(=O)[C@@H](N)Cc1cnc[nH]1.NC[C@H](O)[C@@H]1NC1=O
[C@H]%12(CCCN=C(N)N)C%30=O.[C@H]%16(CCCN=C(N)N)C4=O.[C@H]%18(CCCN=C(N)N)C6=O.[C@H]%19(CCCN=C(N)N)C(N)=O.c1%21c[nH]c2ccccc12.c1%23c[nH]c2ccccc12.c1%24c[nH]c2ccccc12.c1%26c[nH]c2ccccc12.[C@H]%24(CCCCN)C6=O.C%20C[C@H]7C%25=O.[C@@H]8(C%14=O)[C@@H](C)O.[C@H]9(C%21)C%27=O.[C@H]%10(C%22)C%28=O.c1%22ccccc1.[C@H]%11(CO)C%29=O.[C@H]%13(C%23)C%31=O.[C@H]%15(C%24)C%32=O.[C@H]%17(C%26)C5=O.CS%20.N37.N%148.N%259.N%27%10.N%28%11.N%29%12.N%30%13.N%31%15.N%32%16.N4%17.N5%18.N6%19	CSCC[C@H](N)C(=O)N[C@@H](Cc1c[nH]c2ccccc12)C(=O)N[C@@H](Cc1ccccc1)C(=O)N[C@@H](CO)C(=O)N[C@@H](CCCN=C(N)N)C(=O)N[C@@H](Cc1c[nH]c2ccccc12)C(=O)N[C@@H](C)C(=O)N[C@@H](CCCN=C(N)N)C(=O)N[C@@H](Cc1c[nH]c2ccccc12)C(=O)N[C@@H](CCCN=C(N)N)C(=O)C(=O)[C@H](CCCCN)c1c[nH]c2ccccc12.C[C@@H](O)[C@@H]1NC1=O.NC(=O)[C@@H](N)CCCN=C(N)N
[C@H]%18(CCCN=C(N)N)C4=O.[C@H]%20(CCCN=C(N)N)C5=O.[C@H]%24(CCCN=C(N)N)C%10=O.C%36(=O)[C@@H]%17CCCCN.c1%34c[nH]c2ccccc12.CC[C@H](C)[C@H]%12C%39=O.C%37(=O)[C@@H]%16[C@@H](C)CC.[C@H]%22(CC(N)=O)C6=O.[C@H]%26(CC(C)C)C(=O)O.c1%32ccc(O)cc1.c1%33ccc(O)cc1.[C@@H]%23(C%11=O)[C@@H](C)O.C3(=O)[C@@H]%15C%31.C%36(=O)[C@@H]%17C%32.[C@@H]1%28CCCN1%38.C%38(=O)[C@@H](N)CO.N1%39CCC[C@H]1%29.[C@H]%19(C%33)C%41=O.[C@H]%21(C%34)C7=O.N17CCC[C@H]1%30.[C@H]%22(C%35)C9=O.c1%31cnc[nH]1.C%14%27=O.C%25%28=O.C7%29=O.C8%30=O.N3%12.N%14%13.N%25%13.N%36%15.N%37%16.N%39%17.N%40%18.N4%19.N5%20.N6%21.N8%22.N9%23.N%10%24.N%11%26	CC(C)C[C@H](NC(=O)[C@@H](NC(=O)[C@H](C)[C@@H](CC(N)=O)C(=O)N[C@@H](Cc1c[nH]c2ccccc12)C(=O)N1CCC[C@H]1C(N)=O)[C@@H](C)O)C(=O)O.CC[C@H](C)[C@@H]1NC1=O.CC[C@H](C)[C@H](NC(=O)[C@@H](N)Cc1cnc[nH]1)C(=O)N1CCC[C@H]1C=O.N.NC(N)=NCCC[C@@H]1NC1=O.NC(N)=NCCC[C@@H]1NC1=O.NC(N)=NCCC[C@H](N)C(=O)N[C@H](C=O)Cc1ccc(O)cc1.NCCCC[C@H]1C(=O)C(=O)[C@@H]1Cc1ccc(O)cc1.N[C@@H](CO)C(=O)N1CCC[C@H]1C(=O)NNC=O
[C@H]%12(CCCN=C(N)N)C%25=O.[C@H]%18(CCCN=C(N)N)C4=O.[C@H]%20(CCCN=C(N)N)C4=O.[C@H]%22(CCCN=C(N)N)C8=O.[C@H]%24(CCCN=C(N)N)C%10=O.[C@H]%26(CCCN=C(N)N)C(N)=O.c1%29c[nH]c2ccccc12.c1%30c[nH]c2ccccc12.[C@H]%17(CCCCN)C%39=O.[C@H]%21(CCCCCN)C6=O.c1%32c[nH]c2ccccc12.CC[C@H](C)[C@H](N)C3=O.c1%31ccc(O)cc1.c1%33ccc(O)cc1.[C@H]%15(C%29)C%34=O.[C@H]%19(C%30)C%38=O.N1%39CCC[C@H]1%27.N14CCC[C@H]1%28.[C@H]%22(C%32)C7=O.[C@H]%23(C%33)C9=O.[C@H]%13(C)C%35=O.[C@H]%16(C)C%36=O.C5%28=O.N3%11.N%14%12.N%25%13.N%34%15.N%35%16.N%36%17.N%37%18.N%38%19.N5%20.N6%21.N7%22.N8%23.N9%24.N%10%26	CC[C@H](C)[C@H](N)C(N)=O.C[C@H](NC(=O)[C@H](C)NC(=O)[C@@H](N)CCCN=C(N)N)C(=O)N[C@@H](CCCCN)C(=O)N1CCCC1.NC(=O)[C@H](CCCN=C(N)N)NC(=O)[C@H](CCCN=C(N)N)NC(=O)[C@H](Cc1ccc(O)cc1)NC(=O)[C@H](CCCN=C(N)N)[C@@H](Cc1c[nH]c2ccccc12)C(N)=O.NC(N)=NCCC[C@H](NC(=O)[C@@H]1CCCN1)C(=O)C(=O)[C@@H](N)CCCN=C(N)N.NCCCCC[C@@H]1NC1=O.O=C1N[C@H]1Cc1c[nH]c2ccccc12.O=C1N[C@H]1Cc1c[nH]c2ccccc12.Oc1ccccc1
C%45(=O)[C@@H]%24CCCN=C(N)N.C%36(=O)[C@@H]%20CCCCN.[C@H]%32(CCCCN)C%11=O.c1%40c[nH]c2ccccc12.[C@H]%34(CCCCN)C%13=O.CC[C@H](C)[C@H]%16C9=O.C%14(=O)[C@@H]%18CC(C)C.[C@H]%31(CC(C)C)C%10=O.[C@H]%35(CC(C)C)C%15=O.C%41(=O)[C@@H]%21[C@@H](C)O.C3(=O)[C@@H]%19C%38.c1%38ccccc1.C%42(=O)[C@@H]%22CO.C%44(=O)[C@@H]%26C%39.c1%39ccccc1.[C@H]%33(CO)C%12=O.[C@H]%37(CO)C(N)=O.C%43(=O)[C@@H]%23C.C4(=O)[C@@H]%27C.C5(=O)[C@@H]%30C.C8(=O)[C@@H]%31C.C3(=O)C%17.C%25(=O)C%19.C7(=O)CN.N3%16.N%14%17.N%25%18.N%36%19.N%41%20.N%42%21.N%43%22.N%44%23.N%45%24.N4%26.N5%27.N6%28.N7%29.N8%30.N9%31.N%10%32.N%11%33.N%12%34.N%13%35.N%15%37	CC(C)C[C@@H]1NC(=O)C[C@@H](Cc2ccccc2)C(=O)C(=O)CNC1=O.CC(C)C[C@H](NC(=O)[C@H](CCCCN)NC(=O)[C@H](CO)NC(=O)[C@H](CCCCN)NC(=O)[C@H](CC(C)C)[C@@H](C)C(=O)N[C@@H](C)C(=O)N[C@@H](C)C(=O)N[C@@H](Cc1ccccc1)C(=O)N[C@@H](C)C(=O)N[C@@H](CO)C(=O)N[C@H](C(=O)N[C@@H](CCCCN)C(N)=O)[C@@H](C)O)C(=O)N[C@@H](CO)C(N)=O.CC[C@H](C)[C@H](N)C(N)=O.N.NC(N)=NCCC[C@@H]1NC1=O.NCC(N)=O.c1ccc2[nH]ccc2c1
C%30(=O)[C@@H]%14CCCN=C(N)N.C%32(=O)[C@@H]%15CCCN=C(N)N.C5(=O)[C@@H]%17CCCCN.C7(=O)[C@@H](N)CCC(N)=O.CC(C)C[C@H]8C(=O)O.C2(=O)[C@@H]9C%23.c1%26ccccc1.[C@@H]1%19CCCN1%24.[C@@H]1%20CCCN1%29.C%29(=O)[C@@H]%11C%25.c1%25ccccc1.C%33(=O)[C@@H]%12C%26.c1%26ccccc1.[C@@H]1%21CCCN1%32.[C@@H]1%22CCCN13.C4(=O)[C@@H]%16C%27.c1%27ccccc1.[C@@H]1%23CCCN16.[C@@H]1%20CCCN17.C%13%19=O.C%28%20=O.C%30%21=O.C%33%22=O.C6%23=O.N28.N%139.N%28%10.N%30%11.N%31%12.N%33%14.N3%15.N4%16.N5%17.N7%18	CC(C)C[C@H](NC(=O)[C@H](C[C@@H]1CCCN1C=O)NC(=O)[C@@H]1CCCN1)C(=O)O.N.NC(=O)CC[C@H](N)C(=O)N1CCC[C@H]1[C@@H]1CCCN1C(=O)[C@@H](N)Cc1ccccc1.NC(N)=NCCC[C@H](NN1CCC[C@H]1C(=O)C(=O)[C@@H](N)Cc1ccccc1)C(=O)N1CCC[C@H]1C(=O)C(=O)[C@@H](N)CCCN=C(N)N.NC=O.NCCCC[C@@H]1NC1=O.O=C1N[C@H]1Cc1ccccc1.c1ccccc1
C3(=O)[C@@H]7CCCN=C(N)N.[C@H]%10(CCCN=C(N)N)C%22=O.[C@H]%16(CCCN=C(N)N)C5=O.c1%18c[nH]c2ccccc12.C%19(=O)[C@@H]9CCCCN.C%20(=O)[C@@H](N)CCCCC..[C@H]%15(CCCCN)C4=O.CC[C@H](C)[C@H]6C%21=O.[C@@H]%12(C%24=O)[C@@H](C)CC.[C@@H]%13(C%25=O)C(C)C.C%14(=O)[C@@H]8C%18.[C@H]%11(C)C%23=O.[C@H]%17(C)C(N)=O.N36.N%147.N%198.N%209.N%21%10.N%22%11.N%23%12.N%24%13.N%25%15.N4%16.N5%17	INVALID
C2(=O)[C@@H]4CCCN=C(N)N.C%14(=O)[C@@H]6CCCN=C(N)N.[C@H]%11(CCCN=C(N)N)C(N)=O.CC[C@H](C)[C@H]3C%19=O.C%13(=O)[C@@H]5CC(C)C.C%17(=O)[C@@H]8CC(C)C.[C@H]%10(CC(C)C)C%21=O.c1%14ccc(O)cc1.C%16(=O)[C@@H]7C%12.C%18(=O)[C@@H](N)C%14.[C@H]9(C)C%20=O.c1%12cnc[nH]1.N23.N%134.N%155.N%166.N%177.N%188.N%199.N%20%10.N%21%11	CC(C)C[C@H](NC(=O)[C@H](C)N)C(=O)N[C@@H](Cc1cnc[nH]1)C(=O)N[C@@H](CCCN=C(N)N)C(=O)c1ccc(O)cc1.CC[C@H](C)[C@H](NC(=O)[C@H](CCCN=C(N)N)NC(=O)[C@@H](N)CC(C)C)C(=O)N[C@@H](C)C(=O)N[C@@H](CC(C)C)C(=O)N[C@@H](CCCN=C(N)N)C(N)=O
C2(=O)[C@@H]%10CCCN=C(N)N.C%13(=O)[C@@H](N)CCCN=C(N)N.[C@H]%11(CCCN=C(N)N)C%26=O.[C@H]%12(CCCN=C(N)N)C%28=O.[C@H]%14(CCCN=C(N)N)C%29=O.[C@H]%16(CCCN=C(N)N)C3=O.[C@H]%17(CCCN=C(N)N)C5=O.[C@H]%18(CCCN=C(N)N)C7=O.[C@H]%19(CCCN=C(N)N)C(=O)O.CC[C@H](C)[C@H]9C%24=O.N1%26CCC[C@H]1%20.N1%29CCC[C@H]1%21.N1%29CCC[C@H]1%22.N13CCC[C@H]1%23.N15CCC[C@H]1%25.N17CCC[C@H]1%26.C%27%20=O.C%30%21=O.C%32%22=O.C4%23=O.C6%25=O.C9%26=O.N2%10.N%13%11.N%24%12.N%28%14.N%30%15.N%31%16.N4%17.N6%18.N8%19	CC[C@H](C)[C@@H](C(=O)N[C@@H](CCCN=C(N)N)C(=O)N[C@@H](CCCN=C(N)N)C(=O)N1CCC[C@H]1C(N)=O)C(=O)[C@@H]1CCCN1C(=O)[C@H](CCCN=C(N)N)NC(=O)[C@@H]1CCCN1C(=O)[C@H](CCCN=C(N)N)NC(=O)[C@@H]1CCCN1C(=O)[C@@H](N)CCCN=C(N)N.NC(N)=NCCC[C@@H]1NC1=O.NC(N)=NCCC[C@H](N)C(=O)O.NC(N)=NCCC[C@H](NC(=O)[C@@H](N)CCCN=C(N)N)C(=O)N1CCC[C@H]1C=O.O=C[C@@H]1CCCN1
[C@@H]1%33NC(=O)CNC(=O)[C@H]%34NC(=O)[C@@H]2CSSC[C@@H]3NC(=O)[C@H]%35NC(=O)CNC(=O)[C@H]%36NC(=O)CNC(=O)[C@H]%37NC(=O)[C@H]%38NC(=O)[C@H]%40NC(=O)[C@H](CSSC[C@@H]%32NC(=O)[C@H](CSSC[C@H](NC(=O)[C@H]%43NC1=O)C(=O)N[C@@H]%44C(=O)N[C@@H]%45C(=O)N[C@@H]%46C(=O)N[C@H](CSSC[C@H]%31C(=O)N[C@@H]%47C(=O)N[C@@H]%48C(=O)N4)NC(=O)[C@H]%49NC(=O)CNC(=O)CNC(=O)[C@H]%51NC(=O)[C@H]%52NC(=O)[C@H]%53NC(=O)[C@H]%54NC3=O)NC(=O)CNC(=O)[C@@H]2CCCN2C(=O)CNC(=O)[C@H]%56NC3=O)NC(=O)[C@H]%57NC1=O.C%17(=O)[C@@H]%14CCCCN.[C@H]%18(CCC(=O)O)C%39=O.[C@H]%20(CCCCN)C%62=O.c1%57c[nH]c2ccccc12.c1%61c[nH]c2ccccc12.C%17(=O)[C@@H]%15CC(=O)O.[C@H]%19(CC(=O)O)C7=O.C%43CCN=C(N)N.[C@@H]%13(C%39=O)[C@@H](C)O.c1%55ccc(O)cc1.[C@@H]%18(C6=O)[C@@H](C)O.C%39(=O)[C@@H](N)C%57.c1%63ccccc1.c1%59ccccc1.c1%12ccccc1.C%36CCCN.C%40CCCN.c1%54cnc[nH]1.c1%54cnc[nH]1.C%45CC(=O)O.C%51CC(=O)O.C%52CCCN.C%54CC(N)=O.c1%56cnc[nH]1.C%57CCCN.CC[C@@H]%33C.C%36C(=O)O.C%57(=O)C%16.C%21C9=O.C%34C(C)C.C%37C(C)C.C%49C(N)=O.C%50C(=O)O.C%12%32=O.C%35(C)C.C%42C%28.C%28C=O.[C@H]%53(C)O.C6%22.S%17C.C%10O.N6%13.N%17%14.C%28O.C%44O.S%29C.C%30O.C%43O.C%44O.C%47%15.C%59O.N%61%16.N%62%18.N%61%19.N%62%20.N7%21.N8%22.N9%23.N%10%25.N%11%26.N%12%27	INVALID
[C@H]%18(CCCN=C(N)N)C6=O.[C@H]%19(CCCN=C(N)N)C(N)=O.C3(=O)[C@@H]8CCCCN.c1%20c[nH]c2ccccc12.C%26(=O)[C@@H]%10CCCN.c1%21c[nH]c2ccccc12.C%28(=O)[C@@H]%13CCCCN.c1%23c[nH]c2ccccc12.C%31(=O)[C@@H](N)CCCCN.c1%24c[nH]c2ccccc12.CC[C@H](C)[C@H]7C4=O.C%27(=O)[C@@H]%12[C@@H](C)CC.C%14(=O)[C@@H]9C%20.C%25(=O)[C@@H]%11C%21.C%29(=O)[C@@H]%15C%22.c1%22ccccc1.C%30(=O)[C@@H]%16C%23.[C@H]%17(C%24)C5=O.N37.N%148.N%259.N%26%10.N%27%11.N%28%12.N%29%13.N%30%15.N%31%16.N4%17.N5%18.N6%19	CC[C@H](C)[C@H](NC(=O)[C@H](CCCCN)NC(=O)[C@H](Cc1c[nH]c2ccccc12)NC(=O)[C@H](Cc1c[nH]c2ccccc12)NC(=O)[C@@H](NC(=O)[C@H](CCCCN)NC(=O)[C@H](Cc1ccccc1)NC(=O)[C@H](Cc1c[nH]c2ccccc12)NC(=O)[C@@H](N)CCCCN)[C@@H](C)CC)C(=O)N[C@@H](Cc1c[nH]c2ccccc12)C(=O)N[C@@H](CCCN=C(N)N)C(=O)N[C@@H](CCCN=C(N)N)C(N)=O.NCCC[C@@H]1NC1=O
C%29(=O)[C@@H]%15CCCN=C(N)N.C%31(=O)[C@@H]%17CCCN=C(N)N.C4(=O)[C@@H]%20CCCN=C(N)N.C3(=O)[C@@H]%10CCCCN.C%14(=O)[C@@H]%11CCCCN.c1%26c[nH]c2ccccc12.C%31(=O)[C@@H]%16CCCCN.c1%27c[nH]c2ccccc12.CC[C@H](C)[C@H]9C8=O.C%33(=O)[C@@H]%19C(C)C.C5(=O)[C@@H]%21C(C)C.C%28(=O)[C@@H]%13C%24.c1%24ccccc1.C%32(=O)[C@@H]%18C%26.C4(=O)[C@@H]%20C%27.C%25(=O)[C@@H]%12C.C6(=O)C%22.C%23(C)=O.C8(C)=O.N39.N%14%10.N%25%11.N%28%12.N%29%13.N%30%15.N%31%16.N%32%17.N%33%18.N4%19.N5%20.N6%21.N7%22.N8%23	CC(C)[C@H](N)C(=O)N[C@@H](Cc1c[nH]c2ccccc12)C(=O)N[C@@H](CCCN=C(N)N)C(=O)C(=O)[C@@H](N)CCCCN.CC(C)[C@H](NC(=O)CN)C(N)=O.CC(N)=O.CC[C@H](C)[C@H](NC(=O)[C@H](CCCCN)NC(=O)[C@H](CCCCN)NC(=O)[C@H](C)NC(=O)[C@H](Cc1ccccc1)NC(=O)[C@@H](N)CCCN=C(N)N)C(=O)C(C)=O.NC(N)=NCCC[C@H]1C(=O)C(=O)[C@@H]1Cc1c[nH]c2ccccc12
C%34(=O)[C@@H]%16CCCN=C(N)N.[C@H]%23(CCCN=C(N)N)C%11=O.[C@H]%20(CCC(N)=O)C4=O.CC[C@H](C)[C@H]%12C%39=O.C%35(=O)[C@@H]%17CC(N)=O.C%36(=O)[C@@H]%18CC(N)=O.C%37(=O)[C@@H]%19CC(N)=O.[C@H]%25(CCCN)C(N)=O.c1%33ccc(O)cc1.C%13(=O)[C@@H]%15C(C)C.C2(=O)[C@@H]%14C%33.[C@@H]1%26CCCN1%34.N1%39CCC[C@H]1%27.N14CCC[C@H]1%28.N16CCC[C@H]1%29.N17CCC[C@H]1%30.[C@H]%22(C%32)C9=O.N19CCC[C@H]1%31.c1%32cnc[nH]1.C%37(=O)C%20.C%24%26=O.C%38(C)=O.C3%27=O.C5%28=O.C7%29=O.C8%30=O.C%10%31=O.N2%12.N%13%14.N%24%15.N%35%16.N%36%17.N%37%18.N%38%19.N3%20.N5%21.N8%22.N%10%23.N%11%25	CC(=O)N[C@@H](CC(N)=O)C(=O)C(=O)C[C@@H](CCC(N)=O)C(=O)N1CCC[C@H]1C(N)=O.CC[C@H](C)[C@H](NC(=O)[C@H](Cc1ccc(O)cc1)NC(=O)[C@@H](NC(=O)[C@@H]1CCCN1C(=O)[C@H](CCCN=C(N)N)NC(=O)[C@H](CC(N)=O)NC(=O)[C@@H](N)CC(N)=O)C(C)C)C(=O)N1CCC[C@H]1C(N)=O.NCCC[C@H](NC(=O)[C@H](CCCN=C(N)N)NC(=O)[C@@H]1CCCN1C(=O)[C@H](Cc1cnc[nH]1)NC(=O)[C@@H]1CCCN1C(=O)[C@@H]1CCCN1)C(N)=O
C3(=O)[C@@H]7CCCN=C(N)N.[C@H]%16(CCCN=C(N)N)C(N)=O.C%20(=O)[C@@H]9CCC(N)=O.c1%18c[nH]c2ccccc12.C%24(=O)[C@@H]%12CCCCN.c1%18c[nH]c2ccccc12.[C@H]%13(CCCCN)C4=O.CC[C@H](C)[C@H]6C%26=O.C%21(=O)[C@@H]%10[C@@H](C)CC.[C@@H]%15(C5=O)C(C)C.[C@@H]1%17CCCN1%20.C%22(=O)[C@@H]%10C%18.C%23(=O)[C@@H]%11C%19.c1%19ccccc1.C%14%17=O.N36.N%147.N%218.N%229.N%23%10.N%24%11.N%25%12.N%26%13.N4%15.N5%16	CC[C@H](C)[C@@H](C(N)=O)[C@@H](C)C(=O)N[C@@H](CCC(N)=O)C(=O)N1CCC[C@H]1C(=O)N[C@@H](CCCN=C(N)N)C(=O)N[C@H](C(=O)N[C@@H](CCCCN)C(=O)N[C@H](C(=O)N[C@@H](CCCN=C(N)N)C(N)=O)C(C)C)[C@@H](C)CC.NCCCC[C@H](N)C(=O)N[C@@H](Cc1ccccc1)C(N)=O.c1ccc2c(-c3c[nH]c4ccccc34)c[nH]c2c1
C%24(=O)[C@@H]%19CCCN=C(N)N.C%48(=O)[C@@H]%22CCCN=C(N)N.C%13(=O)[C@@H]%18CCCCN.C%12(=O)[C@@H]%37CCCCN.CC[C@H](C)[C@H]%16C(=O)O.C%46(=O)[C@@H]%21[C@@H](C)CC.C%50(=O)[C@@H]%23[C@@H](C)CC.C4(=O)[C@@H]%28[C@@H](C)CC.C7(=O)[C@@H]%31[C@@H](C)CC.C%10(=O)[C@@H]%34[C@@H](C)CC.C%46(=O)[C@@H]%23C(C)C.C2(=O)[C@@H]%17C%39.C%35(=O)[C@@H]%20C%44.c1%44ccccc1.C3(=O)[C@@H]%26CO.C%52(=O)[C@@H]%27C%40.C5(=O)[C@@H]%29C%41.C8(=O)[C@@H]%32CO.C9(=O)[C@@H]%33C%43.C%11(=O)[C@@H]%36C%45.c1%45ccccc1.C%14(=O)[C@@H]%38CO.c1%39cnc[nH]1.c1%40cnc[nH]1.c1%41cnc[nH]1.c1%42cnc[nH]1.c1%43cnc[nH]1.C%15(=O)CN.C%37C%15=O.N2%16.N%13%17.N%24%18.N%35%19.N%46%20.N%47%21.N%48%22.N%49%23.N%50%25.N3%26.N4%27.N5%28.N6%29.N7%30.N8%31.N9%32.N%10%33.N%11%34.N%12%36.N%14%37.N%15%38	CC[C@H](C)[C@@H](C(N)=O)[C@H](C(=O)C(=O)[C@@H](N)[C@@H](C)CC)C(C)C.CC[C@H](C)[C@H](NC(=O)[C@@H](N)Cc1cnc[nH]1)C(=O)N[C@H](C=O)Cc1cnc[nH]1.CC[C@H](C)[C@H](NC(=O)[C@H](CO)NC(=O)[C@H](Cc1cnc[nH]1)NC(=O)[C@@H](NC(=O)[C@H](Cc1ccccc1)NC(=O)[C@H](CCCCN)CC(=O)C(=O)CN)[C@@H](C)CC)C(N)=O.CC[C@H](C)[C@H](NC(=O)[C@H](Cc1cnc[nH]1)NC(=O)[C@H](CCCCN)NC(=O)[C@H](CCCN=C(N)N)NC(=O)[C@@H](N)Cc1ccccc1)C(=O)O.N.NC(=O)[C@@H](N)CO.NC(N)=NCCC[C@@H]1NC1=O.O=C1N[C@H]1CO.c1c[nH]cn1
C3(=O)[C@@H]8CCCN=C(N)N.C%23(=O)[C@@H]%12CCCN=C(N)N.[C@H]%17(CCCN=C(N)N)C5=O.[C@H]%18(CCCN=C(N)N)C6=O.[C@H]%15(CCCN=C(N)N)C(N)=O.c1%20c[nH]c2ccccc12.CC[C@H](C)[C@H]7C%28=O.C%22(=O)[C@@H]%10[C@@H](C)CC.C%24(=O)[C@@H]%11CC(C)C.[C@H]%19(CC(C)C)C(N)=O.c1%21ccc(O)cc1.C%14(=O)[C@@H]9C%20.C%27(=O)[C@@H](N)C%21.C%25(=O)[C@@H]%13C.[C@H]%16(C)C4=O.N37.N%148.N%229.N%23%10.N%24%11.N%25%12.N%26%13.N%27%15.N%28%16.N4%17.N5%18.N6%19	CC(C)C[C@@H]1NC1=O.CC[C@H](C)[C@H](NC(=O)[C@H](CCCN=C(N)N)NC(=O)[C@H](Cc1c[nH]c2ccccc12)NC(=O)[C@@H](NC(=O)[C@H](CCCN=C(N)N)NC(=O)[C@H](C)N)[C@@H](C)CC)C(=O)N[C@@H](C)C(=O)N[C@@H](CCCN=C(N)N)C(=O)N[C@@H](CCCN=C(N)N)C(=O)N[C@@H](CC(C)C)C(N)=O.NC(=O)[C@H](CCCN=C(N)N)NC(=O)[C@@H](N)Cc1ccc(O)cc1
c1%20c[nH]c2ccccc12.[C@H]%16(CCCCN)C4=O.CC[C@H](C)[C@H]7C%28=O.C3(=O)[C@@H]8CC(=O)O.C%23(=O)[C@@H]%11CC(C)C.[C@H]%17(CC(C)C)C5=O.[C@H]%17(CC(C)C)C6=O.C%25(=O)[C@@H]%12CC%20.C%22(=O)[C@@H]%10CO.C%26(=O)[C@@H]%13C%21.c1%21ccccc1.C%14(=O)C9.C%27(=O)CN.C%18CC(N)=O.N36.N%147.N%228.N%239.N%24%10.N%25%11.N%25%12.S%20C.N%27%15.N%28%16.N4%17.N5%18.N6%19	CC(C)C[C@@H](C(=O)NCCC(N)=O)[C@@H](CC(C)C)C(=O)NC(=O)[C@H](CC(=O)O)NC(=O)[C@@H](N)CO.CC[C@H](C)[C@H](NC(=O)CNC(=O)[C@H](CC(C)C)NC(=O)[C@@H](N)CCc1c[nH]c2ccccc12)C(=O)N[C@@H](CCCCN)C(N)=O.CS.N.NCC(N)=O.O=CCCc1ccccc1
C2(=O)[C@@H]%14CCCN=C(N)N.C%13(=O)[C@@H]%15CCCN=C(N)N.C%34(=O)[C@@H]%16CCCN=C(N)N.C%36(=O)[C@@H]%17CCCN=C(N)N.[C@H]%25(CCCN=C(N)N)C(N)=O.C6(=O)[C@@H]%20CCCCN.CC[C@H](C)[C@H]%12C9=O.C%38(=O)[C@@H]%18CC(C)C.C7(=O)[C@@H]%21CC(=O)O.[C@H]%23(CC(N)=O)C%11=O.c1%32ccc(O)cc1.C8(=O)[C@@H](N)C(C)C.c1%33ccc(O)cc1.[C@@H]1%26CCCN1%33.[C@@H]1%27CCCN1%34.[C@@H]1%28CCCN1%36.[C@@H]1%29CCCN1%38.[C@@H]1%30CCCN15.[C@@H]1%31CCCN16.[C@H]%22(C%32)C%10=O.C%24%26=O.C%33%27=O.C%35%28=O.C%37%29=O.C4%30=O.C5%31=O.N2%12.N%13%14.N%24%15.N%35%16.N%37%17.N3%18.N4%19.N7%20.N8%21.N9%22.N%10%23.N%11%25	CC(C)C[C@H](N)C(=O)N1CCC[C@H]1C(=O)N[C@@H](CCCN=C(N)N)C(=O)N1CCC[C@H]1C(=O)N[C@@H](CCCN=C(N)N)C(=O)N1CCC[C@H]1C=O.CC(C)[C@H](N)C(=O)N[C@@H](CC(=O)O)C(=O)N[C@@H](CCCCN)C(=O)N1CCC[C@H]1C(=O)N1CCC[C@H]1C(N)=O.CC[C@H](C)[C@H](NC(=O)[C@H](CCCN=C(N)N)NC(=O)[C@H](CCCN=C(N)N)NC(=O)[C@@H]1CCCN1c1ccc(O)cc1)C(=O)N[C@@H](Cc1ccc(O)cc1)C(=O)N[C@@H](CC(N)=O)C(=O)N[C@@H](CCCN=C(N)N)C(N)=O
C2(=O)[C@@H]%17CCCN=C(N)N.C%13(=O)[C@@H](N)CCCN=C(N)N.[C@H]%18(CCCN=C(N)N)C%35=O.[C@H]%19(CCCN=C(N)N)C%43=O.[C@H]%21(CCCN=C(N)N)C%46=O.[C@H]%25(CCCN=C(N)N)C5=O.[C@H]%26(CCCN=C(N)N)C9=O.[C@H]%29(CCCN=C(N)N)C%16=O.CC[C@H](C)[C@H]%16C%24=O.[C@@H]%20(C%44=O)[C@@H](C)CC.[C@H]%22(CC(C)C)C%46=O.[C@@H]%23(C3=O)C(C)C.c1%41ccc(O)cc1.N1%35CCC[C@H]1%30.N1%43CCC[C@H]1%31.N1%45CCC[C@H]1%32.N13CCC[C@H]1%33.N15CCC[C@H]1%34.[C@H]%25(C%39)C7=O.N18CCC[C@H]1%36.N19CCC[C@H]1%37.[C@H]%27(C%40)C%12=O.c1%40ccccc1.[C@H]%28(C%41)C%14=O.N1%14CCC[C@H]1%38.C%42%31=O.C%44%32=O.C4%33=O.C6%34=O.C8%36=O.C%10%37=O.C%15%38=O.C%39(=O)O.N2%16.N%13%17.N%24%18.N%42%19.N%44%20.N%46%21.N%47%22.N4%23.N6%25.N8%26.N%10%27.N%12%28.N%15%29	CC(C)C[C@H](N)C(=O)C(=O)[C@@H](N)CCCN=C(N)N.CC(C)[C@@H]1NC(=O)[C@@H]2CCCN2C1=O.CC[C@H](C)[C@@H](C(=O)N[C@@H](CCCN=C(N)N)C(=O)N1CCCC1)C(=O)[C@H](CCCN=C(N)N)NC(=O)[C@@H]1CCCN1C(=O)[C@H](Cc1ccc(O)cc1)NC(=O)[C@H](Cc1ccccc1)NC(=O)[C@@H]1CCCN1C(=O)[C@@H](N)CCCN=C(N)N.CC[C@H](C)[C@H](N)C(=O)C(=O)[C@@H]1CCCN1.NC(=O)[C@@H]1CCCN1C(=O)[C@H](CCCN=C(N)N)[C@H](C=O)CC(=O)O.NC(=O)[C@H](CCCN=C(N)N)NC(=O)[C@@H](N)CCCN=C(N)N.NC(N)=NCCC[C@@H]1NC(=O)[C@@H]2CCCN2C1=O.O=C1[C@@H]2CCCN12
C3(=O)[C@@H]7CCCN=C(N)N.c1%19c[nH]c2ccccc12.[C@H]%10(CCC(N)=O)C%26=O.c1%20c[nH]c2ccccc12.CC(C)C[C@H]6C%25=O.[C@H]%12(CC(C)C)C%29=O.C%14(=O)[C@@H]9C(C)C.c1%21ccc(O)cc1.[C@@H]%15(C4=O)[C@@H](C)O.C%24(=O)[C@@H](N)CC(N)=O.C%22(=O)[C@@H]8C%19.[C@H]%11(C%20)C%27=O.[C@H]%16(C%21)C5=O.[C@H]%17(CS)C(N)=O.c1%18cnc[nH]1.C%13C%28=O.C%24(C)=O.N36.N%147.N%238.N%249.N%25%10.N%26%11.N%27%12.N%28%13.N%29%15.N4%16.N5%17	CC(=O)C(=O)[C@@H](N)CC(N)=O.CC(C)C[C@H](NC(=O)[C@H](CCCN=C(N)N)NC(=O)[C@@H](N)C(C)C)C(=O)N[C@@H](CCC(N)=O)C(=O)N[C@@H](Cc1c[nH]c2ccccc12)C(=O)N[C@@H](CC(C)C)C(=O)N[C@H](C(=O)N[C@@H](Cc1ccc(O)cc1)C(=O)N[C@@H](CS)C(N)=O)[C@@H](C)O.N[C@H](C=O)Cc1c[nH]c2ccccc12.O=C1CN1.c1c[nH]cn1
C%25(=O)[C@@H]%39CCCN=C(N)N.C3(=O)[C@@H]%34CCCCN.C%14(=O)[C@@H]%35CCCCN.c1%73c[nH]c2ccccc12.C%47(=O)[C@@H](N)CCCCN.[C@H]%41(CCCCN)C5=O.[C@H]%45(CCC(=O)O)C9=O.[C@H]%50(CCC(N)=O)C%11=O.[C@H]%51(CCC(N)=O)C%12=O.[C@H]%53(CCCCN)C%15=O.[C@H]%54(CCCCN)C%16=O.[C@H]%56(CCCCN)C%18=O.[C@H]%62(CCC(=O)O)C%22=O.[C@H]%65(CCC(N)=O)C%24=O.c1%77c[nH]c2ccccc12.CC[C@H](C)[C@H]%33C%58=O.C%25(=O)[C@@H]%37[C@@H](C)CC.[C@@H]%44(C6=O)[C@@H](C)CC.[C@H]%52(CC(N)=O)C%13=O.[C@H]%57(CC(C)C)C%20=O.[C@@H]%61(C%23=O)[C@@H](C)CC.[C@H]%64(CC(=O)O)C%27=O.[C@H]%65(CC(C)C)C%30=O.[C@@H]%66(C%29=O)C(C)C.C%36(=O)[C@@H]%38C%72.[C@H]%49(C%73)C8=O.c1%73ccccc1.[C@H]%52(C%74)C%12=O.c1%74ccccc1.[C@H]%55(C%75)C%18=O.c1%75ccccc1.[C@H]%60(C%76)C%21=O.c1%76ccccc1.N1%76CCC[C@H]1%71.[C@H]%63(CO)C%27=O.[C@H]%67(C%77)C%31=O.[C@H]%42(C)C4=O.[C@H]%45(C)C%73=O.[C@H]%54(C)C%17=O.C%46C%69=O.C%59C%23=O.C%63C%28=O.[C@H]%68(C)=O)O.C%19%71=O.N3%33.N%14%34.N%25%35.N%36%37.N%47%38.N%58%39.N%69%40.N%78%41.N%79%42.N4%43.N5%44.N6%45.N7%46.N8%48.N9%49.N%10%50.N%11%51.N%12%52.N%13%53.N%15%54.N%16%55.N%17%56.N%19%57.N%20%59.N%21%60.N%22%61.N%23%62.N%24%63.N%26%64.N%27%65.N%28%66.N%30%67.N%31%68.N%32%70	INVALID
CC(C)C[C@H]%18C(N)=O.C%13(=O)[C@@H]%19CCCC%20.C%24(=O)[C@@H]%21CC(C)C.C%35(=O)[C@@H]%21CCC%22.C%51(=O)[C@@H]%23CCC%25.C%52(=O)[C@@H]%26CC(C)C.C%52(=O)[C@@H]%27CCC%28.C3(=O)[C@@H]%29CCCN.C4(=O)[C@@H]%30CC(C)C.C5(=O)[C@@H]%31CCC%32.C6(=O)[C@@H]%33CC(C)C.C7(=O)[C@@H]%34CCC%36.C8(=O)[C@@H]%37CC(C)C.C9(=O)[C@@H]%38CC(C)C.C%11(=O)[C@@H]%39CC(N)=O.C%12(=O)[C@@H]%40CC(C)C.C%16(=O)[C@@H]%41CC(C)C.C%17(=O)[C@@H](N)CC(C)C.[C@@H]1%43CCCN1%13.[C@@H]1%44CCCN1%50.[C@@H]1%45CCCN13.[C@@H]1%47CCCN17.[C@@H]1%48CCCN17.[C@@H]1%49CCCN1%11.[C@@H]1%50CCCN1%16.N%20C(=N)N.N%25C(=N)N.N%29C(=N)N.N%32C(=N)N.N%36C(=N)N.N%42C(=N)N.C2%43=O.C%46%44=O.C%53%45=O.C6%47=O.C%10%48=O.C%15%49=O.N2%18.N%24%19.N%35%21.N%46%22.N%51%23.N%52%26.N%53%27.N4%28.N5%30.N6%31.N8%33.N9%34.N%10%37.N%12%38.N%14%39.N%15%40.N%17%41	CC(C)C[C@H](NC(=O)[C@@H](N)CCCNC(=N)N)C(=O)NCCC[C@H](NC(=O)[C@@H]1CCCN1C(=O)[C@H](CCCN)NC(=N)N)C(=O)C(=O)[C@@H](N)CC(C)C.CC(C)C[C@H](NC(=O)[C@@H]1CCCN1)C(=O)N[C@@H](CC(C)C)C(=O)C(=O)[C@@H]1CCCN1C(=O)[C@H](CCCNC(=N)N)NC(=O)[C@H](CC(C)C)NC(=O)[C@H](CC(C)C)NC(=O)[C@@H]1CCCN1C(=O)[C@@H](N)CC(N)=O.CC(C)C[C@H](NC(=O)[C@@H]1CCCN1C(=O)[C@H](CCCCNC(=N)N)NC(=O)[C@H](CC(C)C)[C@@H](CCCNC(=O)[C@@H]1CCCN1[C@@H]1CCCN1C(=O)[C@H](CC(C)C)NC(=O)[C@@H](N)CC(C)C)C(N)=O)C(N)=O.N=C(N)N.N=C(N)NCCC[C@@H]1NC1=O
CC1(C)S[C@@H]2[C@H]5C(=O)N2[C@H]16.c17ccccc1.c17ccccc1.C6(=O)O.N45	CC1(C)S[C@@H]2[C@H](N)C(=O)N2[C@H]1C(=O)O.c1ccc(-c2ccccc2)cc1
[C@@H]14NC(=O)[C@H]8NC(=O)[C@H](C)NC(=O)[C@@H]2CCCN2C(=O)[C@H]2CCCN2C(=O)[C@H]9NC(=O)[C@H](C)NC(=O)[C@H]%10NC(=O)[C@H]%11NC(=O)[C@H]%12NC(=O)[C@H]%13NC(=O)[C@H]%14NC(=O)[C@H]%15NC(=O)[C@H]5NC1=O.c16c[nH]c2ccccc12.c18ccc(O)cc1.C%14CCN=C(N)N.c17ccc(O)cc1.C%10CCCN.C%11CCCN.C%15CCCN.C5CCCN.CC(C)C4.[C@H]9(C)O.C86.C%137	CC(C)C[C@@H]1NC(=O)[C@H](c2ccc(O)cc2)NC(=O)[C@H](C)NC(=O)[C@@H]2CCCN2C(=O)[C@H]2CCCN2C(=O)[C@H]([C@@H](C)O)NC(=O)[C@H](C)NC(=O)[C@H](CCCCN)NC(=O)[C@H](CCCCN)NC(=O)CNC(=O)[C@H](Cc2ccc(O)cc2)NC(=O)[C@H](CCCN=C(N)N)NC(=O)[C@H](CCCCN)NC(=O)[C@H](CCCCN)NC1=O.Cc1c[nH]c2ccccc12
C3(=O)[C@@H]6CCCN=C(N)N.C%19(=O)[C@@H](N)CCCN=C(N)N.[C@H]%15(CCCN=C(N)N)C(N)=O.C%14(=O)[C@@H]7CCC(N)=O.[C@H]%10(CCCCN)C%21=O.[C@H]%11(CCCCN)C%22=O.[C@H]%13(CCCCN)C4=O.c1%16c[nH]c2ccccc12.CC[C@H](C)[C@H]5C%20=O.C%17(=O)[C@@H]8[C@@H](C)CC.C%18(=O)[C@@H]9C(C)C.[C@H]%12(C%16)C%23=O.N35.N%146.N%177.N%188.N%199.N%20%10.N%21%11.N%22%12.N%23%13.N4%15	CC[C@H](C)[C@H](NC(=O)[C@H](CCCN=C(N)N)NC(=O)[C@H](CCC(N)=O)NC(=O)[C@@H](NC(=O)[C@@H](NC(=O)[C@@H](N)CCCN=C(N)N)C(C)C)[C@@H](C)CC)C(=O)N[C@@H](CCCCN)C(=O)N[C@@H](CCCCN)C(=O)N[C@@H](Cc1c[nH]c2ccccc12)C(=O)N[C@@H](CCCCN)C(=O)N[C@@H](CCCN=C(N)N)C(N)=O
[C@H]%17(CCCN=C(N)N)C6=O.[C@H]%18(CCCN=C(N)N)C(N)=O.c1%20cc2ccccc12.[C@H]8(CCCCN)C%24=O.[C@H]9(CCCCN)C%25=O.c1%23c[nH]c2ccccc12.CC[C@H](C)[C@H](N)C3=O.[C@H]7(CC(C)C)C%27=O.[C@H]%13(CC(N)=O)C%30=O.[C@H]%17(CCCN)C6=O.c1%21ccc(O)cc1.[C@H]%11(C%21)C%28=O.[C@H]%15(C%22)C%31=O.c1%22ccccc1.N1%31CCC[C@H]1%19.[C@H]%16(C%23)C5=O.[C@H]%10(C)C%26=O.[C@H]%12(C)C%29=O.C4%19=O.N37.N%148.N%259.N%26%10.N%27%11.N%28%12.N%29%13.N%30%15.N4%16.N5%17.N6%18	C1=Cc2ccccc21.CC[C@H](C)[C@H](N)C(=O)N[C@@H](CC(C)C)C(=O)N[C@@H](Cc1ccc(O)cc1)C(=O)N[C@@H](C)C(=O)N[C@@H](CC(N)=O)C(=O)N[C@@H](Cc1ccccc1)C(=O)N1CCC[C@H]1C(=O)N[C@@H](Cc1c[nH]c2ccccc12)C(N)=O.C[C@@H]1NC1=O.NC(=O)[C@@H](N)CCCN=C(N)N.NCCCC[C@@H]1NC1=O.NCCCC[C@H](N)C=O.NCCC[C@H]1C(=O)C(=O)[C@@H]1CCCN=C(N)N
C2(=O)[C@@H]%12CCCN=C(N)N.C%34(=O)[C@@H]%15CCCN=C(N)N.C7(=O)[C@@H]%20CCCN=C(N)N.C%36(=O)[C@@H]%16CCC(N)=O.CC(C)C[C@H]%11C(=O)O.C8(=O)[C@@H]%21CC(N)=O.C9(=O)[C@@H]%22CCCN.c1%31ccc(O)cc1.C1%30CC(O)CN16.C5(=O)[C@@H]%19C(C)C.C%24(=O)[C@@H]%14C%30.[C@@H]1%23CCCN1%24.[C@@H]1%25CCCN1%33.[C@@H]1%26CCCN1%34.[C@@H]1%27CCCN1%36.[C@@H]1%28CCCN13.C4(=O)[C@@H]%18C%31.[C@@H]1%29CCCN17.c1%30cnc[nH]1.C%10(=O)CN.C%13%23=O.C%32%25=O.C%33%26=O.C%35%27=O.C%37%28=O.C6%29=O.N2%11.N%13%12.N%32%14.N%35%15.N%37%16.N4%17.N5%18.N6%19.N8%20.N9%21.N%10%22	CC(C)C[C@H](NC(=O)[C@H](CCCN=C(N)N)NC(=O)[C@@H]1CCCN1C(=O)[C@H](CC1CC(O)CN1C(=O)[C@@H]1CCCN1C(=O)[C@H](CCCN=C(N)N)NC(=O)[C@H](CC(N)=O)NC(=O)[C@H](CCCN)NC(=O)CN)NC(=O)[C@@H]1CCCN1C(=O)[C@@H]1CCCN1C(=O)[C@H](CCCN=C(N)N)NC(=O)[C@@H]1CCCN1C(=O)[C@H](CCC(N)=O)NC(=O)[C@@H]1CCCN1)C(=O)O.CC(C)[C@H](N)C(=O)N[C@@H](Cc1ccc(O)cc1)C(N)=O.c1c[nH]cn1
[C@@H]11NC(=O)[C@H](C)NC(=O)[C@@H]4NC(=O)[C@H]5NC(=O)[C@H]6NC(=O)[C@@H]7NC(=O)[C@@H]8NC1=O.c19ccccc1.c1%10ccccc1.C6CCCN.CC[C@@H]4C.[C@H]4(C)CC.[C@H]8(C)O.C39.C5%10.C7%11	INVALID
[C@@H]14NC(=O)[C@H]9NC(=O)[C@H]%10NC(=O)[C@@H]2CCCN2C(=O)[C@H]2CCCN2C(=O)[C@H]%12NC(=O)[C@H](C)NC(=O)[C@H]%13NC(=O)[C@H]%14NC(=O)[C@H]%15NC(=O)[C@H]%16NC1=O.c18c[nH]c2ccccc12.C%12CCN=C(N)N.c17ccc(O)cc1.C%15CCN=C(N)N.C%16CCN=C(N)N.c16ccccc1.C%14CCCN.CC4C.[C@H]9(C)C.C95.C%116.C%137.C%148	C.CC(C)[C@@H]1NC(=O)CNC(=O)[C@@H]2CCCN2C(=O)[C@H]2CCCN2C(=O)[C@H](CCCN=C(N)N)NC(=O)[C@H](C)NC(=O)[C@H](Cc2ccc(O)cc2)NC(=O)[C@H](CCCCN)NC(=O)[C@H](CCCN=C(N)N)NC(=O)[C@H](CCCN=C(N)N)NC(=O)[C@H](C(C)C)NC1=O.Cc1c[nH]c2ccccc12.Cc1ccccc1
[C@H]%17(CCCN=C(N)N)C6=O.[C@H]%18(CCCN=C(N)N)C(N)=O.c1%20c[nH]c2ccccc12.[C@H]9(CCCCN)C%27=O.c1%21c[nH]c2ccccc12.c1%22c[nH]c2ccccc12.c1%23c[nH]c2ccccc12.[C@H]%15(CCCCN)C4=O.[C@H]%16(CCCCN)C4=O.c1%24c[nH]c2ccccc12.CC[C@H](C)[C@H](N)C3=O.[C@H]7(CC(C)C)C%14=O.N1%14CCC[C@H]1%19.[C@H]8(C%20)C%26=O.[C@H]%10(C%21)C%28=O.[C@H]%12(C%22)C%30=O.[C@H]%13(C%23)C%31=O.[C@H]%16(C%24)C5=O.C%25%19=O.N37.N%258.N%269.N%27%10.N%28%11.N%29%12.N%30%13.N%31%15.N4%16.N5%17.N6%18	CC[C@H](C)[C@H](N)C(=O)N[C@@H](CC(C)C)C(=O)N1CCC[C@H]1C(=O)N[C@@H](Cc1c[nH]c2ccccc12)C(=O)N[C@@H](CCCCN)C(=O)N[C@@H](Cc1c[nH]c2ccccc12)C(N)=O.N.NCCCC[C@H](NC(=O)[C@H](Cc1c[nH]c2ccccc12)NC(=O)[C@@H](N)Cc1c[nH]c2ccccc12)C(=O)C(=O)[C@H](CCCCN)[C@@H](Cc1c[nH]c2ccccc12)C(=O)N[C@@H](CCCN=C(N)N)C(=O)N[C@@H](CCCN=C(N)N)C(N)=O
[C@H]%15(CCCN=C(N)N)C4=O.[C@H]%16(CCCN=C(N)N)C4=O.[C@H]%18(CCCN=C(N)N)C6=O.C%24(=O)[C@@H]%11CCCCN.c1%21c[nH]c2ccccc12.c1%22c[nH]c2ccccc12.CC[C@H](C)[C@H]7C%29=O.C3(=O)[C@@H]8CC(C)C.C%14(=O)[C@@H]9C%20.C%25(=O)[C@@H]%12CS.C%26(=O)[C@@H]%13C%21.C%28(=O)[C@@H](N)CO.[C@H]%17(C%22)C5=O.[C@H]%18(CO)C(N)=O.c1%20cnc[nH]1.C%23(=O)C%10.C%27%19=O.N37.N%148.N%239.N%24%10.N%25%11.N%26%12.N%27%13.N%28%15.N4%16.N5%17.N6%18	CC[C@H](C)[C@@H](C=O)NC(=O)[C@H](CC(C)C)NC(=O)[C@H](Cc1cnc[nH]1)NC(=O)CNC(=O)[C@H](CCCCN)NC(=O)[C@H](CS)NC(=O)[C@H](Cc1c[nH]c2ccccc12)NC=O.NC(=O)[C@H](CO)[C@@H](CCCN=C(N)N)C(N)=O.NC(N)=NCCC[C@H](NC(=O)[C@@H](N)CO)C(=O)C(=O)[C@@H](N)CCCN=C(N)N.O=C1N[C@H]1Cc1c[nH]c2ccccc12
C%14(=O)[C@@H]%22CCCN=C(N)N.C%36(=O)[C@@H]%23CCCN=C(N)N.C%52(=O)[C@@H]%24CCCN=C(N)N.C%54(=O)[C@@H](N)CCCN=C(N)N.[C@H]%27(CCCN=C(N)N)C5=O.[C@H]%28(CCCN=C(N)N)C6=O.[C@H]%29(CCCN=C(N)N)C8=O.[C@H]%30(CCCN=C(N)N)C%10=O.[C@H]%33(CCCN=C(N)N)C%16=O.[C@H]%35(CCCN=C(N)N)C%20=O.c1%51c[nH]c2ccccc12.C[C@@H](O)[C@H]%21C%55=O.[C@@H]%29(C%17=O)[C@@H](C)O.[C@@H]1%38CCCN1%14.[C@@H]1%40CCCN1%36.C%47(=O)[C@@H]%26C%50.c1%50ccccc1.N1%55CCC[C@H]1%41.N16CCC[C@H]1%42.N18CCC[C@H]1%43.N19CCC[C@H]1%44.[C@H]%31(C%51)C%12=O.c1%51ccccc1.[C@H]%32(C%49)C%13=O.N1%13CCC[C@H]1%45.N1%15CCC[C@H]1%46.[C@H]%34(C%49)C%18=O.N1%19CCC[C@H]1%48.c1[C@H]cnc[nH]1.c1%49cnc[nH]1.C3%39=O.C%25%40=O.C%56%41=O.C7%42=O.C9%43=O.C%11%44=O.C%15%45=O.C%17%46=O.C%48(=O)O.N3%21.N%47%22.N%47%23.N%52%24.N%54%26.N4%27.N5%28.N7%29.N%10%30.N%11%31.N%12%32.N%16%33.N%17%34.N%18%35.N%20%37	INVALID
[C@H]%10(CCCN=C(N)N)C%26=O.[C@H]%12(CCCN=C(N)N)C%28=O.[C@H]%18(CCCN=C(N)N)C6=O.c1%21c[nH]c2ccccc12.c1%22c[nH]c2ccccc12.[C@H]%15(CCCCN)C%30=O.[C@H]%16(CCCCN)C4=O.c1%23c[nH]c2ccccc12.CC[C@H](C)[C@H]7C%14=O.[C@H]%11(CC(=O)O)C%27=O.[C@@H]7(C%14=O)[C@@H](C)O.C3(=O)[C@@H](N)C%20.c1%20ccccc1.[C@H]9(C%21)C%25=O.[C@H]%17(C%22)C5=O.[C@H]%19(C%23)C(=O)O.c1%20cnc[nH]1.N37.N%148.N%249.N%25%10.N%26%11.N%27%12.N%28%13.N%29%15.N%30%16.N4%17.N5%18.N6%19	CC[C@H](C)[C@H]1C(=O)C(=O)[C@@H]1[C@@H](C)O.N.NC(=O)[C@@H](N)Cc1ccccc1.NC(=O)[C@H](CCCN=C(N)N)NC(=O)[C@H](CC(=O)O)NC(=O)[C@H](CCCN=C(N)N)NC(=O)[C@@H](N)Cc1c[nH]c2ccccc12.NCCCC[C@H](NC(=O)[C@@H](N)CCCCN)C(=O)N[C@@H](Cc1c[nH]c2ccccc12)C(=O)N[C@@H](CCCN=C(N)N)C(=O)N[C@@H](Cc1c[nH]c2ccccc12)C(=O)O.c1c[nH]cn1
C%33(=O)[C@@H]%15CCCN=C(N)N.[C@H]%19(CCCN=C(N)N)C5=O.[C@H]%21(CCCN=C(N)N)C%10=O.CC[C@H](C)[C@H]%11C%37=O.C%34(=O)[C@@H]%16CC(N)=O.C%36(=O)[C@@H]%18CC(N)=O.[C@H]%22(CC(C)C)C(=O)O.c1%32ccc(O)cc1.C%13(=O)[C@@H]%14C(C)C.[C@H]%18(CCF)C3=O.C2(=O)[C@@H]%12CO.[C@@H]1%23CCCN1%33.C%35(=O)[C@@H]%17C%32.[C@@H]1%25CCCN1%37.N1%37CCC[C@H]1%26.N13CCC[C@H]1%27.N15CCC[C@H]1%28.N16CCC[C@H]1%29.[C@H]%20(C%31)C8=O.N18CCC[C@H]1%30.c1%31cnc[nH]1.C%24%23=O.C%38%25=O.C4%26=O.C6%27=O.C7%28=O.C9%29=O.N2%11.N%13%12.N%24%14.N%34%15.N%35%16.N%36%17.N%38%18.N4%19.N7%20.N9%21.N%10%22	CC[C@H](C)[C@H](NC(=O)[C@H](CO)NC(=O)[C@@H](NC(=O)[C@@H]1CCCN1C(=O)[C@H](CCCN=C(N)N)NC(=O)[C@H](CC(N)=O)NC(=O)[C@H](Cc1ccc(O)cc1)NC(=O)[C@H](CC(N)=O)[C@@H](CCF)C(=O)N1CCC[C@H]1C(=O)N1CCC[C@H]1C(=O)N[C@@H](CCCN=C(N)N)C(=O)N[C@@H](CC(C)C)C(=O)O)C(C)C)C(=O)N1CCC[C@H]1C(N)=O.NC(N)=NCCC[C@H](NC(=O)[C@@H]1CCCN1)C(=O)N1CCC[C@H]1C(=O)N[C@@H](Cc1cnc[nH]1)C(=O)N1CCCC1
[C@H]9(CCCN=C(N)N)C%24=O.[C@H]%16(CCCN=C(N)N)C6=O.c1%20c[nH]c2ccccc12.CC[C@H](C)[C@H]7C%14=O.[C@H]%10(CC(=O)O)C%26=O.[C@@H]%11(C%27=O)[C@@H](C)CC.[C@@H]%12(C%28=O)[C@@H](C)CC.[C@H]%17(CC(C)C)C6=O.[C@@H]8(C%24=O)C(C)C.N1%14CCC[C@H]1%19.[C@H]%15(C%20)C%29=O.[C@H]%13(CO)C5=O.[C@H]%18(C%22)C(N)=O.c1%22ccccc1.C3(=O)CN.C%16C4=O.C%23%19=O.N37.N%238.N%249.N%25%10.N%26%11.N%27%12.N%28%13.N%29%15.N4%16.N5%17.N6%18	CC[C@H](C)[C@H](NC(=O)CN)C(=O)N1CCC[C@H]1C(=O)N[C@H](C(=O)C(=O)[C@@H](N)CCCN=C(N)N)C(C)C.CC[C@H](C)[C@H](NC(=O)[C@@H](NC(=O)[C@@H](N)CC(=O)O)[C@@H](C)CC)C(=O)N[C@@H](CO)C(=O)N[C@@H](CC(C)C)C(=O)C(=O)[C@H](CCCN=C(N)N)CC(N)=O.NC(=O)[C@@H](N)Cc1ccccc1.O=C1N[C@H]1Cc1c[nH]c2ccccc12
C%14(=O)[C@@H]7CCCN=C(N)N.C%20(=O)[C@@H]%10CCCN=C(N)N.[C@H]%11(CCCN=C(N)N)C%23=O.[C@H]%15(CCCN=C(N)N)C(N)=O.C%18(=O)[C@@H]8CCCCN.c1%16c[nH]c2ccccc12.CC[C@H](C)[C@H]5C%22=O.C3(=O)[C@@H]6CC(N)=O.[C@@H]%13(C4=O)C(C)C.C%19(=O)[C@@H]9C%16.C%21(=O)[C@@H](N)C%17.c1%17ccccc1.[C@H]%12(CO)C%24=O.N35.N%146.N%187.N%198.N%209.N%21%10.N%22%11.N%23%12.N%24%13.N4%15	CC[C@H](C)[C@H](NC(=O)[C@H](CC(N)=O)NC(=O)[C@H](CCCN=C(N)N)NC(=O)[C@H](CCCCN)NC(=O)[C@H](Cc1c[nH]c2ccccc12)NC(=O)[C@H](CCCN=C(N)N)NC(=O)[C@@H](N)Cc1ccccc1)C(=O)N[C@@H](CCCN=C(N)N)C(=O)N[C@@H](CO)C(=O)N[C@H](C(=O)N[C@@H](CCCN=C(N)N)C(N)=O)C(C)C
C7(=O)[C@@H]%53CCCN=C(N)N.C%57(=O)[C@@H]%34CCC(N)=O.C%74(=O)[C@@H]%40CCC(N)=O.C7(=O)[C@@H]%45CCC(N)=O.C%15(=O)[C@@H]%53CCCCN.C%16(=O)[C@@H]%54CCCCN.C%17(=O)[C@@H]%56CCCCN.C%21(=O)[C@@H]%58CCC(N)=O.C%23(=O)[C@@H]%61CCCCN.C%28(=O)[C@@H]%61CCCCN.CC[C@H](C)[C@H]%31C(N)=O.C%73(=O)[C@@H]%38[C@@H](C)CC.C%14(=O)[C@@H]%51[C@@H](C)CC.C%18(=O)[C@@H]%55[C@@H](C)CC.C%25(=O)[C@@H]%59CC(N)=O.C%26(=O)[C@@H]%58[C@@H](C)CC.C%27(=O)[C@@H]%62CC(C)C.C%24(=O)[C@@H]%36CC%66.C%77(=O)[C@@H]%39C(C)C.C%22(=O)[C@@H]%53C(C)C.C%57(=O)[C@@H]%38CO.C8(=O)[C@@H]%47CO.[C@@H]1%67CCCN18.C%14(=O)[C@@H]%52CO.[C@@H]1%69CCCN1%25.C%25(=O)[C@@H]%60C%72.c1%72ccccc1.C%13(=O)[C@@H]%33C.C%46(=O)[C@@H]%37C.c1%71cnc[nH]1.C4(=O)[C@@H]%43C.C6(=O)[C@@H]%44C.C%12(=O)[C@@H]%50C.C%35(=O)C%32.C%10(=O)C%48.C%23(=O)C%63.C%28(=O)C%63.C5%67=O.C%22%69=O.C%20%70=O.N2%31.N%13%32.N%24%33.N%35%34.N%46%36.N%57%37.N%68%38.N%73%39.N3%40.N4%41.N5%42.N6%43.N7%44.N8%45.N9%47.N%10%48.N%11%50.N%12%50.N%14%51.N%15%52.N%16%54.N%17%54.N%18%55.N%19%56.N%21%59.N%22%60.N%23%61.N%26%62.N%28%63.N%28%64.N%30%65	C=O.CC[C@H](C)[C@@H](C(=O)N[C@H](C=O)CC(C)C)[C@@H](CCC(N)=O)C(=O)N[C@@H](CC(N)=O)C(=O)N1CCC[C@H]1C(=O)C(=O)CC(C)C.CC[C@H](C)[C@@H]1NC1=O.CC[C@H](C)[C@H](N)C(=O)C(=O)[C@H](CO)NC(=O)[C@H](CCCCN)[C@@H](CCCN=C(N)N)C(=O)C(=O)[C@@H](N)CCC(N)=O.CC[C@H](C)[C@H](N)C(N)=O.CC[C@H](NC(=O)[C@H](C)N)C(=O)N[C@@H](C)C(=O)NCC(=O)N[C@@H](CCC(N)=O)C(=O)C(=O)[C@H](CO)[C@H](C(=O)N[C@H](C=O)C(C)C)[C@@H](C)CC.C[C@H](N)C(=O)N[C@@H](C)C(N)=O.C[C@H](N)C(N)=O.N.N.N.NC(=O)CC[C@H](N)C=O.NC(=O)[C@@H]1CCCN1C(=O)[C@@H](N)CO.NCCCC[C@@H]1NC1=O.NCCCC[C@H](N)C(N)=O.NCCCC[C@H]1C(=O)C(=O)CCC(=O)C(=O)[C@@H]1CCCCN.NN.N[C@H](C=O)Cc1ccccc1.O=C1CN1.c1c[nH]cn1
C%46(=O)[C@@H]%22CCCCN.C%49(=O)[C@@H]%26CCCCN.C6(=O)[C@@H]%30CCCCN.C%10(=O)[C@@H]%34CCCCN.c1%44c[nH]c2ccccc12.C%11(=O)[C@@H](N)CCCCN.[C@H]%38(CCCCN)C%16=O.CC[C@H](C)[C@H]%18C%12=O.C3(=O)[C@@H]%19CC(C)C.C%36(=O)[C@@H]%22CC(C)C.C%46(=O)[C@@H]%23[C@@H](C)CC.C%50(=O)[C@@H]%27CC(C)C.C9(=O)[C@@H]%32CC(N)=O.C%14(=O)[C@@H]%20CO.[C@@H]1%41CCCN1%36.C%43(=O)[C@@H]%21CO.C%48(=O)[C@@H]%24C%42.c1%42ccccc1.C7(=O)[C@@H]%31C%43.[C@H]%35(CO)C%13=O.[C@H]%40(C%45)C(N)=O.c1%45ccccc1.C%47(=O)[C@@H]%23C.C4(=O)[C@@H]%28C.C5(=O)[C@@H]%29C.C8(=O)[C@@H]%33C.[C@H]%37(C)C%15=O.C%25%41=O.N3%18.N%14%19.N%25%20.N%46%21.N%47%22.N%48%23.N%49%24.N%50%26.N4%27.N5%28.N6%29.N7%30.N8%31.N9%32.N%10%33.N%11%34.N%12%35.N%13%37.N%15%38.N%16%39.N%17%40	CC(C)C[C@H](NC(=O)[C@H](C)NC(=O)[C@H](C)NC(=O)[C@H](CCCCN)NC(=O)[C@H](CC(=O)[C@@H](N)CO)NC(=O)[C@H](C)NC(=O)[C@H](CCCCN)NC(=O)[C@@H](N)CCCCN)C(=O)N[C@@H](CCCCN)C(=O)N[C@@H](Cc1ccccc1)C(N)=O.CC[C@H](C)[C@@H](C(=O)C(=O)[C@H](CCCCN)[C@@H](CC(C)C)C(=O)N1CCC[C@H]1C(=O)N[C@@H](CO)C(=O)N[C@@H](CC(C)C)C(=O)N[C@H](C(=O)N[C@@H](CO)C(=O)N[C@@H](C)C(=O)N[C@@H](CCCCN)C(N)=O)[C@@H](C)CC)[C@@H](C)C(N)=O.NC(=O)C[C@@H]1NC1=O.NC(=O)[C@@H](N)Cc1ccccc1.c1ccc2[nH]ccc2c1
C%16(=O)[C@@H]6CCCN=C(N)N.C%18(=O)[C@@H](N)CCCN=C(N)N.[C@H]8(CCCN=C(N)N)C%20=O.C3(=O)[C@@H]4CCCCN.c1%12c[nH]c2ccccc12.c1%13c[nH]c2ccccc12.CC(C)[C@H]%22C%19=O.c1%11ccc(O)cc1.C%14(=O)[C@@H]5C%11.C%17(=O)[C@@H]7C%12.[C@H]9(C%13)C%21=O.[C@H]%10(C%15)C(N)=O.c1%15ccccc1.N3%22.N%144.N%165.N%176.N%187.N%198.N%209.N%21%10	CC(C)[C@H](NC(=O)[C@H](CCCCN)NC(=O)[C@H](Cc1ccc(O)cc1)NC(=O)[C@H](CCCN=C(N)N)NC(=O)[C@H](Cc1c[nH]c2ccccc12)NC(=O)[C@@H](N)CCCN=C(N)N)C(=O)N[C@@H](CCCN=C(N)N)C(=O)N[C@@H](Cc1c[nH]c2ccccc12)C(=O)N[C@@H](Cc1ccccc1)C(N)=O
C3(=O)[C@@H]6CCCN=C(N)N.C%14(=O)[C@@H]7CCCN=C(N)N.C%19(=O)[C@@H](N)CCCN=C(N)N.[C@H]%15(CCCN=C(N)N)C(N)=O.C%17(=O)[C@@H]8CCCCN.[C@H]%10(CCCCN)C%21=O.[C@H]%11(CCCCN)C%22=O.c1%16c[nH]c2ccccc12.CC[C@H](C)[C@H]5C%20=O.C%18(=O)[C@@H]9[C@@H](C)CC.C%18(=O)[C@@H]8C(C)C.[C@H]%12(C%16)C%23=O.N35.N%146.N%177.N%188.N%199.N%20%10.N%21%11.N%22%12.N%23%13.N4%15	CC[C@H](C)[C@H](NC(=O)[C@H](CCCN=C(N)N)NC(=O)[C@H](CCCN=C(N)N)NC(=O)[C@H](CCCCN)[C@H](C(=O)C(=O)[C@@H](NC(=O)[C@@H](N)CCCN=C(N)N)[C@@H](C)CC)C(C)C)C(=O)N[C@@H](CCCCN)C(=O)N[C@@H](CCCCN)C(=O)N[C@@H](Cc1c[nH]c2ccccc12)C(N)=O.N.NC(=O)[C@@H](N)CCCN=C(N)N
CCC(C)CCCCC3=O.c1%31c[nH]c2ccccc12.c1%32c[nH]c2ccccc12.c1%33c[nH]c2ccccc12.c1%34c[nH]c2ccccc12.[C@@H]%29(CCCCN)C9=O.c1%35c[nH]c2ccccc12.[C@@H]%11(CCC(N)=O)C%14=O.[C@@H]%10(CC(C)C)C%25=O.[C@@H]%17(CCC%18)C%40=O.[C@@H]%20(CC(C)C)C4=O.[C@@H]%21(CCC%22)C5=O.[C@@H]%27(CCC%28)C8=O.[C@@H]%29(CCC%30)C(=O)O.[C@H]%13(C%36=O)C(C)C.c1%37ccc(O)cc1.[C@@H]%15(C%31)C%38=O.[C@@H]%16(C%32)C%39=O.[C@@H]%19(C%33)C%41=O.[C@@H]%23(C%34)C4=O.[C@@H]%24(C%35)C6=O.[C@@H]%26(C%37)C7=O.N%11C(=N)N.N%18C(=N)N.N%22C(=N)N.N%27C(=N)N.N%30C(=N)N.N39.N%14%10.N%25%12.N%36%13.N%38%15.N%39%17.N%40%19.N%41%20.N%42%21.N4%22.N5%24.N6%26.N7%27.N8%29	CC(C)C[C@@H](NC(=O)[C@@H](CCC(N)=O)NC(=N)N)C(N)=O.CC(C)C[C@@H](NC(=O)[C@@H](Cc1c[nH]c2ccccc12)NC(=O)[C@@H](CCCNC(=N)N)NC(=O)CCc1c[nH]c2ccccc12)C(=O)C(=O)CCc1c[nH]c2ccccc12.CC(C)[C@H]1NC1=O.CCC(C)CCCCC(=O)NC(=O)[C@@H](CCCCN)[C@H](CCCNC(=N)N)C(=O)O.CCC[C@@H](NC(=N)N)C(N)=O.N.N=C(N)NCCC[C@@H](N)C(=O)N[C@H](Cc1c[nH]c2ccccc12)C(=O)N[C@H](Cc1ccc(O)cc1)C(N)=O.O=C1N[C@@H]1Cc1c[nH]c2ccccc12
[C@@H]1%32NC(=O)[C@H]%33NC(=O)[C@H]%34NC(=O)[C@H]5NC(=O)[C@H]6NC(=O)[C@H]7NC(=O)[C@H]8NC(=O)[C@H]9NC(=O)[C@H]%10NC(=O)[C@@H]2CCCN2C(=O)[C@H]%11NC(=O)[C@H]%12NC(=O)[C@H]%13NC(=O)[C@H]%14NC(=O)[C@H]%16NC(=O)[C@H]%17NC(=O)[C@H]%18NC(=O)[C@H]%19NC(=O)[C@H]%20NC1=O.C%15(=O)[C@@H](N)CCCN=C(N)N.c1%22c[nH]c2ccccc12.c1%29c[nH]c2ccccc12.C%31CCN=C(N)N.C%10CCN=C(N)N.c1%24ccc(O)cc1.C%20CCN=C(N)N.c1%21ccccc1.c1%23cccccc1.C4(=O)[C@@H]%29C%25.c1%27ccccc1.C%33CCCN.C%34CCCN.C6CC(N)=O.C%18CC(N)=O.CC[C@@H]%32C.C7(C)C.C%28C%31.C%16(C)C.C%15(C)=O.C%26%30=O.C%31(N)=O.C5%21.C9%22.C%11%24.C%13%23.C%14O.N4%29.N%15%27.N%26%28.C%19%29	INVALID
C3(=O)[C@@H]4CCCCN.C%14(=O)[C@@H]5CCCCN.C%16(=O)[C@@H]8CCCCN.c1%11c[nH]c2ccccc12.C%18(=O)[C@@H]%10CCCCN.CC(C)C[C@H]%20C(N)=O.C%15(=O)[C@@H]7CC(C)C.C%14(=O)[C@@H]6C%11.C%17(=O)[C@@H]9C%12.c1%12ccccc1.C%19(=O)[C@H](C)N.CS%11.N3%20.N%134.N%145.N%156.N%167.N%178.N%189.N%19%10	CC(C)C[C@H](NC(=O)[C@@H](N)CCCCN)C(N)=O.CC(C)C[C@H](NC(=O)[C@H](CCCCN)NC(=O)[C@H](Cc1ccccc1)NC(=O)[C@H](CCCCN)NC(=O)[C@H](C)N)C(=O)N[C@@H](Cc1c[nH]c2ccccc12)C(=O)C(=O)[C@@H](N)CCCCN.CS
[C@H]%16(CCCN=C(N)N)C%36=O.[C@H]%19(CCCN=C(N)N)C5=O.[C@H]%22(CCCN=C(N)N)C8=O.[C@H]%24(CCCN=C(N)N)C%11=O.c1%33c[nH]c2ccccc12.[C@H]%28(CCCCN)C(=O)O.CC(C)C[C@H]%13C%14=O.[C@H]%17(CC(N)=O)C%25=O.[C@@H]%17(C%40=O)[C@@H](C)O.[C@@H]%20(C%43=O)C(C)C.c1%34ccc(O)cc1.c1%35ccc(O)cc1.c1%37ccc(O)cc1.c1%38ccc(O)cc1.N1%25CCC[C@H]1%29.N1%36CCC[C@H]1%30.[C@H]%18(C%33)C%42=O.N1%44CCC[C@H]1%31.[C@H]%21(C%34)C6=O.N16CCC[C@H]1%32.[C@H]%23(C%35)C%10=O.[C@H]%26(C%37)C%12=O.c1%38ccccc1.C3(C)=O.C%39%29=O.C%41%30=O.C4%31=O.C7%32=O.N3%13.N%14%15.N%36%16.N%40%17.N%41%18.N%42%19.N%43%20.N5%21.N7%22.N8%23.N9%24.N%10%26.N%11%27.N%12%28	CC(=O)N[C@@H](CC(C)C)C(N)=O.CC(C)[C@@H]1NC1=O.C[C@@H](O)[C@@H](C(N)=O)[C@@H](CC(N)=O)C(=O)N1CCC[C@H]1C=O.NC(=O)[C@@H](N)CCCN=C(N)N.NCCCC[C@H](NC(=O)[C@H](Cc1ccc(O)cc1)NC(=O)[C@H](Cc1ccc(O)cc1)NC(=O)[C@H](CCCN=C(N)N)NC(=O)[C@@H]1CCCN1C(=O)[C@H](Cc1ccc(O)cc1)NC(=O)[C@H](CCCN=C(N)N)NC(=O)[C@H](Cc1c[nH]c2ccccc12)NC(=O)[C@@H]1CCCN1C(=O)[C@@H](N)CCCN=C(N)N)C(=O)O.O=C[C@@H]1CCCN1.Oc1ccc(-c2ccccc2)cc1
C3(=O)[C@@H]%12CCCN=C(N)N.C4(=O)[C@@H]%22CCCN=C(N)N.[C@H]%26(CCCN=C(N)N)C9=O.c1%29c[nH]c2ccccc12.c1%30c[nH]c2ccccc12.CC[C@H](C)[C@H]%11C9=O.C%25(=O)[C@@H]%15CC(N)=O.[C@H]%27(CC(C)C)C%10=O.c1%32ccc(O)cc1.C%14(=O)[C@@H]%13CO.C%36(=O)[C@@H]%17C%29.C%37(=O)[C@@H]%19C%29.C%38(=O)[C@@H]%20C%31.c1%31ccccc1.C5(=O)[C@@H]%23C%30.C6(=O)[C@@H]%24CS.C7(=O)[C@@H]%26C%32.C8(=O)[C@@H](N)C%33.c1%33ccccc1.[C@H]%28(C)C(=O)O.C%35(=O)C%16.C%39(=O)C%21.N3%11.N%14%12.N%25%13.N%34%15.N%35%16.N%36%17.N%37%18.N%38%19.N%39%20.N4%21.N5%22.N6%23.N7%24.N8%26.N9%27.N%10%28	CC(C)C[C@H](N)C(=O)N[C@@H](C)C(=O)O.CC[C@H](C)[C@H](NC(=O)[C@H](CCCN=C(N)N)NC(=O)[C@H](CO)NC(=O)[C@@H](N)CC(N)=O)C(=O)C(=O)[C@H](CCCN=C(N)N)[C@@H](Cc1ccc(O)cc1)C(=O)N[C@@H](CS)C(=O)N[C@@H](Cc1c[nH]c2ccccc12)C(=O)N[C@@H](CCCN=C(N)N)C(=O)NCC(=O)N[C@@H](Cc1ccccc1)C(=O)N[C@@H](C)C(N)=O.NC(=O)[C@@H](N)Cc1ccccc1.O=C1CN1.O=C1N[C@H]1Cc1c[nH]c2ccccc12
C%30(=O)[C@@H]%14CCCCN.[C@H]%20(CCCC%21)C(N)=O.C%31(=O)[C@@H]%12CCCN.C%32(=O)[C@@H]%15CCC%16.C%34(=O)[C@@H]%17CC(N)=O.[C@H]%19(CC(N)=O)C8=O.c1%30ccc(O)cc1.C%13(=O)[C@@H]%11C(C)C.C2(=O)[C@@H]%10C%30.[C@@H]1%22CCCN1%31.N1%33CCC[C@H]1%23.N1%34CCC[C@H]1%25.N1%36CCC[C@H]1%26.N14CCC[C@H]1%27.[C@H]%18(C%29)C6=O.N16CCC[C@H]1%28.c1%29cnc[nH]1.N%16C(=N)N.C%33(=O)CN.N%21C(=N)N.C%24%22=O.C%35%23=O.C%35%25=O.C3%26=O.C5%27=O.C7%28=O.N29.N%13%10.N%24%11.N%32%12.N%35%15.N3%17.N5%18.N7%19.N8%20	CC(C)[C@H](NC(=O)[C@@H]1CCCN1C(=O)[C@H](CCCN)NC(=O)[C@@H](N)CCCNC(=N)N)C(=O)N[C@@H](C)C(N)=O.N=C(N)NCCCC[C@H](NC(=O)[C@H](CC(N)=O)NC(=O)[C@@H]1CCCN1C(=O)[C@H](Cc1cnc[nH]1)NC(=O)[C@@H]1CCCN1)C(N)=O.NCC(=O)N1CCC[C@H]1C(=O)C(=O)[C@@H]1CCCN1C(=O)[C@H](CC(N)=O)NC(=O)[C@@H]1CCCN1.NCCCCCC(=O)c1ccc(O)cc1
[C@H]7(CCCN=C(N)N)C%19=O.[C@H]%12(CCCN=C(N)N)C(N)=O.C%17(=O)[C@@H](N)CCCCN.c1%15c[nH]c2ccccc12.[C@H]%10(CCCCN)C%22=O.CC[C@H](C)[C@H]4C%18=O.C3(=O)[C@@H]5CC(N)=O.[C@H]8(CC%13)C%20=O.c1%16ccc(O)cc1.C%14(=O)[C@@H]6CO.[C@H]9(C%15)C%20=O.[C@H]%11(C%16)C%23=O.C1C%21=O.N34.N%145.N%176.N%187.N%198.N%209.N%21%10.N%22%11.N%23%12	CC(=O)N[C@@H](CCCCN)C(=O)N[C@@H](Cc1ccc(O)cc1)C(=O)N[C@@H](CCCN=C(N)N)C(N)=O.CC[C@H](NC(=O)[C@H](CCCN=C(N)N)NC(=O)[C@@H](NC(=O)[C@H](CC(N)=O)NC(=O)[C@H](CO)NC(=O)[C@@H](N)CCCCN)[C@@H](C)CC)C(=O)C(=O)[C@@H](N)Cc1c[nH]c2ccccc12
[C@@H]13NC(=O)[C@H]4NC(=O)[C@H]5NC(=O)[C@H]6NC(=O)[C@H]7NC(=O)[C@H]8NC1=O.NC(N)=NCCC3.C4CCN=C(N)N.C5CCN=C(N)N.C6CCN=C(N)N.c19ccccc1.C7CCN.CCC9.C7%10.C8%11	C.CCCc1ccccc1.C[C@@H]1NC(=O)[C@H](CCCN=C(N)N)NC(=O)[C@H](CCCN=C(N)N)NC(=O)[C@H](CCCN=C(N)N)NC(=O)[C@H](CCCN=C(N)N)NC(=O)[C@H](CCCN)NC1=O
[C@H]%11(CCCN=C(N)N)C%31=O.[C@H]%16(CCCN=C(N)N)C4=O.[C@H]%18(CCCN=C(N)N)C6=O.[C@H]%19(CCCN=C(N)N)C(N)=O.c1%22c[nH]c2ccccc12.c1%23c[nH]c2ccccc12.c1%24c[nH]c2ccccc12.c1%26ccc(O)cc1.c1%27c[nH]c2ccccc12.CC[C@H](C)[C@H]8C%14=O.[C@H]9(CC(=O)O)C%25=O.C3(=O)[C@@H](N)C%22.N1%28CCC[C@H]1%20.[C@H]%11(C%23)C%30=O.[C@H]%12(C%26)C%32=O.N1%32CCC[C@H]1%21.[C@H]%17(C%27)C7=O.[C@H]%10(C)C%25=O.[C@H]%15(C)C%33=O.C%29%20=O.C5%21=O.N38.N%149.N%25%10.N%29%11.N%30%12.N%31%13.N%33%15.N4%16.N5%17.N6%18.N7%19	CC[C@H](C)[C@H](NC(=O)[C@@H](N)Cc1c[nH]c2ccccc12)C(=O)N[C@@H](CC(=O)O)C(=O)C(=O)[C@H](C)N.C[C@@H]1NC1=O.NC(=O)[C@@H]1CCCN1.NC(=O)[C@H](CCCN=C(N)N)NC(=O)[C@H](Cc1c[nH]c2ccccc12)NC(=O)[C@@H]1CCCN1C(=O)[C@H](Cc1ccc(O)cc1)NC(=O)[C@H](Cc1c[nH]c2ccccc12)[C@@H](CCCN=C(N)N)C(N)=O.NC(N)=NCCC[C@@H]1NC1=O.NC(N)=NCCC[C@@H]1NC1=O.c1ccc2[nH]ccc2c1
[C@H]%16(CCCN=C(N)N)C5=O.[C@H]%18(CCCN=C(N)N)C(N)=O.[C@H]%10(CCCCN)C%27=O.c1%20c[nH]c2ccccc12.[C@H]%13(CCCCN)C%29=O.c1%22c[nH]c2ccccc12.c1%23c[nH]c2ccccc12.CC[C@H](C)[C@H](N)C3=O.[C@H]7(CC(C)C)C%14=O.[C@H]9(C%20)C%26=O.[C@H]%11(C%21)C%28=O.N1%28CCC[C@H]1%19.[C@H]%15(C%22)C%30=O.[C@H]%17(C%23)C5=O.c1%24ccccc1.[C@H]8(C)C%24=O.C%12C6=O.C%23%19=O.N37.N%148.N%249.N%25%10.N%26%11.N%27%12.N%29%13.N%30%15.N%31%16.N4%16.N5%17.N6%18	CC[C@H](C)[C@H](N)C(=O)N[C@@H](CC(C)C)C(=O)N[C@@H](C)C(=O)c1ccccc1.C[C@H](NC(=O)[C@@H](N)Cc1c[nH]c2ccccc12)C(=O)N1CCC[C@H]1C=O.N.NC(N)=NCCC[C@H](N)C(=O)C(=O)[C@@H](N)Cc1c[nH]c2ccccc12.NCCCC[C@@H]1NC1=O.NCCCC[C@H](N)C(=O)NCC(=O)N[C@@H](CCCN=C(N)N)C(N)=O.O=C1N[C@H]1Cc1c[nH]c2ccccc12
[C@H]%16(CCCN=C(N)N)C5=O.C%26(=O)[C@@H]%11CCCCN.CC(C)C[C@H]7C%30=O.C3(=O)[C@@H](N)C(C)C.c1%22ccc(O)cc1.C2(=O)[C@@H]8C%21.C%24(=O)[C@@H]9C%20.[C@@H]1%18CCCN1%26.C%25(=O)[C@@H]%10C%22.[C@@H]1%19CCCN1%28.[C@H]%15(C%25)C4=O.c1%23ccccc1.C%28(=O)[C@@H]%12C.c1%21cnc[nH]1.C%14CCCN.c1%22cnc[nH]1.[C@H]%17(C)C(N)=O.C%13%18=O.C%27%19=O.C%29%20=O.N27.N%138.N%259.N%26%10.N%27%11.N%29%12.N3%14.N4%15.N5%16.N6%17	CC(C)C[C@@H](C=O)NC(=O)[C@H](Cc1cnc[nH]1)NC(=O)[C@@H]1CCCN1C(=O)[C@H](CCCCN)NC(=O)[C@@H]1CCCN1C(=O)[C@H](C)NC(=O)C[C@H](N)C=O.CC(C)[C@H](N)C(=O)NCCCCN.C[C@H](N)C(N)=O.NC(N)=NCCC[C@@H]1NC1=O.N[C@@H](Cc1ccc(O)cc1)C(=O)C[C@@H]1NC1=O.c1c[nH]cn1.c1ccccc1
C[C@@H]1NC(=O)[C@H](C)NC(=O)[C@H]6NC(=O)[C@@H]2CSSC[C@@H]3NC(=O)[C@H]7NC(=O)[C@@H]2CCCN2C(=O)[C@H]8NC1=O.c19ccc(O)cc1.C6CCN=C(N)N.c18ccccc1.C7CCCN.C4(=O)O.C58.C79	C.C[C@@H]1NC(=O)[C@H](C)NC(=O)[C@H](CCCN=C(N)N)NC(=O)[C@@H]2CSSCCNC(=O)[C@H](CCCCN)NC(=O)[C@@H]2CCCNC(=O)[C@H](c2ccccc2)NC1=O.Cc1ccc(O)cc1.O=CO
C%32(=O)[C@H]%15CCCN=C(N)N.[C@@H]%19(CCCN=C(N)N)C5=O.[C@@H]%21(CCCN=C(N)N)C%10=O.C%31(=O)[C@H]%14CCCCN.CC(C)C[C@@H]%11C%35=O.C%33(=O)[C@H]%16CC(N)=O.[C@@H]%18(CC(C)C)C4=O.[C@H]%20(C8=O)[C@H](C)CC.c1%31ccc(O)cc1.[C@H]%22(C(N)=O)C(C)C.C2(=O)[C@H]%12C%30.[C@H]1%23CCCN1%32.[C@H]1%25CCCN1%32.N13CCC[C@@H]1%26.N15CCC[C@@H]1%27.N16CCC[C@@H]1%28.N18CCC[C@@H]1%29.c1%30cnc[nH]1.C%34(=O)CN.C%24%23=O.C%37%25=O.C4%26=O.C6%27=O.C7%28=O.C9%29=O.N2%11.N%13%12.N%24%14.N%33%15.N%34%16.N%35%17.N%37%18.N4%19.N7%20.N9%21.N%10%22	CC(C)C[C@@H](NC(=O)[C@H](N)Cc1cnc[nH]1)C(N)=O.CC(C)C[C@@H](NC(=O)[C@H]1CCCN1)C(=O)C(=O)[C@H]1CCCN1.CC[C@@H](C)[C@@H](NC(=O)[C@H]1CCCN1C(=O)[C@H]1CCCN1C(=O)[C@H](N)CCCN=C(N)N)C(=O)N1CCC[C@@H]1C(=O)N[C@H](CCCN=C(N)N)C(=O)N[C@@H](C(N)=O)C(C)C.NCCCC[C@@H](NC(=O)[C@H]1CCCN1C(=O)[C@@H](CCCN=C(N)N)NC(=O)[C@@H](CC(N)=O)NC(=O)CN)C(=O)c1ccc(O)cc1
CC(C)C[C@H]%18C(N)=O.C%13(=O)[C@@H]%19CCC%20.C%24(=O)[C@@H]%21CC(C)C.C%35(=O)[C@@H]%22CC(C)C.C%50(=O)[C@@H]%23CCC%25.C%54(=O)[C@@H]%27CC(C)C.C3(=O)[C@@H]%28CCC%29.C4(=O)[C@@H]%30CC(C)C.C8(=O)[C@@H]%31CC(C)C.C9(=O)[C@@H]%32CCC%33.C%12(=O)[C@@H]%34CC(C)C.C%15(=O)[C@@H]%37[C@@H](C)O.C%16(=O)[C@@H]%37CCC%38.c1%49ccc(O)cc1.C%17(=O)[C@@H](N)C(C)C.c1%50ccc(O)cc1.[C@@H]1%39CCCN1%24.[C@@H]1%40CCCN1%52.[C@@H]1%41CCCN1%53.C%53(=O)[C@@H]%26C%50.[C@@H]1%42CCCN14.[C@@H]1%43CCCN17.[C@@H]1%44CCCN18.[C@@H]1%45CCCN1%10.C%11(=O)[C@@H]%33C%51.[C@@H]1%47CCCN1%14.c1%50cnc[nH]1.N%25C(=N)N.N%29C(=N)N.N%38C(=N)N.C2%39=O.C%46%40=O.C%52%41=O.C%54%42=O.C3%43=O.C5%44=O.C7%45=O.C%10%47=O.C%14%48=O.C%16%49=O.N2%18.N%13%19.N%35%21.N%51%23.N%54%26.N3%27.N4%28.N6%30.N9%31.N%11%32.N%12%34.N%15%36.N%17%37	CC(C)CCC(=O)N[C@@H](CC(C)C)C(=O)N1CCC[C@H]1C(=O)N[C@@H](CC(C)C)C(N)=O.CC(C)C[C@@H]1NC1=O.CC(C)C[C@H](N)C(=O)C(=O)[C@@H]1CCCN1C(=O)[C@@H](N)CC(C)C.CC(C)C[C@H](NC(=O)[C@@H]1CCC[C@@H](CN[C@@H](CCCNC(=N)N)C(=O)c2ccc(O)cc2)C(=O)N1)C(=O)N1CCC[C@H]1C=O.CC(C)[C@H](N)C(N)=O.CCC[C@@H]1NC1=O.C[C@@H](O)[C@@H](C(N)=O)[C@@H](CCCNC(=N)N)C(=O)C(=O)c1ccc(O)cc1.N=C(N)NCCC[C@H](N)C(=O)C(=O)[C@@H]1CCCN1C(=O)[C@@H]1CCCN1C(=O)[C@@H]1CCCN1C=O.N[C@@H](Cc1cnc[nH]1)C(=O)N1CCC[C@H]1C(=O)N1CCC[C@H]1C=O
[C@@H]%21(CCCN=C(N)N)C%46=O.[C@@H]%31(CCCN=C(N)N)C9=O.[C@@H]%33(CCCN=C(N)N)C%16=O.[C@@H]%19(CCCCN)C%36=O.c1%43c[nH]c2ccccc12.[C@@H]%26(CCCCN)C4=O.[C@@H]%28(CCCCN)C6=O.[C@@H]1(CCCCN)C%12=O.CC(C)C[C@@H]%17C%25=O.[C@H]%35(C%13=O)[C@H](C)O.C3(=O)[C@H](N)CO.[C@@H]%18(C%40)C%25=O.[C@@H]%20(C%42)C%48=O.c1%42ccccc1.[C@@H]%22(C%39)C%49=O.[C@@H]%24(CO)C%50=O.[C@@H]%27(C%44)C5=O.c1%45ccccc1.[C@@H]%29(C%41)C7=O.[C@@H]%32(C%46)C%10=O.c1%46ccccc1.[C@@H]%37(C%42)C%15=O.[C@@H]%23(C)C%47=O.c1%40cnc[nH]1.c1%41cnc[nH]1.c1%42cnc[nH]1.[C@@H]%33(C)C%11=O.[C@@H]%35(C)C%13=O.[C@@H]%38(C)C(N)=O.N3%17.N%14%18.N%25%19.N%36%20.N%47%21.N%48%22.N%49%23.N%50%24.N%51%26.N4%27.N5%28.N6%29.N7%30.N8%31.N9%32.N%10%33.N%11%34.N%12%35.N%15%37.N%16%38	INVALID
C3(=O)[C@@H]7CCCN=C(N)N.C%20(=O)[C@@H](N)CCCN=C(N)N.[C@H]%16(CCCN=C(N)N)C5=O.[C@H]%17(CCCN=C(N)N)C(N)=O.c1%18c[nH]c2ccccc12.CC[C@H](C)[C@H]6C%21=O.C%19(=O)[C@@H]9CC(C)C.[C@@H]%12(C%24=O)[C@@H](C)CC.[C@@H]%10(C%22=O)C(C)C.[C@@H]%11(C%23=O)C(C)C.[C@@H]%15(C4=O)C(C)C.C%14(=O)[C@@H]8C%18.N36.N%147.N%198.N%209.N%21%10.N%22%11.N%23%12.N%24%13.N%25%15.N4%16.N5%17	CC(C)[C@H](N)C(=O)N[C@@H](CCCN=C(N)N)C(=O)N[C@@H](CCCN=C(N)N)C(N)=O.CC[C@H](C)[C@H](NC(=O)[C@@H](NC(=O)[C@@H](NC(=O)[C@@H](NC(=O)[C@H](CCCN=C(N)N)NC(=O)[C@H](Cc1c[nH]c2ccccc12)NC(=O)[C@H](CC(C)C)NC(=O)[C@@H](N)CCCN=C(N)N)[C@@H](C)CC)C(C)C)C(C)C)C(N)=O
C2(=O)[C@@H]5CCCCN.C%21(=O)[C@@H](N)CCCCN.[C@H]%11(CCCCN)C3=O.C%17(=O)[C@H]6CCCN.C%19(=O)[C@@H]8[C@@H](O)CN.C%20(=O)[C@@H]%10[C@@H](O)CN.C=%15(N2)C%23=O.[C@@H]1%14CCCN1%16.c1%16cnc[nH]1.C%12CCCN.N=C(N)N4.C4CC=%15.C%18(=O)C7.C%13%14=O.N%135.N%176.N%187.N%198.N%209.N%21%10.N%22%11.N3%12	N=C(N)NCCC=C(C=O)NC(=O)[C@H](CCCCN)NC(=O)[C@@H]1CCCN1c1cnc[nH]1.NCCCCNC(=O)[C@@H](N)CCCCN.NCCCC[C@H](N)C(=O)N[C@H](C(N)=O)[C@@H](O)CN.NCCC[C@H]1NC1=O.NC[C@H](O)[C@@H]1NC1=O.O=C1CN1
C%13(=O)[C@@H]9CCC(N)=O.C%24(=O)[C@@H]%10CCCCN.C%28(=O)[C@@H]%14CCCCN.C%30(=O)[C@@H]%17CCC(=O)O.C3(=O)[C@@H]%18CCC(N)=O.CC[C@H](C)[C@H]7C(=O)O.C%26(=O)[C@@H]%12[C@@H](C)CC.C%29(=O)[C@@H]%16CCCN.C3(=O)[C@@H]%19CC(=O)O.C6(=O)[C@@H](N)CC(N)=O.C%27(=O)[C@@H]%15CC%21.c1%23ccc(O)cc1.C5(=O)[C@@H]%20[C@@H](C)O.C2(=O)[C@@H]8C%22.C4(=O)[C@@H]%19C%23.c1%22cnc[nH]1.N27.N%138.N%249.N%25%10.N%26%11.N%27%12.N%28%14.S%21C.N%29%15.N%30%16.N3%17.N4%18.N5%19.N6%20	CC[C@H](C)[C@H](NC(=O)[C@H](CCSC)NC(=O)[C@H](CCCN)NC(=O)[C@@H](N)CCC(=O)O)C(N)=O.CC[C@H](C)[C@H](NC(=O)[C@H](Cc1cnc[nH]1)NC(=O)[C@H](CCC(N)=O)NC(=O)[C@@H](N)CCCCN)C(=O)O.C[C@@H](O)[C@H](NC(=O)[C@@H](N)CC(N)=O)C(N)=O.NC(=O)CC[C@@H]1NC(=O)[C@H](Cc2ccc(O)cc2)[C@@H](CC(=O)O)C(=O)C1=O.NCCCC[C@@H]1NC1=O
C2(=O)[C@@H]6CCCN=C(N)N.C%20(=O)[C@@H]9CCCN=C(N)N.[C@H]%12(CCCN=C(N)N)C%23=O.[C@H]%16(CCCN=C(N)N)C(N)=O.C%13(=O)[C@@H]7CCC(N)=O.[C@H]%11(CCCCN)C%23=O.[C@H]%14(CCCCN)C3=O.CC[C@H](C)[C@H]5C%22=O.C%18(=O)[C@@H]8[C@@H](C)CC.C%19(=O)[C@@H]%10[C@@H](C)CC.[C@H]%15(CC(C)C)C4=O.C%21(=O)[C@@H](N)C%17.c1%17ccccc1.N25.N%136.N%187.N%198.N%209.N%21%10.N%22%11.N%23%12.N%24%14.N3%15.N4%16	CC(C)C[C@H](NC(=O)[C@@H](N)CCCCN)C(=O)N[C@@H](CCCN=C(N)N)C(N)=O.CC[C@H](C)[C@H](NC(=O)[C@H](CCCN=C(N)N)NC(=O)[C@H](CCC(N)=O)NC(=O)[C@@H](NC(=O)[C@@H](NC(=O)[C@@H](N)Cc1ccccc1)[C@@H](C)CC)[C@@H](C)CC)C(=O)N[C@@H](CCCCN)C(=O)C(=O)[C@@H](N)CCCN=C(N)N.NC(N)=NCCC[C@@H]1NC1=O
[C@@H]1%30NC(=O)CNC(=O)[C@@H]2CCCN2C(=O)[C@H](C)NC(=O)CNC(=O)[C@@H]2CSSC[C@@H]%28NC(=O)[C@H]6NC(=O)[C@@H]4CCCN3C(=O)[C@H]7NC(=O)[C@H]8NC(=O)[C@H]9NC(=O)[C@H]%10NC(=O)CNC(=O)[C@H]%11NC(=O)[C@H]%12NC(=O)[C@H]%13NC(=O)CNC1=O)C(=O)N[C@@H]%14C(=O)NCC(=O)N[C@@H]%16C(=O)N[C@@H]%17C(=O)NCC(=O)N[C@@H]%18C(=O)N2.c1%24c[nH]c2ccccc12.[C@H]%26(CO)C%25=O.N1%15CCC[C@H]1%29.[C@H]%27(C%22)C(=O)O.c1%22ccccc1.c1%23ccccc1.c1%20cnc[nH]1.C%33CCCN.C4(=O)[C@@H]%28C.C%16(=O)[C@@H]%30C.C%28(=O)[C@H](C)N.C%12CCCN.c1%21cnc[nH]1.CC[C@@H]%30C.C7C(=O)O.C%25C%26.C%10(C)C.C%28C5.C5%29=O.CC%22.C6%20.C8O.S%25C.N%25%27.S%29C.C9%24.C%16O.C%18%23.C%19O	INVALID
C%36(=O)[C@@H]%31CCCN=C(N)N.C5(=O)[C@@H]%37CCCN=C(N)N.C%11(=O)[C@@H]%43CCCN=C(N)N.C%15(=O)[C@@H]%46CCCN=C(N)N.[C@H]%51(CCCN=C(N)N)C%22=O.[C@H]%55(CCCN=C(N)N)C(=O)O.C%65(=O)[C@@H]%40CCC(=O)O.c1%57c[nH]c2ccccc12.c1%59c[nH]c2ccccc12.[C@H]%50(CCC(N)=O)C%20=O.c1%60c[nH]c2ccccc12.CC[C@H](C)[C@H]%26C%17=O.C%14(=O)[C@@H]%28CC(=O)O.C%63(=O)[C@@H]%33[C@@H](C)CC.C4(=O)[C@@H]%35C(C)C.C%16(=O)[C@@H](N)CC(C)C.[C@H]%49(CC(C)C)C%19=O.[C@H]%54(CC(C)C)C%23=O.C%36(=O)[C@@H]%30C(C)C.C%47(=O)[C@@H]%32[C@@H](C)O.C%11(=O)[C@@H]%44C(C)C.c1%61ccc(O)cc1.c1%62ccc(O)cc1.[C@@H]1%56CCCN1%61.C6(=O)[C@@H]%38C%57.C7(=O)[C@@H]%39C%59.C9(=O)[C@@H]%41C%60.c1%60ccccc1.[C@H]%45(C%61)C%18=O.C3(=O)[C@@H]%27C.C%25(=O)[C@@H]%30C.C6(=O)C%39.C%12(=O)C%42.C%52C%24=O.C%47%56=O.N3%26.N%14%27.N%25%28.N%36%29.N%47%30.N%58%31.N%64%32.N%65%33.N4%34.N5%35.N6%37.N7%38.N8%39.N9%40.N%10%41.N%11%42.N%12%43.N%13%44.N%15%45.N%16%46.N%17%48.N%18%49.N%19%50.N%20%51.N%21%52.N%22%53.N%23%54.N%24%55	CC(C)C[C@@H]1NC1=O.CC(C)C[C@H](NC(=O)[C@H](C)NC(=O)[C@H](CCCN=C(N)N)NC(=O)[C@@H](N)CC(C)C)C(=O)N[C@@H](CCC(N)=O)C(=O)N[C@@H](CCCN=C(N)N)C(N)=O.CC(C)[C@H](N)C(=O)C(=O)[C@H](CCCN=C(N)N)NC(=O)CN.CC(C)[C@H](NC(=O)[C@@H](N)CCCN=C(N)N)C(N)=O.CC[C@H](C)[C@@H](C=O)NC(=O)[C@H](CCC(=O)O)NC(=O)[C@@H](N)Cc1c[nH]c2ccccc12.CC[C@H](C)[C@H](NC(=O)[C@H](C)NC(=O)[C@H](CC(=O)O)NC(=O)[C@H](C)[C@H](C(=O)C(=O)[C@@H](N)CCCN=C(N)N)C(C)C)C(N)=O.C[C@@H](O)[C@H](N)C(=O)C(=O)[C@@H]1CCCN1c1ccc(O)cc1.N.N.N.NCC(=O)N[C@@H](CCCN=C(N)N)C(=O)O.O=C1C[C@@H](Cc2c[nH]c3ccccc23)C(=O)N[C@@H](Cc2c[nH]c3ccccc23)C1=O.Oc1ccccc1.c1ccccc1
[C@H]1%15CSSC[C@@H]2NC(=O)[C@H]%16NC(=O)[C@H]%17NC(=O)[C@H]%18NC(=O)[C@H]%19NC(=O)[C@H]%20NC(=O)CNC(=O)[C@H]%21NC(=O)[C@@H]2CCCN2C(=O)CNC(=O)CNC(=O)[C@H]4NC(=O)[C@H]5NC(=O)[C@H]6NC(=O)[C@H]7NC(=O)[C@H]8NC(=O)[C@H]9NC(=O)[C@H]%10NC(=O)[C@H]%11NC(=O)[C@H](C)NC1=O.c1%13ccc(O)cc1.C7CCN=C(N)N.C8CCN=C(N)N.c1%12ccccc1.c1%12cnc[nH]1.C%19CCCN.C%20CC(N)=O.C%10C(N)=O.C%14C4.[C@H]%17(C)O.[C@H]%18(C)O.C6(C)C.N3%13.N%14%14.C%15%15.C%22O.C5%12.C)O.C%11O	INVALID
C3(=O)[C@@H]5CCCN=C(N)N.[C@H]%12(CCCN=C(N)N)C(N)=O.C%14(=O)[C@@H]6CCC(N)=O.c1%13c[nH]c2ccccc12.[C@H]%10(CCCCN)C%20=O.c1%15c[nH]c2ccccc12.CC[C@H](C)[C@H]4C%18=O.C%16(=O)[C@@H]8[C@@H](C)CC.C%17(=O)[C@@H](N)C(C)C.[C@@H]9(C%19=O)C(C)C.[C@H]%11(C%13)C%21=O.N34.N%145.N%156.N%167.N%178.N%189.N%19%10.N%20%11.N%21%12	CC[C@H](C)[C@H](NC(=O)[C@@H](N)C(C)C)C(N)=O.CC[C@H](C)[C@H](NC(=O)[C@H](CCCN=C(N)N)NC(=O)[C@H](CCC(N)=O)Nc1c[nH]c2ccccc12)C(=O)N[C@H](C(=O)N[C@@H](CCCCN)C(=O)N[C@@H](Cc1c[nH]c2ccccc12)C(=O)N[C@@H](CCCN=C(N)N)C(N)=O)C(C)C
C3(=O)[C@H]%16CCCCN.C%46(=O)[C@H]%24CCCCN.c1%41c[nH]c2ccccc12.[C@@H]%27(CCCCN)C6=O.[C@@H]%35(CCC(N)=O)C%13=O.CC[C@@H](C)[C@@H]%15C5=O.C%14(=O)[C@H]%17CCC%18.C%36(=O)[C@H]%19CC(C)C.C%44(=O)[C@H]%24CC(C)C.[C@@H]%29(CCC%30)C8=O.[C@@H]%32(CCC%33)C%10=O.[C@H]%34(C%11=O)[C@H](C)CC.[C@@H]%37(CC(C)C)C%12=O.c1%40ccc(O)cc1.C%25(=O)[C@H]%18C(C)C.C%42(=O)[C@H]%21C%40.C%45(=O)[C@H]%26C%41.[C@@H]%39(CO)C(N)=O.C%25(=O)[C@@H]%18C.C%43(=O)[C@H]%22C.[C@@H]%30(C)C7=O.C%36(=O)C%20.N%22C(=N)N.N%28C(=N)N.N%33C(=N)N.N%38C(=N)N.N3%15.N%14%16.N%25%17.N%36%19.N%42%20.N%43%21.N%44%22.N%45%23.N%46%24.N4%26.N5%27.N6%29.N7%31.N8%31.N9%32.N%10%34.N%11%35.N%12%37.N%13%39	CC(C)C[C@@H](N)C(=O)C(=O)CNC(=O)[C@@H](Cc1ccc(O)cc1)NC(=O)[C@@H](C)NC(=N)N.CC(C)C[C@H](C(N)=O)[C@H](CCCCN)C(N)=O.CC(C)C[C@H]1NC1=O.CCC(=O)C(=O)[C@H](CCC[C@@H](N)C(=O)N[C@H](CCCCN)C(=O)N[C@@H](C(=O)N[C@H](CCCCN)C(=O)N[C@@H]1CCC[C@H](C)C(=O)NNC1=O)[C@H](C)CC)C(C)C.CC[C@@H](C)[C@@H](NC(=O)[C@H](N)CCCNC(=N)N)C(=O)N[C@H](CCC(N)=O)C(=O)N[C@H](CO)C(N)=O.N=C(N)N.N=C(N)N.NC(=O)[C@H](N)Cc1c[nH]c2ccccc12
C%32(=O)[C@@H]%15CCCN=C(N)N.C%35(=O)[C@@H](N)C(=O)C)C(C)C.[C@H]%18(CCC(N)=O)C3=O.[C@H]%19(CCC(N)=O)C5=O.[C@H]%21(CCC(=O)O)C%10=O.CC[C@H](C)[C@H]%11C%36=O.C%33(=O)[C@@H]%16CC(N)=O.C%34(=O)[C@@H]%17CC(N)=O.[C@H]%22(CC(C)C)C(N)=O.c1%31ccc(O)cc1.C%13(=O)[C@@H]%14C(C)C.C2(=O)[C@@H]%12C%31.[C@@H]1%23CCCN1%32.N1%36CCC[C@H]1%25.N13CCC[C@H]1%26.N15CCC[C@H]1%27.N16CCC[C@H]1%28.[C@H]%20(C%30)C8=O.N18CCC[C@H]1%29.c1%30cnc[nH]1.C%24%23=O.C%37%25=O.C4%26=O.C6%27=O.C7%28=O.C9%29=O.N2%11.N%13%12.N%24%14.N%33%15.N%34%16.N%35%17.N%37%18.N4%19.N7%20.N9%21.N%10%22	INVALID
C%47(=O)[C@@H]%27CCCCN.C4(=O)[C@@H]%31CCCCN.C6(=O)[C@@H]%33CCCCN.C8(=O)[C@@H]%35CCCCN.C%11(=O)[C@@H]%39CCCCN.C%16(=O)[C@@H]%42CCCCN.c1%51c[nH]c2ccccc12.C%18(=O)[C@@H](N)CCCCN.[C@H]%46(CCCCN)C%21=O.CC[C@H](C)[C@H]%21C%19=O.C%25(=O)[C@@H]%23CC(C)C.C8(=O)[C@@H]%37CC(C)C.C%12(=O)[C@@H]%40[C@@H](C)CC.C%47(=O)[C@@H]%28[C@@H](C)O.C%55(=O)[C@@H]%29C(C)C.C%56(=O)[C@@H]%30C(C)C.C%10(=O)[C@@H]%38[C@@H](C)O.[C@@H]1%48CCCN1%25.C7(=O)[C@@H]%34CO.C9(=O)[C@@H]%37C%49.c1%49ccccc1.C%13(=O)[C@@H]%41C%50.c1%50ccccc1.C%15(=O)[C@@H]%42CO.C%17(=O)[C@@H]%43C%51.C%18(=O)[C@@H]%44CO.[C@H]%45(CO)C%20=O.[C@H]%46(CO)C(=O)O.C%36(=O)[C@@H]%24C.C%47(=O)C%26.C%14%48=O.N3%21.N%14%22.N%36%23.N%47%24.N%53%26.N%54%27.N%55%28.N%56%29.N4%30.N5%31.N6%32.N7%33.N8%34.N9%35.N%10%37.N%11%38.N%12%39.N%13%40.N%15%41.N%16%42.N%17%43.N%18%44.N%19%45.N%20%46	CC(C)C[C@H](NC(=O)[C@H](C)NC(=O)CN)C(=O)N1CCC[C@H]1C(N)=O.CC(C)C[C@H]1C(=O)C(=O)[C@H](CCCCN)NC(=O)[C@@H]1Cc1ccccc1.CC(C)[C@H](NC(=O)[C@@H](NC(=O)[C@@H](N)CCCCN)C(C)C)C(=O)N[C@H](C(=O)C(=O)[C@@H](N)CCCCN)[C@@H](C)O.CC[C@H](C)[C@@H](C(=O)N[C@@H](CO)C(N)=O)C(=O)[C@H](CCCCN)[C@@H](CO)C(=O)O.CC[C@H](C)[C@H](NC(=O)[C@H](Cc1ccccc1)NC(=O)[C@H](CO)[C@@H](CCCCN)C(N)=O)C(=O)N[C@@H](CCCCN)C(=O)N[C@H](C(N)=O)[C@@H](C)O.N.NCCCC[C@H](N)C(=O)C(=O)[C@@H](N)CO.NCCCC[C@H](NC(=O)[C@@H](N)CO)C(N)=O.O=C1N[C@H]1Cc1c[nH]c2ccccc12
C2(=O)[C@@H]%14CCCN=C(N)N.C%13(=O)[C@@H]%15CCCN=C(N)N.C%35(=O)[C@@H]%16CCCN=C(N)N.C%37(=O)[C@@H]%17CCCN=C(N)N.[C@H]%25(CCCN=C(N)N)C(N)=O.C6(=O)[C@@H]%20CCCCN.CC[C@H](C)[C@H]%12C9=O.C%39(=O)[C@@H]%18CC(C)C.C7(=O)[C@@H]%21CC(=O)O.[C@H]%23(CC(N)=O)C%11=O.c1%32ccc(O)cc1.C8(=O)[C@@H](N)C(C)C.c1%33ccc(O)cc1.[C@@H]1%26CCCN1%34.[C@@H]1%27CCCN1%35.[C@@H]1%28CCCN1%37.[C@@H]1%29CCCN1%39.C3(=O)[C@@H]%19C%32.[C@@H]1%30CCCN15.[C@@H]1%31CCCN16.[C@H]%22(C%33)C%10=O.C%24%26=O.C%34%27=O.C%36%28=O.C%38%29=O.C4%30=O.C5%31=O.N2%12.N%13%14.N%24%15.N%36%16.N%38%17.N3%18.N4%19.N7%20.N8%21.N9%22.N%10%23.N%11%25	CC[C@H](C)[C@H](NC(=O)[C@H](CCCN=C(N)N)NC(=O)[C@H](CCCN=C(N)N)NC(=O)[C@@H]1CCCN1C(=O)[C@@H]1CCCN1C(=O)[C@H](CCCN=C(N)N)NC(=O)[C@@H]1CCCN1C(=O)[C@H](CCCN=C(N)N)NC(=O)[C@@H]1CCCN1C(=O)[C@H](CC(C)C)NC(=O)[C@H](Cc1ccc(O)cc1)NC(=O)[C@@H]1CCCN1C(=O)[C@@H]1CCCN1C(=O)[C@H](CCCCN)NC(=O)[C@H](CC(=O)O)NC(=O)[C@@H](N)C(C)C)C(=O)N[C@@H](Cc1ccc(O)cc1)C(=O)N[C@@H](CC(N)=O)C(=O)N[C@@H](CCCN=C(N)N)C(N)=O
CC[C@H](C)[C@H](N)C2=O.[C@@H]9(C6=O)[C@@H](O)CN.[C@@H]%11(C7=O)[C@@H](O)CN.[C@H]%10(CCN)C5=O.[C@H]%12(C4)C(=O)O.N17CCC[C@H]13.c14cnc[nH]1.C83=O.N29.N6%10.N6%11.N8%12	CC[C@H](C)[C@H](N)C(=O)N[C@H](C(=O)N[C@H](C=O)CCN)[C@@H](O)CN.NC[C@H](O)[C@H](N)C(=O)N1CCC[C@H]1C(=O)N[C@@H](Cc1cnc[nH]1)C(=O)O
[C@@H]1%28NC(=O)[C@H]%29NC(=O)[C@H]%30NC(=O)[C@H]%31NC(=O)[C@H]%32NC(=O)[C@H]%33NC(=O)[C@@H]2CCCN2C(=O)[C@@H]2CSSC[C@@H]%27NC(=O)[C@H]%34NC(=O)[C@@H]3CCCN3C(=O)[C@H]%35NC(=O)[C@H]%36NC(=O)CNC(=O)[C@H]%36NC(=O)[C@H]%38NC(=O)[C@H]%40NC(=O)[C@H]%41NC(=O)[C@H]%42NC(=O)[C@H]%43NC(=O)[C@H]%44NC(=O)[C@H]%45NC(=O)[C@H]%46NC(=O)[C@H]%47NC(=O)[C@H](NC(=O)[C@H]%49NC1=O)NC1=O.[C@H]%13(CCCN=C(N)N)C%26=O.[C@H]%14(CCCN=C(N)N)C%53=O.[C@H]%21(CCCN=C(N)N)C%10=O.C%16(=O)[C@@H](N)CCC(=O)O.[C@H]%16(CCC(=O)O)C%52=O.[C@H]%22(CCCCN)C%11=O.[C@H]%23(CCCCN)C(=O)O.[C@H]%17(CC(C)C)C%54=O.[C@H]%19(CC(C)C)C6=O.[C@H]%20(CC(C)C)C8=O.C%36CCN=C(N)N.[C@@H]%14(C%38=O)C(C)C.C%15(=O)[C@@H]%12C%50.c1%52ccccc1.N18CCC[C@H]1%27.[C@H]%30(C)C%54=O.C%32CC(N)=O.c1%51cnc[nH]1.C%39CCCN.c1%52cnc[nH]1.C%43CC(N)=O.C%46CCCN.CC[C@@H]%28C.C%30C(N)=O.[C@H]%36(C)CC.C%37C(N)=O.C%44C(N)=O.C%45C(C)C.[C@H]%43(C)CC.C%40%25=O.C7%27=O.C%40(C)C.[C@H]%42(C)O.C%48(C)C.C%31O.C%38O.N4%23.N%15%13.N%26%47.N%37%11.N%48%12.N%53%13.N%54%14.N%55%14.N%56%16.N6%17.N7%18.N%10%19.N9%20.N%10%21.C%42%22.C%41O	INVALID
C3(=O)[C@@H]7CCCN=C(N)N.C%14(=O)[C@@H]8CCCN=C(N)N.[C@H]%13(CCCN=C(N)N)C%26=O.[C@H]%17(CCCN=C(N)N)C(N)=O.c1%18c[nH]c2ccccc12.c1%18c[nH]c2ccccc12.C%20(=O)[C@@H]%10CCC(N)=O.C%22(=O)[C@@H]%11CCC(N)=O.[C@H]%15(CCCCN)C4=O.CC(C)[C@H]6C%25=O.[C@@H]%16(C5=O)C(C)C.C%21(=O)[C@@H]9C%18.C%24(=O)[C@@H](N)C%19.c1%19ccccc1.N36.N%147.N%208.N%219.N%22%10.N%23%11.N%24%12.N%25%13.N%26%15.N4%16.N5%17	CC(C)[C@H](NC(=O)[C@H](CCCCN)NC(=O)[C@H](CCCN=C(N)N)NC(=O)[C@@H](NC(=O)[C@H](CCCN=C(N)N)NC(=O)[C@H](CCCN=C(N)N)NC(=O)[C@H](CCC(N)=O)NC(=O)[C@@H](N)CCC(N)=O)C(C)C)C(=O)N[C@@H](CCCN=C(N)N)C(N)=O.C[C@@H]1NC1=O.NC(=O)[C@@H](N)Cc1ccccc1.c1ccc2c(-c3c[nH]c4ccccc34)c[nH]c2c1
C3(=O)[C@@H]%15CCCN=C(N)N.C%14(=O)[C@@H]%16CCCN=C(N)N.C%36(=O)[C@@H]%19CCCN=C(N)N.C%41(=O)[C@@H]%20CCCN=C(N)N.C%43(=O)[C@@H]%22CCCN=C(N)N.C6(=O)[C@@H]%24CCCN=C(N)N.C7(=O)[C@@H]%27CCCN=C(N)N.C9(=O)[C@@H]%28CCCN=C(N)N.C%12(=O)[C@@H](N)CCCN=C(N)N.C%42(=O)[C@@H]%21CCCCN.c1%35c[nH]c2ccccc12.C%10(=O)[C@@H]%29CCCCN.c1%37c[nH]c2ccccc12.CC[C@H](C)[C@H]%13C(N)=O.C%25(=O)[C@@H]%17[C@@H](C)CC.C%25(=O)[C@@H]%18C%34.[C@@H]1%31CCCN14.C5(=O)[C@@H]%23C%35.C6(=O)[C@@H]%26C%37.[C@@H]1%32CCCN1%10.C%11(=O)[C@@H]%30C%38.c1%33cnc[nH]1.C%39(=O)C%17.C%40%31=O.C%42%32=O.C8%33=O.N3%13.N%14%15.N%25%16.N%36%17.N%39%18.N%40%19.N%41%20.N%42%21.N4%22.N5%23.N6%24.N7%26.N8%27.N9%28.N%11%29.N%12%30	CC[C@H](C)[C@@H]1CC(=O)N[C@@H](C)C(=O)C1=O.CC[C@H](C)[C@H](NC(=O)[C@H](CCCN=C(N)N)NC(=O)[C@@H](N)CCCN=C(N)N)C(N)=O.C[C@H](NC(=O)[C@@H](N)CCCN=C(N)N)C(=O)N[C@@H](CCCCN)C(=O)N1CCC[C@H]1C(=O)C(=O)[C@@H](N)CCCCN.NC(=O)[C@H](CCCN=C(N)N)NC(=O)[C@@H]1CCCN1N[C@H](C=O)CCCN=C(N)N.NC(N)=NCCC[C@@H]1NC1=O.NC(N)=NCCC[C@@H]1NC1=O.NC(N)=NCCC[C@H](NC(=O)c1cnc[nH]1)C(=O)N[C@@H](Cc1c[nH]c2ccccc12)C(=O)C(=O)[C@@H](N)CCCN=C(N)N.O=C1N[C@H]1Cc1c[nH]c2ccccc12
C9(=O)[C@@H]3CCC(N)=O.C%10(=O)[C@@H]4CCCCN.C%12(=O)[C@@H]6CCCCN.CC(C)C[C@H]%15C(N)=O.C2(=O)[C@@H]5CC(C)C.C%11(=O)[C@@H]%16C8.C%13(=O)[C@@H](N)CO.c18cnc[nH]1.[C@@H]17CCCN1.C%107=O.N2%15.N9%16.N%103.N%114.N%125.N%146	CC(C)C[C@H](NC(=O)[C@H](CC(C)C)NC(=O)[C@@H](N)CCCCN)C(N)=O.NCCCC[C@H](NC(=O)[C@H](Cc1cnc[nH]1)NC(=O)[C@@H](N)CCC(N)=O)C(=O)C(=O)[C@@H]1CCCN1.N[C@H](C=O)CO
C3(=O)[C@@H]7CCCN=C(N)N.C%14(=O)[C@@H]8CCCN=C(N)N.C%21(=O)[C@@H]%11CCCN=C(N)N.[C@H]%17(CCCN=C(N)N)C(N)=O.c1%18c[nH]c2ccccc12.C%22(=O)[C@@H]%13CCCCN.CC[C@H](C)[C@H]6C%23=O.C%19(=O)[C@@H]9[C@@H](C)CC.[C@@H]%15(C4=O)[C@@H](C)CC.C%23(=O)[C@@H](N)C(C)C.[C@@H]%16(C5=O)C(C)C.C%20(=O)[C@@H]%10C%18.[C@H]%12(C)C%24=O.N36.N%147.N%198.N%209.N%21%10.N%22%11.N%23%12.N%24%13.N%25%15.N4%16.N5%17	CC[C@H](C)[C@H](N)C(=O)N[C@H](C(=O)N[C@@H](CCCN=C(N)N)C(N)=O)C(C)C.CC[C@H](C)[C@H](NC(=O)[C@H](Cc1c[nH]c2ccccc12)NC(=O)[C@H](CCCN=C(N)N)NC(=O)[C@H](CCCCN)NC(=O)[C@H](C)N)C(=O)N[C@@H](CCCN=C(N)N)C(=O)N[C@@H](CCCN=C(N)N)C(=O)N[C@H](C(=O)C(=O)[C@@H](N)C(C)C)[C@@H](C)CC
C7(=O)[C@H]%30CCCN=C(N)N.C%41(=O)[C@H]%20CCCCN.C%42(=O)[C@H]%21CCCCN.C%45(=O)[C@H]%25CCCCN.C3(=O)[C@H]%26CCCCN.C5(=O)[C@H]%28CCCCN.C8(=O)[C@H]%32CCCCN.[C@@H]%36(CCCCN)C%15=O.CC[C@@H](C)[C@@H]%17C%12=O.C%24(=O)[C@H]%18CC(C)C.C%44(=O)[C@H]%27CC(C)C.C9(=O)[C@H]%32CC(N)=O.C2(=O)[C@H]%18C(C)C.C%42(=O)[C@H]%22C(C)C.c1%41ccc(O)cc1.C6(=O)[C@H]%29C(C)C.[C@H]1%39CCCN1%24.C%24(=O)[C@H]%19CO.C6(=O)[C@H]%31C%40.c1%40ccccc1.C%11(=O)[C@H](N)C%41.C%43(=O)[C@@H]%23C.C%44(=O)[C@H]=C.C%10(=O)C%33.C%38C(N)=O.C%13%39=O.N2%17.N%13%18.N%35%19.N%42%20.N%43%21.N%44%22.N%45%23.N%46%25.N3%26.N4%27.N5%28.N6%29.N7%30.N8%31.N9%32.N%10%33.N%11%34.N%12%36.N%14%37.N%15%38	C=CC(=O)C(=O)[C@H](N)CC(C)C.CC(C)[C@@H](N)C(=O)C(=O)[C@@H](CCCCN)NC(=O)[C@H](C)NC(=O)[C@H](N)CCCCN.CC(C)[C@@H](N)C(=O)C(=O)[C@@H](Cc1ccccc1)NC(=O)[C@@H](CCCCN)[C@H](CC(N)=O)C(N)=O.CC[C@@H](C)[C@@H](NC(=O)[C@@H](C(C)C)[C@H](CC(C)C)C(=O)N1CCC[C@@H]1C(N)=O)C(=O)N[C@H](CCCCN)C(=O)NCC(N)=O.C[C@@H](N)C(N)=O.N.NC(N)=NCCC[C@H]1NC1=O.NCCCC[C@@H](N)C(=O)c1ccc(O)cc1.NCCCC[C@H]1NC1=O.NCCCC[C@H]1NC1=O.N[C@@H](C=O)CO.O=C1CN1
NCCCC[C@H]5C(=O)O.C3(=O)[C@@H]7CCC(N)=O.C2(=O)[C@@H]6CO.[C@@H]19CCCN15.C59=O.N25.N26.N37.N48	N.NC(=O)CC[C@@H]1NC1=O.NCCCC[C@@H](C(=O)O)N1CCC[C@H]1C(=O)NC(=O)[C@@H](N)CO
C2(=O)[C@@H]%14CCCN=C(N)N.C%13(=O)[C@@H]%15CCCN=C(N)N.C%35(=O)[C@@H]%16CCCN=C(N)N.C%37(=O)[C@@H]%17CCCN=C(N)N.[C@H]%23(CCCN=C(N)N)C(N)=O.C6(=O)[C@@H]%20CCCCN.CC[C@H](C)[C@H]%12C9=O.C%39(=O)[C@@H]%18CC(C)C.C7(=O)[C@@H]%21CC(=O)O.[C@H]%22(CC(N)=O)C%11=O.c1%33ccc(O)cc1.[C@@H]1%25CCCN1%34.[C@@H]1%26CCCN1%35.[C@@H]1%27CCCN1%37.[C@@H]1%28CCCN1%39.C3(=O)[C@@H]%19C%32.[C@@H]1%29CCCN15.[C@@H]1%30CCCN16.[C@@H]1%31CCCN18.[C@H]%21(C%33)C%10=O.c1%32cnc[nH]1.C%24%25=O.C%34%26=O.C%36%27=O.C%38%28=O.C4%29=O.C5%30=O.C8%31=O.N2%12.N%13%14.N%24%15.N%36%16.N%38%17.N3%18.N4%19.N7%20.N9%21.N%10%22.N%11%23	CC[C@H](C)[C@H](NC(=O)[C@H](CCCN=C(N)N)NC(=O)[C@H](CCCN=C(N)N)NC(=O)[C@@H]1CCCN1C(=O)[C@@H]1CCCN1C(=O)[C@H](CCCN=C(N)N)NC(=O)[C@@H]1CCCN1C(=O)[C@H](CCCN=C(N)N)NC(=O)[C@@H]1CCCN1C(=O)[C@H](CC(C)C)NC(=O)[C@H](Cc1cnc[nH]1)NC(=O)[C@@H]1CCCN1C(=O)[C@@H]1CCCN1C(=O)[C@H](CCCCN)NC(=O)[C@H](CC(=O)O)[C@@H](Cc1ccc(O)cc1)C(=O)N[C@@H](CC(N)=O)C(=O)N[C@@H](CCCN=C(N)N)C(N)=O)C(N)=O.O=C1[C@@H]2CCCN12
C3(=O)[C@@H]4CCCN=C(N)N.[C@H]8(CCCN=C(N)N)C%17=O.NCCCC[C@H]%19C%15=O.[C@H]6(CCCCN)C%14=O.c1%11c[nH]c2ccccc12.[C@H]9(CCCCN)C%18=O.C%12(=O)[C@@H]5CC(C)C.[C@H]%10(CC(C)C)C(N)=O.[C@@H]7(C%16=O)C(C)C.C%14(=O)[C@@H](N)C%11.N3%19.N%124.N%135.N%146.N%157.N%168.N%179.N%18%10	CC(C)C[C@H](NC(=O)[C@H](CCCCN)NC(=O)[C@H](CCCN=C(N)N)NC(=O)[C@@H](NC(=O)[C@H](CCCCN)NC(=O)[C@H](CCCN=C(N)N)NC(=O)[C@@H](N)CC(C)C)C(C)C)C(N)=O.NCCCC[C@H](N)C(=O)C(=O)[C@@H](N)Cc1c[nH]c2ccccc12
C%18(=O)[C@@H]8CCCN=C(N)N.C2(=O)[C@@H]4CCCCN.C%16(=O)[C@H]5CCCN.C%17(=O)[C@@H]7[C@@H](O)CN.C%21(=O)[C@@H]%10[C@@H](O)CN.C=%15(NN2)C%22=O.[C@@H]1%12CCCN1%17.C%19(=O)[C@@H]9C%15.c1%14cnc[nH]1.c1%15cnc[nH]1.C%11CCCN.CC(CC=%14.C%20(=O)CN.C%13%12=O.N24.N%135.N%186.N%197.N%208.N%219.N%22%10.N3%11	INVALID
C%48(=O)[C@@H]%50CCCN=C(N)N.C%91(=O)[C@@H]%56CCCN=C(N)N.[C@H]%61(CCCN=C(N)N)C%15=O.[C@H]%67(CCCN=C(N)N)C%21=O.[C@H]%73(CCCN=C(N)N)C%24=O.[C@H]%75(CCCN=C(N)N)C%33=O.[C@H]%82(CCCN=C(N)N)C%32=O.[C@H]%86(CCCN=C(N)N)C%48=O.C3(=O)[C@@H]%46CCCCN.C%27(=O)[C@@H]%48CCC(=O)O.C%48(=O)[C@@H]%54CCCCN.C%60(=O)[C@@H]%52CCCCN.c1%99c[nH]c2ccccc12.[C@H]%66(CCC(N)=O)C%17=O.[C@H]%68(CCCCN)C%20=O.[C@H]%76(CCCCN)C%27=O.[C@H]%90(CCCCN)C%33=O.[C@H]%95(CCCCN)C%41=O)O.CC[C@H](C)[C@H]%45C%13=O.C%70(=O)[C@@H]%51CC(C)C.C4(=O)[C@@H]%53CC(=O)O.C%10(=O)[C@@H]%61CC(C)CC.[C@H]%65(CC(C)C)C%13=O.[C@@H]%74(C%23=O)[C@@H](C)CC.[C@H]%75(CC(N)=O)C%28=O.[C@H]%82(CC(=O)O)C%29=O.c10ccc(O)cc1.[C@@H]%75(C%30=O)C(C)C.[C@@H]%89(C%45=O)C(C)C.[C@@H]%94(C%47=O)[C@@H](C)O.C%63(=O)[C@@H]%52CO.C%69(=O)[C@@H]%53C%95.C%91(=O)[C@@H]%55C%98.C6(=O)[C@@H]%57C%98.c1%99ccccc1.C%11(=O)[C@@H]%62CO.C%12(=O)[C@@H](N)CO.[C@H]%72(C%10)C%22=O.c1%10ccccc1.[C@H]%81(C%97)C%32=O.[C@H]%83(CO)C%32=O.[C@H]%88(CO)C%39=O.[C@H]%90(CO)C%40=O.[C@H]%93(C9)C%43=O.[C@H]%96(C%96)C(=O)O.C%91(=O)[C@@H]%49C.c1%96cnc[nH]1.[C@H]%69(C)C%27=O.c1%97cnc[nH]1.c1%98cnc[nH]1.C%37(=O)C%49.C%91(=O)C%54.C7(=O)C%60.C%11(=O)C%63.C%68C%38=O.C%74C%42=O.C%83C%34=O.N3%45.N%15%45.N%26%46.N%37%47.N%48%49.N%59%50.N%70%51.N%81%52.N%92%53.N4%54.N6%55.N7%56.N8%57.N9%58.N%10%60.N%11%61.N%12%62.N%13%63.N%14%64.N%16%65.N%17%66.N%18%67.N%19%68.N%20%69.N%21%71.N%22%72.N%23%73.N%24%74.N%25%75.N%27%76.N%28%77.N%29%78.N%30%79.N%31%80.N%32%82.N%33%83.N%34%84.N%35%85.N%36%86.N%38%87.N%39%88.N%40%89.N%41%90.N%42%91.N%43%93.N%44%94.N%44%95	INVALID
[C@H]7(CCCCN)C%14=O.[C@H]8(CCCCN)C%21=O.[C@H]%10(CCCCN)C%24=O.c1%20c[nH]c2ccccc12.[C@H]%15(CCCCN)C%27=O.[C@H]%16(CCCCN)C4=O.[C@H]%19(CCCCN)C(N)=O.CC[C@H](C)[C@H](N)C3=O.[C@H]9(CC(C)C)C%22=O.[C@@H]%13(C%26=O)[C@@H](C)CC.[C@H]%17(CC(C)C)C5=O.[C@H]%18(CC(C)C)C6=O.[C@H]%10(CO)C%23=O.[C@H]%11(C%20)C%25=O.N37.N%148.N%219.N%22%10.N%23%11.N%24%12.N%25%13.N%26%15.N%27%16.N4%17.N5%18.N6%19	CC[C@H](C)[C@H](N)C(=O)N[C@@H](CCCCN)C(=O)N[C@@H](CCCCN)C(=O)N[C@@H](CC(C)C)C(N)=O.CC[C@H](C)[C@H](NC(=O)[C@H](Cc1c[nH]c2ccccc12)NC(=O)[C@H](CO)[C@@H](CCCCN)C(N)=O)C(=O)N[C@@H](CCCCN)C(=O)N[C@@H](CCCCN)C(=O)N[C@@H](CC(C)C)C(=O)N[C@@H](CC(C)C)C(=O)N[C@@H](CCCCN)C(N)=O
C%14(=O)[C@@H]5CCCN=C(N)N.C%18(=O)[C@@H]8CCCN=C(N)N.C%19(=O)[C@@H](N)CCCN=C(N)N.[C@H]9(CCCN=C(N)N)C%20=O.c1%11c[nH]c2ccccc12.c1%12c[nH]c2ccccc12.c1%13c[nH]c2ccccc12.c1%15c[nH]c2ccccc12.CC[C@H](C)[C@H]%22C%20=O.C%16(=O)[C@@H]6CC(N)=O.C3(=O)[C@@H]4C%11.C%17(=O)[C@@H]7C%12.[C@H]%10(C%15)C%21=O.N3%22.N%144.N%165.N%176.N%187.N%198.N%209.N%21%10	CC[C@H](C)[C@H](NC(=O)[C@H](Cc1c[nH]c2ccccc12)NC(=O)[C@H](CCCN=C(N)N)NC(=O)[C@H](CC(N)=O)NC(=O)[C@H](Cc1c[nH]c2ccccc12)NC(=O)[C@H](CCCN=C(N)N)NC(=O)[C@@H](N)CCCN=C(N)N)C(=O)C(=O)[C@@H](N)CCCN=C(N)N.O=C1N[C@H]1Cc1c[nH]c2ccccc12.c1ccc2[nH]ccc2c1
C%21(=O)[C@@H]%11CCCN=C(N)N.[C@H]%17(CCCN=C(N)N)C(N)=O.c1%18c[nH]c2ccccc12.C%19(=O)[C@@H]9CCCCN.C%23(=O)[C@@H]%13CCC(N)=O.CC[C@H](C)[C@H]6C4=O.C3(=O)[C@@H]7CC(C)C.C%20(=O)[C@@H]%10CC(C)C.[C@H]%16(CC(C)C)C5=O.C%22(=O)[C@@H]%12C%18.C%24(=O)[C@@H]%15CS.C%14(=O)[C@@H]8C.C%25(=O)CN.N36.N%147.N%198.N%209.N%21%10.N%22%11.N%23%12.N%24%13.N%25%15.N4%16.N5%17	CC[C@H](C)[C@H](NC(=O)[C@H](CC(C)C)NC(=O)[C@H](C)NC(=O)[C@H](CCCCN)NC(=O)[C@H](CC(C)C)NC(=O)[C@H](CCCN=C(N)N)NC(=O)[C@H](Cc1c[nH]c2ccccc12)NC(=O)[C@H](CCC(N)=O)NC(=O)[C@H](CS)NC(=O)CN)C(=O)N[C@@H](CC(C)C)C(=O)N[C@@H](CCCN=C(N)N)C(N)=O
C1(=O)[C@@H]6CCCN=C(N)N.C%12(=O)[C@@H]7CCCN=C(N)N.C%19(=O)[C@@H](N)CCCN=C(N)N.[C@H]%10(CCCN=C(N)N)C%22=O.[C@H]%16(CCCN=C(N)N)C4=O.[C@H]%17(CCCN=C(N)N)C(=O)O.CC[C@H](C)[C@H]5C%20=O.C%18(=O)[C@@H]8CC(C)C.[C@@H]9(C%21=O)[C@@H](C)CC.[C@@H]%13(C%24=O)[C@@H](C)CC.[C@@H]%15(C3=O)[C@@H](C)CC.[C@@H]%11(C%23=O)C(C)C.[C@@H]%14(C2=O)C(C)C.N15.N%126.N%187.N%198.N%209.N%21%10.N%22%11.N%23%13.N%24%14.N2%15.N3%16.N4%17	CC[C@H](C)[C@H](NC(=O)[C@H](CCCN=C(N)N)NC(=O)[C@H](CCCN=C(N)N)NC(=O)[C@H](CC(C)C)NC(=O)[C@@H](N)CCCN=C(N)N)C(=O)N[C@H](C(=O)N[C@@H](CCCN=C(N)N)C(=O)N[C@H](C(=O)N[C@H](C(=O)N[C@H](C(=O)N[C@H](C(=O)N[C@@H](CCCN=C(N)N)C(=O)N[C@@H](CCCN=C(N)N)C(=O)O)[C@@H](C)CC)C(C)C)[C@@H](C)CC)C(C)C)[C@@H](C)CC
[C@@H]13NC(=O)[C@H]4N(C)C(=O)[C@H]5NC(=O)[C@@H]2CCCN2C(=O)[C@H]6N(C)C(=O)[C@H]6NC1=O.c17c[nH]c2ccccc12.C6C(C)C.C4(C)C.C57	CC(C)C.CC(C)[C@H]1C(=O)NCC(=O)N[C@@H]2C(=O)N(C)[C@@H]2C(=O)N2CCC[C@H]2C(=O)N[C@@H](Cc2c[nH]c3ccccc23)C(=O)N1C
[C@@H]14NC(=O)[C@H]7NC(=O)[C@H]8NC(=O)[C@H]9NC(=O)[C@H]%10NC(=O)[C@H]%11NC(=O)C%12NC1=O.C1%13cn(C)c2ccccc22.c1%12cc(C)c2ccccc12.c15c[nH]c2ccccc12.C%10CCN=C(N)N.C%11CCN=C(N)N.C6CCCN.C7CN.C9CN.C%12CN.C8%13.C95	INVALID
C%14(=O)[C@@H]%19CCCN=C(N)N.[C@H]%34(CCCN=C(N)N)C%12=O.c1%43c[nH]c2ccccc12.CC[C@H](C)[C@H]%17C%50=O.C%36(=O)[C@@H]%21[C@@H](C)CC.[C@@H]%32(C%10=O)[C@@H](C)CC.[C@H]%35(CC(C)C)C%13=O.[C@@H]%26(C4=O)C(C)C.[C@@H]%28(C6=O)C(C)C.[C@@H]%31(C9=O)[C@@H](C)O.[C@@H]%37(C%15=O)C(C)C.[C@@H]%38(C%16=O)[C@@H](C)O.C3(=O)[C@@H]%18C%44.c1%44ccccc1.C%25(=O)[C@@H]%20C%45.c1%45ccccc1.C%47(=O)[C@@H](N)C%46.c1%46ccccc1.[C@H]%22(CO)C%51=O.[C@H]%30(C%41)C8=O.[C@H]%33(C%42)C%11=O.[C@H]%38(C%43)C%16=O.c1%40cnc[nH]1.c1%41cnc[nH]1.c1%42cnc[nH]1.c1%43cnc[nH]1.C%27C5=O.C%29C7=O.C%39C(N)=O.N3%17.N%14%18.N%25%19.N%36%20.N%47%21.N%48%22.N%49%23.N%50%24.N%51%26.N4%27.N5%28.N6%29.N7%30.N8%31.N9%32.N%10%33.N%11%34.N%12%35.N%13%37.N%15%38.N%16%39	CC[C@H](C)[C@H](NC(=O)[C@@H](NC(=O)[C@H](Cc1cnc[nH]1)NC(=O)CNC(=O)[C@@H](NC(=O)CNC(=O)[C@@H](NC(=O)[C@@H](N)CO)C(C)C)C(C)C)[C@@H](C)O)C(=O)N[C@@H](Cc1cnc[nH]1)C(=O)N[C@@H](CCCN=C(N)N)C(=O)N[C@@H](CC(C)C)C(=O)N[C@H](C(N)=O)C(C)C.CC[C@H](C)[C@H](NC(=O)[C@H](Cc1ccccc1)NC(=O)[C@H](CCCN=C(N)N)NC(=O)[C@H](Cc1ccccc1)NC(=O)[C@@H](NC(=O)[C@@H](N)Cc1ccccc1)[C@@H](C)CC)C(N)=O.C[C@@H](O)[C@H]1C(=O)C(=O)[C@@H]1Cc1c[nH]c2ccccc12.N.NCC(N)=O.c1c[nH]cn1.c1c[nH]cn1
C%13(=O)[C@@H]%12CCCN=C(N)N.C%32(=O)[C@@H]%14CCCN=C(N)N.[C@H]%18(CCCN=C(N)N)C6=O.[C@H]%19(CCCN=C(N)N)C%10=O.CC[C@H](C)[C@H]%11C%36=O.C%33(=O)[C@@H]%15CC(N)=O.C%34(=O)[C@@H]%16CC(N)=O.C%35(=O)[C@@H](N)C(C)C.[C@@H]1%20CCCN1%13.[C@@H]1%21CCCN1%24.[C@@H]1%22CCCN1%31.[C@@H]1%23CCCN1%35.N1%36CCC[C@H]1%25.[C@H]%17(C%30)C5=O.c1%30ccccc1.N15CCC[C@H]1%26.N16CCC[C@H]1%27.N17CCC[C@H]1%28.N19CCC[C@H]1%29.C2%20=O.C%24%21=O.C%33%22=O.C%35%23=O.C3%25=O.C4%26=O.C7%27=O.C8%28=O.C%29(=O)O.N2%11.N%31%12.N%32%14.N%33%15.N%36%16.N4%17.N8%18.N8%19	CC(C)[C@H](N)C(=O)N1CCC[C@H]1C=O.CC[C@H](C)[C@H](NC(=O)[C@@H]1CCCN1C(=O)[C@H](CCCN=C(N)N)NN1CCC[C@H]1C(=O)C(=O)[C@@H](N)CC(N)=O)C(=O)N1CCC[C@H]1C=O.NC(=O)C[C@H](N)C=O.NC(N)=NCCC[C@@H]1NC(=O)[C@@H]2CCCN2C(=O)[C@@H]2CCCN2C1=O.NC(N)=NCCC[C@@H]1NC1=O.NC(N)=NCCC[C@H](N)C=O.O=C(O)[C@@H]1CCCN1.O=C1N[C@@H](Cc2ccccc2)C(=O)N2CCC[C@@H]12.O=C1[C@@H]2CCCN12
C2(=O)[C@@H]7CCCCN.C%24(=O)[C@@H]NCCCCN.CC[C@H](C)[C@H]6C%27=O.C%21(=O)[C@@H]8[C@@H](C)CC.C%22(=O)[C@@H]9CC(C)C.C%23(=O)[C@@H]%10CC(C)C.C%26(=O)[C@@H]%12CC(C)C.c1%21ccc(O)cc1.[C@@H]1%17CCCN1%22.C%25(=O)[C@@H]%11C%18.C%26(=O)[C@@H](N)C%20.c1%20ccccc1.[C@H]%14(C%21)C3=O.[C@H]%15(C%19)C4=O.c1%19cnc[nH]1.C%16C(N)=O.C%13%17=O.N26.N%137.N%238.N%249.N%25%10.N%26%11.N%27%12.N%28%14.N4%15.N5%16	CC[C@H](C)[C@H](NC(=O)[C@H](CC(C)C)NC(=O)[C@H](C)N)C(=O)c1ccc(O)cc1.CC[C@H](C)[C@H](NC(=O)[C@H](CCCCN)NC(=O)[C@@H]1CCCN1C(=O)[C@H](CC(C)C)NC(=O)[CH]NCCCCN)C(=O)N[C@@H](CC(C)C)C(=O)C(=O)[C@@H](N)Cc1ccccc1.C[C@H](N)C=O.NCC(N)=O.O=C1N[C@H]1Cc1cnc[nH]1
C%13(=O)[C@@H](N)CCCCN.[C@H]9(CCCCN)C%22=O.[C@H]%11(CCCCN)C3=O.C2(=O)[C@@H]5[C@@H](O)CN.[C@@H]7(CCCN)C%19=O.C[C@H](O)[C@H]4C%17=O.N1%19CCC[C@H]1%14.[C@H]8(C%16)C%21=O.N%22C=%15C%23=O.c1%16c[nH]cn1.C%12CCCN.C6C%18=O.C=%15CC%10.N%10C(=N)N.C%20%14=O.N24.N%135.N%176.N%187.N%208.N%219.N%23%11.N3%12	C[C@H](O)[C@H](NC(=O)[C@@H](NC(=O)[C@@H](N)CCCCN)[C@@H](O)CN)C(=O)NCC(=O)N[C@H](CCCN)C(=O)N1CCC[C@H]1C(=O)N[C@@H](Cc1c[nH]cn1)C(=O)N[C@@H](CCCCN)C(=O)NC(=CCCNC(=N)N)C(=O)N[C@@H](CCCCN)C(=O)NCCCCN
C2(=O)[C@@H]%14CCCN=C(N)N.C%13(=O)[C@@H]%16CCCN=C(N)N.C%37(=O)[C@@H]%17CCCN=C(N)N.[C@H]%26(CCCN=C(N)N)C%12=O.C6(=O)[C@@H]%21CCCCN.CC[C@H](C)[C@H]%12C9=O.C%41(=O)[C@@H]%19CC(C)C.C7(=O)[C@@H]%23CC(=O)O.[C@H]%26(CC(N)=O)C%11=O.c1%34ccc(O)cc1.C8(=O)[C@@H](N)C(C)C.c1%36ccc(O)cc1.[C@@H]1%28CCCN1%35.[C@@H]1%29CCCN1%37.[C@@H]1%30CCCN1%39.[C@@H]1%31CCCN1%41.[C@@H]1%32CCCN16.C8(=O)[C@@H](N)CO.[C@@H]1%33CCCN16.[C@H]%25(C%36)C%10=O.N%15C(=N)N.C%27C(=O)O.C%24%29=O.C%38%30=O.C%39%31=O.C4%32=O.C5%33=O.N2%12.N%13%14.N%24%14.N%38%16.N%38%17.N%40%18.N3%19.N4%20.N5%21.N7%22.N8%23.N9%25.N%10%26.N%11%27	C1CCNC1.CC(C)C[C@H](N)C(=O)N1CCC[C@H]1C(=O)N1CCC[C@H]1C(=O)N[C@@H](CCCN=C(N)N)C(=O)N[C@@H](CCCN=C(N)N)C(N)=O.CC(C)[C@H](N)C(=O)C(=O)[C@@H](N)CO.CC[C@H](C)[C@@H](C(=O)N[C@@H](Cc1ccc(O)cc1)C(N)=O)C(=O)[C@H](CCCN=C(N)N)[C@@H](CC(N)=O)C(=O)NCC(=O)O.N.N=C(N)N.NC(=O)[C@@H](N)CC(=O)O.NC(=O)[C@@H]1CCCN1C(=O)[C@@H](N)CCCN=C(N)N.NCCCC[C@H](NC(=O)[C@@H]1CCCN1)C(=O)N1CCC[C@H]1C(N)=O.Oc1ccccc1
[C@H]12OC(=O)CNC(=O)[C@H]3NC(=O)[C@H]4NC(=O)[C@H]5NC(=O)[C@H]6N(C)C(=O)[C@@H]1C.CCCCCCCCCC2.[C@H]5(C)CC.C6C(C)C.[C@@H]3(C)O.C4O	CCCCCCCCCC[C@H]1OC(=O)CNC(=O)[C@H]([C@H](C)O)NC(=O)[C@H](CO)NC(=O)[C@H]([C@@H](C)CC)NC(=O)[C@H](CC(C)C)N(C)C(=O)[C@@H]1C
[C@H]%11(CCCN=C(N)N)C%27=O.[C@H]%16(CCCN=C(N)N)C4=O.[C@H]%18(CCCN=C(N)N)C6=O.[C@H]%19(CCCN=C(N)N)C(N)=O.c1%20c[nH]c2cccc12.[C@H]%10(CCCCN)C%26=O.c1%21cccc2ccccc12.c1%22c[nH]c2ccccc12.c1%23c[nH]c2ccccc12.CC[C@H](C)[C@H](N)C3=O.[C@H]7(CC(C)C)C%14=O.[C@H]9(CO)C%25=O.[C@H]%12(C%20)C%28=O.[C@H]%13(C%21)C%29=O.[C@H]%15(C%22)C%30=O.[C@H]%17(CS)C5=O.N37.N%148.N%239.N%24%10.N%25%11.N%26%12.N%27%13.N%28%15.N%29%16.N4%17.N5%18.N6%19	INVALID
C%14(=O)[C@@H]%15CCCCN.C%36(=O)[C@@H]%18CCCCN.C%39(=O)[C@@H]%22CCCCN.c1%31c[nH]c2ccccc12.C6(=O)[C@@H]%26CCCCN.[C@H]%27(CCCCN)C9=O.[C@H]%30(CCCCN)C(=O)O.CC[C@H](C)[C@H]%12C8=O.C%38(=O)[C@@H]%21CC(C)C.C4(=O)[C@@H]%23CC(C)C.[C@H]%29(CC(N)=O)C%11=O.C%37(=O)[C@@H]%20C%31.C5(=O)[C@@H](N)C%32.c1%32ccccc1.[C@H]%24(C%33)C7=O.c1%33ccccc1.C3(=O)[C@@H]%13C.C%25(=O)[C@@H]%16C.C%34(=O)[C@@H]%17C.[C@H]%28(C)C%10=O.C%35(=O)C%19.N3%12.N%14%13.N%25%15.N%34%16.N%35%17.N%36%18.N%37%19.N%38%20.N%39%21.N4%22.N5%23.N6%24.N7%26.N8%27.N9%28.N%10%29.N%11%30	CC[C@H](C)[C@H](NC(=O)[C@H](C)NC(=O)[C@H](CCCCN)NC(=O)[C@H](C)NC(=O)[C@H](C)NC(=O)CNC(=O)[C@H](Cc1c[nH]c2ccccc12)NC(=O)[C@H](CC(C)C)NC(=O)[C@H](CCCCN)NC(=O)[C@H](CC(C)C)NC(=O)[C@@H](N)Cc1ccccc1)C(=O)N[C@@H](CCCCN)C(=O)N[C@@H](C)C(=O)N[C@@H](CC(N)=O)C(=O)N[C@@H](CCCCN)C(=O)O.NCCCC[C@@H]1NC(=O)[C@H](Cc2ccccc2)NC1=O.NCCCC[C@@H]1NC1=O
C5(=O)[C@@H]%18CCCCN.[C@H]%19(CCC(=O)O)C(=O)O.CC[C@H](C)[C@H]9C8=O.C%13(=O)[C@@H]%11CC(C)C.C%31(=O)[C@@H]%15CCC%16.C%32(=O)[C@@H]%14C(C)C.C%34(=O)[C@@H]%16[C@@H](C)O.[C@@H]1%20CCCN1%13.[C@@H]1%21CCCN1%29.[C@@H]1%22CCCN1%31.[C@@H]1%23CCCN13.C4(=O)[C@@H]%17C%26.[C@@H]1%25CCCN16.C7(=O)[C@@H](N)C%27.c1%27ccccc1.c1%26c[nH]cn1.C3(=O)C%16.N%16C(=N)N.C2%20=O.C%24%21=O.C%30%22=O.C%33%23=O.C6%25=O.N29.N%24%10.N%28%11.N%30%12.N%32%14.N3%15.N4%17.N5%17.N7%18.N8%19	CC(C)[C@@H]1NC1=O.CC[C@H](C)[C@H](NC(=O)[C@@H]1CCCN1C(=O)[C@@H](N)CC(C)C)C(=O)N[C@@H](CCC(=O)O)C(=O)O.C[C@@H](O)[C@@H](C=O)CCC[C@H](N)C(=O)N1CCC[C@H]1C(N)=O.N=C(N)NCC(=O)N1CCC[C@H]1C=O.NC(=O)[C@@H]1CCCN1.NCCCC[C@H](NC(=O)[C@@H](N)Cc1ccccc1)C(N)=O.O=C1N[C@H]1Cc1c[nH]cn1.O=C1[C@@H]2CCCN12
[C@@H]13NC(=O)[C@H]4NC(=O)[C@H]5NC(=O)[C@@H]6NC(=O)[C@H]7NC(=O)[C@@H]8NC(=O)CNC1=O.C4CCN=C(N)N.c1%10ccc(O)cc1.c19ccccc1.C6CCCN.C3(=O)O.C59.C7%10	NCCCC[C@H]1NC(=O)[C@H](Cc2ccc(O)cc2)NC(=O)CNC(=O)CNC(=O)[C@H](C(=O)O)NC(=O)[C@H](CCCN=C(N)N)NC(=O)[C@H](Cc2ccccc2)NC1=O
C%18(=O)[C@@H](N)CCCCN.[C@H]9(CCCCN)C%22=O.[C@H]%11(CCCCN)C3=O.C2(=O)[C@H]5CCCN.C%17(=O)[C@@H]7[C@@H](O)CN.C=%15(N2)C%20=O.[C@@H]1%14CCCN1%17.N%22C=%15C%23=O.C[C@@H]4C%19=O.c1%16cnc[nH]1.C%12CCCN.C2(=O)C6.C=%15CC%10.N%10C(=N)N.C%13%14=O.N24.N%135.N%186.N%197.N%208.N%219.N%23%11.N3%12	C=CCCNC(=N)N.C[C@@H](NC(=O)CNC(=O)[C@@H](N)CCCCN)C(=O)N[C@H](C(=O)N1CCC[C@H]1C(=O)N[C@H](CCCN)C(=O)NC(C(N)=O)=C(NC(=O)[C@@H](N)CCCCN)C(=O)N[C@@H](CCCCN)C(=O)NCCCCN)[C@@H](O)CN.c1c[nH]cn1
C2(=O)[C@@H](N)CCCCN.[C@H]9(CCCCN)C%22=O.[C@H]%11(CCCCN)C3=O.[C@@H]5(C%17=O)[C@@H](O)CN.[C@@H]7(CC(C)C)C%19=O.N1%19CCC[C@H]1%14.[C@H]8(C%16)C%21=O.N%22C=%15C%23=O.N%22C=%15C%23=O.c1%16cnc[nH]1.C%12CCCN.C=6C%18=O.C=%15CC%10.N%10C(=N)N.C%20%14=O.N24.N%135.N%176.N%187.N%208.N%219.N%23%11.N3%12	C=CCCNC(=N)N.CC(C)C[C@@H](NC(=O)C=NC(=O)[C@@H](N)[C@@H](O)CN)C(=O)N1CCC[C@H]1C(=O)N[C@@H](Cc1cnc[nH]1)C(=O)N[C@@H](CCCCN)C(=O)Nc1c(N)c(=O)c1=O.NCCCCNC(=O)[C@@H](N)CCCCN.NCCCC[C@H](N)C(N)=O
NC(=O)[C@@H]%16CCCN=C(N)N.C%11(=O)[C@@H]4CCCN=C(N)N.C%13(=O)[C@@H]5CCCN=C(N)N.c18c[nH]c2ccccc12.c19c[nH]c2ccccc12.C3(=O)[C@@H]%17C8.[C@@H]17CCCN1%13.[C@H]6(C9)C(=O)O.C%14(=O)[C@H](C)N.C%127=O.N3%16.N%10%16.N%11%17.N%124.N%145.N%156	C[C@H](N)C(=O)N[C@@H](CCCN=C(N)N)C(=O)N1CCC[C@H]1C(=O)N[C@@H](CCCN=C(N)N)C(=O)N[C@@H](Cc1c[nH]c2ccccc12)C(=O)N[C@@H](CCCN=C(N)N)C(N)=O.N.N[C@@H](Cc1c[nH]c2ccccc12)C(=O)O
C%25(=O)[C@@H]%28CCCCN.C%36(=O)[C@@H]%29CCCCN.C%60(=O)[C@@H]%32CCCCN.c1%56c[nH]c2ccccc12.C4(=O)[C@@H](N)CCCCN.[C@H]%40(CCCCN)C%10=O.[C@H]%41(CCCCN)C%20=O.[C@H]%49(CCCCN)C%21=O.[C@H]%51(CCCCN)C%22=O.CC[C@H](C)[C@H]%24C5=O.C%14(=O)[C@@H]%27[C@@H](C)CC.C%58(=O)[C@@H]%31CC(C)C.[C@H]%39(CC(C)C)C9=O.[C@H]%42(CC(C)C)C%12=O.[C@H]%45(CC(C)C)C%16=O.[C@H]%48(CC(C)C)C%20=O.[C@H]%52(CC(C)C)C%23=O.[C@H]%53(CC(C)C)C(=O)O.C%58(=O)[C@@H]%32CC%54.[C@@H]%43(C%15=O)C(C)C.[C@@H]%50(C%21=O)[C@@H](C)O.C%47(=O)[C@@H]%30C%55.c1%55ccccc1.C%59(=O)[C@@H]%34C%56.[C@H]%44(CO)C%13=O.N1%16CCC[C@H]1%54.[C@H]%38(C)C8=O.C3(=O)C%26.C3(=O)C%26.C%35C6=O.C%46C%18=O.C%17%54=O.N3%24.N%14%26.N%25%27.N%36%28.N%47%29.N%57%30.N%58%31.N%59%32.N%60%33.N4%34.N5%35.N6%37.N7%38.N8%39.N9%40.N%10%41.N%11%42.N%12%43.N%13%44.N%15%45.N%17%46.N%18%48.N%19%49.N%20%50.N%21%51.N%22%52.N%23%53	CC(C)C[C@H](NC(=O)[C@@H](NC(=O)[C@@H](N)CC(C)C)C(C)C)C(=O)N1CCC[C@H]1CC[C@@H](C(=O)C(=O)[C@@H](N)CC(C)C)[C@@H](CCCCN)C(N)=O.CC(C)C[C@H](NC(=O)[C@H](C)N)C(=O)N[C@@H](CCCCN)C(=O)N[C@@H](CCCCN)C(=O)C(=O)[C@H](CC(C)C)NC(=O)CNC=O.CC(C)C[C@H](NC(=O)[C@H](CC(C)C)NC(=O)[C@@H](N)CCCCN)C(=O)O.CC[C@H](C)[C@H](N)C(=O)NCC(N)=O.CC[C@H](C)[C@H](NC(=O)[C@H](CCCCN)NC(=O)[C@H](CCCCN)NC(=O)[C@@H](N)Cc1ccccc1)C(N)=O.C[C@@H](O)[C@H](N)C(=O)C(=O)[C@@H](N)CCCCN.NCCCC[C@H](N)C(=O)N[C@@H](Cc1c[nH]c2ccccc12)C(N)=O.O=C1CCC1=O.O=C1N[C@H]1CO
C%25(=O)[C@@H]%39CCCN=C(N)N.[C@H]%74(CCCN=C(N)N)C%33=O.C%79(=O)[C@@H]%44CCCCN.C4(=O)[C@@H]%45CCC(=O)O.C6(=O)[C@@H]%48CCCCN.C7(=O)[C@@H]%49CCCCN.C%10(=O)[C@@H]%52CCCCN.c1%76c[nH]c2ccccc12.C%12(=O)[C@@H]%54CCC(=O)O.[C@H]%55(CCCCN)C%16=O.[C@H]%63(CCC(N)=O)C%22=O.[C@H]%65(CCC(N)=O)C%24=O.[C@H]%68(CCC(N)=O)C%26=O.[C@H]%73(CCCCN)C(N)=O.CC[C@H](C)[C@H]%34C%13=O.C%14(=O)[C@@H]%37CC(=O)O.C%47(=O)[C@@H]%38[C@@H](C)CC.C%79(=O)[C@@H]%43CC(C)C.C5(=O)[C@@H]%46CC(C)C.C9(=O)[C@@H]%51CC(C)C.[C@H]%59(CC(C)C)C%15=O.[C@@H]%61(C%21=O)[C@@H](C)CC.[C@@H]%66(C%27=O)[C@@H](C)CC.[C@H]%71(CC(N)=O)C%31=O.[C@@H]%70(C%28=O)C(C)C.[C@@H]%61(C%30=O)[C@@H](C)O.C8(=O)[C@@H]%50C%75.C7(=O)[C@@H]%53C%76.C8(=O)[C@@H]%52C%77.c1%77ccccc1.N1%18CCC[C@H]1%74.[C@H]%56(C)C%17=O.[C@H]%60(C)C%20=O.[C@H]%64(C)C%28=O.[C@H]%71(C)C%32=O.C3(=O)C%35.C%47(=O)C%41.C6(=O)C%48.C%12(=O)CN.C%57C%18=O.C%72C%32=O.C%19%74=O.N3%34.N%14%35.N%25%37.N%36%38.N%47%39.N%58%40.N%69%41.N%78%42.N%79%43.N4%44.N5%45.N6%46.N7%48.N8%49.N9%50.N%10%51.N%11%52.N%12%53.N%13%54.N%15%55.N%16%56.N%17%57.N%19%59.N%20%60.N%21%61.N%22%62.N%23%63.N%24%64.N%26%65.N%27%66.N%28%67.N%29%68.N%30%70.N%31%71.N%32%72.N%33%73	CC(C)C[C@@H]1NC(=O)[C@H](CCCCN)[C@@H](Cc2ccccc2)C(=O)C(=O)[C@H](C)NC1=O.CC(C)C[C@H](N)C(=O)N[C@@H](CCC(=O)O)C(=O)N[C@@H](CCCCN)C(=O)C(=O)[C@@H](N)CC(C)C.CC(C)C[C@H](NC=O)C(=O)N[C@@H](CCCCN)C(=O)N[C@@H](C)C(=O)NCC(=O)N1CCC[C@H]1[C@@H](CCCN=C(N)N)C(=O)N[C@@H](CCCCN)C(N)=O.CC[C@H](C)[C@@H](C(N)=O)[C@H](C(=O)N[C@H](C(=O)C(=O)[C@H](C)NC(=O)[C@H](CCC(N)=O)NC(=O)[C@@H](N)CCC(N)=O)C(C)C)[C@@H](C)O.CC[C@H](C)[C@@H]1NC1=O.CC[C@H](C)[C@H](N)C(=O)C(=O)CN.CC[C@H](C)[C@H](NC(=O)CNC(=O)[C@H](CC(=O)O)NC(=O)[C@@H](N)CCCN=C(N)N)C(=O)N[C@@H](CCC(=O)O)C(=O)C(=O)CN.C[C@@H](C(=O)C(=O)CN)[C@@H](CC(N)=O)C(N)=O.C[C@@H]1NC1=O.N.N.N.N.N.NC(=O)CC[C@H](N)C(N)=O.NCCCC[C@@H]1CC(=O)C1=O.NCCCC[C@H](N)C(=O)C(=O)[C@@H](N)Cc1c[nH]c2ccccc12
C9(=O)[C@@H]4CCCN=C(N)N.C%11(=O)[C@@H]5CCCN=C(N)N.C3(=O)[C@@H]%15CCCCN.c18c[nH]c2ccccc12.C%10(=O)[C@@H]%16CO.[C@@H]17CCCN1%13.C%13(=O)[C@@H](N)C8.[C@H]6(C7)C(=O)O.C[C@H]%15C%14=O.C%127=O.N3%15.N9%16.N%103.N%114.N%125.N%146	C[C@@H](C(=O)N[C@@H](C[C@@H]1CCCN1C(=O)[C@@H](N)Cc1c[nH]c2ccccc12)C(=O)O)[C@@H](CCCCN)C(N)=O.NC(=O)[C@H](CO)NC(=O)[C@H](CCCN=C(N)N)NC(=O)[C@H](CCCN=C(N)N)NC=O
CC[C@H](C)CCC1=O.[C@H]%12(CC(C)C)C7=O.[C@@H]%10(C5=O)[C@@H](C)O.[C@@H]%12(C6=O)[C@@H](C)O.[C@@H]4(C(=O)O))C(C)C.[C@H]3(CO)C9=O.[C@H]2(C)C8=O.N1%10.N5%11.N6%12.N72.N83.N94	INVALID
c1%37c[nH]c2ccccc12.C4(=O)[C@@H]%26CCCCN.c1%39c[nH]c2ccccc12.c1%42c[nH]c2ccccc12.[C@H]%32(CCCCN)C%12=O.CC[C@H](C)[C@H]%15C8=O.C%44(=O)[C@@H]%21CC(N)=O.C5(=O)[C@@H]%27[C@@H](C)CC.C6(=O)[C@@H]%28CC(N)=O.C%14(=O)[C@@H]%16CC%35.c1%38ccc(O)cc1.C%36(=O)[C@@H]%19[C@@H](C)O.C%45(=O)[C@@H]%23[C@@H](C)O.c1%41ccc(O)cc1.[C@@H]%31(C%11=O)[C@@H](C)O.C%25(=O)[C@@H]%18C%35.C%46(=O)[C@@H]%23C%37.C%46(=O)[C@@H]%24C%38.C%47(=O)[C@@H]%24C%39.C4(=O)[C@@H]%26C%40.c1%40ccccc1.[C@H]%29(C%41)C9=O.[C@H]%30(C%42)C%10=O.[C@H]%33(C%42)C%13=O.C%43(=O)[C@@H]%20C.[C@H]%34(C)C(=O)O.C7(=O)CN.N3%15.N%14%16.N%25%17.N%36%18.N%43%19.N%44%20.N%45%21.N%46%22.N%47%23.N4%24.N5%26.N6%27.N7%28.N8%29.N9%30.N%10%31.N%11%32.N%12%33.N%13%34	CC[C@H](C)[C@H](N)C(=O)N[C@@H](Cc1ccc(O)cc1)C(=O)N[C@@H](Cc1c[nH]c2ccccc12)C(=O)N[C@H](C(=O)N[C@@H](CCCCN)C(=O)N[C@@H](C)C(=O)N[C@@H](C)C(=O)O)[C@@H](C)O.CC[C@H](C)[C@H](NC(=O)[C@H](CC(N)=O)NC(=O)CN)C(N)=O.C[C@H](NC(=O)[C@H](CC(N)=O)NC(=O)[C@H]([C@@H](C)O)[C@@H](Cc1c[nH]c2ccccc12)C(=O)C(=O)[C@H](Cc1ccc(O)cc1)[C@@H](Cc1c[nH]c2ccccc12)C(N)=O)C(=O)N[C@H](C(=O)N[C@@H](CCC[C@@H]1NC1=O)C(N)=O)[C@@H](C)O.N.N.NCCCC[C@H]1C(=O)C(=O)[C@@H]1Cc1ccccc1
C%14(=O)[C@@H]6CCCN=C(N)N.C%18(=O)[C@@H](N)CCCN=C(N)N.[C@H]8(CCCN=C(N)N)C%20=O.[C@H]%11(CCCN=C(N)N)C%23=O.[C@H]%12(CCCN=C(N)N)C(N)=O.c1%13c[nH]c2ccccc12.[C@H]%10(CCCCN)C%22=O.c1%16c[nH]c2ccccc12.CC[C@H](C)[C@H]4C%19=O.C3(=O)[C@@H]5CO.C%17(=O)[C@@H]7C%13.[C@H]9(C%15)C%21=O.[C@H]%12(C%16)C(N)=O.N34.N%145.N%176.N%187.N%198.N%209.N%21%10.N%22%11.N%23%12	CC[C@H](C)[C@H](NC(=O)[C@H](CO)NC(=O)[C@H](CCCN=C(N)N)NC(=O)[C@H](Cc1c[nH]c2ccccc12)NC(=O)[C@@H](N)CCCN=C(N)N)C(=O)N[C@@H](CCCN=C(N)N)C(=O)N[C@@H](C)C(=O)N[C@@H](CCCCN)C(=O)N[C@@H](CCCN=C(N)N)C(N)=O.NC(=O)[C@H](CCCN=C(N)N)[C@@H](Cc1c[nH]c2ccccc12)C(N)=O
C%13(=O)[C@@H]%12CCCN=C(N)N.[C@H]%18(CCCN=C(N)N)C3=O.[C@H]%19(CCCN=C(N)N)C5=O.[C@H]%21(CCCN=C(N)N)C%10=O.C%33(=O)[C@@H]%15CCCCN.CC[C@H](C)[C@H]%11C%37=O.C%34(=O)[C@@H]%16[C@@H](C)O.c1%31ccc(O)cc1.c1%32ccc(O)cc1.[C@@H]1%22CCCN1%13.C%35(=O)[C@@H]%17C%30.c1%30ccccc1.N1%37CCC[C@H]1%23.N13CCC[C@H]1%25.N15CCC[C@H]1%26.N16CCC[C@H]1%27.[C@H]%20(C%31)C8=O.N18CCC[C@H]1%28.[C@H]%22(C%32)C%10=O.N1%10CCC[C@H]1%29.C%36(=O)CN.C2%23=O.C%38%25=O.C4%26=O.C6%27=O.C7%28=O.C9%29=O.N2%11.N%24%12.N%33%14.N%34%15.N%35%16.N%36%17.N%38%18.N4%19.N7%20.N9%21.N%10%22	CC[C@H](C)[C@@H]1NC(=O)[C@@H]2CCCN2C1=O.C[C@@H](O)[C@H](NC(=O)[C@H](Cc1ccccc1)NC(=O)CN)C(=O)N[C@@H](CCCCN)C(N)=O.NC(N)=NCCC[C@@H]1NC(=O)[C@@H]2CCCN2C1=O.NC(N)=NCCC[C@@H]1NC(=O)[C@@H]2CCCN2C1=O.NC(N)=NCCC[C@H](NC(=O)[C@@H]1CCCN1N)C(=O)C(=O)[C@H](Cc1ccc(O)cc1)[C@@H]1CCCN1C(=O)[C@@H](N)CCCN=C(N)N.O=C1N[C@@H](Cc2ccc(O)cc2)C(=O)N2CCC[C@@H]12.O=C1[C@@H]2CCCN12
C2(=O)[C@@H]%44CCCCN.C%13(=O)[C@@H]%45CCC(=O)O.C%24(=O)[C@@H]%47CCCCN.C%46(=O)[C@@H]%50CCC(=O)O.C4(=O)[C@@H]%54CCCCN.C6(=O)[C@@H](N)CCCCN.[C@H]%60(CCC(=O)O)C8=O.[C@H]%66(CCC(N)=O)C%17=O.[C@H]%70(CCC(=O)O)C%18=O.[C@H]%73(CCC(=O)O)C%21=O.[C@H]%76(CCC(=O)O)C%26=O.[C@H]%77(CCC(=O)O)C%30=O.[C@H]%82(CCC(=O)O)C%37=O.[C@H]%86(CCC(=O)O)C%38=O.[C@H]%89(CCC(N)=O)C%40=O.[C@H]%85(CCCCN)C%40=O.CC[C@H](C)[C@H]%43C7=O.C3(=O)[C@@H]%49CC(C)C.C3(=O)[C@@H]%58CC(C)C.[C@H]%67(CC(C)C)C%19=O.[C@H]%72(CC(C)C)C%23=O.[C@@H]%75(C%30=O)[C@@H](C)CC.[C@H]%80(CC(N)=O)C%31=O.C%24(=O)[C@@H]%48C(C)C.[C@H]%61(CC%93)C%10=O.[C@@H]%78(C%29=O)C(C)C.[C@@H]%83(C%43=O)C(C)C.C%57(=O)[C@@H]%51C%95.c1%95ccccc1.C%79(=O)[C@@H]%52C%96.c1%96ccccc1.[C@H]%63(CO)C%14=O.[C@H]%65(C%97)C%16=O.c1%97ccccc1.[C@H]%76(C%98)C%25=O.c1%98ccccc1.[C@H]%80(CO)C%29=O.[C@H]%85(CO)C%41=O.c1%94cnc[nH]1.[C@H]%64(C)C%15=O.[C@H]%69(C)C%19=O.[C@H]%74(C)C%27=O.[C@H]%81(C)C%31=O.[C@H]%83(C)C%34=O.[C@H]%86(C)C%36=O.[C@H]%88(C)C%42=O.[C@H]5(C)C%12=O.C%57(=O)C%54.C%92C(=O)O.N2%43.N%13%44.N%24%45.N%35%47.N%46%48.N%57%49.N%68%50.N%79%51.N%90%52.N3%53.N4%54.N5%55.N6%56.N7%58.N8%59.N9%60.N%10%61.N%11%62.N%12%63.N%14%64.N%15%65.N%16%66.N%17%67.N%18%69.N%19%70.N%20%71.N%21%72.N%22%73.N%23%74.N%25%75.N%26%76.N%27%77.N%28%78.N%29%80.N%30%81.N%31%82.N%32%83.N%33%84.N%34%85.N%36%85.N%37%86.N%38%87.N%39%88.N%40%89.N%41%91.N%42%92	CC(C)C[C@H](NC(=O)[C@H](CCC(N)=O)NC(=O)[C@H](Cc1ccccc1)NC(=O)[C@H](C)NC(=O)[C@H](CO)NC(=O)[C@H](C)N)C(=O)C(=O)[C@H](C)NC(=O)[C@@H](N)CCC(=O)O.CC(C)[C@H](N)C(=O)C(=O)[C@H](CO)[C@@H](CC(N)=O)C(=O)C(=O)[C@H](C)N.CC(C)[C@H](NC(=O)[C@@H](N)CCC(=O)O)C(=O)C(=O)[C@@H](N)CCCCN.CC[C@@H]1NC1=O.CC[C@H](C)[C@@H](C(=O)N[C@@H](CC(C)C)C(=O)C(=O)[C@@H](N)CC(C)C)C(=O)[C@H](C(C)C)[C@@H](C)C(=O)NNC(=O)[C@H](C)[C@@H](CCC(=O)O)C(N)=O.CC[C@H](C)[C@H](NC(=O)[C@H](Cc1ccccc1)[C@@H](CCC(=O)O)C(N)=O)C(=O)C(=O)[C@H](CCC(=O)O)NC(=O)[C@H](C)NC(=O)[C@H](CC(C)C)NC(=O)[C@@H](N)CCC(=O)O.C[C@H](N)C(=O)NCC(=O)O.N.N.N.N.N.N.NC(=O)[C@@H](N)CCC(=O)O.NC(=O)[C@@H](N)CCC(=O)O.NCCCC[C@@H](C(=O)C(=O)[C@@H](N)CCC(N)=O)[C@@H](CO)C(N)=O.NCCCC[C@H](CC(=O)C(=O)[C@H](Cc1ccccc1)NC(=O)[C@@H](N)Cc1ccccc1)C(N)=O.NCCCC[C@H](N)C(N)=O.NCCCC[C@H](NC(=O)[C@@H](N)CCC(=O)O)C(N)=O.c1c[nH]cn1
[C@H]%24(CCCN=C(N)N)C6=O.[C@H]%26(CCCN=C(N)N)C9=O.c1%29c[nH]c2ccccc12.c1%30c[nH]c2ccccc12.c1%31c[nH]c2ccccc12.[C@H]%15(CCCCN)C%36=O.c1%33c[nH]c2ccccc12.c1%34c[nH]c2ccccc12.CC[C@H](C)[C@H](N)C3=O.[C@H]%18(CC(C)C)C%39=O.[C@H]%20(CC(C)C)C4=O.[C@H]%21(CC(C)C)C5=O.[C@@H]%27(C%10=O)[C@@H](C)CC.c1%32ccc(O)cc1.[C@H]%11(C%29)C%14=O.[C@H]%12(C%30)C%25=O.c1%30ccccc1.[C@H]%16(C%31)C%37=O.[C@H]%23(C%32)C7=O.[C@H]%23(C%33)C7=O.[C@H]%28(C%34)C(=O)O.[C@H]%13(C)C%35=O.C%17C%38=O.N3%11.N%14%12.N%25%13.N%35%15.N%36%16.N%37%17.N%38%18.N%39%19.N%40%20.N4%21.N5%22.N6%23.N7%24.N8%26.N9%27.N%10%28	CC(C)C[C@H](NC(=O)[C@@H](N)CC(C)C)C(N)=O.CC[C@H](C)[C@H](N)C(=O)N[C@@H](Cc1c[nH]c2ccccc12)C(=O)N[C@@H](Cc1c[nH]c2ccccc12)C(=O)N[C@@H](C)C(=O)N[C@@H](CCCCN)C(=O)N[C@@H](Cc1c[nH]c2ccccc12)C(=O)NCC(=O)N[C@@H](CC(C)C)C(N)=O.CC[C@H](C)[C@H](NC(=O)[C@@H](N)CCCN=C(N)N)C(=O)N[C@@H](Cc1c[nH]c2ccccc12)C(=O)O.NC(=O)[C@@H](N)CCCN=C(N)N.O=C1C(=O)[C@H](Cc2c[nH]c3ccccc23)[C@H]1Cc1ccc(O)cc1.c1ccccc1
[C@H]14NC(=O)[C@H]9NC(=O)[C@H]%10NC(=O)[C@H]%11NC(=O)[C@@H]%12NC(=O)[C@H]%13NC(=O)[C@@H]%14NC(=O)[C@H]%15NC(=O)[C@H]%16NC1=O.c16c[nH]c2ccccc12.c18c[nH]c2ccccc12.c17ccccc1.NCCCC4.C9CCCN.C%11CCCN.C%12CCCN.C%14CCCN.[C@H]%16(C)O.C%106.C%137.C%158	C[C@@H](O)[C@@H]1NC(=O)[C@@H](CCCCN)NC(=O)[C@H](CCCCN)NC(=O)[C@H](Cc2c[nH]c3ccccc23)NC(=O)[C@H](CCCCN)NC(=O)[C@@H](CCCCN)NC(=O)[C@H](Cc2ccccc2)NC(=O)[C@@H](CCCCN)NC(=O)[C@H](Cc2c[nH]c3ccccc23)NC1=O
[C@H]9(CCCN=C(N)N)C%14=O.[C@H]%10(CCCN=C(N)N)C%28=O.[C@H]%12(CCCN=C(N)N)C%32=O.[C@H]%16(CCCN=C(N)N)C6=O.c1%20c[nH]c2ccccc12.[C@H]%11(CCCCN)C%30=O.c1%23c[nH]c2ccccc12.c1%24c[nH]c2ccccc12.c1%26c[nH]c2ccccc12.N1%25CCC[C@H]1%18.N1%28CCC[C@H]1%19.N1%30CCC[C@H]1%20.[C@H]%13(C%22)C%33=O.[C@H]%15(C%23)C5=O.N15CCC[C@H]1%21.[C@H]%17(C%24)C7=O.[C@H]%17(C%26)C(N)=O.c1%22cnc[nH]1.C%25%18=O.C%29%19=O.C%29%20=O.C4%21=O.N38.N%149.N%27%10.N%29%11.N%31%12.N4%13.N5%15.N6%16.N7%17	N.NC(=O)[C@H](Cc1c[nH]c2ccccc12)[C@@H](Cc1c[nH]c2ccccc12)C(N)=O.NC(N)=NCCC[C@@H]1NC1=O.NC(N)=NCCC[C@@H]1NC1=O.NC(N)=NCCC[C@H](N)C(=O)N1CCC[C@H]1C(=O)C=O.NC(N)=NCCC[C@H](N)C=O.NCCCC[C@H](N)C(=O)N1CCC[C@H]1c1c[nH]c2ccccc12.N[C@@H](Cc1c[nH]c2ccccc12)C(=O)N1CCC[C@H]1C(=O)N[C@H](C=O)Cc1cnc[nH]1.O=C1[C@@H]2CCCN12
C2(=O)[C@@H]9CCCN=C(N)N.C%27(=O)[C@@H]%10CCCN=C(N)N.C%32(=O)[C@@H]%14CCCN=C(N)N.C7(=O)[C@@H]%17CCCN=C(N)N.CC(C)C[C@H]8C(=O)O.C5(=O)[C@@H]%16CC(N)=O.C3(=O)[C@@H]%15[C@@H](C)O.[C@@H]1%18CCCN1%24.C%24(=O)[C@@H]%11CO.[C@@H]1%19CCCN1%29.C%29(=O)[C@@H]%12C%26.c1%26ccccc1.[C@@H]1%20CCCN1%32.[C@@H]1%21CCCN1%33.[C@@H]1%22CCCN13.C4(=O)[C@@H]%15C%26.[C@@H]1%23CCCN17.c1%25cnc[nH]1.C%13%18=O.C%28%19=O.C%30%20=O.C%31%21=O.C%33%22=O.C6%23=O.N28.N%139.N%27%10.N%28%11.N%31%12.N4%14.N4%15.N6%16.N8%17	CC(C)C[C@H](NC(=O)[C@H](CCCN=C(N)N)NC(=O)[C@@H]1CCCN1C(=O)[C@H](CO)NC(=O)[C@@H]1CCCN1C(=O)[C@H](Cc1ccccc1)NC(=O)[C@@H]1CCCN1C(=O)[C@@H]1CCCN1C(=O)[C@H]([C@@H](C)O)[C@@H](C)C(=O)N[C@@H](CCCN=C(N)N)C(=O)N1CCC[C@H]1C=O)C(=O)O.N.NC(=O)C[C@@H](C=O)NC(=O)[C@@H]1CCCN1C(=O)[C@@H](N)CCCN=C(N)N.NC(N)=NCCC[C@@H]1NC1=O.c1c[nH]cn1
C%13(=O)[C@H]5CCCN=C(N)N.C%15(=O)[C@H]7CCCN=C(N)N.C%16(=O)[C@H](N)CCCN=C(N)N.[C@@H]%10(CCCN=C(N)N)C(N)=O.NCCCC[C@@H]%20C%17=O.c1%11c[nH]c2ccccc12.c1%12c[nH]c2ccccc12.[C@@H]9(CCC(N)=O)C%19=O.C3(=O)[C@H]4C%11.C%14(=O)[C@H]6C%12.[C@@H]8(CS)C%18=O.N3%20.N%134.N%145.N%156.N%167.N%178.N%189.N%19%10	NCCCC[C@@H](NC(=O)[C@@H](Cc1c[nH]c2ccccc12)NC(=O)[C@@H](CCCN=C(N)N)NC(=O)[C@@H](Cc1c[nH]c2ccccc12)NC(=O)[C@@H](CCCN=C(N)N)NC(=O)[C@H](N)CCCN=C(N)N)C(=O)N[C@H](CS)C(=O)N[C@H](CCC(N)=O)C(=O)N[C@H](CCCN=C(N)N)C(N)=O
C2(=O)[C@@H]%15CCCN=C(N)N.C%40(=O)[C@@H]%20CCCN=C(N)N.C%13(=O)[C@@H]%16CCCCN.C%39(=O)[C@@H]%18CCCCN.C%43(=O)[C@@H]%19CCCCN.C6(=O)[C@@H]%25CCCCN.[C@H]%29(CCCCN)C(N)=O.CC[C@H](C)[C@H]%14C9=O.C%42(=O)[C@@H]%19CC(C)C.C7(=O)[C@@H]%23CC(=O)O.[C@H]%27(CC(N)=O)C%11=O.c1%34ccc(O)cc1.C8(=O)[C@@H](N)C(C)C.c1%37ccc(O)cc1.[C@@H]1%30CCCN1%35.C%35(=O)[C@@H]%17C%34.[C@@H]1%31CCCN1%40.[C@@H]1%32CCCN1%42.C3(=O)[C@@H]%21C%36.[C@@H]1%33CCCN15.C5(=O)[C@@H]%22C%37.c1%36ccccc1.[C@H]%26(C%38)C%10=O.C%24%30=O.C%39%31=O.C%41%32=O.C4%33=O.N2%14.N%13%15.N%24%16.N%38%17.N%39%18.N%41%19.N3%20.N4%21.N6%22.N7%23.N8%25.N9%26.N%10%27.N%11%28.N%12%29	CC(C)C[C@@H](C(=O)N1CCC[C@H]1C(N)=O)[C@H](C=O)CCCCN.CC(C)[C@H](N)C(=O)N[C@@H](CCCCN)C(=O)N[C@@H](Cc1ccc(O)cc1)C(=O)N1CCC[C@H]1C(=O)N[C@@H](Cc1ccccc1)C(=O)N[C@@H](CCCN=C(N)N)C(=O)N1CCC[C@H]1C(=O)C(=O)[C@@H](N)CCCCN.CC[C@H](C)[C@@H]1NC(=O)[C@H](CCCN=C(N)N)NC(=O)[C@H](CCCCN)NC(=O)[C@@H]2CCCN2C(=O)[C@H](Cc2ccc(O)cc2)NC[C@@H](C(=O)N[C@@H](CC(N)=O)C(N)=O)NC1=O.NCCCC[C@H](N)C(N)=O.O=C(O)C[C@@H]1NC1=O
NC(N)=NCCC[C@H]%17C%15=O.C%11(=O)[C@@H]4CCCN=C(N)N.C%13(=O)[C@@H]6CCCN=C(N)N.C%13(=O)[C@@H]7CCCN=C(N)N.C2(=O)[C@@H]3CCCCN.C%10(=O)[C@@H]4CCCCN.C%12(=O)[C@@H]5CCCCN.[C@H]8(CC9)C(=O)O.[C@@H]19CCCN1.C%149=O.N2%17.N%113.N%124.N%135.N%146.N%157.N%168	NCCCC[C@H](N)C(N)=O.NCCCC[C@H](NC(=O)[C@H](CCCN=C(N)N)[C@H](C=O)CCCCN)C(=O)N[C@@H](CCCN=C(N)N)C(=O)N[C@@H](CCCN=C(N)N)C(=O)C(=O)[C@H](CCCN=C(N)N)NC=O.N[C@@H](CC[C@@H]1CCCN1)C(=O)O
c1%22c[nH]c2ccccc12.CC(C)[C@H]7C(=O)O.C3(=O)[C@@H]8[C@@H](C)O.C%28(=O)[C@@H]%13CCN.C4(=O)[C@@H]%15[C@@H](C)O.C5(=O)[C@@H](N)CC%18.c1%24ccc(O)cc1.[C@@H]1%19CCCN1%25.C%25(=O)[C@@H]9C%22.C%26(=O)[C@@H]%11C%23.c1%23ccccc1.[C@@H]1%21CCCN1%30.C%30(=O)[C@@H]%12C%24.[C@@H]1%20CCCN14.C%31(=O)[C@@H]%12C%24.c1%21cnc[nH]1.N%16C(=N)N.N%18C(=N)N.C%14%19=O.C%29%20=O.C4%21=O.N37.N%148.N%269.N%27%10.N%28%11.N%29%12.N%31%13.N5%15.N6%17	C=O.CC(C)[C@H](NC(=O)[C@@H](NC(=O)[C@@H]1CCCN1C(=O)[C@H](Cc1c[nH]c2ccccc12)NC(=O)[C@H](Cc1ccccc1)NC(=O)[C@H](CCN)NC(=O)[C@H](C)[C@@H](Cc1ccc(O)cc1)C(=O)N1CCC[C@H]1c1cnc[nH]1)[C@@H](C)O)C(=O)O.C[C@@H](O)[C@H](NC(=O)[C@@H](N)CCNC(=N)N)C(=O)N1CCC[C@H]1C(N)=O.N.N.N=C(N)N
[C@H]%17(CCCCN)C%13=O.[C@H]%21(CCCCN)C3=O.[C@H]%25(CCCCN)C7=O.[C@H]%28(CCCCN)C%11=O.CC[C@H](C)[C@H](N)C2=O.[C@@H]%16(C%35=O)[C@@H](C)CC.[C@@H]%18(C%40=O)[C@@H](C)CC.[C@@H]%20(C%42=O)[C@@H](C)CC.[C@@H]%21(C%43=O)[C@@H](C)CC.[C@@H]%22(C%47=O)[C@@H](C)CC.[C@@H]%23(C5=O)[C@@H](C)CC.[C@@H]%26(C9=O)[C@@H](C)CC.[C@@H]%27(C%10=O)[C@@H](C)CC.[C@H]%29(CCC%30)C%11=O.[C@@H]%30(C%14=O)[C@@H](C)CC.[C@@H]%31(C(N)=O)[C@@H](C)C.N1%13CCC[C@H]1%32.N1%41CCC[C@H]1%33.N13CCC[C@H]1%34.N17CCC[C@H]1%36.N19CCC[C@H]1%37.N1%11CCC[C@H]1%38.N1%14CCC[C@H]1%39.CC%24%31=O.C%39%32=O.C4%33=O.C8%34=O.C9%36=O.C%12%37=O.C%15%38=O.N2%16.N%24%17.N%35%18.N%40%19.N%42%20.N%43%21.N%44%22.N4%23.N5%25.N6%26.N8%27.N%10%28.N%12%29.N%15C	INVALID
C2(=O)[C@@H]6CCC(N)=O.C%13(=O)[C@@H]7CCCCN.C%21(=O)[C@@H]%10CCCCN.C%22(=O)[C@@H]%11CCCCN.[C@H]%14(CCC(N)=O)C3=O.[C@H]%15(CCCCN)C4=O.CC[C@H](C)[C@H]5C%25=O.C%20(=O)[C@@H]9CC(C)C.C%23(=O)[C@@H]%12CC(N)=O.C%24(=O)[C@@H](N)C%18.c1%18ccccc1.[C@H]%16(C%17)C(N)=O.c1%17cnc[nH]1.c1%17cnc[nH]1.N25.N%136.N%197.N%208.N%219.N%22%10.N%23%11.N%24%12.N%25%14.N3%15.N4%16	CC(C)C[C@H](NC(=O)[C@H](CCCCN)NC(=O)[C@H](CCCCN)NC(=O)[C@H](CC(N)=O)NC(=O)[C@@H](N)Cc1ccccc1)C(N)=O.CC[C@H](C)[C@H](NC(=O)[C@H](CCC(N)=O)NC(=O)[C@@H](N)CCCCN)C(=O)N[C@@H](CCC(N)=O)C(=O)N[C@@H](CCCCN)C(=O)N[C@@H](Cc1cnc[nH]1)C(N)=O.c1c[nH]cn1
C%25(=O)[C@@H]%13CCCN=C(N)N.[C@H]%17(CCCN=C(N)N)C%39=O.[C@H]%19(CCCN=C(N)N)C4=O.[C@H]%24(CCCN=C(N)N)C9=O.c1%29c[nH]c2ccccc12.c1%30c[nH]c2ccccc12.c1%31c[nH]c2ccccc12.c1%32c[nH]c2ccccc12.c1%32c[nH]c2ccccc12.CC[C@H](C)[C@H]%10C%37=O.[C@H]%20(CC(C)C)C5=O.C3(=O)[C@@H]%11C%28.c1%28ccccc1.C%14(=O)[C@@H]%12C%29.C%35(=O)[C@@H]%15C%30.[C@H]%18(C%31)C%38=O.[C@H]%21(C%32)C6=O.[C@H]%23(C%33)C9=O.c1%33ccccc1.[C@H]%26(CS)C(=O)O.[C@@H]1%27CCCN1.[C@H]%22(C)C8=O.CC%27=O.N3%10.N%14%11.N%25%12.N%34%13.N%35%15.N%36%16.N%37%17.N%38%18.N%39%19.N4%20.N5%21.N6%22.N7%23.N8%24.N9%26	CC(=O)[C@@H]1CCCN1.CC[C@H](C)[C@H](NC(=O)[C@H](Cc1ccccc1)NC(=O)[C@H](Cc1c[nH]c2ccccc12)NC(=O)[C@@H](N)CCCN=C(N)N)C(=O)N[C@@H](CCCN=C(N)N)C(=O)N[C@@H](CCCN=C(N)N)C(=O)N[C@@H](CC(C)C)C(=O)N[C@@H](C)C(=O)N[C@@H](C)C(=O)N[C@@H](CCCN=C(N)N)C(=O)C(=O)[C@@H](N)Cc1ccccc1.N.N[C@@H](CS)C(=O)O.O=C1N[C@H]1Cc1c[nH]c2ccccc12.O=C1N[C@H]1Cc1c[nH]c2ccccc12.c1ccc2c(-c3c[nH]c4ccccc34)c[nH]c2c1
C3(=O)[C@@H]%15CCCN=C(N)N.C%14(=O)[C@@H]%16CCCN=C(N)N.C%39(=O)[C@@H]%19CCCN=C(N)N.[C@H]%27(CCCN=C(N)N)C%12=O.[C@H]%28(CCCN=C(N)N)C(N)=O.c1%33c[nH]c2ccccc12.C7(=O)[C@@H]%23CCCCN.CC[C@H](C)[C@H]%13C%10=O.C%43(=O)[C@@H]%20CC(C)C.C8(=O)[C@@H]%24CCCN.C%41(=O)[C@@H]%18[C@@H](C)O.c1%35ccc(O)cc1.C6(=O)[C@@H]%22C(C)C.N18CC(O)CN1%32.c1%37ccc(O)cc1.[C@@H]1%29CCCN1%36.C%36(=O)[C@@H]%17C%34.[C@@H]1%30CCCN1%40.[C@@H]1%31CCCN1%41.[C@@H]1%32CCCN1%42.C4(=O)[C@@H]%21C%35.[C@@H]1%34CCCN17.[C@H]%26(C%37)C%11=O.C%25%29=O.C%40%30=O.C5%31=O.C%41%32=O.N3%13.N%14%15.N%25%16.N%38%17.N%39%18.N4%19.N5%20.N6%21.N7%22.N8%23.N9%24.N%10%26.N%11%27.N%12%28	C=O.CC(C)C[C@@H](C=O)NC(=O)[C@@H]1CCCN1C(=O)[C@@H](NC(=O)[C@H](CCCN=C(N)N)NC(=O)[C@H](Cc1ccc(O)cc1)NC(=O)[C@@H](N)C(C)C)[C@@H](C)O.CC[C@H](C)[C@H](NC(=O)[C@H](CCCN=C(N)N)NC(=O)[C@H](CCCN=C(N)N)NC(=O)[C@@H]1CCCN1C(=O)[C@@H](N)C[C@@H]1CCCN1C(=O)[C@@H](N)CCCCN)C(=O)N[C@@H](Cc1ccc(O)cc1)C(=O)N[C@@H](CCCN=C(N)N)C(=O)N[C@@H](CCCN=C(N)N)C(N)=O.NCCC[C@H](N)C(=O)N1CC(O)CN1[C@@H]1CCCN1.O=C1[C@@H]2CCCN12.c1ccc2[nH]ccc2c1
C%24(=O)[C@@H]%18CCCN=C(N)N.C%40(=O)[C@@H]%21CCCN=C(N)N.[C@H]%25(CCCN=C(N)N)C3=O.[C@H]%25(CCCN=C(N)N)C4=O.[C@H]%36(CCCN=C(N)N)C(=O)O.C2(=O)[C@@H]%16CCCCN.[C@H]O(CCC(N)=O)C%45=O.[C@H]%27(CCCCN)C6=O.[C@H]%31(CCC(N)=O)C%10=O.CC[C@H](C)[C@H]%15C%43=O.C2(=O)[C@@H]%17CC(C)C.[C@H]%33(CC(C)C)C%12=O.C%42(=O)[C@@H](N)C(C)C.[C@@H]%30(C8=O)C(C)C.C%35(=O)[C@@H]%19C%38.[C@H]%22(C%37)C%46=O.[C@H]%28(C%39)C5=O.[C@H]%23(C%39)C4=O.c1%39ccccc1.c1%37cnc[nH]1.c1%38cnc[nH]1.[C@H]%30(C)C9=O.[C@H]%32(C)C%11=O.C%29C7=O.C%34C%14=O.N2%15.N%13%16.N%24%17.N%35%18.N%40%19.N%41%20.N%42%21.N%43%22.N%44%23.N3%25.N4%26.N5%27.N6%28.N7%29.N8%30.N9%31.N%10%32.N%11%33.N%12%34.N%14%36	INVALID
C3(=O)[C@@H]8CCCN=C(N)N.C%14(=O)[C@@H](N)CCCN=C(N)N.[C@H]%12(CCCN=C(N)N)C%28=O.[C@H]%18(CCCN=C(N)N)C5=O.[C@H]9(CCCCN)C%26=O.c1%23c[nH]c2ccccc12.CC[C@H](C)[C@H]7C%25=O.[C@H]%13(CC(C)C)C%29=O.c1%22ccccc1F.[C@@H]%17(C6=O)C(C)CC(N)=O.[C@H]%11(CC(N)=O)C%27=O.[C@H]%18(CC(N)=O)C7=O.[C@H]%13(C%21)C%30=O.c1%21ccccc1.[C@H]%16(C%22)C%31=O.[C@H]%19(C%23)C(=O)O.c1%20cnc[nH]1.N37.N%148.N%249.N%25%10.N%26%11.N%27%12.N%28%13.N%29%15.N%30%16.N4%17.N5%18.N6%19	CC(C)C[C@@H](C(N)=O)[C@@H](Cc1ccccc1)C(=O)N[C@H](C=O)Cc1ccccc1F.CC(CC(N)=O)[C@H](N)C(=O)N[C@@H](Cc1c[nH]c2ccccc12)C(=O)O.CC[C@H](C)[C@@H](C(N)=O)C(=O)[C@H](CC(N)=O)[C@@H](CCCN=C(N)N)C(N)=O.NC(=O)[C@H](CCCN=C(N)N)NC(=O)[C@@H](N)CCCN=C(N)N.NCCCC[C@H](N)C(=O)N[C@@H](CC(N)=O)C(=O)N[C@@H](CCCN=C(N)N)C(N)=O.c1c[nH]cn1
[C@H]9(CCCN=C(N)N)C%24=O.[C@H]%11(CCCN=C(N)N)C%26=O.[C@H]%13(CCCN=C(N)N)C4=O.[C@H]%15(CCCN=C(N)N)C(N)=O.c1%17c[nH]c2ccccc12.c1%19c[nH]c2ccccc12.c1%20c[nH]c2ccccc12.CC[C@H](C)[C@H]5C%23=O.C3(=O)[C@@H]6CC%16.[C@H]%12(CC%17)C%27=O.C%14(=O)[C@@H]7C%18.c1%18ccccc1.C%22(=O)[C@@H](N)C%19.[C@H]%10(C%20)C%25=O.c1%20ccccc1.N35.N%146.N%217.N%228.N%239.N%24%10.N%25%11.N%26%11.S%27%12.N%28%13.N4%15	CC[C@H](NC(=O)[C@@H](N)Cc1ccccc1)C(=O)N[C@H](C(=O)N[C@@H](CCCN=C(N)N)C(=O)N[C@@H](Cc1c[nH]c2ccccc12)C(=O)N[C@@H](CCCN=C(N)N)C(N)=O)[C@@H](C)CC.NC(=O)[C@@H](N)Cc1c[nH]c2ccccc12.NC(=O)[C@H](CCCN=C(N)N)NC(=O)[C@@H](N)CCCN=C(N)N.O=C1S[C@H]1CCc1c[nH]c2ccccc12.c1ccccc1
C3(=O)[C@@H]%11CCCCN.C%14(=O)[C@@H]%12CCCCN.C%33(=O)[C@@H]%17CCCCN.c1%27c[nH]c2ccccc12.[C@H]%22(CCCCN)C8=O.CC[C@H](C)[C@H]%10C%35=O.C%25(=O)[C@@H]%13CC(C)C.C%32(=O)[C@@H]%18CC(C)C.[C@@H]%24(C(N)=O)C(C)C.C%30(=O)[C@@H]%15CO.C%31(=O)[C@@H]%16C%27.N14CCC[C@H]1%26.[C@H]%19(CO)C4=O.[C@H]%20(C%28)C6=O.c1%28ccccc1.[C@H]%23(CO)C9=O.C%29(=O)[C@@H]%15C.[C@H]%21(C)C7=O.C%34(=O)CN.C5%26=O.N3%10.N%14%11.N%25%12.N%30%13.N%31%15.N%32%16.N%33%17.N%34%18.N%35%19.N5%20.N6%21.N7%22.N8%23.N9%24	CC(C)C[C@H](NC(=O)CN)C(=O)N[C@@H](Cc1c[nH]c2ccccc12)C(N)=O.CC[C@H](C)[C@H](NC(=O)[C@H](CCCCN)NC(=O)[C@H](CCCCN)NC(=O)[C@H](CC(C)C)NC(=O)[C@H](CO)[C@@H](C)C=O)C(=O)N[C@@H](CO)C(=O)N1CCC[C@H]1C(=O)N[C@@H](Cc1ccccc1)C(=O)N[C@@H](C)C(=O)N[C@@H](CCCCN)C(=O)N[C@@H](CO)C(=O)N[C@H](C(N)=O)C(C)C.NCCCC[C@@H]1NC1=O
[C@H]%71(CCCN=C(N)N)C%26=O.C2(=O)[C@@H]%40CCCCN.C%13(=O)[C@@H]%41CCC(=O)O.C%24(=O)[C@@H]%43CCCCN.C%68(=O)[C@@H]%49CCCCN.C8(=O)[C@@H]%54CCC(=O)O.C8(=O)[C@@H]%54CCCCN.C9(=O)[C@@H]%59CCCCN.C%15(=O)[C@@H]%62CCCCN.[C@H]%66(CCCCN)C%20=O.[C@H]%67(CCCCN)C%21=O.[C@H]%78(CCCCN)C%34=O.CC[C@H](C)[C@H]%39C%16=O.C%79(=O)[C@@H]%48CC(N)=O.C4(=O)[C@@H]%51CC(N)=O.C5(=O)[C@@H]%52CC(C)C.C6(=O)[C@@H]%53C(C)C.C%15(=O)[C@@H](N)CC(N)=O.[C@H]%62(CC(C)C)C%23=O.[C@H]%69(CC(C)C)C%25=O.[C@H]%70(CCC%71)C%26=O.[C@@H]%73(C%27=O)[C@@H](C)CC.[C@H]%75(CC(C)C)C%28=O.[C@@H]%80(C%34=O)[C@@H](C)CC.[C@H]%80(CC(N)=O)C%36=O.[C@H]%80(CC(C)C)C%36=O.C%46(=O)[C@@H]%47CO.C3(=O)[C@@H]%51CO.C7(=O)[C@@H]%55C%88.c1%88ccccc1.C%11(=O)[C@@H]%56C%85.[C@H]%61(C%89)C%16=O.c1%89ccccc1.[C@H]%63(CO)C%18=O.[C@H]%64(C%86)C%18=O.[C@H]%66(CO)C%21=O.[C@H]%71(C%91)C%27=O.c1%91ccccc1.N1%28CCC[C@H]1%83.N1%32CCC[C@H]1%84.[C@H]%77(C%87)C%37=O.C%35(=O)[C@@H]%50C.[C@H]%67(C)C%19=O.c1%85cnc[nH]1.c1%86cnc[nH]1.c1%87cnc[nH]1.[C@H]%64(C)C%19=O.c1%88cnc[nH]1.[C@H]%82(C)C(=O)O.C%57(=O)C%44.N%47C(=N)N.N%50C(=N)N.C%29%83=O.C%32%83=O.C%33%84=O.N2%39.N%13%40.N%24%41.N%35%42.N%46%43.N%57%44.N%68%45.N%79%47.N%90%49.N3%50.N5%51.N6%52.N7%53.N8%54.N9%55.N%10%56.N%11%58.N%12%59.N%14%60.N%15%61.N%16%62.N%17%63.N%18%64.N%19%65.N%20%66.N%21%67.N%22%69.N%23%70.N%25%72.N%26%73.N%27%74.N%29%75.N%30%76.N%33%77.N%33%78.N%36%80.N%37%81.N%38%82	CC(C)C[C@@H](C(=O)N[C@H]1CCC[C@@H](CCCN=C(N)N)C(=O)C1=O)[C@@H](CCCCN)C(=O)C(=O)[C@@H](N)CC(N)=O.CC(C)C[C@@H]1NC(=O)[C@@H]2CCCN2C1=O.CC(C)C[C@H](N)C(N)=O.CC(C)C[C@H](NC(=O)[C@@H](NC(=O)[C@H](Cc1ccccc1)NC(=O)[C@@H](N)CCCCN)C(C)C)C(N)=O.CC[C@H](C)[C@@H](C(=O)C(=O)[C@@H](N)CCCCN)[C@@H](CC(N)=O)C(=O)C(=O)[C@@H](N)CC(C)C.CC[C@H](C)[C@H](N)C(=O)C(=O)CCc1ccccc1.CC[C@H](C)[C@H](NC(=O)[C@H](CCCCN)NC(=O)[C@H](CCC(=O)O)NC(=O)[C@H](CCCCN)NC(=O)[C@H](CO)NC(=N)N)C(=O)C(=O)[C@@H](N)Cc1ccccc1.C[C@@H](C(=O)C(=O)[C@H](C)[C@@H](CCCCN)C(=O)C(=O)[C@H](CO)[C@@H](CCCCN)C(N)=O)[C@@H](Cc1cnc[nH]1)C(=O)C(=O)[C@@H](N)CO.C[C@H](N)C(=O)O.C[C@H](NC(=N)N)C(N)=O.N.N.N.N.N.N.N.N.NC(=O)CCC(N)=O.NC(=O)C[C@@H](C=O)[C@@H](CO)C(N)=O.NC(=O)[C@@H](N)Cc1cnc[nH]1.NC(=O)[C@H](Cc1cnc[nH]1)NC(=O)[C@@H]1CCCN1C=O.NCCCC[C@H](N)C(N)=O.NCCCC[C@H]1C(=O)C(=O)[C@@H]1CCC(=O)O.O=C1CN1.c1c[nH]cn1
C3(=O)[C@@H]7CCCN=C(N)N.C%20(=O)[C@@H]9CCCN=C(N)N.[C@H]%16(CCCN=C(N)N)C5=O.[C@H]%17(CCCN=C(N)N)C(N)=O.C%22(=O)[C@@H]%11CCC(N)=O.c1%19c[nH]c2ccccc12.CC[C@H](C)[C@H]6C4=O.C%14(=O)[C@@H]8[C@@H](C)CC.C%21(=O)[C@@H]%10[C@@H](C)CC.C%23(=O)[C@@H]%12C%18.C%24(=O)[C@@H]%13C%19.C%25(=O)[C@@H]%15CS.c1%18cnc[nH]1.C%26(=O)CN.N36.N%147.N%208.N%219.N%22%10.N%23%11.N%24%12.N%25%13.N%26%15.N4%16.N5%17	CC[C@H](C)[C@H](NC(=O)[C@H](CCCN=C(N)N)NC(=O)[C@@H](NC(=O)[C@H](CCCN=C(N)N)NC(=O)[C@@H](NC(=O)[C@H](CCC(N)=O)NC(=O)[C@H](Cc1cnc[nH]1)NC(=O)[C@H](Cc1c[nH]c2ccccc12)NC(=O)[C@H](CS)NC(=O)CN)[C@@H](C)CC)[C@@H](C)CC)C(=O)N[C@@H](CCCN=C(N)N)C(=O)N[C@@H](CCCN=C(N)N)C(N)=O
C2(=O)[C@@H]%14CCCN=C(N)N.C%36(=O)[C@@H]%16CCCN=C(N)N.C7(=O)[C@@H]%20CCCN=C(N)N.C%38(=O)[C@@H]%17CCC(N)=O.C8(=O)[C@@H]%21CCCCN.CC(C)C[C@H]%12C(=O)O.c1%33ccc(O)cc1.C%36(=O)[C@@H]%18CCC).[C@@H]%23(C(=O)O)C(C)C.[C@@H]1%25CCCN1%24.C%24(=O)[C@@H]%15C%32.[C@@H]1%26CCCN1%35.[C@@H]1%27CCCN1%36.[C@@H]1%28CCCN1%38.[C@@H]1%29CCCN13.C4(=O)[C@@H]%19CO.[C@@H]1%30CCCN18.C%10(=O)[C@@H]%22C%33.c1%32cnc[nH]1.C%11(=O)[C@@H](N)CO.c1%31cnc[nH]1.C%13%25=O.C%34%26=O.C%37%27=O.C%39%28=O.C%40%29=O.C%37%30=O.C6%31=O.N2%12.N%13%14.N%34%15.N%37%16.N%39%17.N4%18.N5%19.N7%20.N9%21.N%10%22.N%11%23	INVALID
[C@@H]1%11NC(=O)[C@H]%12NC(=O)[C@H]%13NC(=O)[C@H]%14NC(=O)[C@H]%15NC(=O)[C@H]%16NC(=O)[C@@H]2CSSC[C@@H]2NC(=O)[C@H]%17NC(=O)[C@H]%18NC(=O)[C@H]4NC(=O)CNC(=O)[C@H]5NC(=O)[C@H](C)NC(=O)[C@H]6NC(=O)[C@H]7NC(=O)[C@H]8NC(=O)[C@H]9NC(=O)[C@H]%10NC1=O.C%12CCN=C(N)N.C%14CCN=C(N)N.C6CCN=C(N)N.C8CCN=C(N)N.C9CCN=C(N)N.C%16CC(N)=O.C%17CCCN.C3CCCN.C5CCCN.C7CCCN.C%10CCCN.CC3=O.C2(N)=O.C%14(C)C.C%16(C)C.C%19(C)C.C4(C)C	CC(=O)CCCCN.CC(C)[C@@H]1NC(=O)CNC(=O)[C@H](CCCCN)NC(=O)[C@H](C)NC(=O)[C@H](CCCN=C(N)N)NC(=O)[C@H](CCCCN)NC(=O)[C@H](CCCN=C(N)N)NC(=O)[C@H](CCCN=C(N)N)NC(=O)[C@H](CCCCN)NC(=O)CNC(=O)[C@H](CCCN=C(N)N)NC(=O)CNC(=O)[C@H](CCCN=C(N)N)NC(=O)CNC(=O)[C@H](CCC(N)=O)NC(=O)[C@@H]2CSSC[C@@H]2NC(=O)[C@H](CCCCN)NC(=O)CNC1=O.CCC.CCC.CCC.NC=O
C3(=O)[C@@H]6CCCN=C(N)N.C%19(=O)[C@@H](N)CCCN=C(N)N.C%14(=O)[C@@H]7CCC(N)=O.[C@H]%10(CCCCN)C%21=O.[C@H]%11(CCCCN)C%22=O.c1%16c[nH]c2ccccc12.CC[C@H](C)[C@H]5C%20=O.C%17(=O)[C@@H]8CC(N)=O.[C@@H]%12(C%23=O)C(C)C.C%18(=O)[C@@H]9C%16.[C@H]%13(CS)C4=O.[C@H]%15(C)C(N)=O.N35.N%146.N%177.N%188.N%199.N%20%10.N%21%11.N%22%12.N%23%13.N4%15	CC[C@H](C)[C@H](NC(=O)[C@H](CCCN=C(N)N)NC(=O)[C@H](CCC(N)=O)NC(=O)[C@H](CC(N)=O)NC(=O)[C@H](Cc1c[nH]c2ccccc12)NC(=O)[C@@H](N)CCCN=C(N)N)C(=O)N[C@@H](CCCCN)C(=O)N[C@@H](CCCCN)C(=O)N[C@H](C(=O)N[C@@H](CS)C(=O)N[C@@H](C)C(N)=O)C(C)C
C%18(=O)[C@@H](N)CCCCN.[C@H]9(CCCCN)C%22=O.[C@H]%11(CCCCN)C3=O.C%13(=O)[C@@H]6[C@@H](O)CN.C%17(=O)[C@@H]7[C@@H](O)CN.N1%19CCC[C@H]1%14.N1%19CCC[C@H]1%15.[C@H]8(C%16)C%21=O.C[C@@H]4C%19=O.c1%16cnc[nH]1.C%12CCCN.C2(=O)C5.C=%15CC%10.N%10C(=N)N.C%20%14=O.N24.N%135.N%176.N%187.N%208.N%219.N%23%11.N3%12	INVALID
C2(=O)[C@@H]%10CCCN=C(N)N.C%24(=O)[C@@H]%11CCCN=C(N)N.C%27(=O)[C@@H](N)CCCN=C(N)N.[C@H]%12(CCCN=C(N)N)C%29=O.[C@H]%14(CCCN=C(N)N)C%30=O.[C@H]%17(CCCN=C(N)N)C5=O.[C@H]%18(CCCN=C(N)N)C8=O.CC[C@H](C)[C@H]9C%28=O.[C@H]%16(CC(C)C)C3=O.[C@@H]1%19CCCN1%24.[C@H]%15(C%26)C%32=O.c1%26ccccc1.N1%30CCC[C@H]1%20.N13CCC[C@H]1%21.N15CCC[C@H]1%22.N16CCC[C@H]1%23.N18CCC[C@H]1%25.C%13%19=O.C%31%20=O.C4%21=O.C6%22=O.C7%23=O.C%25(=O)O.N29.N%13%10.N%27%11.N%28%12.N%29%14.N%31%15.N%32%16.N4%17.N7%18	CC[C@H](C)[C@H](NC(=O)[C@H](CCCN=C(N)N)NC(=O)[C@@H]1CCCN1C(=O)[C@H](CCCN=C(N)N)NC(=O)[C@@H](N)CCCN=C(N)N)C(=O)N[C@@H](CCCN=C(N)N)C(=O)N[C@@H](CCCN=C(N)N)C(=O)N1CCC[C@H]1C(=O)N[C@@H](Cc1ccccc1)C(=O)N[C@@H](CC(C)C)C(=O)N1CCC[C@H]1C(=O)N[C@@H](CCCN=C(N)N)C(=O)N1CCC[C@H]1C(=O)N1CCC[C@H]1C(=O)N[C@@H](CCCN=C(N)N)C(=O)N1CCC[C@H]1C(=O)O
CC1(C)S[C@@H]2[C@H]4C(=O)N2C[C@H]15.C3(=O)CC6[C@@H](N)C(=O)O.C5(=O)O.N34	CC1(C)S[C@@H]2[C@H](NC(=O)CC[C@@H](N)C(=O)O)C(=O)N2C[C@H]1C(=O)O
C3(=O)[C@@H]6CCCN=C(N)N.[C@H]%15(CCCN=C(N)N)C(N)=O.C%14(=O)[C@@H]7CCC(N)=O.[C@H]%10(CCCCN)C%21=O.[C@H]%11(CCCCN)C%22=O.c1%16c[nH]c2ccccc12.CC[C@H](C)[C@H]5C%19=O.[C@@H]9(C%20=O)[C@@H](C)CC.[C@H]%13(CC(C)C)C4=O.C%17(=O)[C@@H]8C(C)C.[C@H]%12(C%16)C%23=O.C%18(=O)[C@H](C)N.N35.N%146.N%177.N%188.N%199.N%20%10.N%21%11.N%22%12.N%23%13.N4%15	CC[C@H](C)[C@H](NC(=O)[C@H](CCCN=C(N)N)NC(=O)[C@H](CCC(N)=O)NC(=O)[C@@H](NC(=O)[C@H](C)N)C(C)C)C(=O)N[C@H](C(=O)N[C@@H](CCCCN)C(=O)N[C@@H](CCCCN)C(=O)N[C@@H](Cc1c[nH]c2ccccc12)C(=O)N[C@@H](CC(C)C)C(=O)N[C@@H](CCCN=C(N)N)C(N)=O)[C@@H](C)CC
C%14(=O)[C@@H]6CCCN=C(N)N.C1(=O)[C@@H]3CCCCN.C%16(=O)[C@@H](N)CCCCN.[C@H]8(CCCCN)C%18=O.CC(C)[C@H]2C%17=O.C%13(=O)[C@@H]5CC%11.C%15(=O)[C@@H]7C(C)C.[C@@H]%10(C(N)=O)C(C)C.[C@H]9(CS)C%19=O.C%13(=O)O.N12.N%123.N%134.S%11C.N%145.N%156.N%167.N%178.N%189.N%19%10	CC(C)[C@H](NC(=O)[C@H](CS)NC(=O)[C@H](CCCCN)NC(=O)[C@@H](NC(=O)[C@@H](N)CCCCN)C(C)C)C(N)=O.CSCC[C@H](NC(=O)[C@H](CCCN=C(N)N)NC(=O)[C@@H](NC(=O)[C@@H](N)CCCCN)C(C)C)C(=O)C(=O)O.N
[C@@H]1%11NC(=O)CNC(=O)CNC(=O)[C@@H]2CSSC[C@@H]2NC(=O)[C@@H]3CSSC[C@H]8C(=O)N[C@@H]%13C(=O)NCC(=O)N[C@@H]%14C(=O)N[C@@H]%15C(=O)N[C@@H]%17C(=O)N[C@@H](C)C(=O)N[C@@H](C)C(=O)N[C@H](CSSC[C@H](NC(=O)[C@H]%19NC(=O)[C@H]%20NC(=O)[C@H]%21NC(=O)[C@H]%22NC1=O)C(=O)NCC(=O)N[C@@H]%23C(=O)N2)NC(=O)[C@@H]1CCCN1C(=O)CNC(=O)CNC(=O)[C@H]%25NC(=O)[C@H](C)NC1=O.C%16(=O)[C@@H]%39CCCN=C(N)N.C%27(=O)[C@@H]6CCCN=C(N)N.C%36(=O)[C@@H]7CCCN=C(N)N.C%39(=O)[C@@H](N)CCCN=C(N)N.c1%32c[nH]c2ccccc12.c1%34c[nH]c2ccccc12.c1%35ccc(O)cc1.C%16(=O)[C@@H]%41C(C)C.C%19CCN=C(N)N.C%25CCN=C(N)N.C%26CCN=C(N)N.C%29CCN=C(N)N.[C@H]%42(C%30)C(=O)O.c1%33ccccc1.[C@@H]19CCCN1%29.C%40(=O)[C@@H]%44C%32.C%17CCCN.C%30CCCN.CC[C@@H]%11C.C%18C(N)=O.[C@H]%23(C)CC.C%30C(C)C.C59=O.C8%10=O.[C@H]%22(C)O.C%23(C)C.N58.N%16%39.N%16%40.C%12%35.N%27%10.N%38%41.C%14O.C%20%34.C%21%35.N%24O.N%376.N%387.C%28O	INVALID
[C@@H]1%45NC(=O)[C@H]%46NC(=O)[C@H]%47NC(=O)[C@H]%48NC(=O)[C@H]%61NC(=O)[C@H]%62NC(=O)[C@H]%63NC(=O)[C@H](C)NC(=O)[C@H]%64NC(=O)[C@H]%65NC(=O)CNC(=O)[C@H]%66NC(=O)[C@@H]2CSSC[C@@H]3NC(=O)[C@H]%67NC(=O)[C@H]%68NC(=O)[C@H](CSSC[C@H](NC(=O)CNC(=O)[C@H]%69NC(=O)[C@H](CSSC[C@H]%47C(=O)N[C@@H]%70C(=O)N[C@@H](C)C(=O)N[C@@H](C)C(=O)N[C@@H]%62C(=O)N2)NC(=O)[C@H]%74NC(=O)[C@H]%75NC(=O)[C@H]%76NC1=O.C%12(=O)[C@@H]%40CCCN=C(N)N.[C@H]%29(CCCN=C(N)N)C%39=O.c1%77c[nH]c2ccccc12.C7(=O)[C@@H]%36CCCCN.C%11(=O)[C@@H]%39CCCCN.C%14(=O)[C@@H]%39CCCCN.C%17(=O)[C@@H]%42CCCCN.C%20(=O)[C@@H]%54CCCCN.C%21(=O)[C@@H](N)CCCCN.[C@H]%47(CCC(N)=O)C%21=O.C%18(=O)[C@@H]%24CC(C)C.C%67CCN=C(N)N.C%39(=O)[C@@H]%26C(C)C.C%60(=O)[C@@H]%27C(C)C.C%70(=O)[C@@H]%29[C@@H](C)O.c1%78ccc(O)cc1.C8(=O)[C@@H]%35C(C)C.C9(=O)[C@@H]%35[C@@H](C)O.C%10(=O)[C@@H]%37C(C)C.c1%79ccc(O)cc1.C%18(=O)[C@@H]%41C(C)C.C%19(=O)[C@@H]%42C(C)C.C%70CCN=C(N)N.c1%80ccc(O)cc1.C%19CCN=C(N)N.C%74CCN=C(N)N.C%86CCN=C(N)N.C%76CCN=C(N)N.C%77CCN=C(N)N.C5(=O)[C@@H]%29C%78.C%50(=O)[C@@H]%28C%79.C6(=O)[C@@H]%31C%80.C%20(=O)[C@@H]%44C%81.c1%81ccccc1.[C@@H]1%99CCCCN.C%51CC(=O)O.C%63CCCN.C%78CC(N)=O.C%21(=O)[C@H](C)N.C%70CC(=O)O.C%58CC(=O)O.C%73CCCN.C%74CC(=O)O.C%73CCCN.C%64CCCN.C%77CCCN.C%28(=O)[C@@H]%30C.CC[C@@H]%55C.C%77(=O)C%34.C%12(=O)C%36.C%59C(C)C.C6C(N)=O.C%69C(N)=O.[C@H]5(C)CC.[C@H]%72(C)O.[C@H]%62(C)O.C%20%48=O.[C@H]%78(C)O.C%50O.N5%65.N%16%22.N%27%23.N%38%24.N%49%25.N%61%26.N%71%28.N%78%29.N6%45.N7%30.N8%31.N9%32.N%10%33.N%11%34.N%12%35.N%13%36.N%14%37.N%15%39.N%17%40.N%18%41.N%19%41.N%20%53.N%21%54.N%22%44.N%26%45.C%35O.C%64%80	INVALID
C3(=O)[C@@H]%12CCCN=C(N)N.C%34(=O)[C@@H]%17CCCN=C(N)N.C%38(=O)[C@@H]%20CCCN=C(N)N.C4(=O)[C@@H]%22CCCN=C(N)N.c1%29c[nH]c2ccccc12.c1%30c[nH]c2ccccc12.c1%31c[nH]c2ccccc12.[C@H]%27(CCCCN)C%10=O.c1%32c[nH]c2ccccc12.CC(C)[C@H]%11C9=O.C%37(=O)[C@@H]%19C(C)C.c1%33ccc(O)cc1.C%14(=O)[C@@H]%13C%29.C%35(=O)[C@@H]%16C%30.C%36(=O)[C@@H]%18CS.C%39(=O)[C@@H]%20CS.C5(=O)[C@@H]%23CS.C7(=O)[C@@H]%26CS.C8(=O)[C@@H](N)C%32.[C@H]%28(C%33)C(=O)O.C6(=O)[C@@H]%24C.C%39(=O)C%21.N3%11.N%14%12.N%25%13.N%34%15.N%35%16.N%36%17.N%37%18.N%38%19.N%39%20.N4%21.N5%22.N6%23.N7%24.N8%26.N9%27.N%10%28	CC(C)[C@H](NC(=O)[C@H](CCCN=C(N)N)NC(=O)[C@@H](N)Cc1c[nH]c2ccccc12)C(=O)N[C@@H](CCCCN)C(=O)N[C@@H](Cc1ccc(O)cc1)C(=O)O.CC(C)[C@H](NC(=O)[C@H](CCCN=C(N)N)[C@@H](CS)C(=O)C(=O)CNC(=O)[C@H](CCCN=C(N)N)NC(=O)[C@H](CS)NC(=O)[C@H](C)NC(=O)[C@H](CS)NC(=O)[C@@H](N)Cc1c[nH]c2ccccc12)C(=O)N[C@@H](CS)C(=O)N[C@@H](CCCN=C(N)N)C(N)=O.N.O=C1N[C@H]1Cc1c[nH]c2ccccc12.c1ccc2[nH]ccc2c1
C%24(=O)[C@@H]%38CCCN=C(N)N.C%12(=O)[C@@H]%53CCCN=C(N)N.C%25(=O)[C@@H]%61CCCN=C(N)N.C4(=O)[C@@H]%44CCC(N)=O.C7(=O)[C@@H]%47CCC(N)=O.C%20(=O)[C@@H]%59CCC(N)=O.C%22(=O)[C@@H]%60CCCCN.CC[C@H](C)[C@H]%32C%26=O.C%24(=O)[C@@H]%36CC(C)C.C%68(=O)[C@@H]%39CC(=O)O.C%11(=O)[C@@H]%40CC(C)C.C%18(=O)[C@@H]%54CC(=O)O.C%19(=O)[C@@H]%58CC(C)C.C%25(=O)[C@@H](N)CC(C)C.[C@H]%63(CC(N)=O)C%27=O.C2(=O)[C@@H]%33C(C)C.C%57(=O)[C@@H]%41C(C)C.C3(=O)[C@@H]%42C(C)C.C6(=O)[C@@H]%47C(C)C.C%15(=O)[C@@H]%58C(C)C.[C@@H]1%71CCCN1%78.C7(=O)[C@@H]%45CO.C%10(=O)[C@@H]%50C%72.C%14(=O)[C@@H]%53CO.C%17(=O)[C@@H]%56C%74.C%18(=O)[C@@H]%58C%73.C%21(=O)[C@@H]%62CO.[C@H]%66(CO)C%27=O.[C@H]%67(C%76)C%31=O.[C@H]%70(C%77)C(=O)O.c1%72cnc[nH]1.c1%73cnc[nH]1.c1%74cnc[nH]1.c1%75cnc[nH]1.c1%76cnc[nH]1.c1%77cnc[nH]1.C%13(=O)C%34.C%79(=O)C%39.C5(=O)C%44.C9(=O)C%49.C8(=O)C%48.C%21(=O)C%61.C%67C%29=O.C%46%71=O.N2%32.N%13%33.N%24%34.N%35%36.N%46%37.N%57%38.N%68%39.N%79%40.N3%41.N4%42.N5%43.N6%44.N7%45.N8%47.N9%48.N%10%49.N%11%50.N%12%51.N%14%52.N%15%53.N%16%54.N%17%55.N%18%56.N%19%58.N%20%59.N%21%60.N%22%61.N%23%62.N%25%63.N%26%64.N%27%65.N%28%66.N%29%67.N%30%69.N%31%70	CC(C)C[C@@H](C(=O)N[C@@H](Cc1cnc[nH]1)C(=O)C(=O)[C@@H](N)CC(=O)O)[C@H](C(N)=O)C(C)C.CC(C)C[C@H](N)C(=O)C(=O)[C@H](CCCN=C(N)N)CC(=O)C(=O)[C@@H](N)CO.CC(C)C[C@H](N)C(=O)C(=O)[C@H](CCCN=C(N)N)NC(=O)[C@@H](NC(=O)[C@@H](NC(=O)[C@H](CCC(N)=O)CC(N)=O)C(C)C)C(C)C.CC(C)C[C@H](NC(=O)C[C@@H](CC(=O)O)C(N)=O)C(=O)N[C@@H](Cc1cnc[nH]1)C(=O)NCC(=O)NCC(N)=O.CC(C)[C@@H](C(N)=O)[C@@H](CCC(N)=O)C(=O)C(=O)[C@@H](N)CO.CC[C@H](C)[C@H](NC(=O)[C@@H](NC(=O)CN)C(C)C)C(N)=O.N.N.NC(=O)CC[C@@H]1NC1=O.NC(=O)C[C@@H](Cc1cnc[nH]1)C(=O)N[C@@H](Cc1cnc[nH]1)C(=O)O.NC(=O)C[C@H](N)C(=O)C(=O)[C@@H](N)CO.NC(=O)[C@@H](N)Cc1cnc[nH]1.NC(=O)[C@@H]1CCCN1.NC(=O)[C@H](CO)[C@@H](CCCN=C(N)N)C(N)=O.NCCCC[C@H](N)C(N)=O.c1c[nH]cn1
[C@H]12OC(=O)CNC(=O)[C@H]3NC(=O)[C@H]4NC(=O)[C@H]5NC(=O)[C@H]6N(C)C(=O)[C@@H]1C.CCCCCCCCCC2.[C@H]5(C)CC.[C@@H]3(C)O.C6CC.C4O	CCCCCCCCCC[C@H]1OC(=O)CNC(=O)[C@H]([C@H](C)O)NC(=O)[C@H](CO)NC(=O)[C@H]([C@@H](C)CC)NC(=O)[C@H](CCC)N(C)C(=O)[C@@H]1C
C%28(=O)[C@@H]%14CCC(N)=O.[C@H]%23(CCCCN)C(=O)O.CC(C)C[C@H]7C3=O.C2(=O)[C@@H]8CCC9.C%24(=O)[C@@H]%10CCC%11.C%27(=O)[C@@H]%12CC(C)C.C%30(=O)[C@@H]%16CCC%17.C%31(=O)[C@@H]%18CC(C)C.C%32(=O)[C@@H](N)CCC%19.[C@H]%20(CCCN)C5=O.[C@H]%21(CC(C)C)C6=O.[C@@H]1%25CCCN1%24.[C@H]%19(C)C4=O.c1%26cnc[nH]1.N9C(=N)N.N%11C(=N)N.N%15C(=N)N.N%17C(=N)N.N%22C(=N)N.C%13%25=O.N27.N%138.N%27%10.N%28%10.N%29%12.N%30%14.N%31%16.N%32%18.N3%18.N4%20.N5%21.N6%22	CC(C)C[C@H](NC(=O)[C@H](CCCN)NC(=O)[C@H](C)CCC[C@H](N)C(=O)N[C@@H](CC(C)C)C(=O)N[C@@H](CCCNC(=N)N)C(=O)N[C@@H](CCC(N)=O)C(N)=O)C(=O)NNC(=N)N.CC(C)C[C@H](NC(=O)[C@H](CCCNC(=N)N)NC(=O)[C@@H]1CCCN1C(=O)[C@H](CCCNC(=N)N)NC(=O)[C@@H](N)CC(C)C)C(N)=O.N=C(N)N.NCCCCCC(=O)O.c1c[nH]cn1
C%13(=O)[C@@H]%19CCCCN.C%46(=O)[C@@H]%23CCCCN.C%50(=O)[C@@H]%27CCCCN.[C@H]%27(CCCCN)C4=O.[C@H]%30(CCCCN)C7=O.CC(C)C[C@H]%17C%50=O.C%35(=O)[C@@H]%21CC(C)C.C%35(=O)[C@@H]%20C(C)C.C%49(=O)[C@@H]%26C(C)C.[C@@H]%29(C5=O)C(C)C.[C@@H]%32(C9=O)C(C)C.[C@@H]%36(C%14=O)C(C)C.[C@@H]%38(C%15=O)[C@@H](C)O.C%24(=O)[C@@H]%18C%43.c1%43ccccc1.C%47(=O)[C@@H]%22C%42.C%48(=O)[C@@H]%25C%44.c1%44ccccc1.[C@H]1(C%41)C%11=O.[C@H]%40(C%45)C(N)=O.c1%45ccccc1.C2(=O)[C@@H]%18C.c1%41cnc[nH]1.[C@H]%31(C)C8=O.[C@H]%33(C)C%10=O.[C@H]%34(C)C%12=O.C%30C6=O.C%37C%14=O.N2%17.N%13%18.N%24%19.N%35%20.N%46%21.N%47%22.N%48%23.N%49%25.N%50%26.N3%27.N4%28.N5%29.N6%30.N7%31.N8%32.N9%33.N%10%34.N%11%36.N%12%37.N%14%38.N%15%39.N%16%40	INVALID
[C@H]19CSSC[C@@H]%10NC(=O)[C@@H]2CCCN2C(=O)[C@H]%11NC(=O)[C@@H]2CCCN2C(=O)[C@H]%12NC(=O)[C@H]%13NC(=O)[C@H]%14NC(=O)[C@@H]2CCCN2C(=O)[C@H]%16NC(=O)[C@@H](N)CCC(N)=O.[C@H]%24(CC(C)=O)C%19=O.[C@H]7(CC(N)=O)C(=O)O.c1%17ccc(O)cc1.[C@H]4(CC7)C%20=O.[C@@H]6(C%22=O)C(C)C.[C@H]5(C)C%20=O.C%12CCCN.C%16CCCN.C4(=O)C%24.C%189=O.[C@H]N(C)CC.C%21%10=O.[C@H]%13(C)O.N4%23.N%15%24.N%18%25.N%193.N%208.N%205.N%216.N%227.C%14%17	INVALID
C2(=O)[C@@H](N)CCCCN.[C@H]9(CCCCN)C%22=O.[C@H]%11(CCCCN)C3=O.[C@@H]5(C%17=O)[C@@H](O)CN.[C@@H]7(CCCN)C%19=O.C[C@H](O)[C@H]4C%13=O.N1%19CCC[C@H]1%14.[C@H]8(C%16)C%21=O.N%22C=%15C%23=O.c1%16c[nH]cn1.C%12CCCN.C6C%18=O.C=%15CC%10.N%10C(=N)N.C%20%14=O.N24.N%135.N%176.N%187.N%208.N%219.N%23%11.N3%12	C[C@H](O)[C@H](NC(=O)[C@@H](N)CCCCN)C(=O)N[C@H](C(=O)NCC(=O)N[C@H](CCCN)C(=O)N1CCC[C@H]1C(=O)N[C@@H](Cc1c[nH]cn1)C(=O)N[C@@H](CCCCN)C(=O)NC(=CCCNC(=N)N)C(=O)N[C@@H](CCCCN)C(=O)NCCCCN)[C@@H](O)CN
C1(=O)[C@@H]5CCCN=C(N)N.C1(=O)[C@@H]6CCCN=C(N)N.C%17(=O)[C@@H](N)CCCN=C(N)N.[C@H]%11(CCCN=C(N)N)C%22=O.[C@H]%14(CCCN=C(N)N)C3=O.[C@H]%15(CCCN=C(N)N)C(=O)O.CC[C@H](C)[C@H]4C%18=O.C%16(=O)[C@@H]7CC(C)C.[C@@H]%10(C%21=O)[C@@H](C)CC.[C@@H]8(C%19=O)C(C)C.[C@@H]9(C%20=O)C(C)C.[C@@H]%13(C2=O)C(C)C.C%12(=O)[C@@H]6CS.N14.N%125.N%166.N%187.N%198.N%209.N%21%10.N%22%11.N%23%13.N2%14.N3%15	CC(C)[C@@H]1NC1=O.CC(C)[C@@H]1NC1=O.CC(C)[C@H](N)C(=O)N[C@@H](CCCN=C(N)N)C(=O)N[C@@H](CCCN=C(N)N)C(=O)O.CC[C@H](C)[C@@H]1NC1=O.CC[C@H](C)[C@H](N)C(=O)N[C@@H](CC(C)C)C(N)=O.NC(N)=NCCC[C@@H]1NC(=O)[C@H](CS)[C@@H](CCCN=C(N)N)C(=O)C1=O.NC(N)=NCCC[C@@H]1NC1=O.NC(N)=NCCC[C@H](N)C=O
C2(=O)[C@@H]3CCCCN.C%18(=O)[C@@H](N)CCCCN.C%14(=O)[C@H]5CCCN.C%16(=O)[C@@H]7[C@@H](O)CN.C%17(=O)[C@@H]8[C@@H](O)CN.C%12(=O)[C@@H]4C%11.[C@@H]19CCCN1%14.[C@@H]1%10CCCN1%16.c1%11cnc[nH]1.N==C(N)N%19.C%19CC=%10.C%15(=O)C6.C%139=O.N%123.N%134.N%155.N%166.N%177.N%188	INVALID
C3(=O)[C@@H]%19CCCCN.C%14(=O)[C@@H]%20CCCCN.C%44(=O)[C@@H]%22CCCCN.C%47(=O)[C@@H]%26CCCCN.C4(=O)[C@@H]%28CCCCN.C5(=O)[C@@H]%30CCCCN.C6(=O)[C@@H](N)CCCCN.[C@H]%33(CCCCN)C%10=O.c1%43c[nH]c2ccccc12.CC[C@H](C)[C@H]%18C8=O.C%46(=O)[C@@H]%23[C@@H](C)CC.[C@@H]%39(C%15=O)[C@@H](C)CC.[C@H]%40(CC(N)=O)C(N)=O.[C@@H]%32(C9=O)C(C)C.[C@@H]%34(C%11=O)C(C)C.[C@@H]%35(C%12=O)C(C)C.C%45(=O)[C@@H]%24C%42.c1%42ccccc1.C%48(=O)[C@@H]%27C%43.C%48(=O)[C@@H]%28C%44.c1%41cnc[nH]1.[C@H]%38(C)C%16=O.C%25(=O)C%20.N%29C(=N)N.C%49(=O)CN.C%37C%15=O.N3%17.N%14%18.N%25%19.N%36%20.N%44%21.N%45%22.N%46%23.N%47%24.N%48%26.N4%27.N5%28.N6%30.N7%31.N8%32.N9%33.N%10%34.N%11%35.N%12%37.N%13%37.N%15%39.N%16%39.N%17%41	CCC(N)=O.CC[C@H](C)[C@@H]1NC1=O.CC[C@H](C)[C@H](N)C(=O)C(=O)CNC(=O)[C@@H](NC(=O)[C@@H](NC(=O)[C@H](CCCCN)NC(=O)[C@@H](NC(=O)[C@@H](NC(=O)[C@H](CCCCN)CC(=O)N[C@@H](CCCCN)C(=O)NNc1cnc[nH]1)[C@@H](C)CC)C(C)C)C(C)C)C(C)C.N.N.N.N.N=C(N)N.NC(=O)CCC(N)=O.NCC=O.NCCCC[C@H](NC(=O)[C@@H](N)CCCCN)C(N)=O.NCCCC[C@H](NC(=O)[C@H](Cc1ccccc1)NC(=O)[C@@H](N)CCCCN)C(=O)C[C@H]1C(=O)C(=O)[C@H](Cc2c[nH]c3ccccc23)NC(=O)[C@@H]1CCCCN
C2(=O)[C@@H]%19CCCCN.C%13(=O)[C@@H]%21CCCCN.[C@H]%28(CCCCN)C4=O.[C@H]%34(CCCCN)C%10=O.[C@H]%36(CCCCN)C%11=O.CC(C)C[C@H]%18C%50=O.C%24(=O)[C@@H]%20CC(C)C.C%46(=O)[C@@H]%23C(C)C.[C@@H]%27(C3=O)C(C)C.[C@@H]%32(C8=O)C(C)C.[C@@H]%37(C%14=O)C(C)C.[C@@H]%39(C%16=O)[C@@H](C)O.C%46(=O)[C@@H]%22CO.C%48(=O)[C@@H]%26C%44.c1%44ccccc1.C%49(=O)[C@@H](N)C%45.c1%45ccccc1.[C@H]%30(CO)C7=O.N1%11CCC[C@H]1%42.[C@H]%41(CO)C(N)=O.c1%43cnc[nH]1.[C@H]%29(C)C5=O.[C@H]%31(C)C6=O.[C@H]%33(C)C9=O.[C@H]%38(C)C%15=O.C%24(=O)C%20.C%48(=O)C%25.C%12%42=O.N2%18.N%13%19.N%24%20.N%35%21.N%46%22.N%47%23.N%48%25.N%49%26.N%50%27.N3%28.N4%29.N5%30.N6%31.N7%32.N8%33.N9%34.N%10%36.N%12%37.N%14%38.N%15%39.N%16%40.N%17%41	CC(C)C[C@@H]1CC(=O)C1=O.CC(C)C[C@H](NC(=O)[C@H](CCCCN)NC(=O)[C@@H](N)CCCCN)C(=O)N[C@H](C(=O)N[C@@H](CCCCN)C(=O)N[C@@H](C)C(=O)N[C@@H](CO)C(=O)N[C@H](C(=O)N[C@@H](C)C(=O)N[C@@H](CCCCN)C(=O)N[C@@H](CCCCN)C(=O)N1CCC[C@H]1C(=O)N[C@H](C(=O)N[C@@H](C)C(=O)N[C@H](C(N)=O)[C@@H](C)O)C(C)C)C(C)C)C(C)C.CC(C)[C@H](N)C(=O)C(=O)[C@@H](N)CO.C[C@@H]1NC1=O.N.NC(=O)[C@@H](N)CO.NCC(=O)C(=O)[C@H](Cc1ccccc1)NC(=O)[C@@H](N)Cc1ccccc1.c1c[nH]cn1
C%14(=O)[C@@H]%19CCCCN.C%36(=O)[C@@H]%20CCCCN.c1%42c[nH]c2ccccc12.[C@H]%23(CCCCN)C%47=O.[C@H]%26(CCCCN)C4=O.[C@H]%27(CCCCN)C7=O.[C@H]%29(CCCCN)C9=O.[C@H]%31(CCCCN)C%10=O.[C@H]%34(CCCCN)C%13=O.[C@H]%37(CCCCN)C%16=O.CC[C@H](C)[C@H]%17C%45=O.[C@H]%24(CC(C)C)C%48=O.[C@H]%30(CC(C)C)C8=O.[C@H]%33(CC(C)C)C%12=O.C3(=O)[C@@H]%18C%40.[C@@H]1%39CCCN1%36.C%44(=O)[C@@H](N)C%41.c1%41ccccc1.[C@H]%22(CO)C%46=O.[C@H]%28(C%39)C6=O.[C@H]%35(C%43)C%15=O.c1%43ccccc1.C%25(=O)[C@@H]%20C.c1%40cnc[nH]1.[C@H]%28(C)C5=O.[C@H]%32(C)C%11=O.C%25%39=O.N3%17.N%14%18.N%25%19.N%44%20.N%45%21.N%46%22.N%47%23.N%48%24.N4%26.N5%27.N6%28.N7%29.N8%30.N9%31.N%10%32.N%11%33.N%12%34.N%13%35.N%15%37.N%16%38	CC(C)C[C@@H]1NC1=O.CC(C)C[C@@H]1NC1=O.CC(C)C[C@H](NC(=O)[C@H](C)NC(=O)[C@H](CCCCN)NC(=O)[C@H](CCCCN)NC(=O)[C@H](CCCCN)NC(=O)[C@H](C)[C@@H](C[C@@H]1CCCN1C(=O)[C@H](CCCCN)[C@@H](C)C(=O)C=O)C(N)=O)C(=O)N[C@@H](CCCCN)C(=O)N[C@@H](Cc1ccccc1)C(=O)N[C@@H](CCCCN)C(N)=O.CC[C@H](C)[C@H](NC(=O)[C@H](Cc1cnc[nH]1)NC(=O)[C@@H](N)CCCCN)C(N)=O.NC(=O)[C@@H](N)Cc1ccccc1.NCCCC[C@@H]1NC1=O.NCCCC[C@@H]1NC1=O.O=C1N[C@H]1CO.c1ccc2[nH]ccc2c1
C%10(=O)[C@@H]%18CCCN=C(N)N.C%11(=O)[C@@H]4CCCN=C(N)N.[C@H]5(CCCN=C(N)N)C%15=O.c18c[nH]c2ccccc12.c19c[nH]c2ccccc12.C3(=O)[C@@H]%17C8.[C@@H]17CCCN1%13.C%13(=O)[C@@H](N)CO.[C@H]6(C9)C(=O)O.C%127=O.N3%16.N%10%17.N%113.N%124.N%145.N%156	NC(=O)[C@H](CCCN=C(N)N)NC(=O)[C@@H]1CCCN1C(=O)[C@@H](N)CO.NC(=O)[C@H](Cc1c[nH]c2ccccc12)NC(=O)CCCCN=C(N)N.NC(N)=NCCC[C@H](N)C(=O)N[C@@H](Cc1c[nH]c2ccccc12)C(=O)O
[C@H]15NC(=O)CNC(=O)[C@@H]9NC(=O)CNC(=O)[C@H]2CSSC[C@@H](NC1=O)C(=O)N[C@H]%10C(=O)N[C@@H]3CSSC[C@@H]4NC(=O)CNC(=O)[C@H](CSSC[C@@H](NC(=O)[C@@H]%12NC(=O)[C@@H]%13NC1=O)C(=O)N[C@H]%14C(=O)N[C@H]%15C(=O)N[C@H]%16C(=O)N3)C(=O)N[C@H]6C(=O)N2.C9CCN=C(N)N.C%10CCN=C(N)N.C%12CCN=C(N)N.C%14CCN=C(N)N.C5CCN=C(N)N.c17ccccc1.c17ccccc1.c18ccccc1.C%15CCCN.CC[C@H]5C.C6(C)C.C%117.C%148	INVALID
[C@@H]12NC(=O)[C@H]3NC(=O)[C@H]4NC(=O)[C@@H]5NC(=O)[C@H]6NC(=O)[C@H]7NC(=O)[C@H]8NC1=O.C4CCN=C(N)N.C5CCN=C(N)N.C7CCCN.CC(C)C2.C3C=O)O.C6(C)C.C8O	INVALID
c1%13c[nH]c2ccccc12.c1%15c[nH]c2ccccc12.c1%16c[nH]c2ccccc12.[C@H]9(CCCCN)C%22=O.[C@H]%10(CCCCN)C%23=O.c1%17c[nH]c2ccccc12.CC[C@H](C)[C@H]4C%21=O.C%19(=O)[C@@H]8CC(C)C.[C@H]%12(CC(C)C)C(N)=O.C3(=O)[C@@H]5C%13.C%14(=O)[C@@H]6C%15.C%18(=O)[C@@H]7C%16.[C@H]%11(C%17)C%24=O.C%20(=O)CN.N34.N%145.N%186.N%197.N%208.N%219.N%22%10.N%23%11.N%24%12	CC[C@H](C)[C@H](NC(=O)[C@H](Cc1c[nH]c2ccccc12)NC(=O)[C@H](Cc1c[nH]c2ccccc12)NC(=O)[C@H](Cc1c[nH]c2ccccc12)NC(=O)[C@H](CC(C)C)NC(=O)CN)C(=O)N[C@@H](CCCCN)C(=O)N[C@@H](CCCCN)C(=O)N[C@@H](Cc1c[nH]c2ccccc12)C(=O)N[C@@H](CC(C)C)C(N)=O
CC(C)C[C@H]%16C%35=O.[C@H]%18(CC(C)C)C%35=O.[C@H]%20(CCCN)C%50=O.[C@H]%23(CCN)C3=O.[C@H]%28(CCN)C7=O.[C@H]%30(CCN)C8=O.[C@@H]%32(C%10=O)C(C)C.[C@H]%33(CCN)C%12=O.C2(=O)[C@@H]%17C%42.c1%42ccccc1.C%24(=O)[C@@H](N)C%43.c1%43ccccc1.[C@H]%19(C%39)C%46=O.[C@H]%21(C%44)C%51=O.c1%44ccccc1.[C@H]%25(C%40)C3=O.[C@H]%26(C%41)C4=O.[C@H]%29(C%47)C5=O.c1%47ccccc1.[C@H]%31(C%48)C9=O.c1%48ccccc1.[C@H]%33(CO)C%11=O.[C@H]%34(C%43)C%11=O.[C@H]%36(CO)C%14=O.[C@H]%38(C%49)C(N)=O.c1%49ccccc1.c1%39cnc[nH]1.c1%40cnc[nH]1.c1%41cnc[nH]1.[C@H]%28(C)C6=O.C%28C6=O.C%37C%15=O.N2%16.N%13%17.N%24%18.N%35%19.N%46%20.N%50%21.N%51%22.N%52%23.N%53%25.N3%26.N4%27.N5%28.N6%29.N7%30.N8%31.N9%32.N%10%33.N%11%34.N%12%36.N%14%37.N%15%38	CC(C)C[C@H](NC(=O)[C@@H](N)Cc1ccccc1)C(=O)C(=O)[C@H](CC(C)C)NC(=O)[C@@H](N)Cc1ccccc1.CC(C)[C@H](NC(=O)[C@H](Cc1ccccc1)NC(=O)[C@H](CCN)NC(=O)[C@H](CCN)[C@@H](C)C(=O)C(=O)CNC(=O)[C@@H](N)Cc1ccccc1)C(N)=O.C[C@H](N)C(=O)C(=O)[C@H](CO)[C@@H](CCN)C(=O)N[C@@H](CO)C(=O)NCC(=O)N[C@@H](Cc1ccccc1)C(N)=O.NC(=O)[C@@H](N)Cc1cnc[nH]1.NCCC[C@H](NC(=O)[C@@H](N)Cc1cnc[nH]1)C(=O)N[C@@H](Cc1ccccc1)C(N)=O.NCC[C@H](N)C(=O)C(=O)[C@@H](N)Cc1cnc[nH]1
C%14(=O)[C@@H]6CCCN=C(N)N.C%20(=O)[C@@H]9CCCN=C(N)N.[C@H]%11(CCCN=C(N)N)C%24=O.[C@H]%12(CCCN=C(N)N)C(N)=O.C%18(=O)[C@@H]7CCCCN.c1%15c[nH]c2ccccc12.c1%16c[nH]c2ccccc12.NC(=O)CC[C@H]4C%23=O.C3(=O)[C@@H]5C%15.C%21(=O)[C@@H]%10C%16.C%22(=O)[C@@H](N)C%17.c1%17ccccc1.c1%13cnc[nH]1.C%19(=O)C8.N34.N%145.N%186.N%197.N%208.N%219.N%22%10.N%23%11.N%24%12	NCCCC[C@H](NC(=O)CNC(=O)[C@H](CCCN=C(N)N)NC(=O)[C@H](Cc1c[nH]c2ccccc12)NC(=O)[C@@H](N)Cc1ccccc1)C(=O)N[C@@H](CCCN=C(N)N)C(=O)N[C@@H](Cc1c[nH]c2ccccc12)C(=O)N[C@@H](CCC(N)=O)C(=O)N[C@@H](CCCN=C(N)N)C(=O)N[C@@H](CCCN=C(N)N)C(N)=O.c1c[nH]cn1
CCC(C)CCCC3=O.c1%22c[nH]c2ccccc12.[C@H]%18(CCC(=O)O)C5=O.[C@H]%20(C7=O)[C@@H](C)CC.[C@H]8(C%14=O)C(C)C.[C@@H]9(CCN)C%23=O.[C@H]%15(CCN)C%28=O.[C@@H]%16(CCCN)C%29=O.[C@H]%19(C6=O)C(C)C.[C@@H]%11(CO)C%25=O.[C@@H]%12(C%22)C%26=O.[C@H]%13(CO)C%27=O.[C@H]%21(CO)C(=O)O.C8C%22=O.C%10C%24=O.N38.N%149.N%23%10.N%24%11.N%25%12.N%26%13.N%27%15.N%28%16.N%29%17.N4%18.N5%19.N6%20.N7%21	CC(C)[C@@H](CC=O)C(=O)N[C@H](CCN)C(=O)NCC(=O)N[C@H](CO)C(=O)N[C@H](Cc1c[nH]c2ccccc12)C(=O)N[C@@H](CO)C(=O)N[C@@H](CCN)C(=O)N[C@H](CCCN)C(N)=O.CCC(C)CCCC(N)=O.CC[C@H](C)[C@@H](NC(=O)[C@H](NC(=O)[C@@H](N)CCC(=O)O)C(C)C)C(=O)N[C@@H](CO)C(=O)O
CC(C)C[C@H]%14C(=O)O.C2(=O)[C@@H]%15CCC%16.C%44(=O)[C@@H]%17CCC%18.C%46(=O)[C@@H]%19CCC%20.C3(=O)[C@@H]%23CCC%25.C7(=O)[C@@H]%26CCC%27.C8(=O)[C@@H]%28CCC%29.C%11(=O)[C@@H]%30CCN.c1%45ccc(O)cc1.C%11(=O)[C@@H]%32C(C)C.[C@@H]1%33CCCN1%24.[C@@H]1%34CCCN1%35.C%35(=O)[C@@H]%17C%45.[C@@H]1%36CCCN1%44.[C@@H]1%37CCCN1%46.[C@@H]1%38CCCN13.[C@@H]1%39CCCN15.[C@@H]1%40CCCN17.[C@@H]1%41CCCN18.[C@@H]1%42CCCN1%11.c1%43cnc[nH]1.N%16C(=N)N.N%18C(=N)N.N%20C(=N)N.N%22C(=N)N.N%25C(=N)N.N6C(=N)N.N%29C(=N)N.N%32C(=N)N.C%13%33=O.C%24%34=O.C%44%36=O.C%46%37=O.C3%38=O.C4%39=O.C5%40=O.C6%41=O.C9%42=O.C%10%43=O.C%44(=O)O.N2%15.N%13%17.N%46%19.N%47%21.N4%23.N6%26.N9%28.N%10%30.N%12%31	CC(C)CCC(=O)O.CC(C)[C@H](NC(=N)N)C(=O)C(=O)[C@H](CCN)NC(=O)c1cnc[nH]1.CCC[C@H](N)C(=O)N1CCC[C@H]1C(=O)N1CCC[C@H]1C(=O)N[C@@H](CCCNC(=N)N)C(=O)N1CCC[C@H]1C=O.N.N.N=C(N)N.N=C(N)NCCC[C@@H](C(=O)N1CCC[C@H]1C(=O)C(=O)O)[C@@H](Cc1ccc(O)cc1)C(=O)N1CCC[C@H]1C(=O)N1CCC[C@H]1C(N)=O.N=C(N)NCCC[C@@H]1NC(=O)[C@@H]2CCCN2C1=O.N=C(N)NCCC[C@@H]1NC1=O.N=C(N)NCCC[C@H](NC(=O)[C@@H]1CCCN1)C(=O)N1CCC[C@H]1C(=O)NC(=N)N
C%20(=O)[C@@H](N)CCCN=C(N)N.[C@H]%15(CCCN=C(N)N)C(N)=O.C%14(=O)[C@@H]7CCC(N)=O.c1%16c[nH]c2ccccc12.C%19(=O)[C@@H]%10CCCCN.[C@H]%11(CCCCN)C%22=O.[C@H]%13(CCCCN)C4=O.CC[C@H](C)[C@H]5C%21=O.C%17(=O)[C@@H]8[C@@H](C)CC.C3(=O)[C@@H]6C(C)C.[C@@H]%12(C%23=O)C(C)C.C%18(=O)[C@@H]9C%16.N35.N%146.N%177.N%188.N%199.N%20%10.N%21%11.N%22%12.N%23%13.N4%15	CC[C@H](C)[C@H](NC(=O)[C@H](Cc1c[nH]c2ccccc12)NC(=O)[C@H](CCCCN)NC(=O)[C@@H](N)CCCN=C(N)N)C(=O)N[C@@H](CCC(N)=O)C(=O)N[C@H](C(=O)N[C@H](C(=O)N[C@@H](CCCCN)C(=O)N[C@H](C(=O)N[C@@H](CCCCN)C(=O)N[C@@H](CCCN=C(N)N)C(N)=O)C(C)C)[C@@H](C)CC)C(C)C
C3(=O)[C@@H]4CCCN=C(N)N.C%16(=O)[C@@H]7CCCN=C(N)N.C%19(=O)[C@@H]9CCCN=C(N)N.C%20(=O)[C@@H](N)CCCN=C(N)N.c1%11c[nH]c2ccccc12.c1%12c[nH]c2ccccc12.CC[C@H](C)[C@H]%21C(N)=O.C%15(=O)[C@@H]6[C@@H](C)CC.C%14(=O)[C@@H]5C%11.C%17(=O)[C@@H]8C%12.C%18(=O)[C@@H]%10C%13.c1%13ccccc1.N3%21.N%144.N%155.N%166.N%177.N%188.N%199.N%20%10	CC[C@H](C)[C@H](NC(=O)[C@H](CCCN=C(N)N)NC(=O)[C@H](Cc1c[nH]c2ccccc12)NC(=O)[C@@H](NC(=O)[C@H](CCCN=C(N)N)NC(=O)[C@H](Cc1c[nH]c2ccccc12)NC(=O)[C@H](Cc1ccccc1)NC(=O)[C@@H](N)CCCN=C(N)N)[C@@H](C)CC)C(N)=O.NC(N)=NCCC[C@@H]1NC1=O
C%14(=O)[C@@H]%24CCCCN.C4(=O)[C@H]%33CCCCN.C5(=O)[C@@H]%34CCCCN.C8(=O)[C@@H]%38CCCCN.C%11(=O)[C@@H]%41CCCCN.C%16(=O)[C@@H]%45CCCCN.c1%54c[nH]c2ccccc12.C%18(=O)[C@@H]%48CCCCN.CC[C@H](C)[C@H]%22C%20=O.C3(=O)[C@@H]%23CC(C)C.C%25(=O)[C@@H]%26CC(N)=O.C%56(=O)[C@@H]%30CC(C)C.C%12(=O)[C@@H]%42[C@@H](C)CC.C%47(=O)[C@@H]%28[C@@H](C)O.C%57(=O)[C@@H]%31[C@@H](C)O.C%58(=O)[C@@H]%32C(C)C.C%58(=O)[C@@H]%32[C@@H](C)O.C%10(=O)[C@@H]%40[C@@H](C)O.C%55(=O)[C@@H]%29C%51.C7(=O)[C@@H]%37CO.C9(=O)[C@@H]%39C%52.c1%52ccccc1.C%13(=O)[C@@H]%43C%53.c1%53ccccc1.C%15(=O)[C@@H]%44CO.C%17(=O)[C@@H]%46C%54.[C@H]%49(CO)C%21=O.[C@H]%50(CO)C(N)=O.C%36(=O)[C@@H]%27C.c1%51cnc[nH]1.C%19(C)=O.N3%22.N%14%23.N%25%24.N%36%26.N%47%27.N%55%28.N%56%29.N%57%30.N%58%31.N4%32.N5%33.N6%34.N7%35.N8%37.N9%38.N%10%39.N%11%40.N%12%41.N%13%42.N%15%43.N%16%44.N%17%45.N%18%46.N%19%48.N%20%49.N%21%50	CC(C)[C@H]1C(=O)C(=O)[C@@H]1[C@@H](C)O.CC[C@H](C)[C@H](NC(=O)[C@H](CC(C)C)NC(=O)[C@H](CCCCN)NC(=O)[C@H](CC(N)=O)NC(=O)[C@H](C)NC(=O)[C@@H](NC(=O)[C@H](Cc1cnc[nH]1)NC(=O)[C@H](CC(C)C)NC(=O)[C@@H](N)[C@@H](C)O)[C@@H](C)O)C(=O)N[C@@H](CO)C(=O)N[C@@H](CO)C(N)=O.CC[C@H](C)[C@H](NC(=O)[C@H](Cc1ccccc1)NC(=O)[C@H](CO)NC(=O)[C@H](CCCCN)NC(=O)[C@H](Cc1c[nH]c2ccccc12)NC(=O)[C@H](CCCCN)NC(C)=O)C(=O)N[C@@H](CCCCN)C(=O)N[C@H](C(=O)N[C@@H](Cc1ccccc1)C(=O)N[C@@H](CCCCN)C(=O)N[C@@H](CO)C(N)=O)[C@@H](C)O.NCCCC[C@H](N)C(=O)N[C@H](CCCCN)C(N)=O
CCCCCCCC2=O.[C@H]%19(CCC(=O)O)C5=O.[C@H]%20(C7=O)[C@@H](C)CC.[C@H]8(C%13=O)C(C)C.[C@@H]9(CCN)C%24=O.[C@H]%15(CCN)C%29=O.[C@@H]%16(CCN)C%30=O.[C@@H]%21(C7=O)C(C)C.[C@H]%22(CCN)C(=O)O.[C@@H]%11(CO)C%26=O.[C@@H]%12(CO)C%27=O.[C@H]%14(CO)C%28=O.[C@H]%21(C%25)C4=O.c1%25ccccc1.[C@H]%17(C)C3=O.C%10C%24=O.C%23C8=O.N28.N%139.N%24%10.N%26%11.N%27%12.N%28%14.N%29%15.N%30%16.N%31%17.N%32%18.N3%19.N4%20.N5%21.N6%22.N7%23	CC(C)[C@@H](C(=O)CN)C(=O)N[C@H](CCN)C(=O)C(=O)CN.CCCCCCCC(N)=O.CC[C@H](C)[C@H]1NC(=O)[C@H](Cc2ccccc2)[C@@H](C(C)C)C(=O)C1=O.C[C@H](N)C(=O)N[C@@H](CCC(=O)O)C(N)=O.N.NCC[C@@H]1NC1=O.NCC[C@H](N)C(=O)O.NCC[C@H]1NC1=O.O=C1N[C@@H]1CO.O=C1N[C@@H]1CO.O=C1N[C@H]1CO
C3(=O)[C@@H]%13CCCCN.C%14(=O)[C@@H]%15CCCCN.C%37(=O)[C@@H]%18CCCCN.c1%33c[nH]c2ccccc12.C%41(=O)[C@@H](N)CCCCN.[C@H]%29(CCCCN)C4=O.CC[C@H](C)[C@H]%12C%42=O.C%35(=O)[C@@H]%17[C@@H](C)CC.C%38(=O)[C@@H]%19[C@@H](C)CC.C%39(=O)[C@@H]%21[C@@H](C)CC.[C@H]%27(CC(C)C)C7=O.[C@H]%30(CC(C)C)C%11=O.C%25(=O)[C@@H]%16C%32.c1%32ccccc1.C%40(=O)[C@@H]%22C%33.[C@H]%24(C%34)C5=O.c1%34ccccc1.[C@H]%28(C%31)C9=O.[C@H]%31(C%35)C(N)=O.c1%35ccccc1.c1%32cnc[nH]1.N%20C(=N)N.N%23C(=N)N.C%26C6=O.N3%12.N%14%13.N%25%15.N%36%16.N%37%18.N%38%18.N%39%19.N%40%21.N%41%22.N4%24.N5%26.N6%27.N7%27.N8%28.N9%29.N%10%30.N%11%31	CC(C)C[C@H](N)C(N)=O.CC[C@H](C)CC(=O)C[C@H](C[C@H](N)C(=O)N[C@@H](CCCCN)C(=O)N[C@@H](Cc1ccccc1)C(=O)NCC(=O)N[C@@H](CC(C)C)C(N)=O)C(N)=O.CC[C@H](C)[C@@H](C=O)NC(=O)[C@H](CCCCN)NC(=O)[C@H](CCCCN)NC(=O)[C@@H](N)Cc1ccccc1.CC[C@H](C)[C@H](NC(=O)[C@@H](NC(=O)[C@H](Cc1c[nH]c2ccccc12)NC(=O)[C@@H](N)CCCCN)[C@@H](C)CC)C(N)=O.N=C(N)N.N=C(N)N.NCCCC[C@@H]1NC1=O.c1c[nH]cn1.c1ccccc1
[C@H]1%18NC(=O)[C@@H]%19NC(=O)[C@@H]%20NC(=O)[C@@H]%21NC(=O)[C@H]2CSSC[C@@H]%15C(=O)N[C@H]%22C(=O)N[C@H]%22C(=O)N[C@H]%23C(=O)N[C@H]%24C(=O)N[C@H]%25C(=O)N[C@H]%26C(=O)NCC(=O)N1CCC[C@@H]1C(=O)N[C@H]%28C(=O)N1CCC[C@@H]1C(=O)N2CCC[C@@H]2C(=O)N[C@H]%29C(=O)NCC(=O)N[C@H]%30C(=O)N2)NC(=O)[C@@H]%31NC(=O)[C@@H]%32NC(=O)[C@@H]%33NC1=O.C%16(=O)[C@H]7CCCCN.C%27(=O)[C@H](N)CCC(N)=O.c1%35c[nH]c2ccccc12.c1%37c[nH]c2ccccc12.[C@@H]%11(CCCCN)C%41=O.C%38(=O)[C@H]8[C@H](C)CC.C%42(=O)[C@H]%14CC(=O)O.C%23CCN=C(N)N.C%28CCN=C(N)N.C%33CCN=C(N)N.[C@@H]9(CO)C%38=O.[C@@H]9(C%36)C%42=O.c1%36ccccc1.[C@@H]%10(C%39)C%40=O.c1%39ccccc1.C%29CCCN.C%31CCCN.CC[C@H]%18C.C%41(=O)C%12.C%10C%45=O.[C@@H]%22(C)CC.C%23C(N)=O.C%24C(N)=O.C%36C(N)=O.C5%17=O.C%19O.C%20%35.C%21O.S%24C.C%25O.C%28%34.N57.N%168.N%279.N%38%10.N%41%11.N%42%12.N%43%13.N%44%14.N6%14.N7%15.C8O.C%32%39	INVALID
C%33(=O)[C@@H]%15CCCN=C(N)N.[C@H]%19(CCCN=C(N)N)C5=O.[C@H]%21(CCCN=C(N)N)C%10=O.[C@H]%17(CCC(N)=O)C3=O.CC[C@H](C)[C@H]%11C%36=O.C%34(=O)[C@@H]%16CC(C)C.[C@H]%22(CC(C)C)C(=O)O.c1%31ccc(O)cc1.C%13(=O)[C@@H]%14C(C)C.C2(=O)[C@@H]%12C%31.[C@@H]1%23CCCN1%33.C%35(=O)[C@@H](N)C%32.N1%37CCC[C@H]1%25.N1%37CCC[C@H]1%26.N13CCC[C@H]1%27.[C@H]%18(C%30)C4=O.N15CCC[C@H]1%28.N16CCC[C@H]1%29.[C@H]%20(C%31)C8=O.N18CCC[C@H]1C.c1%30cnc[nH]1.C%24%23=O.C%38%25=O.C4%26=O.C6%27=O.C7%28=O.C9%29=O.N2%11.N%13%12.N%24%14.N%34%15.N%35%16.N%36%17.N%38%18.N4%19.N7%20.N9%21.N%10%22	CC[C@H](C)[C@H](NC(=O)[C@H](Cc1ccc(O)cc1)NC(=O)[C@@H](NC(=O)[C@@H]1CCCN1C(=O)[C@H](CCCN=C(N)N)NC(=O)[C@H](CC(C)C)NC(=O)[C@H](C)N)C(C)C)C(=O)N[C@@H](CCC(N)=O)C(=O)N1CCC[C@H]1C(=O)N1CCC[C@H]1C(=O)N[C@@H](CCCN=C(N)N)C(=O)N[C@@H](CC(C)C)C(=O)O.C[C@H](NC(=O)[C@@H]1CCCN1C(=O)[C@@H](N)CCCN=C(N)N)C(=O)N1CCC[C@H]1C.O=C1C(=O)[C@@H]2CCCN2N2CCC[C@H]2C(=O)N[C@H]1Cc1cnc[nH]1
C%14(=O)[C@@H]%24CCCCN.C4(=O)[C@@H]%32CCC(=O)O.C7(=O)[C@@H]%35CCCCN.C7(=O)[C@@H]%37CCCCN.C%12(=O)[C@@H]%42CCCCN.C%16(=O)[C@@H]%43CCCCN.C%18(=O)[C@@H]%45CCCCN.c1%52c[nH]c2ccccc12.[C@H]%48(CCC(N)=O)C(N)=O.CC[C@H](C)[C@H]%21C%20=O.C3(=O)[C@@H]%22CC(C)C.C%36(=O)[C@@H]%26CC(C)C.C%10(=O)[C@@H]%39[C@@H](C)CC.C%11(=O)[C@@H]%41CC(N)=O.C%47(=O)[C@@H]%27[C@@H](C)O.C%54(=O)[C@@H]%28[C@@H](C)O.C%55(=O)[C@@H]%30C(C)C.C%56(=O)[C@@H]%31C(C)C.C8(=O)[C@@H]%38C(C)C.C9(=O)[C@@H]%38C%50.c1%50ccccc1.C%13(=O)[C@@H]%42CO.C%17(=O)[C@@H]%44C%51.c1%51ccccc1.C%18(=O)[C@@H]%46C%52.C%19(=O)[C@@H](N)CO.C%25(=O)[C@@H]%23C.c1%49cnc[nH]1.C6(=O)C%33.C%16(=O)C%44.N3%21.N%14%22.N%25%23.N%36%24.N%47%26.N%53%27.N%54%28.N%55%29.N%56%30.N4%31.N5%32.N6%33.N7%34.N8%35.N9%37.N%10%38.N%11%39.N%12%40.N%13%41.N%15%42.N%16%43.N%17%44.N%18%45.N%19%46.N%20%48	CC(C)[C@H](NC(=O)[C@@H](NC(=O)[C@@H](N)CCC(=O)O)C(C)C)C(N)=O.CC(C)[C@H]1C(=O)N[C@@H](CCCCN)C(=O)C(=O)[C@H](CCCCN)NC(=O)[C@@H]1Cc1ccccc1.CC[C@H](C)[C@H](NC(=O)[C@H](CC(C)C)NC(=O)[C@H](CCCCN)NC(=O)[C@H](CC(C)C)NC(=O)[C@@H](N)[C@@H](C)O)C(=O)N[C@@H](CCC(N)=O)C(N)=O.CC[C@H](C)[C@H](NC(=O)[C@H](CC(N)=O)NC(=O)[C@H](CO)[C@@H](CCCCN)C(N)=O)C(N)=O.C[C@@H](O)[C@@H]1NC1=O.C[C@@H]1NC1=O.N.N.NCCCC[C@H](N)C(=O)C(=O)C[C@@H](Cc1ccccc1)C(N)=O.NCCCC[C@H](N)C(=O)C(=O)[C@H](Cc1c[nH]c2ccccc12)NC(=O)[C@@H](N)CO.O=C1CN1.c1c[nH]cn1
C%46(=O)[C@@H]%25CCCCN.C3(=O)[C@@H]%34CCCCN.C7(=O)[C@@H]%38CCC(=O)O.C8(=O)[C@@H]%39CCCCN.C%10(=O)[C@@H]%42CCC(=O)O.C%16(=O)[C@@H]%45CCCCN.C%15(=O)[C@@H]%45CCCCN.C%20(=O)[C@@H]%50CCCCN.CC[C@H](C)[C@H]%22C(=O)O.C%13(=O)[C@@H]%26[C@@H](C)CC.C%35(=O)[C@@H]%27[C@@H](C)CC.C%56(=O)[C@@H]%30CC(C)C.C8(=O)[C@@H]%39[C@@H](C)CC.C%57(=O)[C@@H]%31C(C)C.C%57(=O)[C@@H]%32C(C)C.C9(=O)[C@@H]%39CC%51.C9(=O)[C@@H]%40[C@@H](C)O.C%11(=O)[C@@H]%41[C@@H](C)O.C%16(=O)[C@@H]%48CC%52.C%18(=O)[C@@H]%49[C@@H](C)O.C%17(=O)[C@@H]%48C%54.c1%54ccccc1.C%21(=O)[C@@H](N)C%53.C%24(=O)[C@@H]%27C.C%56(=O)[C@@H]%31C.C%17(=O)[C@@H]%47C.c1%53cnc[nH]1.C%58(=O)C%29.C6(=O)C%37.C%19(=O)C%52.N2%22.N%13%23.N%24%25.N%35%26.N%46%27.N%55%28.N%56%29.N%57%30.N%58%31.N3%32.N4%33.N5%34.N6%36.N7%37.S%52C.N8%38.N9%39.N%10%40.N%11%41.N%12%42.N%14%43.N%15%44.N%16%45.N%17%47.N%18%48.N%19%49.N%20%50.N%21%51	CC(C)C[C@H](N)C(=O)C(=O)[C@H](C)[C@H](C(=O)C(=O)[C@@H](NC(=O)[C@@H](N)CCCCN)C(C)C)C(C)C.CC[C@H](C)[C@@H](C(=O)N[C@H](C(N)=O)[C@@H](C)CC)[C@@H](C)C(=O)N[C@@H](CCCCN)C(N)=O.CC[C@H](C)[C@H](N)C(=O)O.CC[C@H](C)[C@H]1C(=O)C(=O)[C@@H]1CCCCN.CS.C[C@@H](O)[C@@H]1NC1=O.C[C@@H](O)[C@H](NC(=O)[C@@H](N)CCC(=O)O)C(=O)C(=O)[C@@H](N)CCNC(=O)[C@@H](N)Cc1cnc[nH]1.C[C@H](N)C(=O)C(=O)[C@H](Cc1ccccc1)[C@@H](CCCC(=O)N[C@H](C(N)=O)[C@@H](C)O)C(=O)C(=O)[C@H](CCCCN)[C@@H](CCCCN)C(N)=O.N.N.N.N.NC(=O)CNC(=O)[C@@H](N)CCC(=O)O.NCC(N)=O.NCCCC[C@@H]1NC1=O
C%14(=O)[C@@H]%24CCCCN.c1%54c[nH]c2ccccc12.C%47(=O)[C@@H](N)CCCCN.[C@H]%29(CCCCN)C%57=O.[C@H]%30(CCCCN)C%58=O.[C@H]%34(CCCCN)C6=O.[C@H]%37(CCCCN)C9=O.[C@H]%41(CCCCN)C%13=O.[C@H]%48(CCCCN)C%21=O.C%36(=O)[C@@H]%27CC(C)C.[C@H]%31(CC(C)C)C%59=O.[C@H]%39(CC(C)C)C%10=O.[C@H]%42(CC(C)C)C%17=O.[C@H]%45(CC(C)C)C%17=O.C%51C[C@H]%22C%56=O.[C@@H]%32(C4=O)[C@@H](C)O.[C@@H]%38(C%11=O)C(C)C.[C@@H]%40(C%12=O)C(C)C.[C@@H]%43(C%16=O)[C@@H](C)O.[C@@H]%50(C(=O)O)C(C)C.C%25(=O)[C@@H]%26CO.C%36(=O)[C@@H]%28C%54.[C@H]%33(CO)C5=O.N1%16CCC[C@H]1%52.[C@H]%32(C)C5=O.[C@H]%44(C)C%19=O.C3(=O)C%23.C%46C%20=O.C%15%52=O.C%18%53=O.CS%51.N3%22.N%14%23.N%25%24.N%36%26.N%47%27.N%55%28.N%56%29.N%57%30.N%58%31.N4%32.N5%33.N6%34.N7%35.N8%37.N9%38.N%10%39.N%11%40.N%12%41.N%13%42.N%15%43.N%17%44.N%18%45.N%19%46.N%20%48.N%21%49.N%50%50	CC(C)C[C@@H]1NC1=O.CC(C)C[C@H](NC(=O)[C@@H](N)CCCCN)C(=O)C(=O)[C@@H](N)Cc1c[nH]c2ccccc12.CC(C)C[C@H](NC=O)C(=O)C(=O)[C@H](CC(C)C)NC(=O)[C@H](CCCCN)NC(=O)[C@@H](NC(=O)[C@@H](NC(=O)[C@@H](N)CCCCN)C(C)C)C(C)C.CC(C)[C@H](N)C(=O)O.CSCC[C@H](NC(=O)CNC(=O)[C@H](CCCCN)NC(=O)[C@@H](N)CO)C(=O)N[C@@H](CCCCN)C(=O)N[C@@H](CCCCN)C(=O)N[C@H](C=O)CC(C)C.C[C@@H](O)[C@@H](C(N)=O)[C@@H](C)C(=O)C(=O)[C@@H](N)CO.C[C@@H](O)[C@@H]1NC(=O)[C@@H]2CCCN2C1=O.C[C@H](N)C(=O)NCC(=O)N[C@@H](CCCCN)C(N)=O.N.NCCCC[C@@H]1NC1=O
C3(=O)[C@@H]8CCCN=C(N)N.C%14(=O)[C@@H]9CCCN=C(N)N.C%27(=O)[C@@H]%12CCCN=C(N)N.C%29(=O)[C@@H](N)CCCN=C(N)N.[C@H]%15(CCCN=C(N)N)C%31=O.[C@H]%16(CCCN=C(N)N)C%31=O.[C@H]%17(CCCN=C(N)N)C4=O.[C@H]%19(CCCN=C(N)N)C6=O.c1%21c[nH]c2ccccc12.c1%22c[nH]c2ccccc12.c1%23c[nH]c2ccccc12.CC[C@H](C)[C@H]7C%30=O.C%25(=O)[C@@H]%10[C@@H](C)CC.C%25(=O)[C@@H]%11C%21.C%28(=O)[C@@H]%13C%22.[C@H]%18(C%23)C5=O.[C@H]%20(C%24)C(N)=O.c1%24ccccc1.N38.N%149.N%25%10.N%26%11.N%27%12.N%28%13.N%29%15.N%30%16.N%31%17.N4%18.N5%19.N6%20	CC[C@H](C)CC(=O)N[C@@H](CCCN=C(N)N)C(=O)C(=O)[C@H](CCCN=C(N)N)NC(=O)[C@@H](N)CCCN=C(N)N.CC[C@H](C)[C@H](N)C(=O)C(=O)[C@@H](N)Cc1c[nH]c2ccccc12.NC(=O)[C@H](Cc1ccccc1)NC(=O)[C@H](CCCN=C(N)N)NC(=O)[C@H](Cc1c[nH]c2ccccc12)NC(=O)[C@@H](N)CCCN=C(N)N.NC(N)=NCCC[C@@H]1NC1=O.NC(N)=NCCC[C@@H]1NC1=O.NC(N)=NCCC[C@@H]1NC1=O.O=C1N[C@H]1Cc1c[nH]c2ccccc12
[C@H]5(CCCN=C(N)N)C%16=O.[C@H]9(CCCN=C(N)N)C%20=O.[C@H]%11(CCCN=C(N)N)C%22=O.[C@H]6(CCCCN)C%17=O.[C@H]%14(CCCCN)C3=O.[C@H]%15(CCCCN)C(N)=O.CC[C@H](C)[C@H]4C%12=O.[C@H]%13(CC(C)C)C2=O.[C@H]%10(CC(C)C)C%21=O.[C@H]8(CO)C%18=O.C1(=O)[C@H](C)N.[C@H]7(C)C%19=O.N%125.N%166.N%177.N%188.N%199.N%20%10.N%21%11.N%22%13.N%23%14.N3%15	CC[C@H](C)CC(=O)N[C@@H](CCCN=C(N)N)C(=O)N[C@@H](CCCCN)C(=O)N[C@@H](C)C(=O)N[C@@H](CCCN=C(N)N)C(=O)N[C@@H](CC(C)C)C(=O)N[C@@H](CCCN=C(N)N)C(=O)N[C@H](C=O)CC(C)C.C[C@H](N)C=O.NCCCC[C@H](NC(=O)[C@@H](N)CCCCN)C(N)=O.O=C1N[C@H]1CO
C3(=O)[C@@H]6CCCN=C(N)N.C%14(=O)[C@@H]7CCCCN.c1%15c[nH]c2ccccc12.[C@H]%10(CCCCN)C%23=O.[C@H]%11(CCCCN)C%24=O.c1%18c[nH]c2ccccc12.CC[C@H](C)[C@H]5C%21=O.[C@H]%15(CC(C)C)C(N)=O.C%19(=O)[C@@H]8CCO.C%20(=O)[C@@H](N)C%16.c1%16ccccc1.[C@H]9(C%17)C%22=O.c1%17ccccc1.[C@H]%12(C%18)C%25=O.N35.N%146.N%197.N%208.N%219.N%22%10.N%23%11.N%24%12.N%25%13.N4%15	CC(C)C[C@@H](C(N)=O)c1c[nH]c2ccccc12.CC[C@H](C)[C@H](NC(=O)[C@H](CCCN=C(N)N)NC(=O)[C@H](CCCCN)NC(=O)[C@H](CCO)NC(=O)[C@@H](N)Cc1ccccc1)C(=O)N[C@@H](Cc1ccccc1)C(=O)N[C@@H](CCCCN)C(=O)N[C@@H](CCCCN)C(=O)N[C@@H](Cc1c[nH]c2ccccc12)C(N)=O.N
CCCCC)CCCCC3=O.c1%22c[nH]c2ccccc12.[C@H]%18(CCC(=O)O)C5=O.[C@H]%20(C7=O)[C@@H](C)CC.[C@H]8(C%14=O)C(C)C.[C@@H]9(CCN)C%24=O.[C@H]%15(CCN)C%29=O.[C@@H]%16(CCN)C%30=O.[C@@H]%19(C6=O)C(C)C.[C@@H]%11(CO)C%26=O.[C@@H]%12(C%22)C%27=O.[C@H]%13(CO)C%28=O.[C@H]%17(C%23)C4=O.c1%23ccccc1.[C@H]%21(C)C(=O)O.C%10C%25=O.N38.N%149.N%24%10.N%25%11.N%26%12.N%27%13.N%28%15.N%29%16.N%30%17.N4%18.N5%19.N6%20.N7%21	INVALID
CCCCCCCCCCCCCC3=O.[C@H]8(CCCN=C(N)N)C%24=O.[C@H]9(CCCN=C(N)N)C%25=O.[C@H]%16(CCCN=C(N)N)C4=O.[C@H]%18(CCCN=C(N)N)C6=O.C7CCC[C@H](N)C%14=O.c1%20c[nH]c2ccccc12.[C@H]%12(CCN)C%26=O.[C@H]%13(CCCCN)C%28=O.[C@H]%15(CCCCN)C%29=O.c1%21c[nH]c2ccccc12.c1%22c[nH]c2ccccc12.[C@H]%11(C%20)C%27=O.c1%20ccccc1.[C@H]%17(C%21)C5=O.[C@H]%19(C%22)C(N)=O.N37.N%148.N%239.N%24%10.N%25%11.N%26%12.N%27%13.N%28%15.N%29%16.N4%17.N5%18.N6%19	CCCCCCCCCCCCCC(=O)NCCCC[C@H](N)C(=O)N[C@@H](CCCN=C(N)N)C(N)=O.NCCCC[C@H](NC(=O)[C@H](CCCCN)NC(=O)[C@H](Cc1c[nH]c2ccccc12)NC(=O)[C@@H](N)CCCN=C(N)N)C(=O)N[C@@H](CCCN=C(N)N)C(=O)N[C@@H](Cc1c[nH]c2ccccc12)C(=O)N[C@@H](CCCN=C(N)N)C(=O)N[C@@H](Cc1c[nH]c2ccccc12)C(N)=O.NCC[C@@H]1NC1=O.c1ccccc1
C2(=O)[C@@H]6CCCN=C(N)N.C%20(=O)[C@@H]%10CCCN=C(N)N.C%22(=O)[C@@H]%12CCCN=C(N)N.C%23(=O)[C@@H](N)CCCN=C(N)N.[C@H]%15(CCCN=C(N)N)C4=O.[C@H]%16(CCCN=C(N)N)C(=O)O.CC[C@H](C)[C@H]5C%24=O.C%13(=O)[C@@H]7[C@@H](C)CC.C%19(=O)[C@@H]9[C@@H](C)CC.C%21(=O)[C@@H]%11[C@@H](C)CC.C%21(=O)[C@@H]%11[C@@H](C)CC.C%18(=O)[C@@H]8C%17.c1%17ccccc1.N25.N%136.N%187.N%198.N%209.N%21%10.N%22%11.N%23%12.N%24%14.N3%15.N4%16	CC[C@H](C)[C@H](NC(=O)[C@H](CCCN=C(N)N)NC(=O)[C@@H](NC(=O)[C@H](Cc1ccccc1)NC(=O)[C@@H](NC(=O)[C@@H](N)CCCN=C(N)N)[C@@H](C)CC)[C@@H](C)CC)C(N)=O.CC[C@H](C)[C@H]1C(=O)C(=O)[C@@H]1[C@@H](C)CC.NC(=O)[C@H](CCCN=C(N)N)NC(=O)[C@@H](N)CCCN=C(N)N.NC(N)=NCCC[C@H](NC(=O)[C@@H](N)CCCN=C(N)N)C(=O)O
C2(=O)[C@@H]5CCCCN.C%22(=O)[C@@H](N)CCCCN.[C@H]%12(CCCCN)C(=O)O.C%18(=O)[C@H]7CCCN.C%20(=O)[C@H]9CCCN.C%21(=O)[C@@H]%10[C@@H](O)CN.C=%15(N2)C%23=O.C%13(=O)[C@@H]6C%16.[C@@H]1%14CCCN1%18.c1%16cnc[nH]1.C%12CCCN.N=C(N)N4.C4CC=%15.C%19(=O)C8.C%17%14=O.N%135.N%176.N%197.N%208.N%219.N%22%10.N%23%11.N3%12	N.N=C(N)NCCC=C(NC(=O)[C@H](CCCCN)NC(=O)[C@H](Cc1cnc[nH]1)NC(=O)[C@@H]1CCCN1C(=O)[C@@H](CCCN)NC(=O)CNC(=O)[C@@H](CCCN)NC(=O)[C@@H](NC(=O)[C@@H](N)CCCCN)[C@@H](O)CN)C(N)=O.NCCCCC(CCCCN)C(=O)O
C%13(=O)[C@@H]%18CCCN=C(N)N.[C@H]%33(CCCN=C(N)N)C%11=O.[C@H]%29(CCCCN)C7=O.CC[C@H](C)[C@H]%16C%49=O.C%35(=O)[C@@H]%19[C@@H](C)CC.C%35(=O)[C@@H]%20CC(N)=O.[C@H]%34(CC(C)C)C%12=O.[C@@H]%25(C3=O)C(C)C.[C@@H]%27(C5=O)C(C)C.[C@@H]%30(C8=O)[C@@H](C)O.[C@@H]%36(C%14=O)C(C)C.[C@@H]%37(C%15=O)[C@@H](C)O.C%24(=O)[C@@H]%19C%43.c1%43ccccc1.C%45(=O)[C@@H]%21C%39.C%46(=O)[C@@H]%22C%40.C%47(=O)[C@@H]%23C%44.c1%44ccccc1.[C@H]%26(C%41)C3=O.[C@H]%26(C%41)C4=O.[C@H]%32(C%42)C%10=O.c1%39cnc[nH]1.c1%40cnc[nH]1.c1%41cnc[nH]1.c1%42cnc[nH]1.C2(=O)C%17.C%28C6=O.C%38C(=O)O.N2%16.N%13%17.N%24%18.N%35%19.N%45%20.N%46%21.N%47%22.N%48%23.N%49%25.N3%26.N4%27.N5%28.N6%29.N7%30.N8%31.N9%32.N%10%33.N%11%34.N%12%36.N%14%37.N%15%38	CC(C)C[C@H](NC(=O)[C@H](CCCN=C(N)N)NC(=O)[C@@H](N)Cc1cnc[nH]1)C(=O)N[C@H](C(=O)N[C@H](C(=O)NCC(=O)O)[C@@H](C)O)C(C)C.CC[C@H](C)[C@@H](C(=O)C(=O)[C@H](CC(N)=O)NC(=O)[C@H](Cc1cnc[nH]1)NC(=O)[C@H](Cc1cnc[nH]1)NC(=O)[C@@H](N)Cc1ccccc1)[C@@H](Cc1ccccc1)C(=O)N[C@@H](CCCN=C(N)N)C(=O)NCC(=O)N[C@H](C(=O)N[C@H](C(=O)C(=O)[C@@H]1CC[C@H]1C(=O)N[C@H](C(=O)NCC(=O)N[C@@H](CCCCN)C(=O)N[C@H](C(N)=O)[C@@H](C)O)C(C)C)C(C)C)[C@@H](C)CC.N.N.c1c[nH]cn1
C2(=O)[C@@H]%10CCCN=C(N)N.C%13(=O)[C@@H](N)CCCN=C(N)N.[C@H]%11(CCCN=C(N)N)C%26=O.[C@H]%12(CCCN=C(N)N)C%28=O.[C@H]%14(CCCN=C(N)N)C%31=O.[C@H]%15(CCCN=C(N)N)C5=O.[C@H]%17(CCCN=C(N)N)C7=O.[C@H]%18(CCCN=C(N)N)C(=O)O.CC[C@H](C)[C@H]9C%24=O.[C@H]%15(CC(C)C)C3=O.N1%26CCC[C@H]1%19.N1%28CCC[C@H]1%20.N1%29CCC[C@H]1%21.N13CCC[C@H]1%22.[C@H]%16(CO)C6=O.N17CCC[C@H]1%25.C%27%19=O.C%29%20=O.C%30%21=O.C4%22=O.C6%23=O.C8%25=O.N29.N%13%10.N%24%11.N%27%12.N%30%14.N%31%15.N4%16.N6%17.N8%18	CC(C)C[C@@H](C(=O)N1CCC[C@H]1C(=O)N[C@@H](CO)C(=O)C=O)[C@H](C=O)CCCN=C(N)N.CC[C@H](C)[C@H](NC(=O)[C@H](CCCN=C(N)N)NC(=O)[C@@H](N)CCCN=C(N)N)C(=O)N[C@@H](CCCN=C(N)N)C(=O)N1CCC[C@H]1C(=O)N[C@@H](CCCN=C(N)N)C(=O)N1CCC[C@H]1C(=O)N1CCC[C@H]1C(=O)N[C@@H](CCCN=C(N)N)C(N)=O.NC(N)=NCCC[C@H](NC(=O)[C@@H]1CCCN1C(=O)[C@@H](N)CCCN=C(N)N)C(=O)O
C%13(=O)[C@@H]%18CCCN=C(N)N.[C@H]%36(CCCN=C(N)N)C%12=O.C%35(=O)[C@@H]%20CCCCN.C%45(=O)[C@@H]%21CCCCN.C7(=O)[C@@H]%30CCCCN.C8(=O)[C@@H](N)CCCCN.[C@H]%31(CCCCN)C%10=O.[C@H]%34(CCCCN)C%14=O.CC[C@H](C)[C@H]%16C9=O.C%24(=O)[C@@H]%19CC(C)C.C3(=O)[C@@H]%26CC(C)C.C5(=O)[C@@H]%28[C@@H](C)C.[C@H]%32(CC(N)=O)C%11=O.C%45(=O)[C@@H]%22C(C)C.C%46(=O)[C@@H]%25[C@@H](C)O.C2(=O)[C@@H]%17C%39.c1%39ccccc1.[C@@H]1%38CCCN1%45.C%47(=O)[C@@H]%23CO.C4(=O)[C@@H]%27C%40.c1%40ccccc1.C6(=O)[C@@H]%29C%41.c1%41ccccc1.[C@H]%37(C%42)C(=O)O.c1%42ccccc1.C%46(=O)C%23.C%44%38=O.N2%16.N%13%17.N%24%18.N%35%19.N%43%20.N%44%21.N%46%22.N%47%23.N3%25.N4%26.N5%27.N6%28.N7%29.N8%30.N9%31.N%10%32.N%11%33.N%12%34.N%14%36.N%15%37	CC(C)C[C@H](NC(=O)[C@H](Cc1ccccc1)NC(=O)[C@@H](NC(=O)[C@H](Cc1ccccc1)NC(=O)[C@H](CCCCN)NC(=O)[C@@H](N)CCCCN)C(C)C)C(=O)N[C@H](C(=O)C(=O)C[C@@H](CO)C(N)=O)[C@@H](C)O.CC(C)[C@H](N)C(=O)C(=O)[C@H](CCCCN)NC(=O)[C@@H]1CCCN1.CC[C@H](C)[C@H](NC(=O)[C@H](Cc1ccccc1)NC(=O)[C@H](CCCN=C(N)N)NC(=O)[C@H](CC(C)C)NC(=O)[C@@H](N)CCCCN)C(=O)N[C@@H](CCCCN)C(=O)N[C@@H](CC(N)=O)C(N)=O.NCCCC[C@@H]1NC(=O)[C@H](CCCN=C(N)N)NC1=O.N[C@@H](Cc1ccccc1)C(=O)O
C2(=O)[C@@H]%14CCCN=C(N)N.C%13(=O)[C@@H]%15CCCN=C(N)N.C%35(=O)[C@@H]%16CCCN=C(N)N.C%37(=O)[C@@H]%17CCCN=C(N)N.C5(=O)[C@@H]%20CCCN=C(N)N.[C@H]%26(CCCN=C(N)N)C(N)=O.C6(=O)[C@@H]%21CCCCN.CC[C@H](C)[C@H]%12C9=O.C%39(=O)[C@@H]%18CC(C)C.C7(=O)[C@@H]%22CC(=O)O.[C@H]%25(CC(N)=O)C%11=O.c1%32ccc(O)cc1.C8(=O)[C@@H](N)C(C)C.c1%33ccc(O)cc1.[C@@H]1%27CCCN1%34.[C@@H]1%28CCCN1%35.[C@@H]1%29CCCN1%37.[C@@H]1%30CCCN1%39.C3(=O)[C@@H]%19C%32.[C@@H]1%31CCCN15.[C@H]%23(C%33)C%10=O.C%24%27=O.C%34%28=O.C%36%29=O.C%38%30=O.C4%31=O.N2%12.N%13%14.N%24%15.N%36%16.N%38%17.N3%18.N4%19.N6%20.N7%21.N8%22.N9%23.N%10%25.N%11%26	CC[C@H](C)[C@H](NC(=O)[C@H](CCCN=C(N)N)NC(=O)[C@H](CCCN=C(N)N)NC(=O)[C@@H]1CCCN1C(=O)[C@@H]1CCCN1C(=O)[C@H](CCCN=C(N)N)NC(=O)[C@@H]1CCCN1C(=O)[C@H](CCCN=C(N)N)NC(=O)[C@@H]1CCCN1C(=O)[C@H](CC(C)C)NC(=O)[C@H](Cc1ccc(O)cc1)NC(=O)[C@@H]1CCCN1C(=O)[C@H](CCCN=C(N)N)NC(=O)[C@H](CCCCN)NC(=O)[C@H](CC(=O)O)NC(=O)[C@@H](N)C(C)C)C(=O)N[C@@H](Cc1ccc(O)cc1)C(=O)N[C@@H](CC(N)=O)C(=O)N[C@@H](CCCN=C(N)N)C(N)=O
C%28(=O)[C@@H]%14CCC(N)=O.CC[C@H](C)[C@H]7C%31=O.C%13(=O)[C@@H]%10CC(N)=O.C%30(=O)[C@@H](N)CCC%15.[C@H]%17(CC(N)=O)C3=O.[C@H]%18(CCC%19)C4=O.[C@@H]%19(C5=O)[C@@H](C)CC.[C@H]%21(CC(C)C)C(N)=O.c1%25ccc(O)cc1.c1%26ccc(O)cc1.C2(=O)[C@@H]9CS.C%27(=O)[C@@H]%12C%25.C%29(=O)[C@@H]%16C%23.[C@H]%16(C%26)C%32=O.[C@H]%20(C%26)C6=O.N16CCC[C@H]1%22.c1%23cnc[nH]1.N%20C(=N)N.C7%22=O.N28.N%139.N%24%10.N%27%11.N%28%12.N%29%14.N%30%15.N%31%16.N%32%17.N4%18.N5%20.N7%21	CC(C)C[C@H](N)C(N)=O.CC[C@H](C)[C@@H](C(N)=O)C(=O)[C@@H]1CCCN1C(=O)[C@H](C)NC(=N)N.CC[C@H](C)[C@H](CCC[C@@H]1NC1=O)C(N)=O.NC(=O)CC[C@H](NC(=O)[C@H](Cc1cnc[nH]1)[C@@H](Cc1ccc(O)cc1)C(=O)N[C@H](C=O)CC(N)=O)C(=O)N[C@@H](Cc1ccc(O)cc1)C(N)=O.NC(=O)C[C@H](N)C(=O)N[C@@H](CS)C(N)=O.N[C@H]1CCCNC1=O
C%14(=O)[C@@H]%13CCCN=C(N)N.C%25(=O)[C@@H]%15CCCCN.c1%30c[nH]c2ccccc12.c1%31c[nH]c2ccccc12.[C@H]%19(CCC(N)=O)C%38=O.[C@H]%20(CC(=O)O)C4=O.[C@H]%21(CC(C)C)C5=O.c1%29ccc(O)cc1.[C@H]%17(CC%29)C%36=O.[C@@H]%22(C6=O)C(C)C.c1%32ccc(O)cc1.[C@@H]%26(C9=O)C(C)C.[C@@H]%27(C%10=O)C(C)C.C%34(=O)[C@@H](N)C%29.[C@H]%18(CS)C%37=O.[C@H]%23(C%30)C8=O.[C@H]%24(C%31)C7=O.[C@H]%28(C%32)C(=O)O.C%33(=O)[C@@H]%16C.C3(=O)C%12.N3%11.N%14%12.N%25%13.N%33%15.N%34%16.N%35%17.N%36%18.N%37%19.N%38%20.N4%21.N5%22.N6%23.N7%24.N8%26.N9%27.N%10%28	CC(C)C[C@H](NC(=O)[C@H](CC(=O)O)NC(=O)[C@H](CCC(N)=O)NC(=O)[C@H](CS)NC(=O)[C@@H](N)CCc1ccc(O)cc1)C(=O)N[C@H](C(=O)N[C@@H](Cc1c[nH]c2ccccc12)C(=O)N[C@H](C(=O)N[C@H](C(=O)N[C@@H](Cc1ccc(O)cc1)C(=O)O)C(C)C)C(C)C)C(C)C.C[C@H](N)C(=O)N[C@@H](C)C(=O)N[C@@H](CCCCN)C(=O)N[C@@H](CCCN=C(N)N)C(=O)NCC(N)=O.O=C1N[C@H]1Cc1c[nH]c2ccccc12
C5(=O)[C@@H]%18CCC(N)=O.CC(C)C[C@H]8C(=O)O.C%29(=O)[C@@H]%10CCC%11.C%30(=O)[C@@H]%12CC(C)C.C%31(=O)[C@@H]%15CCC%16.C3(=O)[C@@H]%17C(C)C.[C@@H]1%18CCCN1%13.[C@@H]1%19CCCN1%28.[C@@H]1%20CCCN1%29.[C@@H]1%21CCCN1%31.[C@@H]1%22CCCN13.[C@@H]1%23CCCN15.[C@@H]1%25CCCN17.C%13(=O)[C@@H]9C.c1%26cnc[nH]1.N%11C(=N)N.N%16C(=N)N.C5(=O)CN.C2%19=O.C%24%20=O.C%29%21=O.C%32%22=O.C4%23=O.C6%25=O.N28.N%249.N%27%10.N%30%12.N%32%14.N4%15.N6%17.N7%18	CC(C)C[C@@H]1NC1=O.CC(C)C[C@H](NC(=O)[C@@H]1CCCN1)C(=O)O.CC(C)[C@H](NC(=O)[C@@H]1CCCN1N)C(=O)N1CCC[C@H]1C(N)=O.C[C@H](NC(=O)[C@@H]1CCCN1C(=O)[C@@H](N)CCCNC(=N)N)C(=O)N1CCC[C@H]1[C@@H](CCC(N)=O)C(=O)N1CCC[C@H]1C(=O)N[C@@H](CCCNC(=N)N)C(=O)N1CCC[C@H]1C=O.NCC=O.c1c[nH]cn1
C3(=O)[C@@H]%10CCCN=C(N)N.C%14(=O)[C@@H](N)CCCN=C(N)N.[C@H]%12(CCCN=C(N)N)C%29=O.[C@H]%13(CCCN=C(N)N)C%31=O.[C@H]%16(CCCN=C(N)N)C5=O.[C@H]%18(CCCN=C(N)N)C(=O)O.c1%26c[nH]c2ccccc12.C[C@@H](O)[C@H]9C%25=O.N1%25CCC[C@H]1%19.N1%29CCC[C@H]1%20.N1%30CCC[C@H]1%21.N1%31CCC[C@H]1%22.[C@H]%15(C%27)C%33=O.N1%33CCC[C@H]1%23.N15CCC[C@H]1%24.N17CCC[C@H]1%26.C%17C7=O.C%28%19=O.C%30%20=O.C%32%21=O.C4%22=O.C6%23=O.C8%24=O.N39.N%14%10.N%25%11.N%28%12.N%32%13.N4%15.N4%16.N6%17.N8%18	C[C@H](NC(=O)[C@@H]1CCCN1C(=O)[C@H](CCCN=C(N)N)NC(=O)[C@@H]1CCCN1C(=O)[C@@H]1CCCN1C(=O)[C@H](CCCN=C(N)N)NC(=O)[C@@H]1CCCN1C(=O)[C@@H](NC(=O)[C@H](CCCN=C(N)N)NC(=O)[C@@H](N)CCCN=C(N)N)[C@@H](C)O)C(=O)N1CCC[C@H]1C(=O)NCC(=O)N1CCC[C@H]1c1c[nH]c2ccccc12.N.NC(N)=NCCC[C@H](NC(=O)[C@@H]1CCCN1C(=O)[C@@H](N)CCCN=C(N)N)C(=O)O
C1(=O)[C@@H]3CCCN=C(N)N.C%17(=O)[C@@H](N)CCCN=C(N)N.CC[C@H](C)[C@H]2C%18=O.C%11(=O)[C@@H]4CC(C)C.C%12(=O)[C@@H]5CC(C)C.C%13(=O)[C@@H]6CC(C)C.C%16(=O)[C@@H]9CC(C)C.C%15(=O)[C@@H]8CS.C%14(=O)C7.C%10C(=O)O.N12.N%113.N%124.N%135.N%146.N%157.N%168.N%179.N%18%10	CC[C@H](C)[C@H](NC(=O)[C@H](CCCN=C(N)N)NC(=O)[C@H](CC(C)C)NC(=O)[C@H](CC(C)C)NC(=O)[C@H](CC(C)C)NC(=O)CNC(=O)[C@H](CS)NC(=O)[C@H](CC(C)C)NC(=O)[C@@H](N)CCCN=C(N)N)C(=O)NCC(=O)O
C%13(=O)[C@@H]%21CCCCN.CC[C@H](C)[C@H]%19CC=O.C%24(=O)[C@@H]%22CC(C)C.C%35(=O)[C@@H]%23CC(C)C.C%46(=O)[C@@H]%26CC(C)C.C%54(=O)[C@@H]%27CCC%28.C%56(=O)[C@@H]%29CC(C)C.C3(=O)[C@@H]%29CCC%30.C4(=O)[C@@H]%31CC(C)C.C5(=O)[C@@H]%32CC(C)C.C8(=O)[C@@H]%34CC(C)C.C9(=O)[C@@H]%36CC(C)C.C%11(=O)[C@@H]%39CC(N)=O.C%12(=O)[C@@H]%40CC(C)C.C%16(=O)[C@@H]%41CCC%42.C%17(=O)[C@@H]%43CC(C)C.C%18(=O)[C@@H](N)C(C)C.[C@@H]1%45CCCN1%13.[C@@H]1%47CCCN1%57.[C@@H]1%48CCCN13.[C@@H]1%49CCCN17.C7(=O)[C@@H]%36CO.[C@@H]1%50CCCN1%11.[C@@H]1%51CCCN1%16.N%20C(=N)N.N%25C(=N)N.N%29C(=N)N.N%33C(=N)N.N%38C(=N)N.N%42C(=N)N.N%42C(=N)N.N%47C(=N)N.C2%45=O.C%46%47=O.C%55%48=O.C6%49=O.C%10%50=O.C%10%51=O.C%15%52=O.N2%19.N%24%21.N%35%22.N%46%23.N%54%26.N%55%27.N%56%29.N4%31.N5%32.N6%33.N8%34.N9%36.N%10%37.N%12%39.N%14%40.N%15%41.N%17%43.N%19%44	CC(C)C[C@@H](C(N)=O)[C@@H](CO)C(=O)N1CCC[C@H]1C(=O)NNC(=N)N.CC(C)C[C@@H]1NC1=O.CC(C)C[C@@H]1NC1=O.CC(C)C[C@@H]1NC1=O.CC(C)C[C@@H]1NC1=O.CC(C)C[C@H](N)C(=O)N[C@@H](CC(N)=O)C(=O)N1CCC[C@H]1C(=O)C(=O)[C@@H]1CCCN1C(=O)[C@H](CCCNC(=N)N)NC=O.CC(C)[C@H](N)C=O.CCC[C@H](NC(=O)[C@@H]1CCCN1C(=O)[C@H](CCC)[C@@H](CC(C)C)C(=O)NNC(=N)N)C(=O)N[C@@H](CC(C)C)C(=O)C=O.CC[C@H](C)[C@@H](CC=O)NC(=O)[C@@H]1CCCN1C(=O)[C@H](CCCCN)NC(=O)[C@H](CC(C)C)NC(=O)[C@@H](N)CC(C)C.N.N.N=C(N)N.N=C(N)N.N=C(N)N.N=C(N)N.N=C(N)N[C@@H]1CCCN1
[C@H]%20(CCCN=C(N)N)C%24=O.[C@H]%21(CCCN=C(N)N)C%35=O.[C@H]%29(CCCN=C(N)N)C4=O.[C@H]%31(CCCN=C(N)N)C6=O.[C@H]%42(CCCN=C(N)N)C%18=O.[C@H]%25(CCCCN)C%49=O.[C@H]%26(CCCCN)C%50=O.[C@H]%28(CCCCN)C3=O.[C@H]%36(CCC(N)=O)C%11=O.[C@H]%38(CCCCN)C%14=O.[C@H]%39(CCCCN)C%15=O.CC[C@H](C)[C@H](N)C2=O.[C@H]%23(CC(C)C)C%48=O.[C@@H]%33(C8=O)[C@@H](C)O.[C@H]%27(CO)C%51=O.[C@H]%32(C%45)C7=O.N19CCC[C@H]1%44.[C@H]%37(CS)C%12=O.[C@H]%40(C%47)C%16=O.c1%47ccccc1.[C@H]%19(C)C%13=O.[C@H]%22(C)C%46=O.[C@H]%27(C)C%51=O.[C@H]%30(C)C5=O.c1%45cnc[nH]1.[C@H]%36(C)C%11=O.C%41C%17=O.C%10%44=O.N2%19.N%13%20.N%24%21.N%35%22.N%46%23.N%48%25.N%49%26.N%50%27.N%51%28.N3%29.N4%30.N5%31.N6%32.N7%33.N8%34.N%10%36.N%11%37.N%12%38.N%14%39.N%15%40.N%16%41.N%17%42.N%18%43	CC[C@H](C)[C@H](N)C(=O)N[C@@H](C)C(=O)N[C@@H](CCCN=C(N)N)C(=O)N[C@@H](CCCN=C(N)N)C(=O)N[C@@H](C)C(=O)N[C@@H](CC(C)C)C(=O)N[C@@H](CCCCN)C(=O)N[C@@H](CCCCN)C(N)=O.C[C@H](NC(=O)[C@H](CCCN=C(N)N)NC(=O)[C@@H](N)CCCCN)C(=O)N[C@@H](CCCN=C(N)N)C(=O)N[C@@H](Cc1cnc[nH]1)C(=O)N[C@H](C(N)=O)[C@@H](C)O.C[C@H]1C(=O)C(=O)[C@@H]1CCC(N)=O.C[C@H]1C(=O)C(=O)[C@@H]1CO.NC(=O)[C@@H]1CCCN1.NCCCC[C@H](NC(=O)[C@H](CCCCN)NC(=O)[C@@H](N)CS)C(=O)N[C@@H](Cc1ccccc1)C(=O)NCC(=O)N[C@@H](CCCN=C(N)N)C(N)=O
C%14(=O)[C@H](CCCN)NN=C(C)C)N(C)C.C3(=O)[C@@H]%11CCCN=C(N)N.[C@H]%15(CCCN=C(N)N)C%35=O.[C@H]%16(CCCN=C(N)N)C%36=O.[C@H]%18(CCCN=C(N)N)C5=O.[C@H]%20(CCCN=C(N)N)C6=O.c1%31c[nH]c2ccccc12.CC(C)C[C@H]%10C%25=O.[C@H]%12(C%30)C%32=O.c1%30ccccc1.N1%33CCC[C@H]1%22.N1%36CCC[C@H]1%23.[C@H]%17(C%31)C%37=O.N1%37CCC[C@H]1%24.N16CCC[C@H]1%26.[C@H]%19(C%29)C9=O.N17CCC[C@H]1%27.N18CCC[C@H]1%28.c1%29cnc[nH]1.C%13C%35=O.C%21C(=O)O.C%34%22=O.C%38%23=O.C4%24=O.C7%26=O.C8%27=O.N3%10.N%14%11.N%25%12.N%32%13.N%34%15.N%35%16.N4%17.N5%18.N6%19.N8%20.N9%21	INVALID
C2(=O)[C@@H]6CCCN=C(N)N.C%18(=O)[C@@H]9CCCN=C(N)N.[C@H]%12(CCCN=C(N)N)C%23=O.[C@H]%16(CCCN=C(N)N)C(N)=O.C%20(=O)[C@@H]%10CCC(N)=O.CC[C@H](C)[C@H]5C%22=O.C%13(=O)[C@@H]7[C@@H](C)CC.C%19(=O)[C@@H]8[C@@H](C)CC.[C@@H]%15(C4=O)[C@@H](C)CC.C%21(=O)[C@@H](N)C(C)C.[C@@H]%14(C3=O)C(C)C.C%13(=O)[C@@H]7C%17.c1%17ccccc1.N25.N%136.N%187.N%198.N%209.N%21%10.N%22%11.N%23%12.N%24%14.N3%15.N4%16	CC(C)[C@H](N)C(=O)N[C@@H](CCC(N)=O)C(=O)N[C@@H](CCCN=C(N)N)C(N)=O.CC[C@H](C)[C@@H]1NC1=O.CC[C@H](C)[C@H](NC(=O)[C@@H](N)C(C)C)C(=O)N[C@@H](CCCN=C(N)N)C(N)=O.CC[C@H](C)[C@H](NC(=O)[C@@H](N)CCCN=C(N)N)C(N)=O.CC[C@H](C)[C@H]1C(=O)C(=O)[C@@H]1Cc1ccccc1.NC(N)=NCCC[C@@H]1NC1=O
[C@H]9(CCCN=C(N)N)C%24=O.[C@H]%12(CCCN=C(N)N)C%27=O.[C@H]8(CCCCN)C%23=O.[C@H]%10(CCCCN)C%25=O.c1%20c[nH]c2ccccc12.[C@H]%13(CCCCN)C%28=O.c1%22c[nH]c2ccccc12.[C@H]%16(CCCCN)C4=O.[C@H]%19(CCCCN)C(N)=O.CC[C@H](C)[C@H]7C%14=O.C3(=O)[C@@H](N)CO.[C@H]%11(C%20)C%26=O.[C@H]%11(C%21)C%26=O.c1%21ccccc1.[C@H]%15(CO)C%29=O.[C@H]%18(C%22)C6=O.N37.N%148.N%239.N%24%10.N%25%11.N%26%12.N%27%13.N%28%15.N%29%16.N4%17.N5%18.N6%19	CC[C@H](C)[C@H](NC(=O)[C@@H](N)CO)C(=O)N[C@@H](CCCCN)C(=O)N[C@@H](CCCN=C(N)N)C(=O)N[C@@H](CCCCN)C(N)=O.NCCCC[C@H](NC(=O)[C@@H](N)Cc1c[nH]c2ccccc12)C(N)=O.NCCCC[C@H](NC(=O)[C@H](CO)NC(=O)[C@H](CCCCN)NC(=O)[C@@H](N)CCCN=C(N)N)C(N)=O.O=C1C(=O)[C@H](Cc2c[nH]c3ccccc23)[C@H]1Cc1ccccc1
[C@@H]13NC(=O)[C@H]4NC(=O)[C@@H]2CCCN2C(=O)[C@H]5NC(=O)[C@H](C)NC(=O)[C@H]5NC(=O)[C@H](C)NC(=O)[C@H]6NC1=O.c17ccccc1.c18ccccc1.C5CCN.CC3C.C47.C68	CC(C)[C@@H]1NC(=O)[C@H](Cc2ccccc2)NC(=O)[C@@H]2CCCN2C(=O)[C@H]2NC(=O)[C@H](C)NC(=O)[C@H]2NC(=O)[C@H](C)NC(=O)[C@H](Cc2ccccc2)NC1=O.CCCN
C%41(=O)[C@@H](N)CCCCN.[C@H]%20(CCCCN)C%43=O.[C@H]%21(CCCCN)C%44=O.[C@H]%23(CCCCN)C4=O.[C@H]%32(CCCCN)C%12=O.[C@H]%33(CCCCN)C%14=O.CC[C@H](C)[C@H]%15C%42=O.c1%37ccc(O)cc1.[C@@H]%25(C5=O)C(C)C.[C@@H]%31(C8=O)[C@@H](C)O.C2(=O)[C@@H]%16C%37.[C@@H]1%36CCCN1%24.C%24(=O)[C@@H]%17CO.[C@H]%22(CO)C%44=O.[C@H]%26(C%38)C6=O.c1%38ccccc1.[C@H]%28(CS)C7=O.[C@H]%29(CO)C9=O.[C@H]%30(C%39)C%10=O.c1%39ccccc1.[C@H]%22(C)C3=O.C%35(=O)C%18.C%31C%11=O.C%34C(=O)O.C%13%36=O.N2%15.N%13%16.N%35%17.N%40%18.N%41%19.N%42%20.N%43%21.N%44%22.N3%23.N4%25.N5%26.N6%27.N7%28.N8%29.N9%30.N%10%31.N%11%32.N%12%33.N%14%34	CC[C@H](C)[C@H](NC(=O)[C@H](Cc1ccc(O)cc1)NC(=O)[C@@H]1CCCN1C(=O)[C@H](CO)NC(=O)CN)C(=O)N[C@@H](CCCCN)C(=O)N[C@@H](CCCCN)C(=O)C(=O)[C@H](CO)[C@@H](C)C(=O)N[C@@H](CCCCN)C(=O)N[C@H](C(=O)N[C@@H](Cc1ccccc1)C(N)=O)C(C)C.C[C@@H](O)[C@H](CC(=O)N[C@@H](CCCCN)C(=O)N[C@@H](CCCCN)C(=O)NCC(=O)O)C(=O)N[C@@H](CO)C(=O)N[C@@H](Cc1ccccc1)C(N)=O.N.NCCCC[C@H](N)C(N)=O.O=C1N[C@H]1CS
[C@@H]14NC(=O)[C@H]8NC(=O)[C@H]9NC(=O)[C@@H]2CCCN2C(=O)[C@H]2CCCN2C(=O)[C@H]%10NC(=O)[C@H](C)NC(=O)[C@H]%11NC(=O)[C@H](C)NC(=O)[C@H]%12NC(=O)[C@H]%13NC(=O)[C@H]%14NC(=O)[C@H]%15NC(=O)[C@H]5NC1=O.c16c[nH]c2ccccc12.c17c[nH]c2ccccc12.C%13CCN=C(N)N.C%14CCN=C(N)N.C%11CCCN.C%15CCCN.C5CCCN.CC(C)C4.C%10C(C)C.C8(=O)O.C96.C%127	CC(C)C[C@@H]1NC(=O)[C@H](C(=O)O)NC(=O)[C@H](Cc2c[nH]c3ccccc23)NC(=O)[C@@H]2CCCN2C(=O)[C@H]2CCCN2C(=O)[C@H](CC(C)C)NC(=O)[C@H](C)NC(=O)[C@H](CCCCN)NC(=O)[C@H](C)NC(=O)[C@H](Cc2c[nH]c3ccccc23)NC(=O)[C@H](CCCN=C(N)N)NC(=O)[C@H](CCCN=C(N)N)NC(=O)[C@H](CCCCN)NC(=O)[C@H](CCCCN)NC1=O
NCCCC[C@H]6C(=O)O.C3(=O)[C@@H]8CC(=O)O.C4(=O)[C@@H]7[C@@H](O)CN.C2(=O)[C@@H]9CC(=O)O.[C@@H]1%10CCCN15.C5%10=O.N26.N37.N48.N59	NCCCC[C@H](NC(=O)[C@@H](N)CC(=O)O)C(=O)O.NC[C@H](O)[C@@H]1NC(=O)[C@H](CC(=O)O)NC1=O.O=C1[C@@H]2CCCN12
C3(=O)[C@@H]%23CCCN=C(N)N.C5(=O)[C@@H]%26CCCN=C(N)N.C7(=O)[C@@H](N)CCCN=C(N)N.C2(=O)[C@@H]%15CCC(N)=O.[C@H]%30(CCCCN)C%12=O.[C@H]%31(CCC(N)=O)C(=O)O.CC[C@H](C)[C@H]%14C8=O.C%13(=O)[C@@H]%16CC(N)=O.C%38(=O)[C@@H]%18CC(C)C.C%40(=O)[C@@H]%19CC(N)=O.C%41(=O)[C@@H]%20[C@@H](C)CC.C6(=O)[C@@H]%25[C@@H](C)CC.c1%37ccccc1F.[C@@H]%28(C9=O)C(C)C.[C@H]%29(CCN)C%11=O.C%35(=O)[C@@H]%17C%36.c1%36ccccc1.[C@@H]1%32CCCN1%40.[C@@H]1%33CCCN1%40.C3(=O)[C@@H]%22CO.C4(=O)[C@@H]%21CC.[C@H]%27(C%37)C%10=O.c1%34cnc[nH]1.C%24%32=O.C%42%33=O.N2%14.N%13%15.N%24%16.N%35%17.N%39%18.N%41%19.N%42%20.N%43%21.N4%22.N5%23.N6%25.N7%26.N8%27.N9%28.N%10%29.N%11%30.N%12%31	CC(C)C[C@H](N)C=O.CC(C)[C@@H]1NC1=O.CC[C@H](C)[C@@H]1NC1=O.CC[C@H](C)[C@H](NC(=O)[C@H](CCC(N)=O)NC(=O)[C@H](CC(N)=O)NC(=O)[C@@H]1CCCN1C(=O)[C@H](CC(N)=O)NC(=O)[C@@H](NC(=O)[C@@H]1CCCN1)[C@@H](C)CC)C(=O)N[C@@H](Cc1ccccc1F)C(=O)N[C@@H](CCN)C(=O)N[C@@H](CCCCN)C(=O)N[C@@H](CCC(N)=O)C(=O)O.CC[C@H](N)C(=O)N[C@@H](CO)C(=O)C(=O)[C@H](CCCN=C(N)N)NC(=O)[C@H](CCCN=C(N)N)NC(=O)[C@@H](N)CCCN=C(N)N.O=C1N[C@H]1Cc1ccccc1.c1c[nH]cn1
C2(=O)[C@@H]%15CCCN=C(N)N.C%13(=O)[C@@H]%16CCCN=C(N)N.C%38(=O)[C@@H]%17CCCN=C(N)N.C%40(=O)[C@@H]%18CCCN=C(N)N.[C@H]%27(CCCN=C(N)N)C(N)=O.C6(=O)[C@@H]%21CCCCN.CC[C@H](C)[C@H]%14C9=O.C%42(=O)[C@@H]%19CC(C)C.C7(=O)[C@@H]%22CC(=O)O.[C@H]%26(CC(N)=O)C%11=O.c1%34ccc(O)cc1.C%41(=O)[C@@H]%20C(C)C.C8(=O)[C@@H]%23C(C)C.c1%36ccc(O)cc1.[C@@H]1%28CCCN1%35.[C@@H]1%29CCCN1%37.[C@@H]1%30CCCN1%38.[C@@H]1%31CCCN1%40.[C@@H]1%32CCCN1%41.[C@@H]1%33CCCN14.C4(=O)[C@@H]%20C%34.[C@@H]1%33CCCN16.[C@H]%25(C%36)C%10=O.C%24%29=O.C%35%30=O.C%39%31=O.C%40%32=O.C5%33=O.N2%14.N%13%15.N%24%16.N%39%17.N3%18.N4%19.N5%20.N7%21.N8%22.N9%23.N%10%25.N%11%26.N%12%27	CC(C)C[C@H](N)C=O.CC[C@H](C)[C@H](NC(=O)[C@H](CCCN=C(N)N)NC(=O)[C@H](CCCN=C(N)N)NC(=O)[C@@H]1CCCN1)C(=O)N[C@H](C(=O)N[C@@H](CC(=O)O)C(=O)N[C@@H](CCCCN)C(=O)N1CCC[C@H]1[C@@H]1CCCN1C(=O)[C@H](Cc1ccc(O)cc1)[C@H](C(=O)N1CCC[C@H]1C=O)C(C)C)C(C)C.NC(=O)C[C@@H]1NC1=O.NC(=O)[C@@H](N)CCCN=C(N)N.NC(N)=NCCC[C@H](NC(=O)[C@@H]1CCCN1C(=O)[C@@H](N)CCCN=C(N)N)C(=O)N1CCC[C@H]1C(=O)N1CCCC1.NC=O.O=C1N[C@H]1Cc1ccc(O)cc1
[C@H]%22(CCC%23)C%13=O.[C@H]%27(CCC%28)C%57=O.[C@H]%31(CCC%32)C3=O.[C@H]%36(CCC%37)C7=O.[C@H]%40(CCC%41)C%11=O.[C@H]%44(CCC%45)C%16=O.[C@H]%49(CC(C)C)C%20=O.CC(C)[C@H](N)C2=O.[C@@H]%25(C%35=O)C(C)C.[C@@H]%26(C%46=O)C(C)C.[C@@H]%29(C%61=O)C(C)C.[C@@H]%30(C%62=O)C(C)C.[C@@H]%33(C5=O)C(C)C.[C@@H]%34(C6=O)C(C)C.[C@@H]%38(C9=O)[C@@H](C)CC.[C@H]%39(CCC%41)C%11=O.[C@@H]%42(C%14=O)[C@@H](C)CC.[C@@H]%43(C%15=O)[C@@H](C)CC.[C@H]%44(CCC%45)C%16=O.[C@@H]%47(C%18=O)[C@@H](C)CC.[C@@H]%48(C%19=O)[C@@H](C)CC.N1%13CCC[C@H]1%53.N1%57CCC[C@H]1%54.N13CCC[C@H]1%55.N17CCC[C@H]1%56.N1%11CCC[C@H]1%58.N1%16CCC[C@H]1%59.[C@H]%51(CS)C(=O)O.N%23C(=N)N.N%28C(=N)N.N%32C(=N)N.N%32C(=N)N.N%41C(=N)N.N%45C(=N)N.N%51C(=N)N.C%24%53=O.C%60%54=O.C4%55=O.C%12%56=O.C%17%58=O.C%21%59=O.N2%22.N%24%25.N%35%26.N%46%27.N%60%29.N%61%30.N%62%31.N4%33.N5%34.N6%36.N8%38.N9%39.N%10%40.N%12%42.N%14%43.N%15%44.N%17%47.N%18%48.N%19%49.N%21%51	CCC[C@H](NC(=O)[C@@H](NC(=O)[C@@H](NC(=O)[C@@H]1CCCN1C(=O)[C@H](CCCNC(=N)N)NC(=O)[C@@H](NC(=O)[C@@H](NC(=O)[C@@H]1CCCN1C(=O)[C@H](CCCNC(=N)N)NC(=O)[C@@H](NC(=O)[C@@H](NC(=O)[C@@H]1CCCN1C(=O)[C@H](CCCNC(=N)N)NC(=O)[C@@H](N)C(C)C)C(C)C)C(C)C)C(C)C)C(C)C)C(C)C)C(C)C)C(=O)N1CCC[C@H]1C(=O)N[C@H](C(=O)N[C@H](C(N)=O)[C@@H](C)CC)[C@@H](C)CC.CC[C@H](C)[C@H](N)C(=O)N[C@H]1CCCCCC[C@H](N)C(=O)C1=O.CC[C@H](C)[C@H](NC(=O)[C@@H]1CCCN1)C(=O)N[C@H](C(=O)N[C@H](C=O)CC(C)C)[C@@H](C)CC.N=C(N)N.N=C(N)N.N=C(N)N.N=C(N)N[C@@H](CS)C(=O)O.NC(=O)[C@@H]1CCCN1.O=C1C(=O)[C@@H]2CCCCCC[C@@H]12
C%14(=O)[C@H]7CCCN=C(N)N.C%12(=O)[C@H]5CCCCN.C%15(=O)[C@H]8CCCCN.CC(C)C[C@@H]%18C(N)=O.C2(=O)[C@H]3CC(C)C.C2(=O)[C@H]3CC(C)C.C%13(=O)[C@H]6CC(C)C.C%16(=O)[C@H]9CC(C)C.C%17(=O)[C@H](N)C%10.c1%10ccccc1.N2%18.N%113.N%124.N%135.N%146.N%157.N%168.N%179	CC(C)C[C@@H](N)C(N)=O.CC(C)C[C@@H](NC(=O)[C@H](N)Cc1ccccc1)C(=O)N[C@H](CCCCN)C(=O)N[C@H](CCCN=C(N)N)C(=O)N[C@H](CC(C)C)C(=O)N[C@H](CCCCN)C(N)=O.CC(C)C[C@@H]1C(=O)C(=O)[C@H]1CC(C)C.N
C3(=O)[C@@H]7CCCN=C(N)N.C%14(=O)[C@@H]8CCCN=C(N)N.C%26(=O)[C@@H]%13CCCN=C(N)N.C4(=O)[C@@H](N)CCCN=C(N)N.c1%19c[nH]c2ccccc12.c1%21c[nH]c2ccccc12.CC[C@H](C)[C@H]6C5=O.C%22(=O)[C@@H]9CC(N)=O.[C@H]%17(CC(C)C)C(N)=O.C%25(=O)[C@@H]%12C(C)C.C%27(=O)[C@@H]%15[C@@H](C)O.C%23(=O)[C@@H]%10C%19.C%24(=O)[C@@H]%11C%18.C%28(=O)[C@@H]%16C%20.[C@H]%16(C%21)C5=O.c1%18cnc[nH]1.N36.N%147.N%228.N%239.N%24%10.N%25%11.N%26%12.N%27%13.N%28%15.N4%16.N5%17	CC(C)C[C@H](N)C(N)=O.CC[C@H](C)[C@@H]1NC(=O)[C@H](CCCN=C(N)N)NC(=O)[C@H](CCCN=C(N)N)NC(=O)[C@H](CC(N)=O)NC(=O)[C@H](Cc2c[nH]c3ccccc23)NC(=O)[C@H](Cc2cnc[nH]2)NC(=O)[C@H](C(C)C)NC(=O)[C@H](CCCN=C(N)N)NC(=O)[C@H]([C@@H](C)O)NC(=O)[C@H](C)[C@@H](Cc2c[nH]c3ccccc23)C(=O)C1=O.NC(=O)[C@@H](N)CCCN=C(N)N
C2(=O)[C@@H]%14CCCN=C(N)N.C%13(=O)[C@@H]%15CCCN=C(N)N.C%35(=O)[C@@H]%16CCCN=C(N)N.C%38(=O)[C@@H]%18CCCN=C(N)N.[C@H]%27(CCCN=C(N)N)C(N)=O.C6(=O)[C@@H]%21CCCCN.C8(=O)[C@@H](N)CCCCN.CC[C@H](C)[C@H]%12C9=O.C7(=O)[C@@H]%22C(C)(C)C.[C@H]%25(CC(N)=O)C9=O.[C@H]%26(CC(N)=O)C%11=O.C%37(=O)[C@@H]%17C(C)C.[C@@H]1%27CCCN1%34.[C@@H]1%28CCCN1%35.[C@@H]1%29CCCN1%38.[C@@H]1%30CCCN1%40.C3(=O)[C@@H]%20C%33.[C@@H]1%31CCCN15.[C@@H]1%32CCCN16.[C@H]%23(C%32)C%10=O.c1%32cnc[nH]1.C%24%27=O.C%34%28=O.C%36%29=O.C%39%30=O.C5%31=O.N2%12.N%13%14.N%24%15.N%36%16.N%37%17.N%39%18.N3%19.N4%20.N6%21.N7%22.N8%23.N9%25.N%10%26.N%11C	CC(C)(C)[C@@H]1NC1=O.CC(C)[C@@H]1NC1=O.CC[C@H](C)[C@H](NC(=O)[C@H](CCCN=C(N)N)NC(=O)[C@H](CCCN=C(N)N)NC=O)C(=O)C(=O)[C@@H](N)CC(N)=O.CNC(=O)[C@H](CC(N)=O)NC(=O)[C@H](C[C@@H]1CCCN1C(=O)[C@@H](N)CCCCN)NC(=O)[C@@H](N)CCCCN.C[C@H](N)C(N)=O.NC(=O)[C@H](CCCN=C(N)N)[C@@H]1CCCN1C(=O)[C@@H]1CCCN1C(=O)[C@H](CCCN=C(N)N)NC(=O)[C@@H]1CCCN1C(=O)[C@H](CCCN=C(N)N)NC(=O)[C@@H]1CCCN1.O=C1[C@@H]2CCCN12.c1c[nH]cn1
C%90(=O)[C@@H]%49CCCN=C(N)N.[C@H]%62(CCCN=C(N)N)C%14=O.[C@H]%66(CCCN=C(N)N)C%22=O.[C@H]%76(CCCN=C(N)N)C%31=O.[C@H]%77(CCCN=C(N)N)C%38=O.C%13(=O)[C@@H]%45CCCCN.C%57(=O)[C@@H]%48CCCCN.C%46(=O)[C@@H]%51CCCCN.C%57(=O)[C@@H]%52CCCCN.C3(=O)[C@@H]%53CCCCN.C3(=O)[C@@H]%54CCCCN.[C@H]%61(CCC(N)=O)C%26=O.[C@H]%73(CCC(N)=O)C%29=O.[C@H]%77(CCC(=O)O)C%36=O.[C@H]%82(CCC(=O)O)C%40=O.CC[C@H](C)[C@H]%41C8=O.C%90(=O)[C@@H]%50CC(=O)O.C5(=O)[C@@H]%47CC(C)C.C8(=O)[C@@H]%56CC(C)C.[C@@H]%65(C%16=O)[C@@H](C)CC.[C@@H]%70(C%20=O)[C@@H](C)CC.[C@H]%72(CC(N)=O)C%22=O.[C@H]%73(CC(C)C)C%25=O.[C@@H]%74(C%28=O)[C@@H](C)CC.[C@H]%75(CC(=O)O)C%29=O.[C@H]%78(CC(C)C)C%31=O.[C@@H]%84(C%38=O)[C@@H](C)CC.C%57(=O)[C@@H]%49CC%88.c1%98ccc(O)cc1.[C@@H]%70(C%19=O)[C@@H](C)O.[C@@H]%84(C%39=O)[C@@H](C)O.[C@@H]1%89CCCN17.C7(=O)[C@@H](N)C%85.c1%85ccccc1.[C@H]%59(C%97)C9=O.c1%86ccccc1.N1%15CCC[C@H]1%91.[C@H]%71(CO)C%21=O.N1%29CCC[C@H]1%92.N1%31CCC[C@H]1%93.[C@H]%81(C%94)C%37=O.[C@H]%84(CO)C%39=O.[C@H]%85(CO)C%40=O.C%46(=O)[C@@H]%50C.[C@H]%60(C)C%11=O.c1%94cnc[nH]1.[C@H]%63(C)C%23=O.c1%95cnc[nH]1.[C@H]%87(C)C(=O)O.C%12%89=O.C%19%91=O.C%32%92=O.C%37%93=O.N2%43.N%13%45.N%24%47.N%35%48.N%46%49.N%57%50.S%88C.N%68%51.N%90%52.N3%53.N4%54.N5%55.N6%56.N7%58.N8%59.N9%60.N%10%61.N%11%62.N%12%63.N%14%64.N%16%65.N%17%66.N%18%67.N%19%69.N%20%70.N%21%71.N%22%72.N%23%73.N%25%74.N%26%75.N%27%76.N%28%77.N%30%78.N%32%80.N%32%81.N%34%82.N%36%83.N%37%84.N%38%85.N%40%86.N%42%87	CC(C)C[C@H](N)C(=O)C(=O)[C@@H](N)CCCN=C(N)N.CC(C)C[C@H](N)C(N)=O.CC[C@H](C)CC(=O)C(=O)[C@@H](N)CC(C)C.CC[C@H](C)[C@@H](C(=O)C(=O)[C@H](CCCN=C(N)N)[C@@H](CCC(=O)O)C(N)=O)[C@H](C(=O)C(=O)[C@@H](N)CO)[C@@H](C)O.CC[C@H](C)[C@@H](C(N)=O)[C@H](C(=O)C(=O)[C@@H]1CCCN1)[C@@H](C)O.CC[C@H](C)[C@@H]1NC1=O.CC[C@H](C)[C@H](NC(=O)[C@H](CC(C)C)[C@@H](CCC(N)=O)C(=O)C(=O)[C@H](CC(=O)O)NC(=O)[C@@H](N)CCC(N)=O)C(N)=O.CSCC[C@@H](C(N)=O)[C@@H](CCCN=C(N)N)C(=O)C(=O)[C@H](CC(=O)O)[C@@H](C)C(=O)C(=O)[C@@H](N)CCCCN.C[C@H](N)C(=O)N[C@@H](C)C(=O)N[C@@H](CCCN=C(N)N)C(N)=O.C[C@H](N)C(=O)O.C[C@H](NC(=O)[C@@H]1CCCN1C(=O)[C@@H](N)Cc1ccccc1)C(N)=O.N.N.N.N.N.NC(=O)C[C@H](N)C(=O)C(=O)[C@@H](N)CCCN=C(N)N.NC(=O)[C@@H]1CCCN1.NCCCC[C@@H]1NC1=O.NCCCC[C@H](N)C(=O)C(=O)[C@@H](N)CCCCN.NCCCC[C@H](N)C(=O)C(=O)[C@@H](N)CCCCN.N[C@@H](CO)C(=O)C(=O)[C@@H](N)CCC(=O)O.N[C@@H](Cc1cnc[nH]1)C(=O)C(=O)[C@@H]1CCCN1.Nc1ccccc1.O=C1N[C@H]1CO.Oc1ccccc1.c1c[nH]cn1
C4(=O)[C@@H]%33CCCCN.C6(=O)[C@@H]%35CCCCN.C%16(=O)[C@@H]%45CCCCN.c1%59c[nH]c2ccccc12.C%17(=O)[C@@H]%48CCCCN.C%20(=O)[C@@H]%50CCCCN.C%22(=O)[C@@H](N)CCCCN.CC[C@H](C)[C@H]%23C(=O)O.C3(=O)[C@@H]%24CC(C)C.C%13(=O)[C@@H]%43CCCN.C%15(=O)[C@@H]%44[C@@H](C)CC.C%19(=O)[C@@H]%50CC(C)C.C%36(=O)[C@@H]%27CC%52.C%59(=O)[C@@H]%33C(C)C.C%61(=O)[C@@H]%31C(C)C.C7(=O)[C@@H]%38C(C)C.C9(=O)[C@@H]%39C(C)C.[C@@H]1%53CCCN1%25.C%60(=O)[C@@H]%30C%55.c1%55ccccc1.C%12(=O)[C@@H]%42C%56.c1%56ccccc1.C%16(=O)[C@@H]%46CO.C%18(=O)[C@@H]%49C%57.c1%57ccccc1.C%18(=O)[C@@H]%51C%59.c1%54cnc[nH]1.C%36(=O)[C@@H]%28C.C%61(=O)[C@@H]%32C.C8(=O)[C@@H]%38C.C%10(=O)[C@@H]%40C.C%11(=O)[C@@H]%41C.C%17(=O)C%46.C%14%53=O.N3%23.N%14%24.N%36%26.S%52C.N%47%27.N%58%28.N%60%29.N%61%30.N%62%31.N4%32.N5%33.N6%34.N7%35.N8%37.N9%38.N%10%39.N%11%40.N%12%41.N%13%42.N%15%43.N%16%44.N%17%45.N%18%46.N%19%48.N%20%49.N%21%50.N%22%51	CC(C)C[C@@H](C(=O)N[C@@H](CCCCN)C(=O)C(=O)C[C@@H](CO)C(=O)C(=O)[C@@H](N)CCCCN)[C@@H](CCCCN)C(=O)N[C@@H](Cc1ccccc1)C(=O)C(=O)[C@H](C)NC(=O)[C@@H](N)CCCCN.CC(C)[C@@H](C(=O)N[C@@H](CCCCN)C(N)=O)[C@@H](C)C(N)=O.CC(C)[C@H](N)C(=O)C(=O)[C@H](C)NC(=O)[C@H](CCCCN)[C@H](C(=O)c1c[nH]c2ccccc12)C(C)C.CC[C@H](C)[C@H](N)C(=O)N[C@@H](CCCN)C(=O)N[C@@H](Cc1ccccc1)C(=O)N[C@@H](C)C(=O)N[C@@H](C)C(=O)N[C@H](C(N)=O)C(C)C.CC[C@H](C)[C@H](NC(=O)[C@H](CC(C)C)NC(=O)[C@@H]1CCCN1)C(=O)O.CSCC[C@H](N)C(=O)C(=O)[C@H](C)N.N.N.N.N.NC(=O)[C@@H](N)Cc1ccccc1.c1c[nH]cn1
[C@@H]14NC(=O)[C@H]9NC(=O)[C@H]%10NC(=O)[C@@H]2CCCN2C(=O)[C@H]2CCCN2C(=O)[C@H]%11NC(=O)[C@H](C)NC(=O)[C@H]%12NC(=O)[C@H]%13NC(=O)[C@H]%14NC(=O)[C@H]%15NC(=O)[C@H]%16NC(=O)[C@H]5NC(=O)[C@H]6NC1=O.c18c[nH]c2ccccc12.C8CCN=C(N)N.C%16CCN=C(N)N.c17cnc[nH]1.C%11CCCN.C%12CCCN.C6CCCN.CC(C)C4.C%15C(C)C.[C@H]%10(C)O.C97.C%148	CC(C)C[C@@H]1NC(=O)[C@H](CCCN=C(N)N)NC(=O)CNC(=O)[C@H](CCCCN)NC(=O)[C@H](CC(C)C)NC(=O)[C@H](Cc2cnc[nH]2)NC(=O)[C@H]([C@@H](C)O)NC(=O)[C@@H]2CCCN2C(=O)[C@H]2CCCN2C(=O)[C@H](CCCCN)NC(=O)[C@H](C)NC(=O)[C@H](CCCCN)NC(=O)CNC(=O)[C@H](C)NC1=O.NC(N)=NCCCc1c[nH]c2ccccc12
C%14(=O)[C@@H]7CCCCN.C%19(=O)[C@@H]8CCCCN.c1%16c[nH]c2ccccc12.c1%17c[nH]c2ccccc12.[C@H]%11(CCCCN)C%24=O.c1%18c[nH]c2ccccc12.[C@H]%13(CCCCN)C4=O.[C@H]%15(CCCCN)C(N)=O.CC[C@H](C)[C@H]5C%22=O.C%20(=O)[C@@H]9[C@@H](C)CC.[C@@H]%12(C%25=O)C(C)C.C3(=O)[C@@H]6C%16.C%21(=O)[C@@H]%10C%17.[C@H]%12(C%18)C%25=O.N35.N%146.N%197.N%208.N%219.N%22%10.N%23%11.N%24%12.N%25%13.N4%15	CC(C)[C@H]1C(=O)C(=O)[C@@H]1Cc1c[nH]c2ccccc12.CC[C@H](C)[C@@H]1NC(=O)[C@H](Cc2c[nH]c3ccccc23)NC(=O)[C@H]([C@@H](C)CC)NC(=O)[C@H](Cc2c[nH]c3ccccc23)NC(=O)[C@H](CCCCN)NC(=O)[C@H](CCCCN)NC1=O.NCCCC[C@H](N)C(N)=O.NCCCC[C@H](NC(=O)[C@@H](N)CCCCN)C(N)=O
CC[C@H](C)[C@H]%22C%24=O.[C@H]%26(CCC%27)C%57=O.[C@H]%31(CCC%32)C3=O.[C@H]%36(CCC%37)C5=O.[C@H]%40(CCC%41)C7=O.[C@H]%44(CCC%45)C%11=O.[C@H]%47(CC(C)C)C%16=O.[C@H]%48(CC(C)C)C%17=O.[C@H]%49(CCC%50)C%18=O.C2(=O)[C@@H]%25CC(C)C.C%13(=O)[C@@H](N)CCC%22.[C@H]%31(CCC%32)C%64=O.[C@@H]%33(C%62=O)[C@@H](C)CC.[C@H]%36(CCC%37)C4=O.[C@H]%38(CCC%39)C7=O.[C@@H]%42(C9=O)C(C)C.[C@@H]%43(C%10=O)[C@@H](C)O.[C@@H]%48(C%19=O)[C@@H](C)O.c1%61ccc(O)cc1.[C@H]%52(CC%53)C%21=O.N1%57CCC[C@H]1%54.[C@H]%38(CS)C3=O.N15CCC[C@H]1%55.N17CCC[C@H]1%56.N1%11CCC[C@H]1%58.[C@H]%49(C%60)C%16=O.N1%20CCC[C@H]1%59.N%23C(=N)N.N%27C(=N)N.N%32C(=N)N.N%32C(=N)N.N%37C(=N)N.N%39C(=N)N.N%41C(=N)N.N%45C(=N)N.N%50C(=N)N.N%53C(=N)N.C%35%53=O.C4%54=O.C8%55=O.C%12%56=O.C%17%58=O.C%21%59=O.N2%22.N%13%25.N%24%26.N%35%28.N%46%29.N%62%30.N%63%31.N%64%34.N4%36.N6%38.N8%40.N9%41.N%10%42.N%11%43.N%12%44.N%14%47.N%15%48.N%16%49.N%17%49.N%18%51.N%20%52.N%21%52	CC(C)C[C@@H](C(=O)C(=O)[C@@H]1CCCN1C(=O)[C@H](CCCNC(=N)N)NC(=O)[C@@H]1CCCN1)[C@H](C=O)[C@@H](C)O.CC(C)C[C@H](N)C(=O)C(=O)[C@H](C)[C@@H](CCCNC(=N)N)C(N)=O.CC(C)[C@H](NC(=O)[C@@H](N)[C@@H](C)O)C(N)=O.CC[C@H](C)CC(N)=O.CC[C@H](C)[C@H](CCC[C@H](N)C(=O)N[C@@H](CC(C)C)C(N)=O)C(=O)N[C@@H](CCCNC(=N)N)C(=O)N1CCC[C@H]1C(=O)C(=O)[C@@H]1CCCCCC[C@H]1C(=O)N1CCC[C@H]1C(=O)N[C@@H](CCCNC(=N)N)C(=O)C(=O)[C@H](CCCNC(=N)N)[C@@H](CS)C(=O)C(=O)[C@@H]1CCCCCC[C@H]1C(N)=O.N.N.N.N.N.N.N=C(N)N.N=C(N)N.N=C(N)NCC[C@@H]1NN2CCC[C@H]2C(=O)C1=O.N=C(N)NNC(=N)N.NC=O.NN.Oc1ccccc1
C2(=O)[C@@H]%11CCCN=C(N)N.C%30(=O)[C@@H]%14CCCN=C(N)N.C3(=O)[C@@H]%17CCCN=C(N)N.[C@H]%18(CCCN=C(N)N)C8=O.CC[C@H](C)[C@H]%10C4=O.C%31(=O)[C@@H]%15CCC(N)=O.C%32(=O)[C@@H]%16CC(N)=O.C3(=O)[C@@H](N)CC(N)=O.c1%28ccc(O)cc1.[C@@H]%19(C(=O)O)C(C)C.[C@@H]1%20CCCN1%24.C%24(=O)[C@@H]%12C%28.[C@@H]1%21CCCN1%30.[C@@H]1%22CCCN1%32.N13CCC[C@H]1%23.N15CCC[C@H]1%25.N16CCC[C@H]1%26.N18CCC[C@H]1%27.C%13%20=O.C%29%21=O.C%31%22=O.C%34%23=O.C6%25=O.C7%26=O.C9%27=O.N2%10.N%13%11.N%29%12.N%31%14.N%34%15.N3%16.N4%17.N7%18.N9%19	CC(C)[C@H](NC(=O)[C@@H]1CCCN1C(=O)[C@H](CCCN=C(N)N)NC(=O)[C@@H]1CCCN1C(=O)[C@@H]1CCCN1)C(=O)O.CC[C@H](C)[C@H](NC(=O)[C@H](CCCN=C(N)N)NC(=O)[C@@H]1CCCN1C(=O)[C@H](Cc1ccc(O)cc1)NC(=O)[C@@H]1CCCN1C(=O)[C@@H](N)CCCN=C(N)N)C(=O)N[C@@H](CCCN=C(N)N)C(=O)C(=O)[C@@H](N)CC(N)=O.NC(=O)CC[C@@H]1NC(=O)[C@@H]2CCCN2N[C@@H](CC(N)=O)C(=O)N2CCC[C@H]2C(=O)C1=O
[C@H]%65(CCCN=C(N)N)C%27=O.C%13(=O)[C@@H]%38CCCCN.C%57(=O)[C@@H]%41CCCCN.[C@H]%56(CCCCN)C%15=O.[C@H]%59(CCCCN)C%20=O.[C@H]%60(CCC(=O)O)C%18=O.[C@H]%66(CCCCN)C%27=O.[C@H]%72(CCCCN)C%33=O.[C@H]%73(CCCCN)C%34=O.CC[C@H](C)[C@H]%36C%12=O.C%24(=O)[C@@H]%39CC(=O)O.C%35(=O)[C@@H]%40CC(C)C.C%68(=O)[C@@H]%44[C@@H](C)CC.C%88(=O)[C@@H]%47[C@@H](C)CC.C6(=O)[C@@H]%50CC(N)=O.C8(=O)[C@@H]%52CC(C)C.C%10(=O)[C@@H]%54CC(C)C.[C@@H]%67(C%25=O)[C@@H](C)CC.[C@H]%70(CC(C)C)C%28=O.C%11(=O)[C@@H](N)C(C)C.[C@@H]%59(C%17=O)C(C)C.[C@@H]%71(C%29=O)C(C)C.[C@@H]%74(C%32=O)C(C)C.C%46(=O)[C@@H]%42C%78.C4(=O)[C@@H]%45C%83.c1%83ccccc1.[C@H]%55(CO)C%14=O.[C@H]%58(C%84)C%16=O.c1%84ccccc1.[C@H]%61(C%81)C%19=O.[C@H]%63(C%85)C%21=O.c1%85ccccc1.[C@H]%67(CO)C%26=O.[C@H]%71(CC%82)C%31=O.[C@H]%76(C%84)C(=O)O.C6(=O)[C@@H]%49C.c1%78cnc[nH]1.c1%80cnc[nH]1.c1%81cnc[nH]1.c1%82cnc[nH]1.[C@H]%73(C)C%33=O.C2(=O)C%37.C%57(=O)C%43.C4(=O)C%48.C9(=O)C%53.C%61C%22=O.C%67C%27=O.N2%36.N%13%37.N%24%38.N%35%39.N%46%40.N%57%41.N%68%42.N%79%43.N%86%44.N3%45.N4%47.N5%48.N6%49.N7%50.N8%51.N9%52.N%10%53.N%11%54.N%12%55.N%14%56.N%15%58.N%16%59.N%17%60.N%18%61.N%19%62.N%20%63.N%21%64.N%22%65.N%23%66.N%25%67.N%26%69.N%27%70.N%28%71.N%29%72.N%31%73.N%32%74.N%33%75.N%34%76	CC(C)C[C@H](NC(=O)CNC(=O)[C@H](CC(C)C)NC(=O)[C@@H](N)C(C)C)C(N)=O.CC(C)[C@@H](C(=O)N[C@@H](CCC(=O)O)C(N)=O)[C@@H](CCCCN)C(=O)N[C@@H](Cc1ccccc1)C(N)=O.CC(C)[C@@H](C(=O)N[C@@H](CCCCN)C(=O)C(=O)[C@H](C)[C@@H](CCCCN)C(=O)N[C@@H](C)C(=O)O)[C@@H](CCc1cnc[nH]1)C(N)=O.CC(C)[C@@H]1NC1=O.CC[C@H](C)[C@@H](C(=O)NCC(=O)N[C@@H](CC(C)C)C(N)=O)[C@@H](CO)C(N)=O.CC[C@H](C)[C@H](N)C(=O)N[C@@H](Cc1cnc[nH]1)C(=O)N[C@@H](CC(C)C)C(=O)N[C@@H](CC(=O)O)C(=O)N[C@@H](CCCCN)C(=O)NCC(=O)N[C@H](C(=O)N[C@@H](CO)C(=O)N[C@@H](CCCCN)C(=O)N[C@@H](Cc1ccccc1)C(N)=O)[C@@H](C)CC.CC[C@H](C)[C@H](N)C=O.C[C@H](N)C(=O)C(=O)[C@@H](N)CC(N)=O.N.NCC(=O)C(=O)[C@@H](N)Cc1ccccc1.NCCCC[C@H](N)C(=O)C(=O)CN.NCCCC[C@H](N)C(=O)C(=O)[C@H](CCCN=C(N)N)NC(=O)C[C@@H](Cc1cnc[nH]1)C(N)=O.c1c[nH]cn1
C%14(=O)[C@H]5CCCN=C(N)N.[C@@H]8(CCCN=C(N)N)C%20=O.[C@@H]%10(CCCN=C(N)N)C(N)=O.c1%11c[nH]c2ccccc12.c1%12c[nH]c2ccccc12.c1%13c[nH]c2ccccc12.[C@@H]9(CCCCN)C%21=O.CC[C@@H](C)[C@@H]%22C%19=O.C%15(=O)[C@H]6CC(N)=O.C%18(=O)[C@H](N)C(C)C.C3(=O)[C@H]4C%11.C%16(=O)[C@H]7C%12.[C@@H]8(C%13)C%19=O.N3%22.N%144.N%165.N%176.N%187.N%198.N%209.N%21%10	CC[C@@H](C)[C@@H](NC(=O)[C@@H](Cc1c[nH]c2ccccc12)NC(=O)[C@@H](CCCN=C(N)N)NC(=O)[C@@H](Cc1c[nH]c2ccccc12)NC(=O)[C@H](N)C(C)C)C(=O)C(=O)[C@@H](Cc1c[nH]c2ccccc12)[C@H](CCCN=C(N)N)C(=O)N[C@H](CCCCN)C(=O)N[C@H](CCCN=C(N)N)C(N)=O.N.NC(=O)C[C@@H](N)C=O
C3(=O)[C@@H]8CCCCN.c1%22c[nH]c2ccccc12.[C@H]%15(CCCCN)C4=O.CC[C@H](C)[C@H]7C%29=O.C%24(=O)[C@@H]%10CC(C)C.C%26(=O)[C@@H]%12[C@@H](C)CC.C%28(=O)[C@@H](N)CC(C)C.[C@H]%17(CC(C)C)C6=O.[C@H]%18(CC(C)C)C6=O.C%25(=O)[C@@H]%11C%20.c1%20ccccc1.C%27(=O)[C@@H]%13C%21.c1%21ccccc1.[C@H]%16(C%22)C5=O.[C@H]%19(C%23)C(N)=O.c1%23ccccc1.C%14(=O)C9.N37.N%148.N%249.N%25%10.N%26%11.N%27%12.N%28%13.N%29%15.N%30%16.N4%17.N5%18.N6%19	CC[C@H](C)[C@H](NC(=O)[C@H](Cc1ccccc1)NC(=O)[C@@H](N)CC(C)C)C(=O)N[C@@H](Cc1ccccc1)C(=O)N[C@@H](CC(C)C)C(=O)NCC(=O)N[C@@H](CCCCN)C(=O)N[C@H](C(=O)N[C@@H](CCCCN)C(=O)N[C@@H](CC(C)C)C(=O)C(=O)[C@H](CC(C)C)NC(=O)[C@@H](N)Cc1c[nH]c2ccccc12)[C@@H](C)CC.NC(=O)[C@@H](N)Cc1ccccc1
C%25(=O)[C@@H]%23CCCCN.C%36(=O)[C@@H]%27CCCCN.C%52(=O)[C@@H]%29CCCCN.c1%50c[nH]c2ccccc12.C%54(=O)[C@@H](N)CCCCN.[C@H]%34(CCCCN)C8=O.[C@H]%46(CCCCN)C(=O)O.CC[C@H](C)[C@H]%21C%55=O.C%47(=O)[C@@H]%26CC(C)C.C%51(=O)[C@@H]%28CC(C)C.[C@H]%38(CC(C)C)C%10=O.[C@H]%42(CC(C)C)C%18=O.[C@H]%45(CC(C)C)C%20=O.[C@@H]%32(C6=O)C(C)C.[C@@H]%37(C9=O)C(C)C.[C@@H]%39(C%12=O)[C@@H](C)O.[C@@H]%40(C%13=O)[C@@H](C)O.N1%15CCC[C@H]1%48.[C@H]%44(C%49)C%19=O.C3(=O)[C@@H]%22C.[C@H]%31(C)C4=O.c1%49cnc[nH]1.[C@H]%38(C)C%11=O.[C@H]%41(C)C%16=O.C%14(=O)C%24.C%32C5=O.C%43C%17=O.C%43C%19=O.C%16%48=O.N3%21.N%14%22.N%25%23.N%36%24.N%47%26.N%51%27.N%52%28.N%53%29.N%54%30.N4%31.N5%32.N6%33.N7%34.N8%35.N9%37.N%10%38.N%11%39.N%12%40.N%13%41.N%16%42.N%17%43.N%18%44.N%19%45.N%20%46	CC(C)C[C@@H](C(N)=O)[C@@H](C)C(=O)N[C@H](C(=O)N[C@H](C(=O)N[C@@H](C)C(=O)C(=O)[C@@H]1CCCN1)[C@@H](C)O)[C@@H](C)O.CC(C)C[C@@H]1NC1=O.CC(C)C[C@H](N)C(=O)N[C@@H](CCCCN)C(=O)O.CC(C)C[C@H](N)C(=O)N[C@@H](Cc1cnc[nH]1)C(=O)C(=O)CCC(N)=O.CC(C)[C@@H]1NC1=O.CC(C)[C@H](CC(N)=O)C(N)=O.CC[C@H](C)[C@@H](C=O)NC(=O)[C@H](C)NC(=O)CNC(=O)[C@H](CCCCN)NC(=O)[C@H](CC(C)C)NC(=O)[C@@H](N)CCCCN.C[C@@H]1NC1=O.NCCCC[C@@H]1NC1=O.NCCCC[C@H](N)C(N)=O.NCCCC[C@H](N)C(N)=O.c1ccc2[nH]ccc2c1
C2(=O)[C@@H]5CCCCN.C%22(=O)[C@@H](N)CCCCN.[C@H]%11(CCCCN)C3=O.C%18(=O)[C@H]7CCCN.C%21(=O)[C@@H]%10[C@@H](O)CN.C=%15(N2)C%23=O.C%13(=O)[C@@H]6C%16.[C@@H]1%14CCCN1%18.C%20(=O)[C@@H]9CO.c1%16cnc[nH]1.C%12CCCN.N=C(N)N4.C4CC=%15.C%19(=O)C8.C%17%14=O.N%135.N%176.N%197.N%208.N%219.N%22%10.N%23%11.N3%12	N=C(N)NCCC=C(NC(=O)[C@H](CCCCN)NC(=O)[C@H](Cc1cnc[nH]1)NC(=O)[C@@H]1CCCN1C(=O)[C@@H](CCCN)NC(=O)CNC(=O)[C@H](CO)NC(=O)[C@@H](NC(=O)[C@@H](N)CCCCN)[C@@H](O)CN)C(=O)N[C@@H](CCCCN)C(=O)NCCCCN
C%18(=O)[C@@H](N)CCCCN.[C@H]9(CCCCN)C%22=O.[C@H]%11(CCCCN)C3=O.C%13(=O)[C@@H]6[C@@H](O)CN.[C@@H]7(CCCN)C%19=O.C[C@H](O)[C@H]4C%17=O.N1%19CCC[C@H]1%14.[C@H]8(C%16)C%21=O.C[C@@H]%15C%19=O.c1%16cnc[nH]1.C%12CCCN.C2(=O)C5.C=%15CC%10.N%10C(=N)N.C%20%14=O.N24.N%135.N%176.N%187.N%208.N%219.N%23%11.N3%12	INVALID
C2(=O)[C@@H]%14CCCN=C(N)N.C%13(=O)[C@@H]%15CCCN=C(N)N.C%35(=O)[C@@H]%16CCCN=C(N)N.C%37(=O)[C@@H]%17CCCN=C(N)N.C%38(=O)[C@@H]%18CCCN=C(N)N.C5(=O)[C@@H]%21CCCN=C(N)N.C5(=O)[C@@H]%21CCC(N)=O.C6(=O)[C@@H]%22CCC(N)=O.CC[C@H](C)[C@H]%12C9=O.C%39(=O)[C@@H]%19CC(C)C.C7(=O)[C@@H]%23CC(=O)O.[C@H]%26(CC(N)=O)C%11=O.c1%33ccc(O)cc1.C8(=O)[C@@H](N)C(C)C.c1%33ccc(O)cc1.[C@@H]1%28CCCN1%34.[C@@H]1%29CCCN1%35.[C@@H]1%31CCCN1%39.C4(=O)[C@@H]%20C%32.[C@H]%25(C%33)C%10=O.c1%32cnc[nH]1.C%24%28=O.C%34%29=O.C%36%30=O.C%38%31=O.N2%12.N%13%14.N%24%15.N%36%16.N%37%17.N3%18.N4%19.N5%20.N6%21.N7%22.N8%23.N9%25.N%10%26.N%11%27	CC(C)C[C@H](NC(=O)[C@@H](N)Cc1cnc[nH]1)C(=O)N1CCC[C@H]1C(=O)C(=O)[C@@H](N)CCCN=C(N)N.CC(C)[C@H](N)C(=O)N[C@@H](CC(=O)O)C(=O)N[C@@H](CCC(N)=O)C(N)=O.CC[C@H](C)[C@H](NC(=O)[C@H](CCCN=C(N)N)NC(=O)[C@H](CCCN=C(N)N)NC(=O)[C@@H]1CCCN1C(=O)[C@@H]1CCCN1C(=O)[C@H](CCCN=C(N)N)NC=O)C(=O)N[C@@H](C)C(=O)N[C@@H](CC(N)=O)C(N)=O.NC(=O)CC[C@H]1C(=O)C(=O)[C@@H]1CCCN=C(N)N.NC(N)=NCCC[C@@H]1NC1=O.Oc1ccc(-c2ccc(O)cc2)cc1
[C@H]%18(CCCN=C(N)N)C8=O.[C@H]%19(CCCN=C(N)N)C(N)=O.c1%29c[nH]c2ccccc12.[C@H]%17(CCC(N)=O)C6=O.CC[C@H](C)[C@H]%10C4=O.C%32(=O)[C@@H]%16CC(=O)O.[C@H]%18(CC(N)=O)C9=O.c1%27ccc(O)cc1.C%31(=O)[C@@H]%13CCN.c1%28ccc(O)cc1.C%33(=O)[C@@H]%15[C@@H](C)O.C3(=O)[C@@H]%11C%27.[C@@H]1%21CCCN1%25.[C@@H]1%22CCCN1%31.[C@@H]1%23CCCN1%32.C%32(=O)[C@@H]%12C%28.[C@@H]1%24CCCN15.[C@@H]1%26CCCN17.C%33(=O)[C@@H]%15C%29.C%14%21=O.C%30%22=O.C%34%23=O.C5%24=O.C7%26=O.N3%10.N%14%11.N%30%12.N%33%13.S%20C.N%35%15.N4%16.N6%17.N8%18.N9%19	CC[C@H](C)[C@H](NC(=O)[C@H](Cc1ccc(O)cc1)NC(=O)[C@@H]1CCCN1)C(=O)N[C@@H](CC(=O)O)C(=O)N1CCC[C@H]1C=O.CS.C[C@@H](O)[C@H]1C(=O)C(=O)[C@@H]1Cc1c[nH]c2ccccc12.N.NC(=O)CC[C@@H]1NC1=O.NC(=O)C[C@@H](C(=O)N[C@@H](CCCN=C(N)N)C(N)=O)[C@@H](CCCN=C(N)N)C(N)=O.NCC[C@H](N)C(=O)N1CCC[C@H]1C(=O)N[C@H](C=O)Cc1ccc(O)cc1.O=C1[C@@H]2CCCN12.O=C1[C@@H]2CCCN12
[C@H]%51(CCCN=C(N)N)C%20=O.[C@H]%31(CCCCN)C%35=O.[C@H]%33(CCCCN)C%66=O.[C@H]%38(CCCCN)C5=O.[C@H]%42(CCCCN)C8=O.[C@H]%43(CCC(=O)O)C8=O.[C@H]%47(CCCCN)C%12=O.[C@H]%48(CCC(=O)O)C%14=O.[C@H]%50(CCCCN)C%16=O.[C@H]%53(CCC(N)=O)C%21=O.[C@H]%54(CCC(=O)O)C%26=O.[C@H]%59(CCC(=O)O)C%26=O.[C@H]%58(CCC(N)=O)C%25=O.[C@H]%58(CCCCN)C%27=O.CC[C@H](C)[C@H](N)C2=O.[C@@H]%32(C%57=O)[C@@H](C)CC.[C@H]%40(CC(C)C)C%67=O.[C@@H]%40(C6=O)[C@@H](C)CC.[C@@H]%44(C%10=O)[C@@H](C)CC.[C@H]%49(CC(C)C)C%12=O.[C@H]%52(CC(C)C)C%19=O.[C@@H]%56(C%28=O)[C@@H](C)CC.[C@@H]7(C%23=O)C(C)C.[C@H]%29(C%63)C%13=O.c1%63ccccc1.[C@H]%39(CO)C4=O.[C@H]%51(C%64)C%17=O.c1%64ccccc1.N1%20CCC[C@H]1%61.[C@H]%55(C%65)C%22=O.c1%65ccccc1.N1%25CCC[C@H]1%62.[C@H]%31(C)C%46=O.C%34C%66=O.C%41C7=O.C%45C%11=O.C%21%61=O.C%26%62=O.N2%28.N%13%29.N%24%30.N%35%31.N%46%32.N%57%33.N%66%34.N%67%36.N%68%37.N3%38.N4%39.N5%40.N6%41.N7%42.N8%43.N9%44.N%10%45.N%11%47.N%12%48.N%14%49.N%15%50.N%16%51.N%17%52.N%18%53.N%19%54.N%21%55.N%22%56.N%23%58.N%26%59.N%27%60	CC(C)C[C@H](NC(=O)[C@H](Cc1ccccc1)[C@@H](CCCN=C(N)N)C(=O)N1CCC[C@H]1C(=O)C(=O)[C@@H](N)CCC(N)=O)C(=O)N[C@@H](CCC(=O)O)C(=O)C(=O)[C@H](CCC(=O)O)NC(=O)[C@@H]1CCCN1C(=O)[C@H](CCC(N)=O)[C@@H](CCCCN)C(N)=O.CC[C@H](C)[C@@H](C(=O)NCC(=O)[C@H](C(N)=O)C(C)C)[C@@H](CC(C)C)C(N)=O.CC[C@H](C)[C@H](N)C(=O)NC(=O)[C@@H](NC(=O)[C@@H](N)Cc1ccccc1)[C@@H](C)CC.CC[C@H](C)[C@H](N)C(=O)NCC(=O)N[C@@H](CCCCN)C(=O)C(=O)[C@H](CC(C)C)NC(=O)[C@@H](N)CCC(=O)O.CC[C@H](C)[C@H](NC(=O)[C@H](C)[C@@H](CCCCN)C(N)=O)C(=O)N[C@@H](CCCCN)C(=O)C(=O)CN.N.N.NCCCC[C@H](N)C(=O)C(=O)[C@@H](N)CCC(=O)O.NCCCC[C@H](N)C(N)=O.NCCCC[C@H](N)C(N)=O.O=C1N[C@H]1CO.O=C1N[C@H]1Cc1ccccc1
C%24(=O)[C@@H]%12CCCN=C(N)N.C%25(=O)[C@@H](N)CCCN=C(N)N.[C@H]%12(CCCN=C(N)N)C%27=O.C3(=O)[C@@H]7CCCCN.c1%18c[nH]c2ccccc12.c1%19c[nH]c2ccccc12.C%23(=O)[C@@H]%11CCCCN.[C@H]%15(CCCCN)C4=O.c1%20c[nH]c2ccccc12.CC[C@H](C)[C@H]6C%26=O.C%21(=O)[C@@H]9C(C)C.[C@@H]%13(C%28=O)C(C)C.C%14(=O)[C@@H]8C%18.C%22(=O)[C@@H]%10C%19.[C@H]%17(C%20)C(N)=O.N36.N%147.N%218.N%229.N%23%10.N%24%11.N%25%12.N%26%13.N%27%15.N4%16.N5%17	CC[C@H](C)[C@H](NC(=O)[C@H](CCCCN)NC(=O)[C@H](Cc1c[nH]c2ccccc12)NC(=O)[C@@H](NC(=O)[C@H](Cc1c[nH]c2ccccc12)NC(=O)[C@H](CCCCN)NC(=O)[C@H](CCCN=C(N)N)[C@@H](CCCN=C(N)N)C(=O)N[C@@H](CCCCN)C(N)=O)C(C)C)C(=O)N[C@H](C=O)C(C)C.NC(=O)[C@@H](N)CCCN=C(N)N.NC(=O)[C@@H](N)Cc1c[nH]c2ccccc12
C2(=O)[C@@H]%12CCCN=C(N)N.C%34(=O)[C@@H]%15CCCN=C(N)N.C%36(=O)[C@@H]%16CCCN=C(N)N.C7(=O)[C@@H]%19CCCN=C(N)N.C8(=O)[C@@H]%20CCCCN.CC(C)C[C@H]%11C(=O)O.[C@H]%21(CC(N)=O)C(=O)O.c1%29ccc(O)cc1.C5(=O)[C@@H]%18C(C)C.c1%31ccc(O)cc1.[C@@H]1%22CCCN1%24.C%24(=O)[C@@H]%14C%30.[C@@H]1%23CCCN1%33.[C@@H]1%25CCCN1%34.[C@@H]1%26CCCN1%36.[C@@H]1%27CCCN13.C4(=O)[C@@H]%17C%31.[C@@H]1%28CCCN17.c1%30cnc[nH]1.C%10(=O)[C@H](C)N.C%13%22=O.C%32%23=O.C%33%25=O.C%35%26=O.C%37%27=O.C%37%28=O.C6%29=O.N2%11.N%13%12.N%32%14.N%35%15.N4%16.N5%17.N6%18.N8%19.N9%20.N%10%21	CC(C)C[C@H](NC(=O)[C@H](CCCN=C(N)N)NC(=O)[C@@H]1CCCN1C(=O)[C@H](Cc1cnc[nH]1)NC(=O)[C@@H]1CCCN1C(=O)[C@@H]1CCCN1C(=O)[C@H](CCCN=C(N)N)NC(=O)[C@@H]1CCCN1C(=O)[C@H](CCCN=C(N)N)NC(=O)[C@H](Cc1ccc(O)cc1)NC(=O)[C@@H](NC(=O)c1ccc(O)cc1)C(C)C)C(=O)O.C[C@H](N)C(=O)N[C@@H](CC(N)=O)C(=O)O.NCCCC[C@H](N)C(=O)N[C@@H](CCCN=C(N)N)C(=O)N1CCC[C@H]1C(=O)C(=O)[C@@H]1CCCN1
[C@H]%17(CCCN=C(N)N)C6=O.[C@H]%18(CCCN=C(N)N)C(N)=O.c1%20c[nH]c2ccccc12.[C@H]9(CCCCN)C%27=O.c1%21c[nH]c2ccccc12.c1%22c[nH]c2ccccc12.c1%23c[nH]c2ccccc12.c1%24c[nH]c2ccccc12.CC[C@H](C)[C@H](N)C3=O.[C@H]7(CC(C)C)C%14=O.N1%14CCC[C@H]1%19.[C@H]8(C%20)C%26=O.[C@H]%10(C%21)C%28=O.[C@H]%12(C%22)C%30=O.[C@H]%13(C%23)C%31=O.[C@H]%16(C%24)C5=O.[C@H]%11(C)C%29=O.[C@H]%15(C)C4=O.C%25%19=O.N37.N%258.N%269.N%27%10.N%28%11.N%29%12.N%30%13.N%31%15.N4%16.N5%17.N6%18	CC[C@H](C)[C@H](N)C(=O)N[C@@H](CC(C)C)C(=O)N1CCC[C@H]1C(=O)N[C@@H](Cc1c[nH]c2ccccc12)C(=O)N[C@@H](CCCCN)C(=O)N[C@@H](Cc1c[nH]c2ccccc12)C(=O)N[C@@H](C)C(=O)N[C@@H](Cc1c[nH]c2ccccc12)C(=O)N[C@@H](Cc1c[nH]c2ccccc12)C(=O)N[C@@H](C)C(=O)N[C@@H](Cc1c[nH]c2ccccc12)C(=O)N[C@@H](CCCN=C(N)N)C(=O)N[C@@H](CCCN=C(N)N)C(N)=O
C%13(=O)[C@@H]%29CCCN=C(N)N.C%57(=O)[C@@H]%31CCCN=C(N)N.C3(=O)[C@@H]%32CCCN=C(N)N.C5(=O)[C@@H]%38CCCN=C(N)N.C7(=O)[C@@H](N)CCCN=C(N)N.[C@H]%39(CCCN=C(N)N)C9=O.[C@H]%50(CCCN=C(N)N)C%25=O.C%46(=O)[C@@H]%30CCCCN.C4(=O)[C@@H]%37CCCCN.[C@H]%40(CCC(N)=O)C%15=O.[C@H]%44(CCC(N)=O)C%16=O.[C@H]%45(CCCCN)C%19=O.[C@H]%48(CCC(N)=O)C%20=O.[C@H]%49(CCC(N)=O)C%22=O.[C@H]%50(CCCCN)C%25=O.[C@H]%52(CCCCN)C(=O)O.CC[C@H](C)[C@H]%26C8=O.[C@@H]%43(C%14=O)[C@@H](C)CC.[C@@H]%45(C%17=O)[C@@H](C)O.C2(=O)[C@@H]%27C%61.c1%61ccccc1.[C@@H]1%53CCCN1%46.C%65(=O)[C@@H]%33C%62.c1%62ccccc1.[C@@H]1%54CCCN14.[C@H]%41(C%63)C%11=O.c1%63ccccc1.N1%11CCC[C@H]1%55.N1%12CCC[C@H]1%56.N1%17CCC[C@H]1%58.N1%20CCC[C@H]1%59.N1%21CCC[C@H]1%60.[C@H]%49(C%64)C%23=O.c1%64ccccc1.[C@H]%51(CO)C%23=O.C3(=O)[C@@H]%36C.C%24%53=O.C%35%54=O.C%10%55=O.C%12%56=O.C%15%58=O.C%18%59=O.C%21%60=O.N2%26.N%13%27.N%24%28.N%35%29.N%46%30.N%64%31.N%65%32.N%66%33.N3%34.N5%36.N6%37.N7%38.N8%39.N9%40.N%10%41.N%12%42.N%14%43.N%15%44.N%18%45.N%19%47.N%21%48.N%22%49.N%23%50.N%25%51.N%26%52	CC[C@H](C)[C@@H]1NC1=O.CC[C@H](C)[C@H](NC(=O)[C@H](Cc1ccccc1)NC(=O)[C@H](CCCN=C(N)N)NC(=O)[C@@H]1CCCN1C(=O)[C@@H](N)CCCCN)C(=O)N[C@@H](CCCN=C(N)N)C(=O)N[C@@H](CCC(N)=O)C(=O)C(=O)[C@@H]1CCCN1C(=O)[C@H]([C@@H](C)O)[C@@H](CCCCN)C(N)=O.C[C@H](NC(=O)[C@H](CCCN=C(N)N)NC(=O)[C@@H](N)CCCN=C(N)N)C(=O)C(=O)[C@H](CCCN=C(N)N)NC(=O)[C@@H](N)Cc1ccccc1.N.N.N.NC(=O)CC[C@@H](C(N)=O)[C@@H](Cc1ccccc1)C(=O)C(=O)[C@@H](N)CO.NC(=O)CC[C@H](N)C(=O)N1CCC[C@H]1C(N)=O.NC(=O)CC[C@H](N)C=O.NC(N)=NCCC[C@H](N)C=O.NCCCC[C@H](N)C(=O)N1CCC[C@H]1C(N)=O.NCCCC[C@H](N)C(=O)O.NCCCC[C@H]1C(=O)C(=O)[C@@H]1CCCN=C(N)N.O=C1N[C@@H](Cc2ccccc2)C(=O)N2CCC[C@@H]12.O=C1[C@@H]2CCCN12.O=C1[C@@H]2CCCN12
C%13(=O)[C@@H]%16CCCN=C(N)N.C%35(=O)[C@@H]%17CCCN=C(N)N.C%43(=O)[C@@H]%19CCCN=C(N)N.C4(=O)[C@@H]%21CCCN=C(N)N.C8(=O)[C@@H]%23CCCN=C(N)N.C%11(=O)[C@@H]%26CCCN=C(N)N.CC[C@H](C)[C@H]%15C(=O)O.C4(=O)[C@@H]%20[C@@H](C)CC.C%10(=O)[C@@H]%27CC(N)=O.C%42(=O)[C@@H]%18C(C)C.c1%38ccc(O)cc1.C5(=O)[C@@H]%22C(C)C.[C@@H]1%29CCCN1%13.[C@@H]1%29CCCN1%35.[C@@H]1%30CCCN1%41.[C@@H]1%31CCCN1%43.[C@@H]1%32CCCN14.[C@@H]1%33CCCN17.[C@@H]1%34CCCN18.[C@@H]1%36CCCN1%11.[C@@H]1%37CCCN1%14.C%14(=O)[C@H](C)N.c1%37cnc[nH]1.C2%28=O.C%24%29=O.C%39%30=O.C%40%31=O.C%42%32=O.C6%33=O.C9%34=O.C%12%36=O.N2%15.N%24%16.N%39%17.N%40%18.N%42%19.N3%20.N5%21.N6%22.N9%23.N%10%25.N%11%26.N%12%27.N%14%28	CC(C)[C@H](NC(=O)[C@@H]1CCCN1C(=O)[C@@H](N)CCCN=C(N)N)C(=O)C(=O)[C@@H]1CCCN1.CC[C@H](C)[C@H](N)C(=O)C(=O)[C@H](CCCN=C(N)N)NC(=O)[C@@H](NC(=O)[C@@H]1CCCN1)C(C)C.CC[C@H](C)[C@H](NC(N)=O)C(=O)O.C[C@H](N)C(=O)N1CCC[C@H]1c1cnc[nH]1.NC(=O)C[C@H](NC(=O)[C@@H]1CCCN1C(=O)[C@@H](N)CCCN=C(N)N)C(N)=O.NC(N)=NCCC[C@@H]1NC(=O)[C@@H]2CCCN2C1=O.NC(N)=NCCC[C@H](NC=O)C(=O)N1CCC[C@H]1[C@@H]1CCCN1C(=O)[C@H](CCCN=C(N)N)NC(=O)[C@@H]1CCCN1.Oc1ccccc1
C%14(=O)[C@@H]%22CCCCN.C4(=O)[C@@H]%30CCCCN.C5(=O)[C@@H]%31CCCCN.C8(=O)[C@@H]%34CCCCN.C%12(=O)[C@@H]%39CCCCN.C%17(=O)[C@@H]%42CCCCN.c1%49c[nH]c2ccccc12.C%18(=O)[C@@H]%43CCCCN.CC[C@H](C)[C@H]%20C%19=O.C3(=O)[C@@H]%21CC(C)C.C%36(=O)[C@@H]%23CC(C)C.C%47(=O)[C@@H]%24CC(C)C.C%54(=O)[C@@H]%29CC(C)C.C%10(=O)[C@@H]%35CC(C)C.C%11(=O)[C@@H]%38CC(C)C.C%19(=O)[C@@H](N)CC(C)C.C%51(=O)[C@@H]%27[C@@H](C)O.C%53(=O)[C@@H]%28[C@@H](C)O.C7(=O)[C@@H]%33C(C)C.C9(=O)[C@@H]%37[C@@H](C)O.[C@@H]1%45CCCN1%36.C5(=O)[C@@H]%32CO.C%13(=O)[C@@H]%40C%48.c1%48ccccc1.C%15(=O)[C@@H]%41C%49.C%16(=O)[C@@H]%42C%50.c1%50ccccc1.[C@H]%44(CO)C(=O)O.C6(=O)[C@@H]%32C.C%25%45=O.C%25%46=O.N3%20.N%14%21.N%25%22.N%47%23.N%51%24.N%52%26.N%53%27.N%54%28.N4%29.N5%30.N6%31.N7%32.N8%33.N9%34.N%10%35.N%11%37.N%12%38.N%13%39.N%15%40.N%16%41.N%17%42.N%18%43.N%19%44	CC(C)C[C@@H]1NC1=O.CC(C)C[C@H](NC(=O)[C@@H](NC(=O)[C@@H](NC(=O)[C@H](CC(C)C)NC(=O)[C@@H](N)CCCCN)[C@@H](C)O)[C@@H](C)O)C(=O)N[C@@H](CC(C)C)C(=O)N1CCC[C@H]1C(=O)C=O.CC(C)C[C@H](NC(=O)[C@H](CCCCN)NC(=O)[C@H](Cc1ccccc1)NC(=O)[C@H](Cc1c[nH]c2ccccc12)NC(=O)[C@H](Cc1ccccc1)[C@@H](CCCCN)C(N)=O)C(=O)N[C@H](C(=O)N[C@@H](CCCCN)C(=O)N[C@H](C(N)=O)C(C)C)[C@@H](C)O.CC[C@H](C)[C@H](NC(=O)[C@H](CC(C)C)NC(=O)[C@@H](N)CCCCN)C(=O)C(=O)[C@@H](N)CC(C)C.C[C@H]1C(=O)N[C@@H](CCCCN)C(=O)C(=O)[C@@H]1CO.N.NCCCC[C@@H]1NC1=O.N[C@@H](CO)C(=O)O
[C@H]%11(CCCN=C(N)N)C%28=O.[C@H]%19(CCCN=C(N)N)C(=O)O.c1%20c[nH]c2ccccc12.[C@H]9(CCCCN)C%26=O.c1%21c[nH]c2ccccc12.[C@H]%12(CCCCN)C%29=O.c1%22c[nH]c2ccccc12.[C@H]%17(CCCCN)C5=O.CC[C@H](C)[C@H]7C%14=O.[C@H]8(CC(C)C)C%25=O.[C@H]%13(CC(C)C)C%29=O.c1%24ccc(O)cc1.C3(=O)[C@@H](N)C%20.[C@H]%10(C%21)C%27=O.[C@H]%15(C%22)C%30=O.[C@H]%18(C%23)C6=O.c1%23ccccc1.N37.N%148.N%249.N%25%10.N%26%11.N%27%12.N%28%13.N%29%15.N%30%16.N4%17.N5%18.N6%19	CC[C@H](C)[C@H](NC(=O)[C@@H](N)Cc1c[nH]c2ccccc12)C(=O)N[C@@H](CC(C)C)C(=O)N[C@@H](Cc1c[nH]c2ccccc12)C(=O)N[C@@H](CCCCN)C(=O)C(=O)[C@H](CC(C)C)NC(=O)[C@H](CCCN=C(N)N)NC(=O)[C@H](CCCCN)Nc1ccc(O)cc1.NC(=O)[C@@H](N)Cc1c[nH]c2ccccc12.NCCCC[C@H](N)C(=O)N[C@@H](Cc1ccccc1)C(=O)N[C@@H](CCCN=C(N)N)C(=O)O
C%14(=O)[C@@H]7CCCN=C(N)N.C%18(=O)[C@@H]8CCCN=C(N)N.[C@H]%12(CCCN=C(N)N)C%24=O.[C@H]%15(CCCN=C(N)N)C(N)=O.C%19(=O)[C@@H]9CCCCN.c1%16c[nH]c2ccccc12.c1%17c[nH]c2ccccc12.CC[C@H](C)[C@H]5C%23=O.C3(=O)[C@@H]6C(C)C.C%20(=O)[C@@H]%10C%16.C%22(=O)[C@@H](N)CS.[C@H]%13(C%17)C4=O.C%21(C)=O.N35.N%146.N%187.N%198.N%209.N%21%10.N%22%11.N%23%12.N%24%13.N4%15	CC[C@H](C)[C@H](NC(=O)[C@@H](NC(=O)[C@H](CCCN=C(N)N)NC(=O)[C@H](CCCN=C(N)N)NC(=O)[C@H](CCCCN)NC(=O)[C@H](Cc1c[nH]c2ccccc12)NC(C)=O)C(C)C)C(=O)N[C@@H](CCCN=C(N)N)C(=O)N[C@@H](Cc1c[nH]c2ccccc12)C(=O)N[C@@H](CCCN=C(N)N)C(N)=O.NC(=O)[C@@H](N)CS
C2(=O)[C@@H]3CCCCN.C%18(=O)[C@@H](N)CCCCN.C%14(=O)[C@H]5CCCN.C%16(=O)[C@@H]7[C@@H](O)CN.C%17(=O)[C@@H]8[C@@H](O)CN.C=%10(2)C(=O)O.C%12(=O)[C@@H]4C%11.[C@@H]19CCCN1%14.c1%11cnc[nH]1.N==C(N)N%19.C%19CC=%10.C%15(=O)C6.C%139=O.N%123.N%134.N%155.N%166.N%177.N%188	INVALID
[C@@H]%20(CCCN=C(N)N)C6=O.[C@@H]%23(CCCN=C(N)N)C8=O.[C@@H]%24(CCCN=C(N)N)C9=O.[C@@H]%12(CCCCN)C%25=O.c1%27c[nH]c2ccccc12.c1%28c[nH]c2ccccc12.c1%29c[nH]c2ccccc12.[C@@H]%19(CCCCN)C4=O.c1%30c[nH]c2ccccc12.CC[C@@H](C)[C@@H](N)C3=O.[C@@H]%10(CC(=O)O)C%14=O.[C@H]%21(C6=O)[C@H](C)CC.[C@H]%26(C%10=O)[C@H](C)CC.[C@@H]%13(C%27)C%33=O.[C@@H]%15(C%28)C%34=O.[C@@H]%17(C%29)C%36=O.[C@@H]%18(C%30)C%37=O.[C@@H]%20(C%31)C5=O.c1%31ccccc1.[C@@H]%22(C%32)C7=O.C%16C%35=O.N3%10.N%14%11.N%25%12.N%32%13.N%33%15.N%34%16.N%35%17.N%36%18.N%37%19.N4%20.N5%21.N6%22.N7%23.N8%24.N9%26	CC[C@@H](C)[C@@H](N)C(N)=O.CC[C@@H](C)[C@@H](NC(=O)[C@@H](CCCN=C(N)N)NC(=O)[C@@H](CCCN=C(N)N)NC(=O)[C@H](N)CN[C@H](Cc1c[nH]c2ccccc12)C(=O)N[C@H](Cc1c[nH]c2ccccc12)C(=O)NCC(=O)N[C@H](Cc1c[nH]c2ccccc12)C(=O)N[C@H](Cc1c[nH]c2ccccc12)C(=O)N[C@H](CCCCN)C(N)=O)C(=O)[C@H](CC(=O)O)C(N)=O.CC[C@@H](C)[C@H]1NC(=O)[C@@H](Cc2ccccc2)[C@H](CCCN=C(N)N)C(=O)C1=O.NCCCC[C@H]1NC1=O
[C@H]%20(CCCN=C(N)N)C%24=O.[C@H]%21(CCCN=C(N)N)C%35=O.[C@H]%41(CCCN=C(N)N)C%16=O.[C@H]%25(CCCCN)C%49=O.[C@H]%29(CCCCN)C3=O.[C@H]%31(CCCCN)C7=O.[C@H]%39(CCCCN)C%14=O.[C@H]%40(CCC(N)=O)C%15=O.CC[C@H](C)[C@H](N)C2=O.[C@H]%23(CC(C)C)C%46=O.[C@H]%27(CC(C)C)C%48=O.[C@H]%33(CC(C)C)C9=O.[C@@H]%37(C%11=O)[C@@H](C)CC.[C@@H]%26(C%50=O)C(C)C.[C@@H]%28(C%51=O)[C@@H](C)O.[C@@H]%34(C8=O)[C@@H](C)O.[C@@H]%43(C(=O)O)C(C)C.[C@@H]%44(C(=O)O)C(C)C.[C@@H]%32(C8=O)C(C)C.[C@@H]%36(C%10=O)C(C)C.[C@H]%20(CS)C%13=O.N1%51CCC[C@H]1%45.[C@H]%38(CO)C%12=O.[C@H]%30(C)C5=O.c1%47cnc[nH]1.C%41C%17=O.C%10%45=O.N2%20.N%13%21.N%24%22.N%35%23.N%46%25.N%48%26.N%49%27.N%50%28.N3%29.N4%30.N5%31.N6%32.N7%33.N8%34.N9%36.N%10%37.N%11%38.N%12%39.N%14%40.N%15%41.N%16%42.N%17%43.N%18%44	CC(C)C[C@H](NC(=O)[C@H](CCCN=C(N)N)NC(=O)[C@H](CS)[C@@H](CCCN=C(N)N)C(N)=O)C(=O)N[C@@H](CCCCN)C(=O)N[C@@H](CC(C)C)C(=O)N[C@H](C(=O)N[C@H](C(=O)N1CCC[C@H]1C(=O)C(=O)[C@@H](NC(=O)[C@H](CC(C)C)NC(=O)[C@H](CCCCN)NC(=O)[C@H](C)N)C(C)C)[C@@H](C)O)C(C)C.CC(C)[C@H](N)C(=O)C(=O)[C@@H](N)[C@@H](C)O.CC(C)[C@H](N)C(=O)O.CC(C)[C@H](NC(=O)C[C@@H](CCCN=C(N)N)C(N)=O)C(=O)O.CC[C@H](C)[C@H](N)C(=O)N[C@@H](CO)C(=O)N[C@@H](CCCCN)C(=O)N[C@@H](CCC(N)=O)C(N)=O.CC[C@H](C)[C@H](N)C(N)=O.NCCCC[C@@H]1NC1=O.c1c[nH]cn1
C%13(=O)[C@@H]%23CCCN=C(N)N.C%52(=O)[C@@H]%26CCCN=C(N)N.C%54(=O)[C@@H](N)CCCN=C(N)N.[C@H]%36(CCCN=C(N)N)C%10=O.C%24(=O)[C@@H]%25CCCCN.[C@H]%33(CCCCN)C8=O.[C@H]%42(CCCCN)C%20=O.[C@H]%43(CCCCN)C(=O)O.CC[C@H](C)[C@H]%22C%55=O.C%35(=O)[C@@H]%26CC(C)C.C%53(=O)[C@@H]%27CC(C)C.C%54(=O)[C@@H]%29CC(C)C.[C@H]%37(CC(C)C)C%16=O.[C@H]%40(CC(C)C)C%18=O.[C@H]%41(CC(C)C)C%19=O.[C@@H]3(C7=O)C(C)C.[C@@H]%34(C%11=O)[C@@H](C)O.[C@@H]%38(C%14=O)C(C)C.[C@@H]1%44CCCN1%13.N15CCC[C@H]1%45.N19CCC[C@H]1%47.N1%11CCC[C@H]1%48.N1%16CCC[C@H]1%49.N1%19CCC[C@H]1%50.[C@H]%30(C)C3=O.C%55(=O)C%32.C%31C4=O.C%41C%12=O.C2%44=O.C5%45=O.C9%47=O.C%12%48=O.C%17%49=O.C%21%50=O.N2%22.N%24%23.N%35%25.N%46%26.N%52%27.N%53%28.N%54%29.N3%30.N4%31.N6%32.N7%33.N8%34.N%10%36.N%12%37.N%14%38.N%15%39.N%17%40.N%18%41.N%20%42.N%21%43	CC(C)C[C@H](CC(=O)C(=O)[C@@H]1CCCN1C(=O)[C@@H](NC(=O)[C@H](CCCCN)NC(=O)[C@@H](C(=O)[C@H](C)N)C(C)C)[C@@H](C)O)C(=O)N1CCC[C@H]1C(=O)N[C@@H](CCCCN)C(=O)O.CC(C)C[C@H](N)C(=O)C(=O)[C@@H](N)CCCN=C(N)N.CC(C)C[C@H](NC(=O)[C@@H]1CCCN1C(=O)[C@@H](N)CC(C)C)C(N)=O.CC(C)[C@@H]1NC1=O.CC[C@H](C)[C@H](NC(=O)[C@@H]1CCCN1C(=O)[C@H](CCCN=C(N)N)NC(=O)[C@H](CCCCN)NC(=O)[C@H](CC(C)C)[C@@H](CCCN=C(N)N)C(=O)N[C@@H](CC(C)C)C(N)=O)C(=O)C(=O)CN.N.N.NC(N)=NCCC[C@@H]1NC1=O.NCCCC[C@@H]1NC1=O.O=C1CN1.O=C1[C@@H]2CCCN12.O=C1[C@@H]2CCCN12
C3(=O)[C@@H]5CCCCN.C%14(=O)[C@@H]6CCCCN.C%18(=O)[C@@H]9CCCCN.C%20(=O)[C@@H]%11CCCCN.c1%15c[nH]c2ccccc12.CC[C@H](C)[C@H]4C(N)=O.C%16(=O)[C@@H]7[C@@H](C)CC.C%17(=O)[C@@H]8CC(N)=O.C%21(=O)[C@@H]%12CC(C)C.C%19(=O)[C@@H]%10C%13.c1%13ccccc1.C%22(=O)[C@@H](N)C%15.N34.N%145.N%166.N%177.N%188.N%199.N%20%10.N%21%11.N%22%12	CC[C@H](C)[C@H](NC(=O)[C@H](CCCCN)NC(=O)[C@H](CCCCN)NC(=O)[C@@H](NC(=O)[C@H](CC(N)=O)NC(=O)[C@H](CCCCN)NC(=O)[C@H](Cc1ccccc1)NC(=O)[C@H](CCCCN)NC(=O)[C@H](CC(C)C)NC(=O)[C@@H](N)Cc1c[nH]c2ccccc12)[C@@H](C)CC)C(N)=O
C3(=O)[C@@H]9CCCN=C(N)N.C%27(=O)[C@@H]%13CCCN=C(N)N.[C@H]%16(CCCN=C(N)N)C5=O.[C@H]%18(CCCN=C(N)N)C6=O.[C@H]%19(CCCN=C(N)N)C7=O.[C@H]%20(CCCN=C(N)N)C(N)=O.c1%23c[nH]c2ccccc12.c1%23c[nH]c2ccccc12.CC[C@H](C)[C@H]8C%31=O.C%26(=O)[C@@H]%12CC(C)C.C%29(=O)[C@@H]%15CC(C)C.c1%22ccc(F)cc1.c1%24ccc(O)cc1.C%25(=O)[C@@H]%11C%22.[C@@H]1%21CCCN1%29.C%30(=O)[C@@H](N)C%23.[C@H]%17(C)C4=O.C%28%21=O.N38.N%149.N%25%10.N%26%11.N%27%12.N%28%13.N%30%15.N%31%16.N4%17.N5%18.N6%19.N7%20	CC(C)C[C@H](NC(=O)[C@H](CCCN=C(N)N)NC(=O)[C@@H]1CCCN1C(=O)[C@H](CC(C)C)NC(=O)[C@H](C)N)C(=O)N[C@@H](Cc1ccc(F)cc1)C(N)=O.CC[C@H](C)[C@H](NC(=O)[C@@H](N)CCCN=C(N)N)C(=O)N[C@@H](CCCN=C(N)N)C(=O)N[C@@H](CCCN=C(N)N)C(=O)N[C@@H](CCCN=C(N)N)C(=O)N[C@@H](CCCN=C(N)N)C(N)=O.C[C@@H]1NC1=O.Oc1ccccc1.c1ccc2c(-c3c[nH]c4ccccc34)c[nH]c2c1
C2(=O)[C@@H]5CCCCN.C%23(=O)[C@@H](N)CCCCN.C%18(=O)[C@@H]7[C@@H](O)CN.C%19(=O)[C@H]8CCCN.C%22(=O)[C@@H]%10[C@@H](O)CN.C%21(=O)[C@@H]%11CCN.C=%15(N2)C3=O.C%13(=O)[C@@H]6C%16.[C@@H]1%15CCCN1%18.c1%16cnc[nH]1.C%14CCN.N=C(N)N4.C%20(=O)C9.C%17%15=O.N25.N%136.N%177.N%198.N%209.N%21%10.N%22%11.N%23%12.N3%14	INVALID
C2(=O)[C@@H]%14CCCN=C(N)N.C%13(=O)[C@@H]%15CCCN=C(N)N.C%35(=O)[C@@H]%16CCCN=C(N)N.C%37(=O)[C@@H]%17CCCN=C(N)N.C%39(=O)[C@@H]%18CCCN=C(N)N.[C@H]%26(CCCN=C(N)N)C(N)=O.C5(=O)[C@@H]%20CCCCN.C6(=O)[C@@H]%21CCCCN.CC[C@H](C)[C@H]%12C9=O.C7(=O)[C@@H]%22CC(=O)O.[C@H]%25(CC(N)=O)C%11=O.c1%32ccc(O)cc1.C8(=O)[C@@H](N)C(C)C.c1%33ccc(O)cc1.[C@@H]1%27CCCN1%34.[C@@H]1%28CCCN1%35.[C@@H]1%29CCCN1%37.[C@@H]1%30CCCN1%39.C3(=O)[C@@H]%19C%32.[C@@H]1%31CCCN15.[C@H]%23(C%33)C%10=O.C%24%27=O.C%34%28=O.C%36%29=O.C%38%30=O.C4%31=O.N2%12.N%13%14.N%24%15.N%36%16.N%38%17.N3%18.N4%19.N6%20.N7%21.N8%22.N9%23.N%10%25.N%11%26	CC[C@H](C)[C@H](NC(=O)[C@H](CCCN=C(N)N)NC(=O)[C@H](CCCN=C(N)N)NC(=O)[C@@H]1CCCN1C(=O)[C@@H]1CCCN1C(=O)[C@H](CCCN=C(N)N)NC(=O)[C@@H]1CCCN1C(=O)[C@H](CCCN=C(N)N)NC(=O)[C@@H]1CCCN1C(=O)[C@H](CCCN=C(N)N)NC(=O)[C@H](Cc1ccc(O)cc1)NC(=O)[C@@H]1CCCN1C(=O)[C@H](CCCCN)NC(=O)[C@H](CCCCN)NC(=O)[C@H](CC(=O)O)NC(=O)[C@@H](N)C(C)C)C(=O)N[C@@H](Cc1ccc(O)cc1)C(=O)N[C@@H](CC(N)=O)C(=O)N[C@@H](CCCN=C(N)N)C(N)=O
C%33(=O)[C@@H]%15CCCN=C(N)N.[C@H]%19(CCCN=C(N)N)C5=O.[C@H]%21(CCCN=C(N)N)C%10=O.CC[C@H](C)[C@H]%11C%37=O.C%34(=O)[C@@H]%16CC(N)=O.C%35(=O)[C@@H]%17CC(N)=O.C3(=O)[C@@H]%18CC(N)=O.c1%31ccc(O)cc1.C1%29CC(O)CN11.c1%32ccc(O)cc1.C%13(=O)[C@@H]%14C(C)C.C2(=O)[C@@H]%12C%31.[C@@H]1%23CCCN1%33.N1%37CCC[C@H]1%25.N13CCC[C@H]1%26.N15CCC[C@H]1%27.N16CCC[C@H]1%28.[C@H]%20(C%30)C8=O.N18CCC[C@H]1%29.c1%30cnc[nH]1.C%36(=O)CN.C%24%23=O.C%38%25=O.C4%26=O.C6%27=O.C7%28=O.C9%29=O.N2%11.N%13%12.N%24%14.N%34%15.N%35%16.N%36%17.N%38%18.N4%19.N7%20.N9%21.N%10%22	INVALID
C7(=O)[C@@H]3CCCN=C(N)N.C2(=O)[C@@H]%12CCC(N)=O.C6(=O)[C@@H]%13CCCCN.[C@H]4(CCCCN)C(=O)O.CC[C@H](C)[C@H]%11C%10=O.c16ccc(O)cc1.C8(=O)[C@@H](N)CC(N)=O.N2%11.N6%12.N7%13.N8%14.N93.N%104	CC[C@H](C)[C@H](NC(=O)[C@@H](N)CCC(N)=O)C(=O)N[C@@H](CCCCN)C(=O)O.NC(=O)C[C@H](N)C(N)=O.NCCCC[C@H](NC(=O)[C@@H](N)CCCN=C(N)N)C(=O)c1ccc(O)cc1
C2(=O)[C@@H]%11CCCN=C(N)N.C%13(=O)[C@@H](N)CCCN=C(N)N.[C@H]%12(CCCN=C(N)N)C%26=O.[C@H]%14(CCCN=C(N)N)C%29=O.[C@H]%17(CCCN=C(N)N)C3=O.[C@H]%17(CCCN=C(N)N)C5=O.[C@H]%18(CCCN=C(N)N)C7=O.CC[C@H](C)[C@H]%10C%24=O.[C@@H]%16(C4=O)[C@@H](C)CC.c1%27ccc(O)cc1.[C@@H]%19(C(=O)O)C(C)C.N1%26CCC[C@H]1%20.N1%29CCC[C@H]1%21.[C@H]%15(C%27)C%33=O.N13CCC[C@H]1%22.N15CCC[C@H]1%23.N18CCC[C@H]1%25.C%28%20=O.C%30%21=O.C%32%22=O.C4%23=O.C6%25=O.C8%26=O.C9C=O.N2%10.N%13%11.N%28%12.N%30%14.N%32%15.N%33%16.N4%17.N6%18.N9%19	CC(C)[C@H](NCC=O)C(=O)O.CC[C@H](C)[C@@H](C=O)NC(=O)[C@H](CCCN=C(N)N)NC(=O)[C@@H](N)CCCN=C(N)N.CC[C@H](C)[C@@H]1NC(=O)[C@H](Cc2ccc(O)cc2)NC(=O)[C@@H]2CCCN2C(=O)[C@H](CCCN=C(N)N)[C@@H](CCCN=C(N)N)C(=O)N2CCC[C@H]2C(=O)C1=O.N.NC(N)=NCCC[C@@H](C=O)NC(=O)[C@@H]1CCCN1C=O.NC(N)=NCCC[C@@H]1NC(=O)[C@@H]2CCCN2C1=O.NC(N)=NCCC[C@@H]1NC(=O)[C@@H]2CCCN2C1=O
C2(=O)[C@@H]6CCCN=C(N)N.C%13(=O)[C@@H]7CCCN=C(N)N.[C@H]9(CCCN=C(N)N)C%21=O.[C@H]%15(CCCN=C(N)N)C4=O.[C@H]%16(CCCN=C(N)N)C(N)=O.CC[C@H](C)[C@H]5C%20=O.C%18(=O)[C@@H]8CC(C)C.[C@@H]%11(C%23=O)[C@@H](C)CC.[C@@H]%10(C%22=O)C(C)C.[C@@H]%12(C%23=O)C(C)C.[C@@H]%14(C3=O)C(C)C.C%19(=O)[C@@H]9C%17.c1%17ccccc1.N25.N%136.N%187.N%198.N%209.N%21%10.N%22%11.N%23%12.N%24%14.N3%15.N4%16	CC(C)[C@H](N)C(=O)N[C@@H](CCCN=C(N)N)C(=O)N[C@@H](CCCN=C(N)N)C(N)=O.CC[C@H](C)[C@H](NC(=O)[C@H](CCCN=C(N)N)NC(=O)[C@H](CCCN=C(N)N)NC(=O)[C@H](CC(C)C)NC(=O)[C@H](Cc1ccccc1)[C@@H](CCCN=C(N)N)C(=O)N[C@H](C(=O)N[C@H](C(=O)C(=O)[C@@H](N)C(C)C)[C@@H](C)CC)C(C)C)C(N)=O
C2(=O)[C@@H]%12CCCCN.C%34(=O)[C@@H]%15CCCCN.C%36(=O)[C@@H]%16CCCCN.C7(=O)[C@@H]%20CCCCN.C7(=O)[C@@H]%20CCCCN.CC(C)C[C@H]%11C(=O)O.C3(=O)[C@@H]%17CC(C)C.C8(=O)[C@@H]%21CC(N)=O.C9(=O)[C@@H]%22CC(N)=O.c1%30ccc(O)cc1.c1%31ccc(O)cc1.[C@@H]1%23CCCN1%24.C%24(=O)[C@@H]%14C%30.[C@@H]1%25CCCN1%33.[C@@H]1%26CCCN1%34.[C@@H]1%27CCCN1%36.[C@@H]1%28CCCN13.C4(=O)[C@@H]%18C%31.[C@@H]1%29CCCN16.[C@@H]1%29CCCN17.C%10(=O)CN.C%13%23=O.C%32%25=O.C%33%26=O.C%35%27=O.C%37%28=O.C6%29=O.N2%11.N%13%12.N%32%14.N%35%15.N%37%16.N4%17.N5%18.N6%19.N8%20.N9%21.N%10%22	CC(C)C[C@H](NC(=O)[C@H](CCCCN)NC(=O)[C@@H]1CCCN1C(=O)[C@H](Cc1ccc(O)cc1)NC(=O)[C@@H]1CCCN1C(=O)[C@@H]1CCCN1C(=O)[C@H](CCCCN)NC(=O)[C@@H]1CCCN1C(=O)[C@H](CCCCN)NC(=O)[C@@H]1CCCN1C(=O)[C@H](CC(C)C)NC(=O)[C@@H](N)Cc1ccc(O)cc1)C(=O)O.N.NCC(=O)N[C@@H](CC(N)=O)C(=O)N[C@@H](CC(N)=O)C(N)=O.NCCCC[C@H]1C(=O)C(=O)[C@@H]1CCCCN.O=CN1CCC[C@H]1[C@@H]1CCCN1
C2(=O)[C@@H]%11CCCN=C(N)N.C%32(=O)[C@@H]%14CCCN=C(N)N.C7(=O)[C@@H]%19CCCN=C(N)N.C%35(=O)[C@@H]%16CCC(N)=O.C4(=O)[C@@H]%17CCC(N)=O.C8(=O)[C@@H]%20CCCCN.CC(C)[C@H]%10C(=O)O.C%34(=O)[C@@H]%15[C@@H](C)O.[C@@H]1%21CCCN1%24.C%24(=O)[C@@H]%12C%30.[C@@H]1%22CCCN1%32.[C@@H]1%23CCCN1%34.[C@@H]1%25CCCN1%35.[C@@H]1%26CCCN13.C4(=O)[C@@H]%18CO.C5(=O)[C@@H]%18C%29.[C@@H]1%27CCCN17.c1%29cnc[nH]1.C9(=O)CN.C%13%21=O.C%31%22=O.C%33%23=O.C%34%25=O.C3%26=O.C%36%27=O.C6%28=O.N2%10.N%13%11.N%31%12.N%33%14.N3%15.N4%16.N5%17.N6%18.N8%19.N9%20	CC(C)[C@H](NC(=O)[C@H](CCCN=C(N)N)NC(=O)[C@@H]1CCCN1C(=O)[C@H](C)NC(=O)[C@@H]1CCCN1C(=O)[C@H](CCCN=C(N)N)NC(=O)[C@@H]1CCCN1C(=O)[C@@H](N)[C@@H](C)O)C(=O)O.NC(=O)CC[C@@H]1NC(=O)[C@H](Cc2cnc[nH]2)[C@@H](CO)C(=O)C1=O.NC(=O)CC[C@H](N)C(=O)N1CCC[C@H]1C=O.NC=O.NCCCC[C@H](NC(=O)CN)C(=O)N[C@@H](CCCN=C(N)N)C(=O)N1CCC[C@H]1C=O.O=C1[C@@H]2CCCN12
C%58(=O)[C@@H](N)CCCN=C(N)N.[C@H]%35(CCCN=C(N)N)C5=O.[C@H]%38(CCCN=C(N)N)C6=O.[C@H]%39(CCCN=C(N)N)C8=O.[C@H]%41(CCCN=C(N)N)C%20=O.[C@H]%44(CCCN=C(N)N)C%21=O.[C@H]%51(CCCN=C(N)N)C%23=O.C3(=O)[C@@H]%31CCCCN.c1%65c[nH]c2ccccc12.[C@H]%37(CCCCN)C%71=O.[C@H]%40(CCC(N)=O)C7=O.[C@H]%44(CCC(N)=O)C%16=O.[C@H]%48(CCC(N)=O)C%20=O.[C@H]%53(CCC(=O)O)C%26=O.CC[C@H](C)[C@H]%30C%47=O.[C@H]%34(CC(C)C)C4=O.[C@H]%38(CC(C)C)C%70=O.[C@H]%45(CC(C)C)C%12=O.[C@H]%52(CC(C)C)C%27=O.c1%66ccc(O)cc1.C%14(=O)[C@@H]%32CO.[C@@H]1%55CCCN1%36.C%36(=O)[C@@H]%32C%65.C%47(=O)[C@@H](N)CO.[C@H]%33(C%66)C%69=O.[C@H]%37(C%67)C4=O..N16CCC[C@H]1%57.N18CCC[C@H]1%59.N1%10CCC[C@H]1%60.N1%12CCC[C@H]1%61.[C@H]%45(C%68)C%18=O.c1%67ccccc1.N1%16CCC[C@H]1%62.N1%19CCC[C@H]1%63.[C@H]%49(CO)C%23=O.N1%23CCC[C@H]1%64.[C@H]%52(CO)C%28=O.[C@H]%46(C)C%24=O.C%58%55=O.C5%56=O.C9%57=O.C%11%59=O.C%12%60=O.C%15%61=O.C%19%62=O.C%21%63=O.C%24%64=O.N3%30.N%14%31.N%25%32.N%47%33.N%58%34.N%68%35.N%69%37.N4%38.N5%39.N7%40.N9%41.N%10%42.N%13%43.N%15%44.N%17%45.N%18%46.N%20%48.N%21%49.N%22%50.N%24%51.N%26%52.N%27%53.N%29%54	INVALID
[C@@H]15NC(=O)[C@H]2CCCN2C(=O)[C@H]9NC(=O)[C@@H](C)NC(=O)[C@H]%10NC(=O)[C@H]%11NC(=O)[C@H]%12NC(=O)[C@H]%13NC(=O)[C@H]%14NC(=O)[C@H]%15NC(=O)[C@@H](N)CSSC[C@@H]4NC(=O)[C@H]6NC1=O.c18c[nH]c2ccccc12.C%10CCN=C(N)N.C%14CCN=C(N)N.c17cnc[nH]1.C%11CCCN.C%12CCCN.C5CCCN.C%15(C)C.C4(=O)O.C97.C68	CC(C)[C@@H]1NC(=O)[C@@H](N)CSSC[C@@H](C(=O)O)NC(=O)[C@H](Cc2c[nH]c3ccccc23)NC(=O)[C@H](CCCCN)NC(=O)[C@H]2CCCN2C(=O)[C@H](Cc2cnc[nH]2)NC(=O)[C@@H](C)NC(=O)[C@H](CCCN=C(N)N)NC(=O)[C@H](CCCCN)NC(=O)[C@H](CCCCN)NC(=O)CNC(=O)[C@H](CCCN=C(N)N)NC1=O
C%68(=O)[C@@H]%40CCCN=C(N)N.C4(=O)[C@@H]%44CCCN=C(N)N.C%12(=O)[C@@H]%47CCCN=C(N)N.C%16(=O)[C@@H]%50CCCN=C(N)N.C%27(=O)[C@@H]%58CCCN=C(N)N.C%12(=O)[C@@H]%45CCC(N)=O.C%15(=O)[C@@H]%52CCCCN.C%19(=O)[C@@H]%54CCC(N)=O.C%20(=O)[C@@H]%55CCCCN.C%22(=O)[C@@H]%59CCCCN.C%28(=O)[C@@H]%56CCCCN.C%29(=O)[C@@H]%60CCCCN.C%31(=O)[C@@H]%63CCC(N)=O.CC[C@H](C)[C@H]%39C(=O)O.C5(=O)[C@@H]%48[C@@H](C)CC.C%14(=O)[C@@H]%51[C@@H](C)CC.C%18(=O)[C@@H]%53[C@@H](C)CC.C%28(=O)[C@@H]%58CC(C)C.C%32(=O)[C@@H]%58CC(C)C.c1%86ccc(O)cc1.c1%87ccc(O)cc1.C%11(=O)[C@@H]%49C(C)C.C%37(=O)[C@@H]%56[C@@H](C)O.[C@@H]1%63CCCN1%24.C%35(=O)[C@@H]%37CS.[C@@H]1%70CCCN1%46.C%46(=O)[C@@H]%38C%80.c1%80ccccc1.C%57(=O)[C@@H]%42C%87.C%79(=O)[C@@H]%47CO.[C@@H]1%64CCCN17.C8(=O)[C@@H]%47CS.C9(=O)[C@@H]%54C%88.c1%81ccccc1.[C@@H]1%66CCCN1%11.[C@@H]1%67CCCN1%17.[C@@H]1%69CCCN1%17.C%18(=O)[C@@H]%52C%82.[C@@H]1%70CCCN1%21.[C@@H]1%71CCCN1%22.[C@@H]1%72CCCN1%25.[C@@H]1%73CCCN1%27.[C@@H]1%74CCCN1%28.C%32(=O)[C@@H]%60C%83.c1%89ccccc1.[C@@H]1%75CCCN1%31.c1%76cnc[nH]1.C%28(=O)[C@@H]%61C.c1%77cnc[nH]1.C%13%63=O.C%46%64=O.C%57%65=O.C3%66=O.C6%67=O.C%10%69=O.C%15%70=O.C%16%71=O.C%22%72=O.C%26%73=O.C%27%74=O.C%30%75=O.C%31%76=O.N2%33.N%13%34.N%35%36.N%46%37.N%68%38.N%79%39.N%90%40.N4%41.N5%42.N6%43.N8%44.N9%45.N%10%47.N%12%48.N%14%49.N%16%50.N%18%51.N%19%52.N%23%53.N%23%54.N%26%55.N%28%56.N%30%58.N%32%59.N%33%60.N%34%61.N%37%62	CC(C)C[C@@H](C(=O)C(=O)[C@H](CCCCN)[C@H](C(=O)[C@@H](CS)C(N)=O)[C@@H](C)O)[C@@H](CCCN=C(N)N)C(=O)N1CCC[C@H]1C(=O)N[C@H](C=O)CCCCN.CC(C)C[C@H](NC(=O)[C@@H]1CCCN1C(=O)[C@H](CCC(N)=O)[C@@H]1CCCN1)C(=O)C(=O)[C@H](C)[C@H](C=O)CCCCN.CC[C@H](C)[C@H](N)C(=O)N[C@@H](Cc1ccc(O)cc1)C(=O)C=O.CC[C@H](C)[C@H](N)C(=O)N[C@H](C(=O)N1CCC[C@H]1C=O)C(C)C.CC[C@H](C)[C@H](NC(=O)[C@H](CO)[C@@H](CCCN=C(N)N)C(=O)C(=O)[C@H](CCC(N)=O)NC(=O)[C@H](C)[C@@H](CCC(N)=O)C(N)=O)C(=O)O.CC[C@H](C)[C@H](NN)C(=O)C(=O)[C@H](C)[C@@H](CCCCN)C(=O)C=O.C[C@H](NNC=O)C(=O)N1CCC[C@H]1C=O.N.NC(=O)[C@H](CCCN=C(N)N)NC(=O)[C@H](CS)NC(=O)[C@@H]1CCCN1N1CCC[C@H]1C(N)=O.NC(N)=NCCC[C@H](N)C(=O)N[C@@H](Cc1ccccc1)C(=O)N1CCC[C@H]1[C@@H]1CCCN1.NCCCC[C@H](N)C(=O)N1CCC[C@H]1C(=O)C(=O)[C@@H](N)CCCN=C(N)N.NN.NNC(=O)[C@@H]1CCCN1.O=C[C@@H]1CCCN1.O=Cc1cnc[nH]1.Oc1ccccc1.c1c[nH]cn1.c1ccccc1.c1ccccc1
C%14(=O)[C@@H]5CCCN=C(N)N.C%15(=O)[C@@H]6CCCN=C(N)N.[C@H]8(CCCN=C(N)N)C%19=O.C3(=O)[C@@H]4CCC(N)=O.[C@H]%10(CCCCN)C%21=O.c1%12c[nH]c2ccccc12.CC[C@H](C)[C@H]%21C%18=O.[C@H]%10(CC(C)C)C(N)=O.C%16(=O)[C@@H]7CC%11.C%17(=O)[C@@H](N)C%12.[C@H]9(C%13)C%20=O.c1%13ccccc1.N3%21.N%144.N%155.N%166.N%177.N%188.N%199.N%20%10	CC[C@H](C)[C@@H](C(=O)N[C@@H](CCCN=C(N)N)C(=O)N[C@@H](Cc1ccccc1)C(N)=O)C(=O)[C@H](CCCCN)[C@@H](CC(C)C)C(N)=O.CC[C@H](NC(=O)[C@@H](N)Cc1c[nH]c2ccccc12)C(=O)N[C@@H](CCCN=C(N)N)C(=O)N[C@@H](CCCN=C(N)N)C(=O)N[C@@H](CCC(N)=O)C(N)=O
[C@H]9(CCCCN)C%22=O.[C@H]%14(CCCCN)C(=O)O.CC[C@H](C)[C@H](N)C2=O.[C@@H]%12(C3=O)[C@@H](C)CC.[C@H]5(C%17)C%20=O.c1%18ccccc1.[C@H]8(C%15)C%21=O.[C@H]%11(C%16)C%24=O.[C@H]7(C)C%20=O.c1%16cnc[nH]1.c1%17cnc[nH]1.C4C%13=O.C6C%18=O.N.C(=N)N.C%10C%23=O.N24.N%135.N%186.N%197.N%208.N%219.N%22%10.N%23%11.N%24%12.N3%14	CC[C@H](C)[C@H](N)C(=O)NCC(=O)N[C@@H](Cc1cnc[nH]1)C(=O)C(=O)[C@H](C)N.CC[C@H](C)[C@H](NC(=O)[C@H](Cc1cnc[nH]1)NC(=O)CNC(=O)[C@H](CCCCN)NC(=O)[C@H](C)N)C(=O)N[C@@H](CCCCN)C(=O)O.N.N=CN.NCC(=O)c1ccccc1
[C@H]%21(CCCCN)C%50=O.[C@H]%26(CCCCN)C4=O.[C@H]%29(CCCCN)C7=O.[C@H]%31(CCCCN)C8=O.CC[C@H](C)[C@H](N)C2=O.[C@@H]%21(C%45=O)[C@@H](C)CC.[C@@H]%20(C%49=O)[C@@H](C)CC.[C@@H]%23(C%49=O)[C@@H](C)CC.[C@H]%25(CC(C)C)C3=O.[C@@H]%34(C%12=O)[C@@H](C)CC.[C@@H]%36(C%14=O)C(C)C.[C@@H]%37(C%15=O)[C@@H](C)O.[C@H]%17(C%41)C%13=O.[C@H]%20(C%42)C%46=O.N1%46CCC[C@H]1%40.[C@H]%22(CO)C%48=O.[C@H]%27(C%44)C5=O.c1%44ccccc1.[C@H]%30(CO)C9=O.[C@H]%32(C%43)C%10=O.[C@H]%39(C%45)C(N)=O.c1%45ccccc1.c1%41cnc[nH]1.c1%42cnc[nH]1.c1%43cnc[nH]1.C%18C%24=O.C%28C6=O.C%33C%11=O.C%35%39=O.C%47%40=O.N2%17.N%13%18.N%24%19.N%35%20.N%47%21.N%48%22.N%49%23.N%50%25.N3%26.N4%27.N5%28.N6%29.N7%30.N8%31.N9%32.N%10%33.N%11%34.N%12%36.N%14%37.N%15%38.N%16%39	CC[C@H](C)[C@@H](C(=O)C(=O)[C@@H](N)[C@@H](C)CC)[C@@H](Cc1cnc[nH]1)C(=O)N1CCC[C@H]1C(N)=O.CC[C@H](C)[C@@H](C(=O)CC(C(N)=O)C(N)=O)[C@@H](CCCCN)C(=O)N[C@@H](CC(C)C)C(=O)N[C@@H](CCCCN)C(=O)N[C@@H](Cc1ccccc1)C(=O)NCC(=O)N[C@@H](CCCCN)C(=O)N[C@@H](CO)C(=O)N[C@@H](Cc1cnc[nH]1)C(=O)NCC(=O)N[C@H](C(=O)N[C@H](C(=O)N[C@H](C(N)=O)[C@@H](C)O)C(C)C)[C@@H](C)CC.CC[C@H](C)[C@H](N)C(=O)N[C@@H](Cc1cnc[nH]1)C(=O)NCC(N)=O.N.NCCCC[C@@H]1NC1=O.O=C1N[C@H]1CO.c1ccccc1
NCCCC[C@H](N)C2=O.[C@H]%13(CCCCN)C%10=O.N12CCC[C@H]13.N1%10CCC[C@H]14.N1%11CCC[C@H]15.N1%13CCC[C@H]16.c16cnc[nH]1.N%14C(=N)N.C73=O.C94=O.C%115=O.N2%12.N8%13.N%10%14	N.N.N=C(N)NN.NCCCC[C@@H](C(=O)N1CCC[C@H]1C=O)N1CCC[C@H]1c1cnc[nH]1.NCCCC[C@H](N)C(=O)N1CCC[C@H]1C=O.O=C1[C@@H]2CCCN12
C%14(=O)[C@@H]%23CCCCN.C%25(=O)[C@@H]%24CCCCN.c1%50c[nH]c2ccccc12.C%47(=O)[C@@H](N)CCCCN.[C@H]%28(CCCCN)C%53=O.[C@H]%31(CCCCN)C5=O.[C@H]%37(CCCCN)C8=O.[C@H]%41(CCCCN)C%13=O.[C@H]%44(CCCCN)C%19=O.[C@H]%48(CCCCN)C(=O)O.CC[C@H](C)[C@H]%21C%52=O.C%36(=O)[C@@H]%26CC(C)C.C%51(=O)[C@@H]%29CC(C)C.[C@H]%37(CC(C)C)C%10=O.[C@H]%38(CC(C)C)C%11=O.[C@H]%43(CC(C)C)C%17=O.[C@@H]%46(C%20=O)[C@@H](C)CC.[C@@H]%32(C6=O)C(C)C.[C@@H]%35(C9=O)[C@@H](C)O.[C@@H]%39(C%12=O)C(C)C.[C@@H]%45(C%19=O)[C@@H](C)O.C3(=O)[C@@H]%22C%49.c1%49ccccc1.C%36(=O)[C@@H]%27C%50.[C@H]%40(CO)C%15=O.[C@H]%34(C)C7=O.[C@H]%33(C)C8=O.[C@H]%42(C)C%16=O.C%27C%54=O.N3%21.N%14%22.N%25%23.N%36%24.N%47%26.N%51%27.N%52%28.N%53%29.N%54%30.N4%31.N5%32.N6%33.N7%34.N8%35.N9%37.N%10%38.N%11%39.N%12%40.N%13%41.N%15%42.N%16%43.N%17%44.N%18%45.N%19%46.N%20%48	CC(C)C[C@H](NC(=O)[C@@H](N)CCCCN)C(=O)C(=O)[C@@H](CC(N)=O)Cc1c[nH]c2ccccc12.CC(C)C[C@H](NC(=O)[C@H](C)NC(=O)[C@H](CO)NC(=O)[C@@H](NC(=O)[C@H](CC(C)C)NC(=O)[C@H](CC(C)C)[C@@H](CCCCN)C(=O)C(=O)[C@H](C)NC(=O)[C@@H](NC(=O)[C@@H](N)CCCCN)C(C)C)C(C)C)C(=O)N[C@@H](CCCCN)C(=O)C(=O)[C@@H](N)[C@@H](C)O.CC[C@H](C)[C@H](N)C(=O)N[C@@H](CCCCN)C(=O)O.CC[C@H](C)[C@H](NC(=O)[C@H](Cc1ccccc1)NC(=O)[C@H](CCCCN)NC(=O)[C@@H](N)CCCCN)C(=O)N[C@@H](CCCCN)C(=O)N[C@@H](CC(C)C)C(N)=O.C[C@@H](O)[C@H](N)C(N)=O.C[C@@H]1NC1=O.NCCCC[C@@H]1NC1=O
[C@H]1%33CSSC[C@@H]2NC(=O)[C@H]%39NC(=O)[C@H](CSSC[C@H]%32C(=O)N[C@@H]%41C(=O)N[C@@H]%42C(=O)N[C@@H]%43C(=O)N[C@@H]%44C(=O)N[C@@H]%45C(=O)N[C@@H]%46C(=O)NNC(=O)[C@H]%46NC(=O)[C@H]%36NC(=O)[C@H]%38NC(=O)[C@H]%40NC(=O)[C@H](C)NC(=O)[C@H]%41NC(=O)[C@H](C)NC(=O)CNC1=O.[C@H]%26(CCCN=C(N)N)C%10=O.c1%49c[nH]c2ccccc12.c1%50c[nH]c2ccccc12.[C@H]%25(CCCCN)C%13=O.CC[C@H](C)[C@H]%14C7=O.C%16(=O)[C@@H]%17CC(N)=O.C%27(=O)[C@@H]%18CC(C)C.C%55(=O)[C@@H]%21CC(C)C.C%39CCN=C(N)N.C%40CCN=C(N)N.C%41CCN=C(N)N.c1%51ccc(O)cc1.c1%52ccc(O)cc1.c1%53ccc(O)cc1.C%45CCN=C(N)N.[C@@H]1%34CCCN1%54.C%54(=O)[C@@H]%19CO.C%56(=O)[C@@H](N)C%50.[C@H]%23(CO)C8=O.[C@H]%27(C%51)C%11=O.[C@H]%30(C%52)C%13=O.C%36CC(=O)O.C%45CCCN.C%49CC(N)=O.C%37(=O)C%18.C%25C9=O.C%41C(C)C.C%43C(C)C.C5%33=O.[C@H]%42(C)O.C%44(C)C.C%12%35=O.N4%14.N%15%16.N%26%17.N%37%18.N%48%19.N%55%20.N%56%21.N%57%22.N6%23.C%32C.N7%23.N8%24.N9%25.N%10%28.N%11%29.N%12%30.N%13%30.N%13%31.C%47%53	INVALID
C%32(=O)[C@@H]%15CCCN=C(N)N.C%34(=O)[C@@H]%17CCCN=C(N)N.[C@H]%21(CCCN=C(N)N)C%10=O.CC[C@H](C)[C@H]%11C(=O)O.C%33(=O)[C@@H]%16CC(N)=O.C%34(=O)[C@@H]%18CC(N)=O.C%35(=O)[C@@H](N)CC(C)C.[C@H]%19(CC(N)=O)C3=O.c1%31ccc(O)cc1.C%13(=O)[C@@H]%14C(C)C.C2(=O)[C@@H]%12C%31.[C@@H]1%23CCCN1%32.N1%36CCC[C@H]1%25.N13CCC[C@H]1%26.N15CCC[C@H]1%27.N16CCC[C@H]1%28.[C@H]%20(C%30)C8=O.N18CCC[C@H]1%29.c1%30cnc[nH]1.C%24%23=O.C%37%25=O.C4%26=O.C6%27=O.C7%28=O.C9%29=O.N2%11.N%13%12.N%24%14.N%33%15.N%34%16.N%35%17.N%37%18.N4%19.N7%20.N9%21.N%10%22	CC(C)C[C@H](N)C(=O)N[C@@H](CCCN=C(N)N)C(=O)C(=O)[C@H](CC(N)=O)NC(=O)[C@@H]1CCCN1.CC[C@H](C)[C@H](NC(=O)[C@H](Cc1ccc(O)cc1)NC(=O)[C@@H](NC(=O)[C@@H]1CCCN1C(=O)[C@H](CCCN=C(N)N)NC(=O)[C@@H](N)CC(N)=O)C(C)C)C(=O)O.NC(=O)C[C@@H]1NC(=O)[C@@H]2CCCN2C1=O.NC(=O)[C@H](CCCN=C(N)N)NC(=O)[C@@H]1CCCN1C(=O)[C@H](Cc1cnc[nH]1)NC(=O)[C@@H]1CCCN1C(=O)[C@@H]1CCCN1
[C@H]%27(CCCCN)C%13=O.[C@H]%30(CCCCN)C%57=O.[C@H]%33(CCCCN)C3=O.[C@H]%37(CCCCN)C7=O.[C@H]%40(CCCCN)C%11=O.[C@H]%42(CCCCN)C%16=O.[C@H]%43(CCCCN)C%16=O.[C@H]%47(CCCCN)C%20=O.[C@H]%50(CCCCN)C%25=O.CC[C@H](C)[C@H](N)C2=O.[C@@H]%28(C%35=O)[C@@H](C)CC.[C@@H]%31(C%62=O)[C@@H](C)CC.[C@@H]%32(C%63=O)[C@@H](C)CC.[C@@H]%34(C5=O)[C@@H](C)CC.[C@@H]%36(C6=O)[C@@H](C)CC.[C@@H]%38(C9=O)[C@@H](C)CC.[C@@H]%39(C%10=O)[C@@H](C)CC.[C@@H]%41(C%14=O)[C@@H](C)CC.[C@@H]%42(C%15=O)[C@@H](C)CC.[C@@H]%44(C%18%18=O)[C@@H](C)CC.[C@@H]%45(C%19=O)[C@@H](C)CC.[C@@H]%48(C%22=O)[C@@H](C)CC.[C@@H]%49(C%22=O)[C@@H](C)CC.[C@@H]%49(C%23=O)[C@@H](C)CC.[C@@H]%51(C(N)=O)[C@@H](C)CC.[C@H]%29(CS)C%35=O.N1%57CCC[C@H]1%53.N13CCC[C@H]1%54.N1%11CCC[C@H]1%55.N1%16CCC[C@H]1%56.N1%20CCC[C@H]1%58.N1%25CCC[C@H]1%59.C%24%52=O.C%61%53=O.C4%54=O.C8%55=O.C%17%56=O.C%21%58=O.C%26%59=O.N2%27.N%13%28.N%24%29.N%46%30.N%61%31.N%62%32.N%63%33.N4%34.N5%36.N6%37.N8%38.N9%39.N%10%40.N%12%41.N%14%42.N%15%43.N%17%44.N%18%45.N%19%47.N%21%48.N%22%49.N%23%50.N%26%51	INVALID
C%11(=O)[C@@H]3CCC(=O)O.C%14(=O)[C@@H](N)CCCCN.[C@H]7(CCCCN)C(=O)O.C2(=O)[C@@H]%18CC(N)=O.CC(C)[C@H]%17C%15=O.[C@@H]18CCCN1%12.C%13(=O)[C@@H]5C%10.c1%10cnc[nH]1.CC(N)=O.C%18CC=9.C%12(=O)C5.C%168=O.N2%17.N%113.N%134.N%145.N%156.N%167	C=CCC[C@@H](CC(N)=O)C(=O)N[C@H](C(N)=O)C(C)C.CC(N)=O.NCCCC[C@H](N)C(N)=O.NCCCC[C@H](NC(=O)[C@@H]1CCCN1C(=O)C[C@@H](Cc1cnc[nH]1)C(N)=O)C(=O)O.O=C(O)CC[C@@H]1NC1=O
[C@H]14NC(=O)[C@H]7NC(=O)[C@@H]8NC(=O)[C@H]9NC(=O)[C@H]%10NC(=O)[C@H]%11NC(=O)[C@@H]%12NC(=O)[C@H]%13NC1=O.c1%14c[nH]c2ccccc12.c1%16c[nH]c2ccccc12.c15c[nH]c2ccccc12.C8CCN=C(N)N.c16ccccc1.CC(C)C4.C7CCN.C%12C(N)=O.C9(C)C.C%10%14.C%115.C%136	CC(C)C[C@H]1NC(=O)[C@H](CCCN)NC(=O)[C@@H](CCCN=C(N)N)NC(=O)[C@H](C(C)C)NC(=O)[C@H](Cc2c[nH]c3ccccc23)NC(=O)[C@H](Cc2c[nH]c3ccccc23)NC(=O)[C@@H](CC(N)=O)NC(=O)[C@H](Cc2ccccc2)NC1=O.c1ccc2[nH]ccc2c1
[C@H]%10(CCCN=C(N)N)C%28=O.[C@H]%15(CCCN=C(N)N)C%32=O.[C@H]%18(CCCN=C(N)N)C6=O.[C@H]%19(CCCN=C(N)N)C7=O.c1%24c[nH]c2ccccc12.CC(C)C[C@H]8C%14=O.[C@H]%11(CC(C)C)C%29=O.c1%26ccc(O)cc1.[C@@H]%17(C5=O)[C@@H](C)O.c1%21ccccc1%14.C3(=O)[C@@H](N)C%22.c1%22ccccc1.[C@H]9(C%23)C%25=O.[C@H]%12(CO)C%30=O.[C@H]%13(C%24)C%31=O.[C@H]%20(C%26)C8=O.[C@H]%20(C%27)C(=O)O.C%16C%33=O.CC%22=O.N38.N%259.N%25%10.N%28%11.N%29%12.N%30%13.N%31%15.N%32%15.N%33%16.N4%17.N5%18.N6%19.N7%20	CC(C)C[C@@H](C(=O)c1ccccc1)C(=O)[C@H](Cc1ccc(O)cc1)[C@@H](C)C(=O)O.CC(C)C[C@H](NC(=O)[C@@H](N)CCCN=C(N)N)C(=O)N[C@@H](CO)C(=O)N[C@@H](Cc1c[nH]c2ccccc12)C(=O)N[C@@H](CCCN=C(N)N)C(N)=O.CC=O.C[C@@H](O)[C@H](N)C(=O)N[C@@H](CCCN=C(N)N)C(=O)N[C@@H](CCCN=C(N)N)C(N)=O.C[C@@H]1NC1=O.NC(=O)[C@@H](N)Cc1ccccc1.O=C1CN1
NCCCC[C@H]%13C(=O)O.C3(=O)[C@@H]%14CCCCN.c16c[nH]c2ccccc12.c18c[nH]c2ccccc12.c15ccccc1.c17ccc7cc1.C9(=O)[C@@H]%15C5.C%10(=O)[C@@H]%16C6.C%11(=O)[C@@H]4C7.C%12(=O)[C@@H](N)C8.N3%13.N9%14.N%10%15.N%11%16.N%124	C[C@H](NC(=O)[C@@H](N)Cc1c[nH]c2ccccc12)C(=O)N[C@@H](Cc1c[nH]c2ccccc12)C(=O)N[C@@H](Cc1ccccc1)C(=O)N[C@@H](CCCCN)C(=O)N[C@@H](CCCCN)C(=O)O.c1cc2ccc1-2
C%36(=O)[C@@H]%40CCC(N)=O.C6(=O)[C@@H]%48CCCCN.C5(=O)[C@@H]%49CCC(N)=O.C9(=O)[C@@H]%52CCC(=O)O.C%13(=O)[C@@H]%55CCCCN.C%17(=O)[C@@H]%59CCCCN.C%22(=O)[C@@H]%60CCCCN.c1%82c[nH]c2ccccc12.C%22(=O)[C@@H]%63CCCCN.[C@H]%72(CCCCN)C%31=O.[C@H]%73(CCCCN)C%33=O.CC[C@H](C)[C@H]%35C%26=O.C%14(=O)[C@@H]%39CC(N)=O.C%47(=O)[C@@H]%41[C@@H](C)CC.C%79(=O)[C@@H]%44CC(C)C.C4(=O)[C@@H]%46CC(C)C.C%12(=O)[C@@H]%53CC(N)=O.C%18(=O)[C@@H]%61CC(N)=O.C%19(=O)[C@@H]%62[C@@H](C)CC.C%23(=O)[C@@H]%60CCC%68.C%19(=O)[C@@H]%59CC(C)C.[C@@H]1%75CCCN1%25.C8(=O)[C@@H]%50C%82.[C@@H]1%76CCCN1%15.[C@@H]1%77CCCN1%16.C%24(=O)[C@@H](N)C%83.c1%83ccccc1.[C@H]%64(C%84)C%26=O.c1%84ccccc1.N1%28CCC[C@H]1%78.[C@H]%71(C%81)C%32=O.[C@H]%74(C%79)C(=O)O.N1%33CCC[C@H]1%77.[C@H]%72(CO)C%34=O.C%79(=O)[C@@H]%42C.c1%79cnc[nH]1.[C@H]%63(C)C%31=O.c1%81cnc[nH]1.C3(=O)C%37.C%36(=O)C%43.C%80(=O)C%45.C5(=O)C%48.C7(=O)C%49.C8(=O)C%51.C%20(=O)C%61.C%76%75=O.C%15%76=O.C%34%77=O.N3%35.N%14%37.N%25%38.N%36%39.N%47%40.N%58%41.N%69%42.N%80%43.N%83%44.N4%45.N5%46.N6%48.N7%49.N8%50.N9%51.N%10%52.N%11%53.N%13%54.N%15%55.N%16%56.N%17%57.N%18%59.N%19%60.N%20%61.N%21%62.N%22%63.N%23%64.N%24%65.N%26%66.N%27%67.N%29%68.N%30%70.N%31%71.N%32%72.N%33%73.N%34%74	C1CCNC1.CC(C)C[C@H](N)C(=O)C[C@H](N)C(=O)O.CC[C@H](C)[C@H](N)C(=O)C(=O)[C@H](CC(C)C)[C@@H](CCCCN)C(N)=O.CC[C@H](C)[C@H](N)C(=O)N[C@@H](CCC(N)=O)C(=O)C(=O)CNC(=O)CNC(=O)[C@@H](N)CC(C)C.CC[C@H](C)[C@H](NC(=O)CNC(=O)[C@@H](N)CC(N)=O)C(=O)C(=O)[C@H](Cc1ccccc1)NC(=O)[C@H](CCCN)[C@@H](CCCCN)C(=O)C(=O)[C@H](CCCCN)[C@@H](C)C(=O)C(=O)[C@H](CCCCN)[C@@H](CO)C(=O)C=O.C[C@H](N)C(=O)c1cnc[nH]1.N.N.N.N.N.NC(=O)CC(CC(N)=O)C(N)=O.NC(=O)C[C@H](N)C=O.NC(=O)[C@@H](N)Cc1ccccc1.NC(=O)[C@@H](N)Cc1cnc[nH]1.NCCCC[C@H](CC(=O)C(=O)[C@H](CCC(N)=O)CC(N)=O)C(N)=O.NCCCC[C@H](N)C(=O)N1CCC[C@H]1[C@@H]1CCCN1N.NCCCC[C@H](N)C(N)=O.NN1CCC[C@H]1C(=O)[C@@H]1CCCN1C=O.N[C@@H](CCC(=O)O)C(=O)NCC(=O)C(=O)[C@@H](N)Cc1c[nH]c2ccccc12
[C@H]1%23CSSC[C@@H]%27NC(=O)[C@H]%28NC(=O)[C@H]%29NC(=O)[C@H]%30NC(=O)[C@H]%31NC(=O)[C@H]%32NC1=O.C2(=O)[C@@H]%11CCCCN.C%40(=O)[C@@H]%17CCC(N)=O.CC[C@H](C)[C@H]9C5=O.C%24(=O)[C@@H]%12CC(C)C.C%38(=O)[C@@H]%16CC(C)C.[C@H]%20(CC(C)C)C6=O.C2(=O)[C@@H]%10CC%22.c1%34ccc(O)cc1.[C@@H]1%25CCCN1%24.C%35(=O)[C@@H]%12C%33.c1%33ccccc1.C%36(=O)[C@@H]%14CO.[C@H]%21(C%37)C7=O.[C@H]%21(C%34)C8=O.C%28CCCN.C%37(=O)[C@@H]%15C.C%39(=O)[C@@H]%18C.C3(=O)[C@@H]%19C.C%28CCCN.C%29C(C)C.C%31C(C)C.C%13%25=O.C%39%26=O.C%27(=O)O.N29.N%13%10.N%35%11.N%36%12.N%37%14.N%38%15.S%22C.N%39%16.N3%17.N4%18.N5%19.N6%20.N7%21.N8%23.C%30O	CC(C)C[C@@H]1NC(=O)CNC(=O)[C@@H](NC(=O)[C@H](Cc2ccc(O)cc2)[C@@H](CC(=O)[C@H](C)NC(=O)[C@@H](N)CC(C)C)C(N)=O)CSSC[C@@H](C(=O)O)NC(=O)[C@H](CCCCN)NC(=O)[C@H](CC(C)C)NC(=O)[C@H](CO)NC1=O.CC(C)C[C@@H]1NC1=O.CCCCN.CC[C@H](C)[C@H](N)C(=O)N[C@@H](C)C(=O)N[C@H](C=O)CCC(N)=O.CSCC[C@@H]1NC(=O)[C@@H]2CCCN2C(=O)[C@H](CC(C)C)[C@@H](Cc2ccccc2)C(=O)N[C@@H](CCCCN)C(=O)C1=O.C[C@H](N)C(=O)C=O.NC(=O)[C@@H](N)CO
C%14(=O)[C@@H]6CCCN=C(N)N.C%17(=O)[C@@H]7CCCN=C(N)N.C%19(=O)[C@@H](N)CCCN=C(N)N.[C@H]%11(CCCN=C(N)N)C%24=O.c1%16c[nH]c2ccccc12.CC[C@H](C)[C@H]4C%20=O.C%18(=O)[C@@H]8[C@@H](C)CC.[C@H]9(CC(C)C)C%21=O.C3(=O)[C@@H]5C%15.c1%15ccccc1.[C@@H]1%13CCCN1%18.[C@H]%10(CO)C%22=O.[C@H]%12(C%16)C4=O.N34.N%145.N%176.N%197.N%208.N%219.N%22%10.N%23%11.N%24%12	CC(C)C[C@@H]1NC1=O.CC[C@H](C)[C@@H](C(=O)N[C@H](C(=O)N1CCCC1)[C@@H](C)CC)C(=O)[C@H](Cc1c[nH]c2ccccc12)NC(=O)[C@@H](N)CCCN=C(N)N.NC(=O)[C@H](Cc1ccccc1)NC(=O)[C@H](CCCN=C(N)N)NC(=O)[C@H](CCCN=C(N)N)NC(=O)[C@@H](N)CCCN=C(N)N.O=C1N[C@H]1CO
C2(=O)[C@@H]%10CCCN=C(N)N.C%24(=O)[C@@H]%11CCCN=C(N)N.C%26(=O)[C@@H](N)CCCN=C(N)N.[C@H]%12(CCCN=C(N)N)C%29=O.[C@H]%14(CCCN=C(N)N)C%31=O.[C@H]%16(CCCN=C(N)N)C5=O.[C@H]%17(CCCN=C(N)N)C7=O.CC[C@H](C)[C@H]9C%27=O.[C@H]%15(CC(C)C)C3=O.N1%26CCC[C@H]1%19.N1%28CCC[C@H]1%20.N1%29CCC[C@H]1%21.N13CCC[C@H]1%22.N15CCC[C@H]1%23.N17CCC[C@H]1%25.C%13%18=O.C%28%19=O.C%30%20=O.C%30%21=O.C4%22=O.C6%23=O.C8%25=O.N29.N%13%10.N%24%11.N%27%12.N%30%14.N%31%15.N4%16.N6%17.N8%18	CC[C@H](C)[C@H](NC(=O)[C@H](CCCN=C(N)N)NC(=O)NC(=O)[C@@H]1CCCN1C(=O)[C@H](CCCN=C(N)N)NC(=O)[C@@H]1CCCN1C(=O)[C@H](CCCN=C(N)N)NC(=O)[C@@H]1CCCN1C(=O)[C@H](CC(C)C)NC(=O)[C@@H](N)CCCN=C(N)N)C(=O)N[C@@H](CCCN=C(N)N)C(=O)N1CCC[C@H]1C(=O)C(=O)[C@@H]1CCCN1C(=O)[C@@H]1CCCN1C(=O)[C@@H](N)CCCN=C(N)N.NC(N)=NCCC[C@@H]1NC1=O
[C@@H]14NC(=O)[C@H]8NC(=O)[C@H]9NC(=O)[C@@H]2CCCN2C(=O)[C@H]2CCCN2C(=O)[C@H]%10NC(=O)[C@H](C)NC(=O)[C@H]%11NC(=O)[C@H]%12NC(=O)[C@H]%13NC(=O)[C@H]%14NC(=O)[C@H]%15NC(=O)[C@H]5NC(=O)[C@H](C)NC1=O.c16c[nH]c2ccccc12.c17c[nH]c2ccccc12.C%14CCN=C(N)N.C%16CCN=C(N)N.C%10CCCN.C%11CCCN.C%12CCCN.C5CCCN.C6CCCN.CC(C)C4.[C@H]9(C)O.C97.C%138	CC(C)C[C@@H]1NC(=O)[C@@H]2C[C@H](NC(=O)[C@H](CCCN=C(N)N)NC(=O)CNC(=O)[C@H](CCCCN)NC(=O)[C@H](C)NC1=O)C(=O)N[C@@H](CCCCN)C(=O)N[C@@H](CCCCN)C(=O)N[C@@H](C)C(=O)N[C@@H](CCCCN)C(=O)N1CCC[C@@H]1C(=O)N1CCC[C@H]1C(=O)N[C@@H]([C@@H](C)O)C(=O)N2.CCCN=C(N)N.Cc1c[nH]c2ccccc12.NCCCCc1c[nH]c2ccccc12
C%14(=O)[C@@H]6CCCN=C(N)N.C2(=O)[C@@H]4CCCCN.C%13(=O)[C@@H]5CCCCN.C%15(=O)[C@@H](N)CCCCN.CC[C@H](C)[C@H]3C%16=O.[C@H]7(CC(C)C)C%17=O.[C@H]8(CC(C)C)C%18=O.[C@H]9(CS)C%19=O.[C@H]%10(C%12)C%20=O.c1%12cnc[nH]1.[C@H]%11(C)C(=O)O.N23.N%134.N%145.N%156.N%167.N%178.N%189.N%19%10.N%20%11	CC[C@H](C)[C@H](NC(=O)[C@H](CCCCN)NC(=O)[C@H](CCCCN)NC(=O)[C@H](CCCN=C(N)N)NC(=O)[C@@H](N)CCCCN)C(=O)N[C@@H](CC(C)C)C(=O)N[C@@H](CC(C)C)C(=O)N[C@@H](CS)C(=O)N[C@@H](Cc1cnc[nH]1)C(=O)N[C@@H](C)C(=O)O
[C@@H]1%10NC(=O)[C@H]%11NC(=O)[C@H]%12NC(=O)[C@H]%13NC(=O)[C@H]%14NC(=O)[C@H]%15NC(=O)[C@H]%16NC(=O)[C@@H](N)CSSC[C@@H]4NC(=O)[C@H]%17NC(=O)[C@H]5NC(=O)[C@@H]6NC(=O)[C@H]7NC(=O)[C@@H]8NC1=O.c18c[nH]c2ccccc12.C%12CCN=C(N)N.c19ccc(O)cc1.C%15CC(=O)O.C7CC(N)=O.C%13CCCN.C%15CCCN.C5CCCN.C6CCCN.CC(C)C%10.[C@H]%10(C)O.C%118.C%169	CC(C)C[C@@H]1NC(=O)[C@H](C)NC(=O)[C@H](CCCN=C(N)N)NC(=O)[C@H](CCCCN)NC(=O)CNC(=O)[C@H](CCC(=O)O)NC(=O)[C@H](Cc2ccc(O)cc2)NC(=O)[C@@H](N)CSSCCNC(=O)CNC(=O)[C@H](CCCCN)NC(=O)[C@@H](CCCCN)NC(=O)[C@H](CCC(N)=O)NC(=O)[C@@H](c2c[nH]c3ccccc23)NC1=O.CCCCN.CCO
[C@H]%15(CCCN=C(N)N)C%10=O.[C@H]%16(CCCN=C(N)N)C%11=O.CCCCCCCC3=O.[C@H]%14(CCCCN)C9=O.[C@H]%14(CCCCN)C9=O.c17c[nH]c2ccccc12.[C@H]6(CCCCN)C(N)=O.[C@@H]4(C%12=O)[C@@H](C)CC.[C@H]5(C7)C%13=O.N3%14.N9%15.N%10%16.N%114.N%125.N%136	CCCCCCCC(N)=O.CC[C@H](C)[C@H](NC(=O)[C@H](CCCN=C(N)N)NC(=O)[C@@H](N)CCCN=C(N)N)C(=O)N[C@@H](Cc1c[nH]c2ccccc12)C(=O)N[C@@H](CCCCN)C(N)=O.NCCCC[C@H]1C(=O)C(=O)[C@@H]1CCCCN
C3(=O)[C@@H]7CCCN=C(N)N.[C@H]9(CCCN=C(N)N)C%21=O.[C@H]%17(CCCN=C(N)N)C(N)=O.C%14(=O)[C@@H](N)CCCCN.[C@H]%10(CCCCN)C%22=O.[C@H]%11(CCCCN)C%23=O.c1%18c[nH]c2ccccc12.CC[C@H](C)[C@H]6C%20=O.[C@@H]%15(C4=O)[C@@H](C)CC.[C@H]%16(CC(C)C)C5=O.[C@@H]8(C%20=O)C(C)C.[C@H]%13(C%18)C%25=O.[C@H]%12(C)C%24=O.N36.N%147.N%198.N%209.N%21%10.N%22%11.N%23%12.N%24%13.N%25%15.N4%16.N5%17	CC[C@H](C)[C@H](NC(=O)[C@H](CCCN=C(N)N)NC(=O)[C@@H](N)CCCCN)C(=O)C(=O)[C@@H](N)C(C)C.CC[C@H](C)[C@H](NC(=O)[C@H](Cc1c[nH]c2ccccc12)NC(=O)[C@H](C)NC(=O)[C@H](CCCCN)NC(=O)[C@H](CCCCN)NC(=O)[C@@H](N)CCCN=C(N)N)C(=O)N[C@@H](CC(C)C)C(=O)N[C@@H](CCCN=C(N)N)C(N)=O
CCCCCCCCCC3=O.[C@H]%11(CCCCN)C7=O.c15c[nH]c2ccccc12.c16c[nH]c2ccccc12.[C@H]4(CCCCN)C(N)=O.[C@@H]%12(C8=O)[C@@H](C)CC.[C@H]%13(C5)C9=O.[C@H]%14(C6)C%10=O.N3%11.N7%12.N8%13.N9%14.N%104	CCCCCCCCCC(=O)N[C@@H](CCCCN)C(=O)N[C@H](C(=O)N[C@@H](Cc1c[nH]c2ccccc12)C(=O)N[C@@H](Cc1c[nH]c2ccccc12)C(=O)N[C@@H](CCCCN)C(N)=O)[C@@H](C)CC
[C@@H]14NC(=O)[C@H]%10NC(=O)[C@H]%11NC(=O)[C@@H]2CCCN2C(=O)[C@H]2CCCN2C(=O)[C@H]%12NC(=O)[C@H](C)NC(=O)[C@H]%13NC(=O)[C@H]%14NC(=O)[C@H]%15NC(=O)[C@H]%16NC(=O)[C@H]%17NC(=O)[C@H]5NC(=O)[C@H]7NC1=O.c18cccc2ccccc12.C9CCN=C(N)N.C%10CCN=C(N)N.C%13CCN=C(N)N.C%15CCN=C(N)N.C%17CCN=C(N)N.C5CCN=C(N)N.c17ccccc1.CC(C)C4.C%11C(C)C.C%12(C)C.C%148.C%169	CC(C)C[C@@H]1NC(=O)[C@H](CCCN=C(N)N)NC(=O)[C@H](CC(C)C)NC(=O)[C@@H]2CCCN2C(=O)[C@H]2CCCN2C(=O)[C@H](C(C)C)NC(=O)[C@H](C)NC(=O)[C@H](CCCN=C(N)N)NC(=O)[C@H](Cc2cccc3ccccc23)NC(=O)[C@H](CCCN=C(N)N)NC(=O)[C@H](CCCCN=C(N)N)NC(=O)[C@H](CCCN=C(N)N)NC(=O)[C@H](CCCN=C(N)N)NC(=O)[C@H](c2ccccc2)NC1=O
C2(=O)[C@@H]%14CCCN=C(N)N.C%13(=O)[C@@H]%15CCCN=C(N)N.C%35(=O)[C@@H]%16CCCN=C(N)N.C%37(=O)[C@@H]%18CCCN=C(N)N.[C@H]%27(CCCN=C(N)N)C(N)=O.C%36(=O)[C@@H]%17CCCCN.C5(=O)[C@@H]%21CCCCN.C6(=O)[C@@H]%22CCCCN.CC[C@H](C)[C@H]%12C9=O.C7(=O)[C@@H]%23CC(=O)O.[C@H]%26(CC(N)=O)C%11=O.c1%32ccc(O)cc1.C8(=O)[C@@H](N)C(C)C.c1%33ccc(O)cc1.[C@@H]1%28CCCN1%34.[C@@H]1%29CCCN1%35.[C@@H]1%30CCCN1%39.C3(=O)[C@@H]%19C%32.C4(=O)[C@@H]%20CS.[C@@H]1%31CCCN15.[C@H]%25(C%33)C%10=O.C%24%28=O.C%34%29=O.C%36%30=O.C%38%31=O.N2%12.N%13%14.N%24%15.N%36%16.N%37%17.N%38%17.N3%18.N3%19.N4%20.N6%21.N7%22.N8%23.N9%25.N%10%26.N%11%27	CC(C)[C@H](N)C(=O)N[C@@H](CC(=O)O)C(=O)N[C@@H](CCCCN)C(=O)N[C@@H](CCCCN)C(=O)N1CCC[C@H]1C(N)=O.CC[C@H](C)[C@H](NC(=O)[C@H](CCCN=C(N)N)NC(=O)[C@H](CCCN=C(N)N)NC(=O)[C@@H]1CCCN1C(=O)[C@@H]1CCCN1C(=O)[C@@H](N)CCCN=C(N)N)C(=O)N[C@@H](Cc1ccc(O)cc1)C(=O)N[C@@H](CC(N)=O)C(=O)N[C@@H](CCCN=C(N)N)C(N)=O.NCCCC[C@H](NC(=O)[C@H](CCCN=C(N)N)NC(=O)[C@@H](N)Cc1ccc(O)cc1)C(=O)C(=O)[C@@H]1CCCN1.O=C1N[C@H]1CS
[C@H]%17(CCCN=C(N)N)C6=O.[C@H]%18(CCCN=C(N)N)C(N)=O.c1%20c[nH]c2ccccc12.[C@H]%10(CCCCN)C%27=O.c1%21c[nH]c2ccccc12.c1%22c[nH]c2ccccc12.c1%23c[nH]c2ccccc12.c1%24c[nH]c2ccccc12.CC[C@H](C)[C@H](N)C3=O.[C@H]7(CC(C)C)C%14=O.[C@H]9(C%20)C%26=O.[C@H]%11(C%21)C%28=O.[C@H]%13(C%22)C%30=O.[C@H]%15(C%23)C%31=O.N1%31CCC[C@H]1%19.[C@H]%16(C%24)C5=O.[C@H]8(C)C%25=O.[C@H]%12(C)C%29=O.C4%19=O.N37.N%148.N%259.N%26%10.N%27%11.N%28%12.N%29%13.N%30%15.N4%16.N5%17.N6%18	CC[C@H](C)[C@H](N)C(=O)N[C@@H](CC(C)C)C(=O)N[C@@H](C)C(=O)N[C@@H](Cc1c[nH]c2ccccc12)C(=O)N[C@@H](CCCCN)C(=O)N[C@@H](Cc1c[nH]c2ccccc12)C(=O)N[C@@H](C)C(=O)N[C@@H](Cc1c[nH]c2ccccc12)C(=O)N[C@@H](Cc1c[nH]c2ccccc12)C(=O)N1CCC[C@H]1C(=O)N[C@@H](Cc1c[nH]c2ccccc12)C(=O)N[C@@H](CCCN=C(N)N)C(=O)N[C@@H](CCCN=C(N)N)C(N)=O
C[C@@H]3NC(=O)[C@H](C)NC(=O)[C@H]5NC(=O)[C@@H](N)CSSC[C@@H]3NC(=O)[C@H]6NC1=O.c16ccc(O)cc1.c17ccccc1.C3(=O)O.C46.C57	INVALID
C%19(=O)[C@@H]8CCCN=C(N)N.C%21(=O)[C@@H]9CCCN=C(N)N.C%22(=O)[C@@H]%10CCCN=C(N)N.C%24(=O)[C@@H]%12CCCN=C(N)N.c1%13c[nH]c2ccccc12.c1%16c[nH]c2ccccc12.CC[C@H](C)[C@H]4C(N)=O.C%14(=O)[C@@H]6[C@@H](C)CC.c1%17ccc(O)cc1.C3(=O)[C@@H]5C%13.C%20(=O)[C@@H]7C%15.c1%15ccccc1.C%23(=O)[C@@H]%11C%17.C%25(=O)[C@@H](N)C%18.c1%18ccccc1.N34.N%145.N%196.N%207.N%218.N%229.N%23%10.N%24%11.N%25%12	CC[C@H](C)[C@H](NC(=O)[C@H](Cc1c[nH]c2ccccc12)NC(=O)[C@@H](NC(=O)[C@H](CCCN=C(N)N)NC(=O)[C@H](CCCN=C(N)N)NC(=O)[C@H](CCCN=C(N)N)NC(=O)[C@H](Cc1ccc(O)cc1)NC(=O)[C@H](CCCN=C(N)N)NC(=O)[C@@H](N)Cc1ccccc1)[C@@H](C)CC)C(N)=O.O=C1N[C@H]1Cc1ccccc1.c1ccc2[nH]ccc2c1
C%46(=O)[C@@H]%22CCCCN.C%54(=O)[C@@H]%30CCCCN.C4(=O)[C@@H]%31CCCCN.C%10(=O)[C@@H]%38CCCCN.C%11(=O)[C@@H]%39CCCCN.C%14(=O)[C@@H]%41CCCCN.C%16(=O)[C@@H]%43CCCCN.C%17(=O)[C@@H](N)CCCCN.[C@H]%45(CCCCN)C(=O)O.CC[C@H](C)[C@H]%20C%18=O.C2(=O)[C@@H]%21CC(C)C.C9(=O)[C@@H]%37CC(C)C.C%12(=O)[C@@H]%40[C@@H](C)CC.C%46(=O)[C@@H]%25[C@@H](C)O.C%51(=O)[C@@H]%26C(C)C.C%52(=O)[C@@H]%27C(C)C.C3(=O)[C@@H]%29C(C)C.c1%49ccc(O)cc1.[C@@H]1%47CCCN1%24.C%46(=O)[C@@H]%25C%48.c1%48ccccc1.C8(=O)[C@@H]%36CO.C%15(=O)[C@@H]%41CO.[C@H]%44(C%49)C%19=O.[C@H]%45(C%50)C(=O)O.C%35(=O)[C@@H]%23C.C%53(=O)[C@@H]%28C.C5(=O)[C@@H]%32C.C%13%47=O.N2%20.N%13%21.N%35%22.N%46%23.N%50%25.N%51%26.N%52%27.N%53%28.N3%29.N4%30.N5%31.N6%32.N7%33.N8%34.N9%36.N%10%37.N%11%38.N%12%39.N%14%40.N%15%41.N%16%42.N%17%43.N%18%44.N%19%45	CC(C)[C@@H]1NC1=O.CC(C)[C@@H]1NC1=O.CC(C)[C@@H]1NC1=O.CC[C@H](C)[C@H](NC(=O)[C@H](CC(C)C)NC(=O)[C@@H]1CCCN1)C(=O)N[C@@H](Cc1ccc(O)cc1)C(N)=O.CC[C@H](C)[C@H](NC(=O)[C@H](CCCCN)[C@@H](CO)C(N)=O)C(=O)N[C@@H](CCCCN)C(=O)N[C@@H](CCCCN)C(=O)N[C@@H](CC(C)C)C(=O)N[C@@H](CO)C(N)=O.C[C@@H]1NC(=O)[C@H](Cc2ccccc2)[C@@H]([C@@H](C)O)C(=O)C(=O)[C@H](CCCCN)NC1=O.C[C@@H]1NC1=O.C[C@H](N)C(=O)N[C@@H](CCCCN)C(=O)N[C@H](C=O)CCCCN.N.NCCCC[C@@H](C(=O)O)[C@@H](CN)C(=O)O.NCCCC[C@H](NC(=O)[C@@H](N)CCCCN)C(N)=O
C%14(=O)[C@@H]8CCCN=C(N)N.C%21(=O)[C@@H]9CCCN=C(N)N.C%22(=O)[C@@H](N)CCCN=C(N)N.[C@H]%15(CCCN=C(N)N)C4=O.[C@H]%16(CCCN=C(N)N)C5=O.[C@H]%17(CCCN=C(N)N)C(N)=O.c1%18c[nH]c2ccccc12.c1%19c[nH]c2ccccc12.c1%20c[nH]c2ccccc12.CC[C@H](C)[C@H]6C%23=O.[C@@H]%12(C%25=O)[C@@H](C)CC.[C@@H]%11(C%24=O)C(C)C.C3(=O)[C@@H]7C%18.[C@H]%13(C%19)C%26=O.N36.N%147.N%208.N%219.N%22%10.N%23%11.N%24%12.N%25%13.N%26%15.N4%16.N5%17	CC[C@H](C)[C@H](NC(=O)[C@H](Cc1c[nH]c2ccccc12)NC(=O)[C@H](CCCN=C(N)N)Nc1c[nH]c2ccccc12)C(=O)N[C@H](C(=O)N[C@H](C(=O)N[C@@H](Cc1c[nH]c2ccccc12)C(=O)N[C@@H](CCCN=C(N)N)C(=O)N[C@@H](CCCN=C(N)N)C(=O)N[C@@H](CCCN=C(N)N)C(N)=O)[C@@H](C)CC)C(C)C.NC(=O)[C@@H](N)CCCN=C(N)N.NC(N)=NCCC[C@@H]1NC1=O
C2(=O)[C@@H]3CCCN=C(N)N.C%15(=O)[C@@H]6CCCN=C(N)N.CC(C)C[C@H]%19C(N)=O.C%12(=O)[C@@H]4CC(C)C.C%17(=O)[C@@H]8CC(N)=O.C%13(=O)[C@@H]5CO.[C@@H]19CCCN1%15.C%16(=O)[C@@H]7C%10.C%18(=O)[C@@H](N)C%11.c1%11ccccc1.c1%10cnc[nH]1.C%149=O.N2%19.N%123.N%134.N%145.N%166.N%177.N%188	CC(C)C[C@H](NC(=O)[C@H](CCCN=C(N)N)NC(=O)[C@H](CC(C)C)NC(=O)[C@H](CO)NC(=O)[C@@H]1CCCN1C(=O)[C@H](CCCN=C(N)N)NC(=O)[C@H](Cc1cnc[nH]1)NC(=O)[C@H](CC(N)=O)NC(=O)[C@@H](N)Cc1ccccc1)C(N)=O
C2(=O)[C@@H]%10CCCN=C(N)N.C7(=O)[C@@H]%17CCCN=C(N)N.CC(C)C[C@H]8C(N)=O.C%24(=O)[C@@H]%11CC(C)C.C%29(=O)[C@@H]%12CC(C)C.C8(=O)[C@@H](N)CC(N)=O.c1%23ccc(O)cc1.C3(=O)[C@@H]%14C(C)C.C4(=O)[C@@H]%16C(C)C.c1%25ccc(O)cc1.C%13(=O)[C@@H]9C%23.[C@@H]1%18CCCN1%26.C%26(=O)[C@@H]%11C%25.[C@@H]1%20CCCN1%29.[C@@H]1%21CCCN1%31.[C@@H]1%22CCCN14.C3(=O)[C@@H]%15CO.C%27%18=O.C%28%19=O.C%30%20=O.C5%21=O.C6%22=O.N29.N%13%10.N%24%11.N%27%12.N%30%14.N3%15.N6%16.N7%17	C=O.CC(C)C[C@@H](C(N)=O)C(=O)[C@@H](N)CC(N)=O.CC(C)C[C@H](NC(=O)[C@@H]1CCCN1C(=O)[C@H](Cc1ccc(O)cc1)[C@@H](CC(C)C)C(N)=O)C(=O)N1CCC[C@H]1C(=O)N[C@H](C(=O)C(=O)[C@@H](N)CO)C(C)C.CC(C)[C@@H]1NC(=O)[C@@H]2CCCN2C1=O.NC(N)=NCCC[C@@H]1NC(=O)[C@H](Cc2ccc(O)cc2)NC1=O.NC(N)=NCCC[C@@H]1NC1=O.O=C[C@@H]1CCCN1
[C@H]5(CCCN=C(N)N)C%15=O.[C@H]8(CCCN=C(N)N)C%18=O.[C@H]9(CCCN=C(N)N)C%20=O.[C@H]%10(CCCN=C(N)N)C(N)=O.CCC(C)CCCCC3=O.c1%12c[nH]c2ccccc12.c1%13c[nH]c2ccccc12.[C@H]4(CCCN)C%16=O.[C@H]%21(C%11)C%14=O.[C@H]6(C%12)C%17=O.[C@H]7(C%13)C%19=O.c1%11cnc[nH]1.N3%21.N%144.N%155.N%166.N%177.N%188.N%199.N%20%10	CCC(C)CCCCC(=O)N[C@@H](Cc1cnc[nH]1)C(=O)N[C@@H](CCCN)C(=O)N[C@@H](Cc1c[nH]c2ccccc12)C(=O)N[C@@H](Cc1c[nH]c2ccccc12)C(=O)N[C@@H](CCCN=C(N)N)C(=O)N[C@@H](CCCN=C(N)N)C(N)=O.NC(N)=NCCC[C@@H]1NC1=O.NC(N)=NCCC[C@@H]1NC1=O
[C@@H]1%10NC(=O)[C@H]%11NC(=O)[C@@H]2CCCN2C(=O)[C@@H]7CSSC[C@@H]9NC(=O)[C@H]%12NC(=O)[C@H]%13NC(=O)[C@H]%14NC(=O)[C@H]%15NC(=O)[C@H]%16NC(=O)[C@@H](N)CSSC[C@@H]8NC1=O.C3(=O)[C@@H]%23[C@@H](C)CC.C%19(=O)[C@@H]%24CO.[C@H]5(C%17)C%21=O.c1%17ccccc1.[C@H]6(C%18)C(=O)O.c1%18ccccc1.C%10CC(=O)O.C%13CC(N)=O.C%12CCCN.CC[C@@H]%10C.C%14(=O)C%25.C%15C(C)C.C%16C(N)=O.C%229=O.C%14(C)C.N37.N%14%23.N%19%24.N%204.N%215.N%226.N77	INVALID
C%24(=O)[C@@H]%34CCCN=C(N)N.C%17(=O)[C@@H]%55CCCN=C(N)N.[C@H]%66(CCCN=C(N)N)C%29=O.C%13(=O)[C@@H]%33CCCCN.C%46(=O)[C@@H]%38CCCCN.C%74(=O)[C@@H]%41CCCCN.C%75(=O)[C@@H]%41CCCCN.C5(=O)[C@@H]%44CCCCN.C%10(=O)[C@@H]%50CCCCN.C%11(=O)[C@@H]%51CCCCN.C%12(=O)[C@@H]%53CCCCN.C%17(=O)[C@@H]%56CCCCN.C%18(=O)[C@@H]%58CCCCN.C%21(=O)[C@@H](N)CCCCN.[C@H]%70(CCC(N)=O)C(=O)O.CC[C@H](C)[C@H]%32C%22=O.C%24(=O)[C@@H]%36CC(C)C.C%35(=O)[C@@H]%37CC(C)C.C%76(=O)[C@@H]%41CC(C)C.C8(=O)[C@@H]%49[C@@H](C)CC.C%16(=O)[C@@H]%55CC(C)C.[C@H]%60(CC(C)C)C%22=O.[C@H]%63(CC(C)C)C%25=O.[C@H]%64(CC(C)C)C%29=O.C%68(=O)[C@@H]%43C(C)C.C7(=O)[C@@H]%45[C@@H](C)O.C6(=O)[C@@H]%42CO.C3(=O)[C@@H]%53CO.C%14(=O)[C@@H]%52C%72.c1%72ccccc1.C%19(=O)[C@@H]%59C%73.c1%73ccccc1.[C@H]%62(CO)C%26=O.N1%30CCC[C@H]1%71.C2(=O)[C@@H]%33C.C7(=O)[C@@H]%47C.C%15(=O)[C@@H]%54C.[C@H]%65(C)C%28=O.C5(=O)CN.C%67C%20=O.N2%31.N%13%32.N%24%33.N%35%34.N%46%36.N%57%37.N%68%38.N%74%39.N%75%40.N3%41.N4%42.N5%43.N6%44.N7%45.N8%47.N9%48.N%10%49.N%11%50.N%12%51.N%14%52.N%15%53.N%16%54.N%17%55.N%18%56.N%19%58.N%20%59.N%21%60.N%22%61.N%23%62.N%25%63.N%26%64.N%27%65.N%28%66.N%29%67.N%30%69.N%31%70	CC(C)C[C@@H](C(=O)N[C@@H](C)C(N)=O)[C@@H](CCCN=C(N)N)C(=O)C(=O)[C@H](CCCCN)NC(=O)[C@H](CCCCN)NC(=O)[C@H](Cc1ccccc1)NC(=O)CN.CC(C)C[C@@H]1NC1=O.CC(C)C[C@H](NC(=O)[C@@H](N)CO)C(=O)C(=O)[C@H](CCCN=C(N)N)NC(=O)[C@H](C)N.CC(C)C[C@H](NC(=O)[C@H](CCCCN)NC(=O)[C@@H](N)C(C)C)C(=O)C(=O)[C@H](CCCN=C(N)N)NC(=O)[C@@H](N)CC(C)C.CC[C@H](C)[C@H](NC(=O)[C@H](CCCCN)NC(=O)[C@H](CCCCN)NC(=O)[C@H](CCCCN)[C@@H](CO)C(=O)N[C@H](C=O)CC(C)C)C(=O)N[C@@H](C)C(=O)C(=O)[C@@H](N)[C@@H](C)O.CC[C@H](C)[C@H](NC(=O)[C@H](CCCCN)[C@@H](C)C(=O)NN[C@@H](CCC(N)=O)C(=O)O)C(=O)C(=O)[C@H](CC(C)C)NC(=O)[C@@H](N)CCCCN.N.N.N.N.NCCCC[C@@H](C(N)=O)[C@@H](CCCCN)C(N)=O.NCCCC[C@H](NC(=O)[C@@H](N)CO)C(=O)C(=O)CN.NN1CCCC1.O=C1N[C@H]1Cc1ccccc1
C3(=O)[C@@H]%32CCCN=C(N)N.[C@H]%35(CCCN=C(N)N)C%69=O.[C@H]%38(CCCN=C(N)N)C%69=O.[C@H]%41(CCCN=C(N)N)C4=O.[C@H]%40(CCCN=C(N)N)C8=O.[C@H]%42(CCCN=C(N)N)C%10=O.[C@H]%44(CCCN=C(N)N)C%17=O.[C@H]%48(CCCN=C(N)N)C%28=O.[C@H]%52(CCCN=C(N)N)C%30=O.c1%71c[nH]c2ccccc12.c1%72c[nH]c2ccccc12.c1%73c[nH]c2ccccc12.c1%74c[nH]c2ccccc12.c1%75c[nH]c2ccccc12.c1%76c[nH]c2ccccc12.CC[C@H](C)[C@H]%31C%25=O.C%14(=O)[C@@H](N)CC(C)C.[C@H]%46(CC(C)C)C%26=O.N1%36CCC[C@H]1%53.[C@H]%33(C%73)C%36=O.N1%69CCC[C@H]1%54.[C@H]%37(C%74)C%78=O.N1%75CCC[C@H]1%55.N14CCC[C@H]1%56.[C@H]%39(C%75)C6=O.N16CCC[C@H]1%57.N18CCC[C@H]1%59.N1%10CCC[C@H]1%59.N1%12CCC[C@H]1%60.N1%13CCC[C@H]1%61.N1%16CCC[C@H]1%62.N1%18CCC[C@H]1%63.N1%20CCC[C@H]1%64.N1%22CCC[C@H]1%65.N1%24CCC[C@H]1%66.[C@H]%42(CO)C%27=O.N1%27CCC[C@H]1%67.[C@H]%49(C%76)C%28=O.[C@H]%50(C%77)C%29=O.[C@H]%51(C%67)C%31=O.N1%29CCC[C@H]1%68.C%44C%24=O.C%47%53=O.C%80%54=O.C%85%55=O.C5%56=O.C7%57=O.C9%59=O.C%11%60=O.C%15%61=O.C%16%62=O.C%18%63=O.C%20%64=O.C%21%65=O.C%24%66=O.C%28%67=O.C%30%68=O.C%70(=O)O.N3%32.N%14%33.N%25%34.N%47%35.N%69%37.N4%38.N5%39.N7%40.N9%41.N%11%42.N%15%43.N%17%44.N%19%45.N%21%46.N%24%48.N%26%49.N%28%50.N%29%51.N%30%52	CC(C)C[C@H](N)C(=O)N[C@@H](Cc1c[nH]c2ccccc12)C(=O)N1CCC[C@H]1C(=O)N[C@@H](CCCN=C(N)N)C(=O)C(=O)[C@@H](N)CCCN=C(N)N.CC(C)C[C@H](NC(=O)[C@@H]1CCCN1)C(=O)N[C@@H](Cc1c[nH]c2ccccc12)C(=O)C(=O)[C@H](CCCN=C(N)N)NC(=O)[C@@H]1CCCN1C(=O)C[C@@H](CCCN=C(N)N)C(N)=O.CC[C@H](C)[C@@H](C(N)=O)C(=O)[C@@H](N)C[C@@H]1CCCN1C(=O)[C@H](CO)[C@@H](CCCN=C(N)N)C(=O)N1CCC[C@H]1[C@@H]1CCCN1C(=O)[C@H](CCCN=C(N)N)NC(=O)[C@@H]1CCCN1C(=O)[C@H](C)NC(=O)[C@@H]1CCCN1C(=O)[C@H](CCCN=C(N)N)NC=O.C[C@H](NC=O)C(=O)N1CCC[C@H]1C(=O)C(=O)[C@@H](N)CCCN=C(N)N.N.NC(=O)[C@@H]1CCCN1.NC(=O)[C@@H]1CCCN1.NC(N)=NCCC[C@@H]1NC1=O.O=C1[C@@H]2CCCN12.O=C1[C@@H]2CCCN12.O=C1[C@@H]2CCCN12.O=CO.O=C[C@@H]1CCCN1c1c[nH]c2ccccc12.O=C[C@H](Cc1c[nH]c2ccccc12)NN1CCC[C@H]1C=O.c1ccc2[nH]ccc2c1.c1ccc2[nH]ccc2c1
C%40(=O)[C@@H]%18CCCCN.CC(C)C[C@H]%14C%12=O.C%13(=O)[C@@H]%16CC(C)C.C%24(=O)[C@@H]%17CC(C)C.C%41(=O)[C@@H]%19CC(C)C.C%42(=O)[C@@H]%20CC(C)C.C%43(=O)[C@@H]%21CC(C)C.C3(=O)[C@@H]%23CCC%25.C4(=O)[C@@H]%26CC(C)C.C5(=O)[C@@H]%27CC(C)C.C7(=O)[C@@H]%27CCC%28.C8(=O)[C@@H]%29CC(C)C.C9(=O)[C@@H]%30CC(C)C.C9(=O)[C@@H]%31CCCN.C%12(=O)[C@@H]%32CC(C)C.C%11(=O)[C@@H](N)CC(N)=O.[C@@H]1%34CCCN1%13.[C@@H]1%36CCCN1%41.[C@@H]1%37CCCN13.[C@@H]1%38CCCN17.[C@@H]1%39CCCN1%11.N%20C(=N)N.N%25C(=N)N.N%28C(=N)N.N%33C(=N)N.C2%34=O.C%40%36=O.C%44%37=O.C6%38=O.C%10%39=O.N2%14.N%24%15.N%35%16.N%40%18.N%42%19.N%43%21.N%44%22.N4%23.N5%26.N6%27.N8%29.N9%30.N%10%31.N%12%32	CC(C)CCC(N)=O.CC(C)C[C@@H]1NC1=O.CC(C)C[C@@H]1NC1=O.CC(C)C[C@H](N)C(=O)C(=O)[C@H](CCCN)NC(=O)[C@@H]1CCCN1C(=O)[C@@H](N)CC(N)=O.CC(C)C[C@H](NC(=N)N)C(=O)N[C@@H](CC(C)C)C(=O)N1CCC[C@H]1C(=O)C(=O)[C@@H](N)CCCCN.CC(C)C[C@H](NC(=O)[C@@H]1CCCN1C(=O)[C@@H](N)CC(C)C)C(=O)C(=O)[C@@H](N)CC(C)C.CC(C)C[C@H](NC(=O)[C@H](CC(C)C)[C@@H](CCCNC(=N)N)C(=O)N1CCC[C@H]1C(N)=O)C(=O)N[C@@H](CCCNC(=N)N)C(=O)N1CCC[C@H]1C(N)=O.N=C(N)N
[C@@H]%20(CCCN=C(N)N)C%24=O.[C@@H]%21(CCCN=C(N)N)C%35=O.[C@@H]%29(CCCN=C(N)N)C4=O.[C@@H]%42(CCCN=C(N)N)C%18=O.[C@@H]%43(CCCN=C(N)N)C(N)=O.[C@@H]%25(CCCCN)C%49=O.[C@@H]%26(CCCCN)C%50=O.[C@@H]%28(CCCCN)C3=O.[C@@H]%36(CCC(N)=O)C%11=O.[C@@H]%37(CC(C)C)C%11=O.[C@@H]%38(CCCCN)C%14=O.[C@@H]%39(CCCCN)C%15=O.CC[C@@H](C)[C@@H](N)C2=O.[C@@H]%23(CC(C)C)C%48=O.[C@@H]%34(CC(C)C)C8=O.[C@@H]%41(CC(C)C)C%17=O.[C@H]%33(C8=O)[C@H](C)O.[C@@H]%32(C%45)C7=O.N19CCC[C@@H]1%44.[C@@H]%37(C%47)C%12=O.c1%47ccccc1.[C@@H]%19(C)C%13=O.[C@H]%22(C)C%46=O.[C@H]%27(C)C%51=O.[C@@H]%30(C)C5=O.c1%45cnc[nH]1.C%41C%17=O.C%10%44=O.N2%19.N%13%20.N%24%21.N%35%22.N%46%23.N%48%25.N%49%26.N%50%27.N%51%28.N3%29.N4%30.N5%31.N6%32.N7%33.N8%34.N%10%36.N%11%37.N%12%38.N%14%39.N%15%40.N%16%41.N%17%42.N%18%43	CC(C)C[C@@H](N)C(=O)C(=O)[C@H](NC(=O)[C@H](N)Cc1cnc[nH]1)[C@H](C)O.CC(C)C[C@H](C(=O)C(=O)[C@@H](CCC(N)=O)NC(=O)[C@H]1CCCN1)[C@H](Cc1ccccc1)C(=O)N[C@H](CCCCN)C(=O)N[C@H](CCCCN)C(N)=O.CC(C)C[C@H]1CC(=O)C1=O.CC[C@@H](C)[C@@H](N)C(=O)N[C@H](C)C(=O)N[C@H](CCCN=C(N)N)C(=O)N[C@H](CCCN=C(N)N)C(=O)N[C@@H](C)C(=O)N[C@H](CC(C)C)C(=O)N[C@H](CCCCN)C(=O)N[C@H](CCCCN)C(=O)N[C@@H](C)C(=O)N[C@H](CCCCN)C(=O)N[C@H](CCCN=C(N)N)C(=O)N[C@H](C)C(N)=O.N.N.NC(=O)[C@@H](CCCN=C(N)N)NC(=O)[C@H](N)CCCN=C(N)N
C3(=O)[C@@H]7CCCN=C(N)N.[C@H]9(CCCN=C(N)N)C%24=O.[C@H]%10(CCCN=C(N)N)C%25=O.[C@H]%11(CCCN=C(N)N)C%27=O.[C@H]%14(CCCN=C(N)N)C%29=O.[C@H]%16(CCCN=C(N)N)C5=O.[C@H]%17(CCCN=C(N)N)C(N)=O.c1%18c[nH]c2ccccc12.c1%21c[nH]c2ccccc12.CC[C@H](C)[C@H]6C%23=O.c1%19ccc(O)cc1.C%14(=O)[C@@H]8C%18.[C@H]%12(C%19)C%26=O.[C@H]%13(C%20)C%28=O.c1%20ccccc1.[C@H]%15(C%21)C4=O.N36.N%147.N%228.N%239.N%24%10.N%25%11.N%26%12.N%27%13.N%28%15.N4%16.N5%17	CC[C@H](C)[C@H](NC(=O)[C@@H](N)CCCN=C(N)N)C(=O)N[C@@H](CCCN=C(N)N)C(=O)N[C@@H](CCCN=C(N)N)C(=O)N[C@@H](CCCN=C(N)N)C(=O)N[C@@H](Cc1ccccc1)C(=O)N[C@@H](Cc1c[nH]c2ccccc12)C(=O)N[C@@H](CCCN=C(N)N)C(=O)N[C@@H](CCCN=C(N)N)C(N)=O.NC(N)=NCCC[C@@H](C=O)C(=O)[C@@H](N)Cc1c[nH]c2ccccc12.O=C1N[C@H]1Cc1ccc(O)cc1
C%14(=O)[C@H]6CCCN=C(N)N.[C@@H]9(CCCN=C(N)N)C%21=O.[C@@H]%12(CCCN=C(N)N)C(N)=O.c1%15c[nH]c2ccccc12.[C@@H]%11(CCCCN)C%23=O.CC[C@@H](C)[C@@H]4C%20=O.C3(=O)[C@H]5CC(N)=O.C%17(=O)[C@H]7C%13.c1%13ccccc1.C%18(=O)[C@H]8C%15.C%19(=O)[C@H](N)C%16.c1%16ccccc1.[C@@H]%10(CO)C%22=O.N34.N%145.N%176.N%187.N%198.N%209.N%21%10.N%22%11.N%23%12	CC[C@@H](C)[C@@H](NC(=O)[C@@H](CC(N)=O)NC(=O)[C@@H](CCCN=C(N)N)NC(=O)[C@@H](Cc1ccccc1)NC(=O)[C@@H](Cc1c[nH]c2ccccc12)NC(=O)[C@H](N)Cc1ccccc1)C(=O)N[C@H](CCCN=C(N)N)C(=O)N[C@H](CO)C(=O)N[C@H](CCCCN)C(=O)N[C@H](CCCN=C(N)N)C(N)=O
C2(=O)[C@@H]4CCCCN.C%15(=O)[C@@H]5CCCCN.C%19(=O)[C@@H]9CCCCN.C%20(=O)[C@@H](N)CCCCN.C%17(=O)[C@H]7CCCN.C%18(=O)[C@@H]8[C@@H](O)CN.C%13(=O)[C@@H]6C%14.[C@@H]1%11CCCN1%17.c1%12cnc[nH]1.C%10CCCN.N=C(N)N3.C%18(=O)C8.C%16%11=O.N23.N%134.N%155.N%166.N%187.N%198.N%209.N%21%10	C[C@H](NC(=O)[C@@H]1CCCN1C(=O)[C@H](N)CCCN)C(=O)N[C@@H](CCCCN)C(=O)NNC(=N)N.NCCCCN.NCCCC[C@@H]1NC1=O.NCCCC[C@H](NC(=O)[C@@H](N)CCCCN)C(N)=O.NC[C@H](O)[C@@H]1CC(=O)C1=O.c1c[nH]cn1
C3(=O)[C@@H]9CCCCN.C%14(=O)[C@@H]%10CCCCN.C%26(=O)[C@@H]%13CCCCN.c1%22c[nH]c2ccccc12.C%30(=O)[C@@H]%18CCCCN.C4(=O)[C@@H]%19CCCCN.c1%23c[nH]c2ccccc12.C5(=O)[C@@H](N)CCC(=O)O.[C@H]%20(CCCCN)C7=O.C%24(=O)[C@@H]%11[C@@H](C)CC.C%25(=O)[C@@H]%12[C@@H](C)CC.C%27(=O)[C@@H]%15[C@@H](C)CC.C%29(=O)[C@@H]%17[C@@H](C)CC.C%28(=O)[C@@H]%16C%22.[C@H]%21(C%23)C(N)=O.N38.N%149.N%23%10.N%24%11.N%25%12.N%26%13.N%27%15.N%28%16.N%29%17.N4%18.N5%19.N6%20.N7%21	CC[C@H](C)[C@@H]1NC1=O.CC[C@H](C)[C@@H]1NC1=O.CC[C@H](C)[C@@H]1NC1=O.CC[C@H](C)[C@@H]1NC1=O.NCCCC[C@@H](C=O)NC(=O)[C@H](CCCCN)NC(=O)[C@@H](N)CCC(=O)O.NCCCC[C@@H]1NC1=O.NCCCC[C@H](N)C(=O)N[C@@H](Cc1c[nH]c2ccccc12)C(N)=O.NCCCC[C@H](NC(=O)[C@@H](N)CCCCN)C(N)=O.O=C1N[C@H]1Cc1c[nH]c2ccccc12
C%32(=O)[C@@H]%14CCCCN.[C@H]%21(CCCCN)C%10=O.CC[C@H](C)[C@H]%11C5=O.C%34(=O)[C@@H]%16CC(N)=O.C%35(=O)[C@@H]%18CC(N)=O.C3(=O)[C@@H]%19CC(C)C.C3(=O)[C@@H]%17[C@@H](C)O.c1%31ccc(O)cc1.[C@@H]%22(C(=O)O)C(C)C.[C@@H]1%23CCCN1%13.[C@@H]1%25CCCN1%32.C%33(=O)[C@@H]%15C%30.[C@@H]1%26CCCN1%36.C4(=O)[C@@H](N)CO.N15CCC[C@H]1%27.N16CCC[C@H]1%28.[C@H]%20(C%31)C8=O.N18CCC[C@H]1%29.c1%30cnc[nH]1.C%36(=O)C%17.C2%23=O.C%24%25=O.C6%26=O.C6%27=O.C7%28=O.C9%29=O.N2%11.N%24%12.N%33%14.N%34%15.N%35%16.N%36%17.N%38%18.N4%19.N7%20.N9%21.N%10%22	CC(C)C[C@H](NC(=O)[C@@H](N)CO)C(=O)C(=O)[C@@H](CC(=O)N1CCC[C@H]1C(=O)N1CCC[C@H]1C(=O)N[C@@H](Cc1ccc(O)cc1)C(=O)N1CCC[C@H]1C(=O)N[C@@H](CCCCN)C(=O)N[C@H](C(=O)O)C(C)C)[C@@H](C)O.CC[C@H](C)[C@H](NC(=O)[C@@H]1CCCN1)C(=O)N1CCC[C@H]1C=O.N.NCCCC[C@H](NC(=O)[C@H](Cc1cnc[nH]1)NC(=O)[C@H](CC(N)=O)NC(=O)[C@@H](N)CC(N)=O)C(=O)N1CCC[C@H]1C(N)=O
[C@@H]19CSSC[C@H]%10NC(=O)[C@@H]%11NC(=O)[C@H]2CSSC[C@@H](NC(=O)[C@@H]%12NC1=O)C(=O)N[C@H]%13C(=O)N[C@H]%14C(=O)N[C@H]%16C(=O)N[C@H]%17C(=O)N2.C4(=O)[C@H]%26CCCN=C(N)N.C%23(=O)[C@H](N)CCCN=C(N)N.CC(C)C[C@@H]%25C(=O)O.C%15(=O)[C@H]6CC(C)C.C%21(=O)[C@H]%24CC(C)C.C%12CCN=C(N)N.C%16CCN=C(N)N.C%20(=O)[C@H]5C.c1%18cnc[nH]1.C%22(=O)[C@H]7C.C%16C(N)=O.C%19%11=O.[C@@H]%19(C)O.C%22%10=O.C%17(C)C.N4%24.N%154.N%205.N%216.N%227.N%238.C%13%18.C%26%19	CC(C)CCC(=O)O.CC(C)C[C@@H](NC(=O)[C@@H](CC(C)C)NC(=O)[C@H](C)CCCN=C(N)N)C(N)=O.CC(C)[C@H]1NC(=O)[C@@H](CCCN=C(N)N)NC(=O)CNC(=O)[C@@H](Cc2cnc[nH]2)NC(=O)[C@H]2CSSC[C@@H](NC1=O)C(=O)N[C@H](C(=O)[C@H](C)O)C(=O)N[C@@H](C(=O)C(=O)[C@@H](C)N)CSSCCC(=O)N[C@H](CCCN=C(N)N)C(=O)N2.CC(N)=O.C[C@H]1NC1=O.NC(=O)[C@H](N)CCCN=C(N)N
