row,error,original_canonical,before_smiles,original_safe
1038,safe_to_smiles != original_smiles,CC[C@H](C)[C@H](NC(=O)CNC(=O)[C@@H](NC(=O)[C@@H](NC(=O)[C@H](C)NC(=O)[C@H](CCC(N)=O)NC(=O)[C@H](CCCCN)NC(=O)[C@H](CC(N)=O)NC(=O)[C@H](CCC(=O)O)NC(=O)[C@H](C)NC(=O)[C@H](CCCCN)NC(=O)[C@H](CC(N)=O)NC(=O)[C@@H](NC(=O)[C@H](Cc1c[nH]c2ccccc12)NC(=O)[C@@H]1CSSC[C@H](NC(=O)[C@H](Cc2ccc(O)cc2)NC(=O)[C@@H](NC(=O)CNC(=O)[C@H](CC(N)=O)NC(=O)CNC(=O)[C@H](Cc2ccc(O)cc2)NC(=O)[C@H](CO)NC(=O)[C@@H](NC(=O)[C@H](C)N)[C@@H](C)CC)C(C)C)C(=O)N[C@@H](CC(N)=O)C(=O)N[C@@H](CCCCN)C(=O)N[C@@H](CCC(=O)O)C(=O)N[C@@H](CCCCN)C(=O)N1)C(C)C)[C@@H](C)CC)[C@@H](C)O)C(=O)N[C@H](C(=O)N[C@H](C(=O)NCC(=O)NCC(=O)N[C@@H](Cc1c[nH]c2ccccc12)C(=O)N[C@@H](C)C(=O)N[C@@H](CO)C(=O)N[C@@H](CO)C(=O)N[C@@H](CC(C)C)C(=O)N[C@@H](C)C(=O)NCC(=O)N[C@@H](CCS(C)=O)C(=O)NCC(=O)N[C@@H](Cc1cnc[nH]1)C(=O)O)[C@@H](C)CC)C(C)C,CC[C@H](C)[C@H](NC(=O)CNC(=O)[C@@H](NC(=O)[C@@H](NC(=O)[C@H](C)NC(=O)[C@H](CCC(N)=O)NC(=O)[C@H](CCCCN)NC(=O)[C@H](CC(N)=O)NC(=O)[C@H](CCC(=O)O)NC(=O)[C@H](C)NC(=O)[C@H](CCCCN)NC(=O)[C@H](CC(N)=O)NC(=O)[C@@H](NC(=O)[C@H](Cc1c[nH]c2ccccc12)NC(=O)[C@@H]1CSSC[C@H](NC(=O)[C@H](Cc2ccc(O)cc2)NC(=O)[C@@H](NC(=O)CNC(=O)[C@H](CC(N)=O)NC(=O)CNC(=O)[C@H](Cc2ccc(O)cc2)NC(=O)[C@H](CO)NC(=O)[C@@H](NC(=O)[C@H](C)N)[C@@H](C)CC)C(C)C)C(=O)N[C@@H](CC(N)=O)C(=O)N[C@@H](CCCCN)C(=O)N[C@@H](CCC(=O)O)C(=O)N[C@@H](CCCCN)C(=O)N1)C(C)C)[C@@H](C)CC)[C@@H](C)O)C(=O)N[C@H](C(=O)N[C@H](C(=O)NCC(=O)NCC(=O)N[C@@H](Cc1c[nH]c2ccccc12)C(=O)N[C@@H](C)C(=O)N[C@@H](CO)C(=O)N[C@@H](CO)C(=O)N[C@@H](CC(C)C)C(=O)N[C@@H](C)C(=O)NCC(=O)N[C@@H](CC[S+](C)[O-])C(=O)NCC(=O)N[C@@H](Cc1cnc[nH]1)C(=O)O)[C@@H](C)CC)C(C)C,[C@@H]1%75CSSC[C@H]%74C(=O)N[C@@H]%76C(=O)N[C@@H]%77C(=O)N[C@@H]%78C(=O)N[C@@H]%79C(=O)N1.C%47(=O)[C@@H]%40CCC(N)=O.C%58(=O)[C@@H]%41CCCCN.C%80(=O)[C@@H]%43CCC(=O)O.C4(=O)[C@@H]%45CCCCN.c1%82c[nH]c2ccccc12.c1%85c[nH]c2ccccc12.[C@H]%71(CCS(C)=O)C%32=O.CC[C@H](C)[C@H]%34C%19=O.C%25(=O)[C@@H]%38[C@@H](C)CC.C%69(=O)[C@@H]%42CC(N)=O.C5(=O)[C@@H]%46CC(N)=O.C%12(=O)[C@@H]%53CC(N)=O.C%17(=O)[C@@H]%57[C@@H](C)CC.[C@@H]%60(C%21=O)[C@@H](C)CC.[C@H]%67(CC(C)C)C%29=O.C%14(=O)[C@@H]%37[C@@H](C)O.C6(=O)[C@@H]%48C(C)C.c1%83ccc(O)cc1.C%10(=O)[C@@H]%51C(C)C.c1%84ccc(O)cc1.[C@@H]%59(C%20=O)C(C)C.C7(=O)[C@@H]%49C%82.C9(=O)[C@@H]%50C%83.C%15(=O)[C@@H]%55C%84.C%16(=O)[C@@H]%56CO.[C@H]%63(C%85)C%24=O.[C@H]%65(CO)C%27=O.[C@H]%66(CO)C%28=O.[C@H]%73(C%81)C(=O)O.C%36(=O)[C@@H]%39C.C%86(=O)[C@@H]%44C.C%18(=O)[C@H](C)N.C%77CCCN.C%78CC(=O)O.C%79CCCN.[C@H]%64(C)C%26=O.[C@H]%68(C)C%30=O.c1%81cnc[nH]1.C3(=O)C%35.C%11(=O)C%52.C%13(=O)C%54.C%76C(N)=O.C%61C%22=O.C%62C%23=O.C%70C%31=O.C%72C%33=O.C8%75=O.N3%34.N%14%35.N%25%37.N%36%38.N%47%39.N%58%40.N%69%41.N%80%42.N%86%43.N4%44.N5%45.N6%46.N7%48.N8%49.N9%74.N%10%50.N%11%51.N%12%52.N%13%53.N%15%54.N%16%55.N%17%56.N%18%57.N%19%59.N%20%60.N%21%61.N%22%62.N%23%63.N%24%64.N%26%65.N%27%66.N%28%67.N%29%68.N%30%70.N%31%71.N%32%72.N%33%73
1606,safe_to_smiles != original_smiles,CC[C@H](C)[C@@H]1NC(=O)[C@H](CCS(C)=O)NC(=O)[C@H](C)NC(=O)[C@@H]2CSSC[C@@H]3NC(=O)[C@H](CO)NC(=O)[C@@H]4CSSC[C@H](NC(=O)[C@H](CO)NC(=O)[C@H]([C@@H](C)CC)NC(=O)[C@H](CO)NC(=O)[C@H](CC(N)=O)NC(=O)[C@H](CC(C)C)NC(=O)[C@H](Cc5ccc(O)cc5)NC(=O)[C@H](CSSC[C@H](NC(=O)[C@H](Cc5ccccc5)NC(=O)[C@H](CO)NC1=O)C(=O)N[C@@H](Cc1ccccc1)C(=O)N[C@@H]([C@@H](C)O)C(=O)N[C@@H](CCC(=O)O)C(=O)N[C@@H](C(C)C)C(=O)N[C@@H]([C@@H](C)CC)C(=O)NCC(=O)N4)NC(=O)[C@H](C(C)C)NC(=O)[C@H](CCCCN)NC(=O)[C@H](CC(N)=O)NC(=O)[C@H](CCCCN)NC3=O)C(=O)NCC(=O)N[C@@H](CCC(=O)O)C(=O)N[C@@H](CO)C(=O)N2,CC[C@H](C)[C@@H]1NC(=O)[C@H](CC[S+](C)[O-])NC(=O)[C@H](C)NC(=O)[C@@H]2CSSC[C@@H]3NC(=O)[C@H](CO)NC(=O)[C@@H]4CSSC[C@H](NC(=O)[C@H](CO)NC(=O)[C@H]([C@@H](C)CC)NC(=O)[C@H](CO)NC(=O)[C@H](CC(N)=O)NC(=O)[C@H](CC(C)C)NC(=O)[C@H](Cc5ccc(O)cc5)NC(=O)[C@H](CSSC[C@H](NC(=O)[C@H](Cc5ccccc5)NC(=O)[C@H](CO)NC1=O)C(=O)N[C@@H](Cc1ccccc1)C(=O)N[C@@H]([C@@H](C)O)C(=O)N[C@@H](CCC(=O)O)C(=O)N[C@@H](C(C)C)C(=O)N[C@@H]([C@@H](C)CC)C(=O)NCC(=O)N4)NC(=O)[C@H](C(C)C)NC(=O)[C@H](CCCCN)NC(=O)[C@H](CC(N)=O)NC(=O)[C@H](CCCCN)NC3=O)C(=O)NCC(=O)N[C@@H](CCC(=O)O)C(=O)N[C@@H](CO)C(=O)N2,[C@@H]16NC(=O)[C@H]%17NC(=O)[C@H](C)NC(=O)[C@@H]2CSSC[C@@H]3NC(=O)[C@H]%24NC(=O)[C@@H]4CSSC[C@H](NC(=O)[C@H]%25NC(=O)[C@H]%26NC(=O)[C@H]%27NC(=O)[C@H]%28NC(=O)[C@H]%29NC(=O)[C@H]%30NC(=O)[C@H](CSSC[C@H](NC(=O)[C@H]7NC(=O)[C@H]8NC1=O)C(=O)N[C@@H]9C(=O)N[C@@H]%10C(=O)N[C@@H]%11C(=O)N[C@@H]%12C(=O)N[C@@H]%13C(=O)NCC(=O)N4)NC(=O)[C@H]%14NC(=O)[C@H]%15NC(=O)[C@H]%16NC(=O)[C@H]%18NC3=O)C(=O)NCC(=O)N[C@@H]%19C(=O)N[C@@H]%20C(=O)N2.c1%21ccc(O)cc1.c1%22ccccc1.c1%23ccccc1.C%17CS(C)=O.C%11CC(=O)O.C%15CCCN.C%18CCCN.C%19CC(=O)O.CC[C@@H]6C.[C@H]%26(C)CC.C%28C(N)=O.C%29C(C)C.[C@H]%13(C)CC.C%16C(N)=O.[C@H]%10(C)O.C%12(C)C.C%14(C)C.C%24O.C%25O.C%27O.C%30%21.C7%22.C8O.C9%23.C%20O
3814,safe_to_smiles != original_smiles,CC[C@H](C)[C@@H]1NC(=O)[C@H]([C@@H](C)O)NC(=O)[C@@H]2CSSC[C@@H]3NC(=O)[C@H](C(C)C)NC(=O)[C@H](CC(N)=O)NC(=O)[C@H](CC(N)=O)NC(=O)[C@H](CCCCN)NC(=O)[C@@H]4CSSC[C@H](NC(=O)[C@H](CO)NC(=O)[C@H](CCC(=O)O)NC(=O)[C@H](C)NC(=O)[C@H](CSSC[C@H](NC(=O)CNC(=O)[C@H](CCS(C)=O)NC(=O)[C@H](CC(C)C)NC(=O)[C@H](C)NC(=O)[C@H]([C@@H](C)O)NC1=O)C(=O)N[C@@H](CO)C(=O)N4)NC(=O)[C@@H]1CCCN1C(=O)[C@H]([C@@H](C)CC)NC(=O)CNC(=O)[C@H](CC(N)=O)NC(=O)[C@H](CC(N)=O)NC(=O)[C@H](Cc1ccc(O)cc1)NC3=O)C(=O)N[C@@H](C(C)C)C(=O)N[C@@H](Cc1c[nH]c3ccccc13)C(=O)N[C@@H]([C@@H](C)CC)C(=O)N1CCC[C@H]1C(=O)N2,CC[C@H](C)[C@@H]1NC(=O)[C@H]([C@@H](C)O)NC(=O)[C@@H]2CSSC[C@@H]3NC(=O)[C@H](C(C)C)NC(=O)[C@H](CC(N)=O)NC(=O)[C@H](CC(N)=O)NC(=O)[C@H](CCCCN)NC(=O)[C@@H]4CSSC[C@H](NC(=O)[C@H](CO)NC(=O)[C@H](CCC(=O)O)NC(=O)[C@H](C)NC(=O)[C@H](CSSC[C@H](NC(=O)CNC(=O)[C@H](CC[S+](C)[O-])NC(=O)[C@H](CC(C)C)NC(=O)[C@H](C)NC(=O)[C@H]([C@@H](C)O)NC1=O)C(=O)N[C@@H](CO)C(=O)N4)NC(=O)[C@@H]1CCCN1C(=O)[C@H]([C@@H](C)CC)NC(=O)CNC(=O)[C@H](CC(N)=O)NC(=O)[C@H](CC(N)=O)NC(=O)[C@H](Cc1ccc(O)cc1)NC3=O)C(=O)N[C@@H](C(C)C)C(=O)N[C@@H](Cc1c[nH]c3ccccc13)C(=O)N[C@@H]([C@@H](C)CC)C(=O)N1CCC[C@H]1C(=O)N2,[C@@H]15NC(=O)[C@H]%16NC(=O)[C@@H]2CSSC[C@@H]3NC(=O)[C@H]%19NC(=O)[C@H]%20NC(=O)[C@H]%21NC(=O)[C@H]%22NC(=O)[C@@H]4CSSC[C@H](NC(=O)[C@H]%23NC(=O)[C@H]%24NC(=O)[C@H](C)NC(=O)[C@H](CSSC[C@H](NC(=O)CNC(=O)[C@H]%25NC(=O)[C@H]6NC(=O)[C@H](C)NC(=O)[C@H]7NC1=O)C(=O)N[C@@H]8C(=O)N4)NC(=O)[C@@H]1CCCN1C(=O)[C@H]9NC(=O)CNC(=O)[C@H]%10NC(=O)[C@H]%11NC(=O)[C@H]%12NC3=O)C(=O)N[C@@H]%13C(=O)N[C@@H]%14C(=O)N[C@@H]%15C(=O)N1CCC[C@H]1C(=O)N2.c1%18c[nH]c2ccccc12.c1%17ccc(O)cc1.C%22CCCN.C%24CC(=O)O.C%25CS(C)=O.CC[C@@H]5C.C%20C(N)=O.C%21C(N)=O.C6C(C)C.[C@H]9(C)CC.C%10C(N)=O.C%11C(N)=O.[C@H]%15(C)CC.[C@H]%16(C)O.C%19(C)C.[C@H]7(C)O.C%13(C)C.C%23O.C8O.C%12%17.C%14%18
3820,safe_to_smiles != original_smiles,CC[C@H](C)[C@H](N)C(=O)N1CCC[C@H]1C(=O)N[C@H]1CSSC[C@@H]2NC(=O)CNC(=O)[C@H](Cc3ccccc3)NC(=O)[C@H](CCS(C)=O)NC(=O)CNC(=O)[C@H](CO)NC(=O)[C@H]([C@@H](C)CC)NC(=O)[C@@H]3CSSC[C@@H](C(=O)N[C@@H](Cc4ccc(O)cc4)C(=O)N[C@@H](CO)C(=O)O)NC(=O)[C@H](C(C)C)NC(=O)[C@H](CCCCN)NC(=O)[C@H](CC(=O)O)NC(=O)[C@H](CCCCN)NC(=O)[C@H](CSSC[C@H](NC(=O)[C@H](CO)NC(=O)[C@H](CCC(=O)O)NC(=O)CNC1=O)C(=O)N[C@@H](C(C)C)C(=O)N[C@@H](Cc1c[nH]c4ccccc14)C(=O)N[C@@H]([C@@H](C)CC)C(=O)N1CCC[C@H]1C(=O)N3)NC(=O)[C@H](CO)NC2=O,CC[C@H](C)[C@H](N)C(=O)N1CCC[C@H]1C(=O)N[C@H]1CSSC[C@@H]2NC(=O)CNC(=O)[C@H](Cc3ccccc3)NC(=O)[C@H](CC[S+](C)[O-])NC(=O)CNC(=O)[C@H](CO)NC(=O)[C@H]([C@@H](C)CC)NC(=O)[C@@H]3CSSC[C@@H](C(=O)N[C@@H](Cc4ccc(O)cc4)C(=O)N[C@@H](CO)C(=O)O)NC(=O)[C@H](C(C)C)NC(=O)[C@H](CCCCN)NC(=O)[C@H](CC(=O)O)NC(=O)[C@H](CCCCN)NC(=O)[C@H](CSSC[C@H](NC(=O)[C@H](CO)NC(=O)[C@H](CCC(=O)O)NC(=O)CNC1=O)C(=O)N[C@@H](C(C)C)C(=O)N[C@@H](Cc1c[nH]c4ccccc14)C(=O)N[C@@H]([C@@H](C)CC)C(=O)N1CCC[C@H]1C(=O)N3)NC(=O)[C@H](CO)NC2=O,[C@H]1%28CSSC[C@@H]2NC(=O)CNC(=O)[C@H]6NC(=O)[C@H]7NC(=O)CNC(=O)[C@H]8NC(=O)[C@H]9NC(=O)[C@@H]3CSSC[C@@H]%30NC(=O)[C@H]%10NC(=O)[C@H]%11NC(=O)[C@H]%12NC(=O)[C@H]%13NC(=O)[C@H](CSSC[C@H](NC(=O)[C@H]%14NC(=O)[C@H]%15NC(=O)CNC1=O)C(=O)N[C@@H]%17C(=O)N[C@@H]%18C(=O)N[C@@H]%19C(=O)N1CCC[C@H]1C(=O)N3)NC(=O)[C@H]%20NC2=O.c1%23c[nH]c2ccccc12.CC[C@H](C)[C@H](N)C5=O.c1%22ccc(O)cc1.N15CCC[C@H]1%29.c1%21ccccc1.[C@H]%26(C%22)C%25=O.[C@H]%27(CO)C(=O)O.C7CS(C)=O.C%11CCCN.C%13CCCN.C%15CC(=O)O.[C@H]9(C)CC.C%12C(=O)O.[C@H]%19(C)CC.C%16%29=O.C%24%30=O.C%10(C)C.C%17(C)C.N%16%28.C6%21.C8O.N%24%26.N%25%27.C%14O.C%18%23.C%20O
5044,safe_to_smiles != original_smiles,CC(=O)NCC(=O)N/C(=C\c1ccccc1)C(=O)N[C@@H](CCCNC(=N)N)C(=O)N[C@@H](CCCCN)C(=O)N/C(=C\c1ccccc1)C(=O)N[C@@H](Cc1c[nH]cn1)C(=O)N[C@@H](CCCCN)C(=O)N/C(=C\c1ccccc1)C(=O)N[C@@H](Cc1c[nH]c2ccccc12)C(=O)N[C@@H](C)C(N)=O,CC(=O)NCC(=O)NC(=Cc1ccccc1)C(=O)N[C@@H](CCCNC(=N)N)C(=O)N[C@@H](CCCCN)C(=O)NC(=Cc1ccccc1)C(=O)N[C@@H](Cc1c[nH]cn1)C(=O)N[C@@H](CCCCN)C(=O)NC(=Cc1ccccc1)C(=O)N[C@@H](Cc1c[nH]c2ccccc12)C(=O)N[C@@H](C)C(N)=O,[C@H]8(CCCCN)C%21=O.[C@H]%10(CCCCN)C%24=O.c1%18c[nH]c2ccccc12.[C@H]6(CCC7)C%20=O.C=%13c1ccccc1.C=%15c1ccccc1.C=%16c1ccccc1.N%14C=%13C%19=O.N%21C=%15C%22=O.[C@H]9(C%17)C%23=O.N%24C=%16C%25=O.[C@H]%11(C%18)C4=O.c1%17c[nH]cn1.[C@H]%12(C)C(N)=O.C5C%14=O.N7C(=N)N.CC3=O.N35.N%196.N%208.N%229.N%23%10.N%25%11.N4%12
5045,safe_to_smiles != original_smiles,CC(=O)NCC(=O)N/C(=C\c1ccccc1)C(=O)N[C@@H](CCCN=C(N)N)C(=O)N[C@@H](CCCCN)C(=O)N/C(=C\c1ccccc1)C(=O)N[C@@H](CCCCN)C(=O)N[C@@H](C)C(=O)N/C(=C\c1ccccc1)C(=O)N[C@@H](Cc1c[nH]c2ccccc12)C(=O)N[C@@H](Cc1cnc[nH]1)C(N)=O,CC(=O)NCC(=O)NC(=Cc1ccccc1)C(=O)N[C@@H](CCCN=C(N)N)C(=O)N[C@@H](CCCCN)C(=O)NC(=Cc1ccccc1)C(=O)N[C@@H](CCCCN)C(=O)N[C@@H](C)C(=O)NC(=Cc1ccccc1)C(=O)N[C@@H](Cc1c[nH]c2ccccc12)C(=O)N[C@@H](Cc1cnc[nH]1)C(N)=O,[C@H]6(CCCN=C(N)N)C%19=O.[C@H]7(CCCCN)C%20=O.[C@H]8(CCCCN)C%22=O.c1%17c[nH]c2ccccc12.C=%12c1ccccc1.C=%13c1ccccc1.C=%15c1ccccc1.N%14C=%12C%18=O.N%20C=%13C%21=O.N%23C=%15C%24=O.[C@H]%10(C%17)C4=O.[C@H]%11(C%16)C(N)=O.[C@H]9(C)C%23=O.c1%16cnc[nH]1.C5C%14=O.CC3=O.N35.N%186.N%197.N%218.N%229.N%24%10.N4%11
5082,safe_to_smiles != original_smiles,CC[C@H](C)[C@H](NC(=O)[C@H](CO)NC(=O)[C@H](CC(C)C)NC(=O)[C@H](Cc1ccccc1)NC(=O)CN)C(=O)N[C@@H](CC(C)C)C(=O)N[C@@H](CCCCN)C(=O)N[C@@H](CCCCN)C(=O)N[C@H](C(=O)N[C@@H](CC(C)C)C(=O)N1CCC[C@H]1C(=O)N[C@@H](CCCCN)C(=O)N[C@H](C(=O)N[C@@H](CCS(C)=O)C(=O)N[C@@H](C)C(=O)N[C@@H](Cc1cnc[nH]1)C(=O)N[C@@H](CCS(C)=O)C(=O)N[C@@H](CCCCN)C(N)=O)C(C)C)C(C)C,CC[C@H](C)[C@H](NC(=O)[C@H](CO)NC(=O)[C@H](CC(C)C)NC(=O)[C@H](Cc1ccccc1)NC(=O)CN)C(=O)N[C@@H](CC(C)C)C(=O)N[C@@H](CCCCN)C(=O)N[C@@H](CCCCN)C(=O)N[C@H](C(=O)N[C@@H](CC(C)C)C(=O)N1CCC[C@H]1C(=O)N[C@@H](CCCCN)C(=O)N[C@H](C(=O)N[C@@H](CC[S+](C)[O-])C(=O)N[C@@H](C)C(=O)N[C@@H](Cc1cnc[nH]1)C(=O)N[C@@H](CC[S+](C)[O-])C(=O)N[C@@H](CCCCN)C(N)=O)C(C)C)C(C)C,[C@H]%17(CCCCN)C%35=O.[C@H]%18(CCCCN)C%36=O.[C@H]%21(CCCCN)C5=O.[C@H]%23(CCS(C)=O)C7=O.[C@H]%27(CCS(C)=O)C%10=O.[C@H]%28(CCCCN)C(N)=O.CC[C@H](C)[C@H]%11C%33=O.C%13(=O)[C@@H]%14CC(C)C.[C@H]%16(CC(C)C)C%34=O.[C@H]%20(CC(C)C)C3=O.[C@@H]%19(C%37=O)C(C)C.[C@@H]%22(C6=O)C(C)C.C2(=O)[C@@H]%12CO.C%24(=O)[C@@H]%15C%31.c1%31ccccc1.N13CCC[C@H]1%29.[C@H]%26(C%30)C9=O.[C@H]%25(C)C8=O.c1%30cnc[nH]1.C%32(=O)CN.C4%29=O.N2%11.N%13%12.N%24%14.N%32%15.N%33%16.N%34%17.N%35%18.N%36%19.N%37%20.N4%21.N5%22.N6%23.N7%25.N8%26.N9%27.N%10%28
5086,safe_to_smiles != original_smiles,CCCC[C@H](NC(=O)[C@H](Cc1cnc[nH]1)NC(=O)[C@H](C)NC(=O)[C@H](CCS(C)=O)NC(=O)[C@@H](NC(=O)[C@H](CCCCN)NC(=O)[C@@H]1CCCN1C(=O)[C@H](CC(C)C)NC(=O)[C@@H](NC(=O)[C@H](CCCCN)NC(=O)[C@H](CCCCN)NC(=O)[C@H](CC(C)C)NC(=O)[C@@H](NC(=O)[C@H](CO)NC(=O)[C@H](CC(C)C)NC(=O)[C@H](Cc1ccccc1)NC(=O)CN)[C@@H](C)CC)C(C)C)C(C)C)C(=O)N[C@@H](CCCCN)C(N)=O,CCCC[C@H](NC(=O)[C@H](Cc1cnc[nH]1)NC(=O)[C@H](C)NC(=O)[C@H](CC[S+](C)[O-])NC(=O)[C@@H](NC(=O)[C@H](CCCCN)NC(=O)[C@@H]1CCCN1C(=O)[C@H](CC(C)C)NC(=O)[C@@H](NC(=O)[C@H](CCCCN)NC(=O)[C@H](CCCCN)NC(=O)[C@H](CC(C)C)NC(=O)[C@@H](NC(=O)[C@H](CO)NC(=O)[C@H](CC(C)C)NC(=O)[C@H](Cc1ccccc1)NC(=O)CN)[C@@H](C)CC)C(C)C)C(C)C)C(=O)N[C@@H](CCCCN)C(N)=O,C%24(=O)[C@@H]%15CCS(C)=O.C%33(=O)[C@@H]%17CCCCN.C%37(=O)[C@@H]%20CCCCN.C3(=O)[C@@H]%21CCCCN.[C@H]%28(CCCCN)C(N)=O.CCCC[C@H]%11C%10=O.C%35(=O)[C@@H]%18CC(C)C.C4(=O)[C@@H]%22CC(C)C.C5(=O)[C@@H]%23[C@@H](C)CC.C7(=O)[C@@H]%26CC(C)C.C%32(=O)[C@@H]%16C(C)C.C%36(=O)[C@@H]%19C(C)C.C2(=O)[C@@H]%12C%30.[C@@H]1%29CCCN1%35.C6(=O)[C@@H]%25CO.C8(=O)[C@@H]%27C%31.c1%31ccccc1.c1%30cnc[nH]1.C%13(=O)[C@@H]%14C.C9(=O)CN.C%34%29=O.N2%11.N%13%12.N%24%14.N%32%15.N%33%16.N%34%17.N%36%18.N%37%19.N3%20.N4%21.N5%22.N6%23.N7%25.N8%26.N9%27.N%10%28
5088,safe_to_smiles != original_smiles,CCCC[C@H](NC(=O)[C@@H](NC(=O)[C@H](CCCCN)NC(=O)[C@@H]1CCCN1C(=O)[C@H](CC(C)C)NC(=O)[C@@H](NC(=O)[C@H](CCCCN)NC(=O)[C@H](CCCCN)NC(=O)[C@H](CC(C)C)NC(=O)[C@@H](NC(=O)[C@H](CO)NC(=O)[C@H](CC(C)C)NC(=O)[C@H](Cc1ccccc1)NC(=O)CN)[C@@H](C)CC)C(C)C)C(C)C)C(=O)N[C@@H](C)C(=O)N[C@@H](Cc1cnc[nH]1)C(=O)N[C@@H](CCS(C)=O)C(=O)N[C@@H](CCCCN)C(N)=O,CCCC[C@H](NC(=O)[C@@H](NC(=O)[C@H](CCCCN)NC(=O)[C@@H]1CCCN1C(=O)[C@H](CC(C)C)NC(=O)[C@@H](NC(=O)[C@H](CCCCN)NC(=O)[C@H](CCCCN)NC(=O)[C@H](CC(C)C)NC(=O)[C@@H](NC(=O)[C@H](CO)NC(=O)[C@H](CC(C)C)NC(=O)[C@H](Cc1ccccc1)NC(=O)CN)[C@@H](C)CC)C(C)C)C(C)C)C(=O)N[C@@H](C)C(=O)N[C@@H](Cc1cnc[nH]1)C(=O)N[C@@H](CC[S+](C)[O-])C(=O)N[C@@H](CCCCN)C(N)=O,C%13(=O)[C@@H]%14CCCCN.C%34(=O)[C@@H]%17CCCCN.C%35(=O)[C@@H]%18CCCCN.[C@H]%27(CCS(C)=O)C%10=O.[C@H]%28(CCCCN)C(N)=O.CCCC[C@H]%11C7=O.C%32(=O)[C@@H]%15CC(C)C.C%36(=O)[C@@H]%19CC(C)C.C%37(=O)[C@@H]%20[C@@H](C)CC.C4(=O)[C@@H]%22CC(C)C.C2(=O)[C@@H]%12C(C)C.C%33(=O)[C@@H]%16C(C)C.[C@@H]1%29CCCN1%32.C3(=O)[C@@H]%21CO.C5(=O)[C@@H]%23C%31.c1%31ccccc1.[C@H]%26(C%30)C9=O.[C@H]%25(C)C8=O.c1%30cnc[nH]1.C6(=O)CN.C%24%29=O.N2%11.N%13%12.N%24%14.N%33%15.N%34%16.N%35%17.N%36%18.N%37%19.N3%20.N4%21.N5%22.N6%23.N7%25.N8%26.N9%27.N%10%28
5090,safe_to_smiles != original_smiles,CCCC[C@H](NC(=O)[C@@H](NC(=O)[C@H](CCCCN)NC(=O)[C@@H]1CCCN1C(=O)[C@H](CC(C)C)NC(=O)[C@@H](NC(=O)[C@H](CCCCN)NC(=O)[C@H](CCCCN)NC(=O)[C@@H](NC(=O)[C@@H](NC(=O)[C@H](CO)NC(=O)[C@H](CC(C)C)NC(=O)[C@H](Cc1ccccc1)NC(=O)CN)[C@@H](C)CC)C(C)C)C(C)C)C(C)C)C(=O)N[C@@H](C)C(=O)N[C@@H](Cc1cnc[nH]1)C(=O)N[C@@H](CCS(C)=O)C(=O)N[C@@H](CCCCN)C(N)=O,CCCC[C@H](NC(=O)[C@@H](NC(=O)[C@H](CCCCN)NC(=O)[C@@H]1CCCN1C(=O)[C@H](CC(C)C)NC(=O)[C@@H](NC(=O)[C@H](CCCCN)NC(=O)[C@H](CCCCN)NC(=O)[C@@H](NC(=O)[C@@H](NC(=O)[C@H](CO)NC(=O)[C@H](CC(C)C)NC(=O)[C@H](Cc1ccccc1)NC(=O)CN)[C@@H](C)CC)C(C)C)C(C)C)C(C)C)C(=O)N[C@@H](C)C(=O)N[C@@H](Cc1cnc[nH]1)C(=O)N[C@@H](CC[S+](C)[O-])C(=O)N[C@@H](CCCCN)C(N)=O,C%13(=O)[C@@H]%14CCCCN.C%34(=O)[C@@H]%17CCCCN.C%35(=O)[C@@H]%18CCCCN.[C@H]%27(CCS(C)=O)C%10=O.[C@H]%28(CCCCN)C(N)=O.CCCC[C@H]%11C7=O.C%32(=O)[C@@H]%15CC(C)C.C%37(=O)[C@@H]%20[C@@H](C)CC.C4(=O)[C@@H]%22CC(C)C.C2(=O)[C@@H]%12C(C)C.C%33(=O)[C@@H]%16C(C)C.C%36(=O)[C@@H]%19C(C)C.[C@@H]1%29CCCN1%32.C3(=O)[C@@H]%21CO.C5(=O)[C@@H]%23C%31.c1%31ccccc1.[C@H]%26(C%30)C9=O.[C@H]%25(C)C8=O.c1%30cnc[nH]1.C6(=O)CN.C%24%29=O.N2%11.N%13%12.N%24%14.N%33%15.N%34%16.N%35%17.N%36%18.N%37%19.N3%20.N4%21.N5%22.N6%23.N7%25.N8%26.N9%27.N%10%28
5181,safe_to_smiles != original_smiles,CC(C)C[C@H](NC(=O)[C@@H](NC(=O)[C@H](CCCCN)NC(=O)[C@H](CC(C)C)NC(=O)[C@@H](NC(=O)[C@H](C)NC(=O)CNC(=O)/C(=C/c1ccccc1)NC(=O)[C@H](CCCCN)NC(=O)[C@H](CCCCN)NC(=O)[C@H](Cc1ccccc1)NC(=O)[C@H](CC(C)C)NC(=O)[C@H](CCCCN)NC(=O)[C@H](Cc1c[nH]c2ccccc12)NC(=O)[C@@H](N)CCCCN)C(C)C)C(C)C)C(=O)O,CC(C)C[C@H](NC(=O)[C@@H](NC(=O)[C@H](CCCCN)NC(=O)[C@H](CC(C)C)NC(=O)[C@@H](NC(=O)[C@H](C)NC(=O)CNC(=O)C(=Cc1ccccc1)NC(=O)[C@H](CCCCN)NC(=O)[C@H](CCCCN)NC(=O)[C@H](Cc1ccccc1)NC(=O)[C@H](CC(C)C)NC(=O)[C@H](CCCCN)NC(=O)[C@H](Cc1c[nH]c2ccccc12)NC(=O)[C@@H](N)CCCCN)C(C)C)C(C)C)C(=O)O,C%14(=O)[C@@H]%11CCCCN.C%31(=O)[C@@H]%17CCCCN.C%32(=O)[C@@H]%18CCCCN.C6(=O)[C@@H]%21CCCCN.c1%26c[nH]c2ccccc12.C8(=O)[C@@H](N)CCCCN.CC(C)C[C@H]9C(=O)O.C%25(=O)[C@@H]%12CC(C)C.C5(=O)[C@@H]%20CC(C)C.C3(=O)[C@@H]%10C(C)C.C%27(=O)[C@@H]%13C(C)C.C=%23c1ccccc1.C%30(=O)C=%23N%31.C4(=O)[C@@H]%19C%24.c1%24ccccc1.C7(=O)[C@@H]%22C%26.C%28(=O)[C@@H]%15C.C%29(=O)C%16.N39.N%14%10.N%25%11.N%27%12.N%28%13.N%29%15.N%30%16.N%32%17.N4%18.N5%19.N6%20.N7%21.N8%22
5182,safe_to_smiles != original_smiles,CC[C@H](C)[C@H](NC(=O)[C@H](CCCCN)NC(=O)[C@H](CCCCN)NC(=O)/C(=C/c1ccccc1)NC(=O)[C@H](CC(C)C)NC(=O)[C@H](CCCCN)NC(=O)[C@H](Cc1c[nH]c2ccccc12)NC(=O)[C@@H](N)CCCCN)C(=O)NCC(=O)N[C@@H](C)C(=O)N[C@H](C(=O)N/C(=C\c1ccccc1)C(=O)N[C@@H](CCCCN)C(=O)N[C@H](C(=O)N[C@@H](CC(C)C)C(=O)O)C(C)C)C(C)C,CC[C@H](C)[C@H](NC(=O)[C@H](CCCCN)NC(=O)[C@H](CCCCN)NC(=O)C(=Cc1ccccc1)NC(=O)[C@H](CC(C)C)NC(=O)[C@H](CCCCN)NC(=O)[C@H](Cc1c[nH]c2ccccc12)NC(=O)[C@@H](N)CCCCN)C(=O)NCC(=O)N[C@@H](C)C(=O)N[C@H](C(=O)NC(=Cc1ccccc1)C(=O)N[C@@H](CCCCN)C(=O)N[C@H](C(=O)N[C@@H](CC(C)C)C(=O)O)C(C)C)C(C)C,C3(=O)[C@@H]%10CCCCN.C%14(=O)[C@@H]%11CCCCN.C%27(=O)[C@@H]%13CCCCN.c1%24c[nH]c2ccccc12.C%29(=O)[C@@H](N)CCCCN.[C@H]%19(CCCCN)C7=O.CC[C@H](C)[C@H]9C%30=O.C%26(=O)[C@@H]%12CC(C)C.[C@H]%21(CC(C)C)C(=O)O.C=%22c1ccccc1.[C@@H]%18(C5=O)C(C)C.C=%23c1ccccc1.[C@@H]%20(C8=O)C(C)C.C%25(=O)C=%22N%26.C%28(=O)[C@@H]%15C%24.N5C=%23C6=O.[C@H]%17(C)C4=O.C%16C%31=O.N39.N%14%10.N%25%11.N%27%12.N%28%13.N%29%15.N%30%16.N%31%17.N4%18.N6%19.N7%20.N8%21
5183,safe_to_smiles != original_smiles,CC(C)C[C@H](NC(=O)[C@@H](NC(=O)[C@H](CCCCN)NC(=O)/C(=C/c1ccccc1)NC(=O)[C@@H](NC(=O)[C@H](C)NC(=O)CNC(=O)/C(=C/c1ccccc1)NC(=O)[C@H](CCCCN)NC(=O)[C@H](CCCCN)NC(=O)/C(=C/c1ccccc1)NC(=O)[C@H](CC(C)C)NC(=O)[C@H](CCCCN)NC(=O)[C@H](Cc1c[nH]c2ccccc12)NC(=O)[C@@H](N)CCCCN)C(C)C)C(C)C)C(=O)O,CC(C)C[C@H](NC(=O)[C@@H](NC(=O)[C@H](CCCCN)NC(=O)C(=Cc1ccccc1)NC(=O)[C@@H](NC(=O)[C@H](C)NC(=O)CNC(=O)C(=Cc1ccccc1)NC(=O)[C@H](CCCCN)NC(=O)[C@H](CCCCN)NC(=O)C(=Cc1ccccc1)NC(=O)[C@H](CC(C)C)NC(=O)[C@H](CCCCN)NC(=O)[C@H](Cc1c[nH]c2ccccc12)NC(=O)[C@@H](N)CCCCN)C(C)C)C(C)C)C(=O)O,C%14(=O)[C@@H]%11CCCCN.C%30(=O)[C@@H]%16CCCCN.C%31(=O)[C@@H]%17CCCCN.C6(=O)[C@@H]%19CCCCN.c1%24c[nH]c2ccccc12.C8(=O)[C@@H](N)CCCCN.CC(C)C[C@H]9C(=O)O.C5(=O)[C@@H]%18CC(C)C.C3(=O)[C@@H]%10C(C)C.C=%21c1ccccc1.C%26(=O)[C@@H]%12C(C)C.C=%22c1ccccc1.C=%23c1ccccc1.C%25(=O)C=%21N%26.C%29(=O)C=%22N%30.C4(=O)C=%23N5.C7(=O)[C@@H]%20C%24.C%27(=O)[C@@H]%13C.C%28(=O)C%15.N39.N%14%10.N%25%11.N%27%12.N%28%13.N%29%15.N%31%16.N4%17.N6%18.N7%19.N8%20
5638,safe_to_smiles != original_smiles,CC(=O)N[C@@H](CCCCN)C(=O)N[C@@H](C)C(=O)N/C(=C\c1ccccc1)C(=O)N[C@@H](Cc1c[nH]c2ccccc12)C(=O)N[C@@H](CCCCN)C(=O)N/C(=C\c1ccccc1)C(=O)N[C@H](C(=O)N[C@@H](CCCCN)C(=O)N/C(=C\c1ccccc1)C(=O)N[C@H](C(=O)N[C@@H](CCCCN)C(N)=O)C(C)C)C(C)C,CC(=O)N[C@@H](CCCCN)C(=O)N[C@@H](C)C(=O)NC(=Cc1ccccc1)C(=O)N[C@@H](Cc1c[nH]c2ccccc12)C(=O)N[C@@H](CCCCN)C(=O)NC(=Cc1ccccc1)C(=O)N[C@H](C(=O)N[C@@H](CCCCN)C(=O)NC(=Cc1ccccc1)C(=O)N[C@H](C(=O)N[C@@H](CCCCN)C(N)=O)C(C)C)C(C)C,[C@H]6(CCCCN)C%14=O.c1%18c[nH]c2ccccc12.[C@H]9(CCCCN)C%22=O.[C@H]%11(CCCCN)C%25=O.[C@H]%13(CCCCN)C(N)=O.C=%15c1ccccc1.C=%16c1ccccc1.[C@@H]%10(C%24=O)C(C)C.C=%17c1ccccc1.[C@@H]%12(C5=O)C(C)C.N%19C=%15C%20=O.[C@H]8(C%18)C%21=O.N%22C=%16C%23=O.N%25C=%17C4=O.[C@H]7(C)C%19=O.CC3=O.N36.N%147.N%208.N%219.N%23%10.N%24%11.N4%12.N5%13
5641,safe_to_smiles != original_smiles,CC(=O)N/C(=C\c1ccccc1)C(=O)N[C@@H](CCCCN)C(=O)N[C@@H](C)C(=O)N/C(=C\c1ccccc1)C(=O)N[C@@H](Cc1c[nH]c2ccccc12)C(=O)N[C@@H](CCCCN)C(=O)N/C(=C\c1ccccc1)C(=O)N[C@H](C(=O)N[C@@H](CCCCN)C(=O)N/C(=C\c1ccccc1)C(=O)N[C@H](C(=O)N[C@@H](CCCCN)C(N)=O)C(C)C)C(C)C,CC(=O)NC(=Cc1ccccc1)C(=O)N[C@@H](CCCCN)C(=O)N[C@@H](C)C(=O)NC(=Cc1ccccc1)C(=O)N[C@@H](Cc1c[nH]c2ccccc12)C(=O)N[C@@H](CCCCN)C(=O)NC(=Cc1ccccc1)C(=O)N[C@H](C(=O)N[C@@H](CCCCN)C(=O)NC(=Cc1ccccc1)C(=O)N[C@H](C(=O)N[C@@H](CCCCN)C(N)=O)C(C)C)C(C)C,[C@H]7(CCCCN)C%21=O.c1%20c[nH]c2ccccc12.[C@H]%10(CCCCN)C%25=O.[C@H]%12(CCCCN)C4=O.[C@H]%15(CCCCN)C(N)=O.C=%16c1ccccc1.C=%17c1ccccc1.C=%18c1ccccc1.[C@@H]%11(C%27=O)C(C)C.C=%19c1ccccc1.[C@@H]%13(C6=O)C(C)C.N3C=%16C%14=O.N%22C=%17C%23=O.[C@H]9(C%20)C%24=O.N%25C=%18C%26=O.N4C=%19C5=O.[C@H]8(C)C%22=O.CC3=O.N%147.N%218.N%239.N%24%10.N%26%11.N%27%12.N5%13.N6%15
5643,safe_to_smiles != original_smiles,CC(=O)N[C@@H](C)C(=O)N/C(=C\c1ccccc1)C(=O)N[C@@H](CCCCN)C(=O)N[C@@H](C)C(=O)N/C(=C\c1ccccc1)C(=O)N[C@@H](Cc1c[nH]c2ccccc12)C(=O)N[C@@H](CCCCN)C(=O)N/C(=C\c1ccccc1)C(=O)N[C@H](C(=O)N[C@@H](CCCCN)C(=O)N/C(=C\c1ccccc1)C(=O)N[C@H](C(=O)N[C@@H](CCCCN)C(N)=O)C(C)C)C(C)C,CC(=O)N[C@@H](C)C(=O)NC(=Cc1ccccc1)C(=O)N[C@@H](CCCCN)C(=O)N[C@@H](C)C(=O)NC(=Cc1ccccc1)C(=O)N[C@@H](Cc1c[nH]c2ccccc12)C(=O)N[C@@H](CCCCN)C(=O)NC(=Cc1ccccc1)C(=O)N[C@H](C(=O)N[C@@H](CCCCN)C(=O)NC(=Cc1ccccc1)C(=O)N[C@H](C(=O)N[C@@H](CCCCN)C(N)=O)C(C)C)C(C)C,[C@H]9(CCCCN)C%24=O.c1%22c[nH]c2ccccc12.[C@H]%12(CCCCN)C%28=O.[C@H]%15(CCCCN)C5=O.[C@H]%17(CCCCN)C(N)=O.C=%18c1ccccc1.C=%19c1ccccc1.C=%20c1ccccc1.[C@@H]%13(C4=O)C(C)C.C=%21c1ccccc1.[C@@H]%16(C7=O)C(C)C.N%14C=%18C%23=O.N%25C=%19C%26=O.[C@H]%11(C%22)C%27=O.N%28C=%20C%29=O.N5C=%21C6=O.[C@H]8(C)C%14=O.[C@H]%10(C)C%25=O.CC3=O.N38.N%239.N%24%10.N%26%11.N%27%12.N%29%13.N4%15.N6%16.N7%17
5644,safe_to_smiles != original_smiles,CC(=O)N[C@@H](CCCCN)C(=O)N[C@@H](C)C(=O)N/C(=C\c1ccccc1)C(=O)N[C@@H](CCCCN)C(=O)N[C@@H](C)C(=O)N/C(=C\c1ccccc1)C(=O)N[C@@H](Cc1c[nH]c2ccccc12)C(=O)N[C@@H](CCCCN)C(=O)N[C@@H](Cc1ccccc1)C(=O)N[C@H](C(=O)N[C@@H](CCCCN)C(=O)N[C@@H](Cc1ccccc1)C(=O)N[C@H](C(=O)N[C@@H](CCCCN)C(N)=O)C(C)C)C(C)C,CC(=O)N[C@@H](CCCCN)C(=O)N[C@@H](C)C(=O)NC(=Cc1ccccc1)C(=O)N[C@@H](CCCCN)C(=O)N[C@@H](C)C(=O)NC(=Cc1ccccc1)C(=O)N[C@@H](Cc1c[nH]c2ccccc12)C(=O)N[C@@H](CCCCN)C(=O)N[C@@H](Cc1ccccc1)C(=O)N[C@H](C(=O)N[C@@H](CCCCN)C(=O)N[C@@H](Cc1ccccc1)C(=O)N[C@H](C(=O)N[C@@H](CCCCN)C(N)=O)C(C)C)C(C)C,[C@H]9(CCCCN)C%14=O.[C@H]%11(CCCCN)C%29=O.c1%24c[nH]c2ccccc12.[C@H]%15(CCCCN)C%33=O.[C@H]%18(CCCCN)C6=O.[C@H]%21(CCCCN)C(N)=O.C=%22c1ccccc1.C=%23c1ccccc1.[C@@H]%17(C5=O)C(C)C.[C@@H]%20(C8=O)C(C)C.N%25C=%22C%28=O.N%30C=%23C%31=O.[C@H]%13(C%24)C%32=O.[C@H]%16(C%26)C4=O.c1%26ccccc1.[C@H]%19(C%27)C7=O.c1%27ccccc1.[C@H]%10(C)C%25=O.[C@H]%12(C)C%30=O.CC3=O.N39.N%14%10.N%28%11.N%29%12.N%31%13.N%32%15.N%33%16.N4%17.N5%18.N6%19.N7%20.N8%21
5646,safe_to_smiles != original_smiles,CC(=O)N[C@@H](CCCCN)C(=O)N[C@@H](Cc1c[nH]c2ccccc12)C(=O)N/C(=C\c1ccccc1)C(=O)N[C@@H](Cc1c[nH]c2ccccc12)C(=O)N[C@@H](CCCCN)C(=O)N/C(=C\c1ccccc1)C(=O)N[C@H](C(=O)N[C@@H](CCCCN)C(=O)N/C(=C\c1ccccc1)C(=O)N[C@H](C(=O)N[C@@H](CCCCN)C(N)=O)C(C)C)C(C)C,CC(=O)N[C@@H](CCCCN)C(=O)N[C@@H](Cc1c[nH]c2ccccc12)C(=O)NC(=Cc1ccccc1)C(=O)N[C@@H](Cc1c[nH]c2ccccc12)C(=O)N[C@@H](CCCCN)C(=O)NC(=Cc1ccccc1)C(=O)N[C@H](C(=O)N[C@@H](CCCCN)C(=O)NC(=Cc1ccccc1)C(=O)N[C@H](C(=O)N[C@@H](CCCCN)C(N)=O)C(C)C)C(C)C,[C@H]6(CCCCN)C%14=O.c1%18c[nH]c2ccccc12.c1%19c[nH]c2ccccc12.[C@H]9(CCCCN)C%23=O.[C@H]%11(CCCCN)C%26=O.[C@H]%13(CCCCN)C(N)=O.C=%15c1ccccc1.C=%16c1ccccc1.[C@@H]%10(C%25=O)C(C)C.C=%17c1ccccc1.[C@@H]%12(C5=O)C(C)C.[C@H]7(C%18)C%20=O.N%20C=%15C%21=O.[C@H]8(C%19)C%22=O.N%23C=%16C%24=O.N%26C=%17C4=O.CC3=O.N36.N%147.N%218.N%229.N%24%10.N%25%11.N4%12.N5%13
5647,safe_to_smiles != original_smiles,CC(=O)N[C@@H](CCCCN)C(=O)N[C@@H](Cc1c[nH]c2ccccc12)C(=O)N/C(=C\c1ccccc1)C(=O)N[C@@H](Cc1c[nH]c2ccccc12)C(=O)N[C@@H](CCCCN)C(=O)N/C(=C\c1ccccc1)C(=O)N[C@@H](Cc1c[nH]c2ccccc12)C(=O)N[C@@H](CCCCN)C(=O)N/C(=C\c1ccccc1)C(=O)N[C@H](C(=O)N[C@@H](CCCCN)C(N)=O)C(C)C,CC(=O)N[C@@H](CCCCN)C(=O)N[C@@H](Cc1c[nH]c2ccccc12)C(=O)NC(=Cc1ccccc1)C(=O)N[C@@H](Cc1c[nH]c2ccccc12)C(=O)N[C@@H](CCCCN)C(=O)NC(=Cc1ccccc1)C(=O)N[C@@H](Cc1c[nH]c2ccccc12)C(=O)N[C@@H](CCCCN)C(=O)NC(=Cc1ccccc1)C(=O)N[C@H](C(=O)N[C@@H](CCCCN)C(N)=O)C(C)C,[C@H]6(CCCCN)C%14=O.c1%18c[nH]c2ccccc12.c1%19c[nH]c2ccccc12.[C@H]9(CCCCN)C%24=O.c1%20c[nH]c2ccccc12.[C@H]%11(CCCCN)C%27=O.[C@H]%13(CCCCN)C(N)=O.C=%15c1ccccc1.C=%16c1ccccc1.C=%17c1ccccc1.[C@@H]%12(C5=O)C(C)C.[C@H]7(C%18)C%21=O.N%21C=%15C%22=O.[C@H]8(C%19)C%23=O.N%24C=%16C%25=O.[C@H]%10(C%20)C%26=O.N%27C=%17C4=O.CC3=O.N36.N%147.N%228.N%239.N%25%10.N%26%11.N4%12.N5%13
5648,safe_to_smiles != original_smiles,CC(=O)N[C@@H](CCCCN)C(=O)N[C@@H](Cc1c[nH]c2ccccc12)C(=O)N/C(=C\c1ccccc1)C(=O)N[C@@H](Cc1c[nH]c2ccccc12)C(=O)N[C@@H](CCCCN)C(=O)N/C(=C\c1ccccc1)C(=O)N[C@@H](Cc1c[nH]c2ccccc12)C(=O)N[C@@H](CCCCN)C(=O)N/C(=C\c1ccccc1)C(=O)N[C@@H](Cc1c[nH]c2ccccc12)C(=O)N[C@@H](CCCCN)C(N)=O,CC(=O)N[C@@H](CCCCN)C(=O)N[C@@H](Cc1c[nH]c2ccccc12)C(=O)NC(=Cc1ccccc1)C(=O)N[C@@H](Cc1c[nH]c2ccccc12)C(=O)N[C@@H](CCCCN)C(=O)NC(=Cc1ccccc1)C(=O)N[C@@H](Cc1c[nH]c2ccccc12)C(=O)N[C@@H](CCCCN)C(=O)NC(=Cc1ccccc1)C(=O)N[C@@H](Cc1c[nH]c2ccccc12)C(=O)N[C@@H](CCCCN)C(N)=O,[C@H]6(CCCCN)C%14=O.c1%18c[nH]c2ccccc12.c1%19c[nH]c2ccccc12.[C@H]9(CCCCN)C%25=O.c1%20c[nH]c2ccccc12.[C@H]%11(CCCCN)C%28=O.c1%21c[nH]c2ccccc12.[C@H]%13(CCCCN)C(N)=O.C=%15c1ccccc1.C=%16c1ccccc1.C=%17c1ccccc1.[C@H]7(C%18)C%22=O.N%22C=%15C%23=O.[C@H]8(C%19)C%24=O.N%25C=%16C%26=O.[C@H]%10(C%20)C%27=O.N%28C=%17C4=O.[C@H]%12(C%21)C5=O.CC3=O.N36.N%147.N%238.N%249.N%26%10.N%27%11.N4%12.N5%13
5650,safe_to_smiles != original_smiles,CC(=O)N[C@@H](CCCCN)C(=O)N[C@@H](Cc1c[nH]c2ccccc12)C(=O)N/C(=C\c1ccccc1)C(=O)N[C@@H](Cc1c[nH]c2ccccc12)C(=O)N[C@@H](CCCCN)C(=O)N/C(=C\c1ccccc1)C(=O)N[C@H](C(=O)N[C@@H](CCCCN)C(=O)N/C(=C\c1ccccc1)C(=O)N[C@@H](C)C(=O)N[C@@H](CCCCN)C(N)=O)C(C)C,CC(=O)N[C@@H](CCCCN)C(=O)N[C@@H](Cc1c[nH]c2ccccc12)C(=O)NC(=Cc1ccccc1)C(=O)N[C@@H](Cc1c[nH]c2ccccc12)C(=O)N[C@@H](CCCCN)C(=O)NC(=Cc1ccccc1)C(=O)N[C@H](C(=O)N[C@@H](CCCCN)C(=O)NC(=Cc1ccccc1)C(=O)N[C@@H](C)C(=O)N[C@@H](CCCCN)C(N)=O)C(C)C,[C@H]6(CCCCN)C%14=O.c1%18c[nH]c2ccccc12.c1%19c[nH]c2ccccc12.[C@H]9(CCCCN)C%23=O.[C@H]%11(CCCCN)C%26=O.[C@H]%13(CCCCN)C(N)=O.C=%15c1ccccc1.C=%16c1ccccc1.[C@@H]%10(C%25=O)C(C)C.C=%17c1ccccc1.[C@H]7(C%18)C%20=O.N%20C=%15C%21=O.[C@H]8(C%19)C%22=O.N%23C=%16C%24=O.N%26C=%17C4=O.[C@H]%12(C)C5=O.CC3=O.N36.N%147.N%218.N%229.N%24%10.N%25%11.N4%12.N5%13
5651,safe_to_smiles != original_smiles,CC(=O)N[C@@H](CCCCN)C(=O)N[C@@H](C)C(=O)N/C(=C\c1ccccc1)C(=O)N[C@@H](Cc1c[nH]c2ccccc12)C(=O)N[C@@H](CCCCN)C(=O)N/C(=C\c1ccccc1)C(=O)N[C@H](C(=O)N[C@@H](CCCCN)C(=O)N/C(=C\c1ccccc1)C(=O)N[C@@H](C)C(=O)N[C@@H](CCCCN)C(N)=O)C(C)C,CC(=O)N[C@@H](CCCCN)C(=O)N[C@@H](C)C(=O)NC(=Cc1ccccc1)C(=O)N[C@@H](Cc1c[nH]c2ccccc12)C(=O)N[C@@H](CCCCN)C(=O)NC(=Cc1ccccc1)C(=O)N[C@H](C(=O)N[C@@H](CCCCN)C(=O)NC(=Cc1ccccc1)C(=O)N[C@@H](C)C(=O)N[C@@H](CCCCN)C(N)=O)C(C)C,[C@H]6(CCCCN)C%14=O.c1%18c[nH]c2ccccc12.[C@H]9(CCCCN)C%22=O.[C@H]%11(CCCCN)C%25=O.[C@H]%13(CCCCN)C(N)=O.C=%15c1ccccc1.C=%16c1ccccc1.[C@@H]%10(C%24=O)C(C)C.C=%17c1ccccc1.N%19C=%15C%20=O.[C@H]8(C%18)C%21=O.N%22C=%16C%23=O.N%25C=%17C4=O.[C@H]7(C)C%19=O.[C@H]%12(C)C5=O.CC3=O.N36.N%147.N%208.N%219.N%23%10.N%24%11.N4%12.N5%13
5652,safe_to_smiles != original_smiles,CC(=O)N[C@@H](CCCCN)C(=O)N[C@@H](Cc1c[nH]c2ccccc12)C(=O)N/C(=C\c1ccccc1)C(=O)N[C@@H](Cc1c[nH]c2ccccc12)C(=O)N[C@@H](CCCCN)C(=O)N/C(=C\c1ccccc1)C(=O)N[C@@H](C)C(=O)N[C@@H](CCCCN)C(=O)N/C(=C\c1ccccc1)C(=O)N[C@@H](C)C(=O)N[C@@H](CCCCN)C(N)=O,CC(=O)N[C@@H](CCCCN)C(=O)N[C@@H](Cc1c[nH]c2ccccc12)C(=O)NC(=Cc1ccccc1)C(=O)N[C@@H](Cc1c[nH]c2ccccc12)C(=O)N[C@@H](CCCCN)C(=O)NC(=Cc1ccccc1)C(=O)N[C@@H](C)C(=O)N[C@@H](CCCCN)C(=O)NC(=Cc1ccccc1)C(=O)N[C@@H](C)C(=O)N[C@@H](CCCCN)C(N)=O,[C@H]6(CCCCN)C%14=O.c1%18c[nH]c2ccccc12.c1%19c[nH]c2ccccc12.[C@H]9(CCCCN)C%23=O.[C@H]%11(CCCCN)C%26=O.[C@H]%13(CCCCN)C(N)=O.C=%15c1ccccc1.C=%16c1ccccc1.C=%17c1ccccc1.[C@H]7(C%18)C%20=O.N%20C=%15C%21=O.[C@H]8(C%19)C%22=O.N%23C=%16C%24=O.N%26C=%17C4=O.[C@H]%10(C)C%25=O.[C@H]%12(C)C5=O.CC3=O.N36.N%147.N%218.N%229.N%24%10.N%25%11.N4%12.N5%13
7436,safe_to_smiles != original_smiles,CC[C@H](C)[C@H](NC(=O)[C@H](CO)NC(=O)[C@H](CC(C)C)NC(=O)[C@H](Cc1ccccc1)NC(=O)CN)C(=O)N[C@@H](CC(C)C)C(=O)N[C@@H](CCCCN)C(=O)N[C@@H](CCCCN)C(=O)N[C@H](C(=O)N[C@@H](CC(C)C)C(=O)N1CCC[C@H]1C(=O)N[C@@H](CCCCN)C(=O)N[C@H](C(=O)N[C@@H](CCS(C)=O)C(=O)N[C@@H](C)C(=O)N[C@@H](Cc1cnc[nH]1)C(=O)N[C@@H](CCS(C)=O)C(=O)N[C@@H](CCCCN)C(=O)N[C@@H](CCCCN)C(N)=O)C(C)C)C(C)C,CC[C@H](C)[C@H](NC(=O)[C@H](CO)NC(=O)[C@H](CC(C)C)NC(=O)[C@H](Cc1ccccc1)NC(=O)CN)C(=O)N[C@@H](CC(C)C)C(=O)N[C@@H](CCCCN)C(=O)N[C@@H](CCCCN)C(=O)N[C@H](C(=O)N[C@@H](CC(C)C)C(=O)N1CCC[C@H]1C(=O)N[C@@H](CCCCN)C(=O)N[C@H](C(=O)N[C@@H](CC[S+](C)[O-])C(=O)N[C@@H](C)C(=O)N[C@@H](Cc1cnc[nH]1)C(=O)N[C@@H](CC[S+](C)[O-])C(=O)N[C@@H](CCCCN)C(=O)N[C@@H](CCCCN)C(N)=O)C(C)C)C(C)C,[C@H]%18(CCCCN)C%37=O.[C@H]%19(CCCCN)C%38=O.[C@H]%22(CCCCN)C5=O.[C@H]%25(CCS(C)=O)C7=O.[C@H]%28(CCS(C)=O)C%10=O.[C@H]%29(CCCCN)C%11=O.[C@H]%30(CCCCN)C(N)=O.CC[C@H](C)[C@H]%12C%35=O.C%13(=O)[C@@H]%15CC(C)C.[C@H]%17(CC(C)C)C%36=O.[C@H]%21(CC(C)C)C3=O.[C@@H]%20(C%39=O)C(C)C.[C@@H]%23(C6=O)C(C)C.C2(=O)[C@@H]%14CO.C%24(=O)[C@@H]%16C%33.c1%33ccccc1.N13CCC[C@H]1%31.[C@H]%27(C%32)C9=O.[C@H]%26(C)C8=O.c1%32cnc[nH]1.C%34(=O)CN.C4%31=O.N2%12.N%13%14.N%24%15.N%34%16.N%35%17.N%36%18.N%37%19.N%38%20.N%39%21.N4%22.N5%23.N6%25.N7%26.N8%27.N9%28.N%10%29.N%11%30
7437,safe_to_smiles != original_smiles,CC[C@H](C)[C@H](NC(=O)[C@H](CO)NC(=O)[C@H](CC(C)C)NC(=O)[C@H](Cc1ccccc1)NC(=O)CN)C(=O)N[C@@H](CC(C)C)C(=O)N[C@@H](CCCCN)C(=O)N[C@@H](CCCCN)C(=O)N[C@H](C(=O)N[C@@H](CC(C)C)C(=O)N1CCC[C@H]1C(=O)N[C@@H](CCCCN)C(=O)N[C@H](C(=O)N[C@@H](CCS(C)=O)C(=O)N[C@@H](C)C(=O)N[C@@H](Cc1cnc[nH]1)C(=O)N[C@@H](CCS(C)=O)C(=O)N[C@@H](CCCCN)C(=O)O)C(C)C)C(C)C,CC[C@H](C)[C@H](NC(=O)[C@H](CO)NC(=O)[C@H](CC(C)C)NC(=O)[C@H](Cc1ccccc1)NC(=O)CN)C(=O)N[C@@H](CC(C)C)C(=O)N[C@@H](CCCCN)C(=O)N[C@@H](CCCCN)C(=O)N[C@H](C(=O)N[C@@H](CC(C)C)C(=O)N1CCC[C@H]1C(=O)N[C@@H](CCCCN)C(=O)N[C@H](C(=O)N[C@@H](CC[S+](C)[O-])C(=O)N[C@@H](C)C(=O)N[C@@H](Cc1cnc[nH]1)C(=O)N[C@@H](CC[S+](C)[O-])C(=O)N[C@@H](CCCCN)C(=O)O)C(C)C)C(C)C,[C@H]%17(CCCCN)C%35=O.[C@H]%18(CCCCN)C%36=O.[C@H]%21(CCCCN)C5=O.[C@H]%23(CCS(C)=O)C7=O.[C@H]%27(CCS(C)=O)C%10=O.[C@H]%28(CCCCN)C(=O)O.CC[C@H](C)[C@H]%11C%33=O.C%13(=O)[C@@H]%14CC(C)C.[C@H]%16(CC(C)C)C%34=O.[C@H]%20(CC(C)C)C3=O.[C@@H]%19(C%37=O)C(C)C.[C@@H]%22(C6=O)C(C)C.C2(=O)[C@@H]%12CO.C%24(=O)[C@@H]%15C%31.c1%31ccccc1.N13CCC[C@H]1%29.[C@H]%26(C%30)C9=O.[C@H]%25(C)C8=O.c1%30cnc[nH]1.C%32(=O)CN.C4%29=O.N2%11.N%13%12.N%24%14.N%32%15.N%33%16.N%34%17.N%35%18.N%36%19.N%37%20.N4%21.N5%22.N6%23.N7%25.N8%26.N9%27.N%10%28
7444,safe_to_smiles != original_smiles,CCCC[C@H](NC(=O)[C@H](Cc1cnc[nH]1)NC(=O)[C@H](C)NC(=O)[C@H](CCS(C)=O)NC(=O)[C@@H](NC(=O)[C@H](CCCCN)NC(=O)[C@@H]1CCCN1C(=O)[C@H](CC(C)C)NC(=O)[C@@H](NC(=O)[C@H](CCCCN)NC(=O)[C@H](CCCCN)NC(=O)[C@H](CC(C)C)NC(=O)[C@@H](NC(=O)[C@H](CO)NC(=O)[C@H](CC(C)C)NC(=O)[C@H](Cc1ccccc1)NC(=O)CN)[C@@H](C)CC)C(C)C)C(C)C)C(=O)N[C@@H](CCCCN)C(=O)N[C@@H](CCCCN)C(N)=O,CCCC[C@H](NC(=O)[C@H](Cc1cnc[nH]1)NC(=O)[C@H](C)NC(=O)[C@H](CC[S+](C)[O-])NC(=O)[C@@H](NC(=O)[C@H](CCCCN)NC(=O)[C@@H]1CCCN1C(=O)[C@H](CC(C)C)NC(=O)[C@@H](NC(=O)[C@H](CCCCN)NC(=O)[C@H](CCCCN)NC(=O)[C@H](CC(C)C)NC(=O)[C@@H](NC(=O)[C@H](CO)NC(=O)[C@H](CC(C)C)NC(=O)[C@H](Cc1ccccc1)NC(=O)CN)[C@@H](C)CC)C(C)C)C(C)C)C(=O)N[C@@H](CCCCN)C(=O)N[C@@H](CCCCN)C(N)=O,C%24(=O)[C@@H]%16CCS(C)=O.C%35(=O)[C@@H]%18CCCCN.C%39(=O)[C@@H]%21CCCCN.C3(=O)[C@@H]%22CCCCN.[C@H]%29(CCCCN)C%11=O.[C@H]%30(CCCCN)C(N)=O.CCCC[C@H]%12C%10=O.C%37(=O)[C@@H]%19CC(C)C.C4(=O)[C@@H]%23CC(C)C.C5(=O)[C@@H]%25[C@@H](C)CC.C7(=O)[C@@H]%27CC(C)C.C%34(=O)[C@@H]%17C(C)C.C%38(=O)[C@@H]%20C(C)C.C2(=O)[C@@H]%14C%32.[C@@H]1%31CCCN1%37.C6(=O)[C@@H]%26CO.C8(=O)[C@@H]%28C%33.c1%33ccccc1.c1%32cnc[nH]1.C%13(=O)[C@@H]%15C.C9(=O)CN.C%36%31=O.N2%12.N%13%14.N%24%15.N%34%16.N%35%17.N%36%18.N%38%19.N%39%20.N3%21.N4%22.N5%23.N6%25.N7%26.N8%27.N9%28.N%10%29.N%11%30
7445,safe_to_smiles != original_smiles,CCCC[C@H](NC(=O)[C@H](Cc1cnc[nH]1)NC(=O)[C@H](C)NC(=O)[C@H](CCS(C)=O)NC(=O)[C@@H](NC(=O)[C@H](CCCCN)NC(=O)[C@@H]1CCCN1C(=O)[C@H](CC(C)C)NC(=O)[C@@H](NC(=O)[C@H](CCCCN)NC(=O)[C@H](CCCCN)NC(=O)[C@H](CC(C)C)NC(=O)[C@@H](NC(=O)[C@H](CO)NC(=O)[C@H](CC(C)C)NC(=O)[C@H](Cc1ccccc1)NC(=O)CN)[C@@H](C)CC)C(C)C)C(C)C)C(=O)N[C@@H](CCCCN)C(=O)O,CCCC[C@H](NC(=O)[C@H](Cc1cnc[nH]1)NC(=O)[C@H](C)NC(=O)[C@H](CC[S+](C)[O-])NC(=O)[C@@H](NC(=O)[C@H](CCCCN)NC(=O)[C@@H]1CCCN1C(=O)[C@H](CC(C)C)NC(=O)[C@@H](NC(=O)[C@H](CCCCN)NC(=O)[C@H](CCCCN)NC(=O)[C@H](CC(C)C)NC(=O)[C@@H](NC(=O)[C@H](CO)NC(=O)[C@H](CC(C)C)NC(=O)[C@H](Cc1ccccc1)NC(=O)CN)[C@@H](C)CC)C(C)C)C(C)C)C(=O)N[C@@H](CCCCN)C(=O)O,C%24(=O)[C@@H]%15CCS(C)=O.C%33(=O)[C@@H]%17CCCCN.C%37(=O)[C@@H]%20CCCCN.C3(=O)[C@@H]%21CCCCN.[C@H]%28(CCCCN)C(=O)O.CCCC[C@H]%11C%10=O.C%35(=O)[C@@H]%18CC(C)C.C4(=O)[C@@H]%22CC(C)C.C5(=O)[C@@H]%23[C@@H](C)CC.C7(=O)[C@@H]%26CC(C)C.C%32(=O)[C@@H]%16C(C)C.C%36(=O)[C@@H]%19C(C)C.C2(=O)[C@@H]%12C%30.[C@@H]1%29CCCN1%35.C6(=O)[C@@H]%25CO.C8(=O)[C@@H]%27C%31.c1%31ccccc1.c1%30cnc[nH]1.C%13(=O)[C@@H]%14C.C9(=O)CN.C%34%29=O.N2%11.N%13%12.N%24%14.N%32%15.N%33%16.N%34%17.N%36%18.N%37%19.N3%20.N4%21.N5%22.N6%23.N7%25.N8%26.N9%27.N%10%28
7448,safe_to_smiles != original_smiles,CCCC[C@H](NC(=O)[C@@H](NC(=O)[C@H](CCCCN)NC(=O)[C@@H]1CCCN1C(=O)[C@H](CC(C)C)NC(=O)[C@@H](NC(=O)[C@H](CCCCN)NC(=O)[C@H](CCCCN)NC(=O)[C@H](CC(C)C)NC(=O)[C@@H](NC(=O)[C@H](CO)NC(=O)[C@H](CC(C)C)NC(=O)[C@H](Cc1ccccc1)NC(=O)CN)[C@@H](C)CC)C(C)C)C(C)C)C(=O)N[C@@H](C)C(=O)N[C@@H](Cc1cnc[nH]1)C(=O)N[C@@H](CCS(C)=O)C(=O)N[C@@H](CCCCN)C(=O)N[C@@H](CCCCN)C(N)=O,CCCC[C@H](NC(=O)[C@@H](NC(=O)[C@H](CCCCN)NC(=O)[C@@H]1CCCN1C(=O)[C@H](CC(C)C)NC(=O)[C@@H](NC(=O)[C@H](CCCCN)NC(=O)[C@H](CCCCN)NC(=O)[C@H](CC(C)C)NC(=O)[C@@H](NC(=O)[C@H](CO)NC(=O)[C@H](CC(C)C)NC(=O)[C@H](Cc1ccccc1)NC(=O)CN)[C@@H](C)CC)C(C)C)C(C)C)C(=O)N[C@@H](C)C(=O)N[C@@H](Cc1cnc[nH]1)C(=O)N[C@@H](CC[S+](C)[O-])C(=O)N[C@@H](CCCCN)C(=O)N[C@@H](CCCCN)C(N)=O,C%13(=O)[C@@H]%15CCCCN.C%36(=O)[C@@H]%18CCCCN.C%37(=O)[C@@H]%19CCCCN.[C@H]%28(CCS(C)=O)C%10=O.[C@H]%29(CCCCN)C%11=O.[C@H]%30(CCCCN)C(N)=O.CCCC[C@H]%12C7=O.C%34(=O)[C@@H]%16CC(C)C.C%38(=O)[C@@H]%20CC(C)C.C%39(=O)[C@@H]%21[C@@H](C)CC.C4(=O)[C@@H]%23CC(C)C.C2(=O)[C@@H]%14C(C)C.C%35(=O)[C@@H]%17C(C)C.[C@@H]1%31CCCN1%34.C3(=O)[C@@H]%22CO.C5(=O)[C@@H]%25C%33.c1%33ccccc1.[C@H]%27(C%32)C9=O.[C@H]%26(C)C8=O.c1%32cnc[nH]1.C6(=O)CN.C%24%31=O.N2%12.N%13%14.N%24%15.N%35%16.N%36%17.N%37%18.N%38%19.N%39%20.N3%21.N4%22.N5%23.N6%25.N7%26.N8%27.N9%28.N%10%29.N%11%30
7449,safe_to_smiles != original_smiles,CCCC[C@H](NC(=O)[C@@H](NC(=O)[C@H](CCCCN)NC(=O)[C@@H]1CCCN1C(=O)[C@H](CC(C)C)NC(=O)[C@@H](NC(=O)[C@H](CCCCN)NC(=O)[C@H](CCCCN)NC(=O)[C@H](CC(C)C)NC(=O)[C@@H](NC(=O)[C@H](CO)NC(=O)[C@H](CC(C)C)NC(=O)[C@H](Cc1ccccc1)NC(=O)CN)[C@@H](C)CC)C(C)C)C(C)C)C(=O)N[C@@H](C)C(=O)N[C@@H](Cc1cnc[nH]1)C(=O)N[C@@H](CCS(C)=O)C(=O)N[C@@H](CCCCN)C(=O)O,CCCC[C@H](NC(=O)[C@@H](NC(=O)[C@H](CCCCN)NC(=O)[C@@H]1CCCN1C(=O)[C@H](CC(C)C)NC(=O)[C@@H](NC(=O)[C@H](CCCCN)NC(=O)[C@H](CCCCN)NC(=O)[C@H](CC(C)C)NC(=O)[C@@H](NC(=O)[C@H](CO)NC(=O)[C@H](CC(C)C)NC(=O)[C@H](Cc1ccccc1)NC(=O)CN)[C@@H](C)CC)C(C)C)C(C)C)C(=O)N[C@@H](C)C(=O)N[C@@H](Cc1cnc[nH]1)C(=O)N[C@@H](CC[S+](C)[O-])C(=O)N[C@@H](CCCCN)C(=O)O,C%13(=O)[C@@H]%14CCCCN.C%34(=O)[C@@H]%17CCCCN.C%35(=O)[C@@H]%18CCCCN.[C@H]%27(CCS(C)=O)C%10=O.[C@H]%28(CCCCN)C(=O)O.CCCC[C@H]%11C7=O.C%32(=O)[C@@H]%15CC(C)C.C%36(=O)[C@@H]%19CC(C)C.C%37(=O)[C@@H]%20[C@@H](C)CC.C4(=O)[C@@H]%22CC(C)C.C2(=O)[C@@H]%12C(C)C.C%33(=O)[C@@H]%16C(C)C.[C@@H]1%29CCCN1%32.C3(=O)[C@@H]%21CO.C5(=O)[C@@H]%23C%31.c1%31ccccc1.[C@H]%26(C%30)C9=O.[C@H]%25(C)C8=O.c1%30cnc[nH]1.C6(=O)CN.C%24%29=O.N2%11.N%13%12.N%24%14.N%33%15.N%34%16.N%35%17.N%36%18.N%37%19.N3%20.N4%21.N5%22.N6%23.N7%25.N8%26.N9%27.N%10%28
7614,safe_to_smiles != original_smiles,CC(=O)NCC(=O)N[C@@H](CCCCN)C(=O)N/C(=C\c1ccccc1)C(=O)N[C@@H](Cc1cnc[nH]1)C(=O)N[C@@H](CCCCN)C(=O)N/C(=C\c1ccccc1)C(=O)N[C@@H](Cc1c[nH]c2ccccc12)C(=O)N[C@@H](C)C(=O)N[C@@H](CCCCN)C(N)=O,CC(=O)NCC(=O)N[C@@H](CCCCN)C(=O)NC(=Cc1ccccc1)C(=O)N[C@@H](Cc1cnc[nH]1)C(=O)N[C@@H](CCCCN)C(=O)NC(=Cc1ccccc1)C(=O)N[C@@H](Cc1c[nH]c2ccccc12)C(=O)N[C@@H](C)C(=O)N[C@@H](CCCCN)C(N)=O,[C@H]5(CCCCN)C%16=O.[C@H]7(CCCCN)C%19=O.c1%15c[nH]c2ccccc12.[C@H]%10(CCCCN)C(N)=O.C=%11c1ccccc1.C=%12c1ccccc1.N%16C=%11C%17=O.[C@H]6(C%13)C%18=O.N%19C=%12C%20=O.[C@H]8(C%15)C%21=O.c1%13cnc[nH]1.[C@H]9(C)C%22=O.C4C%14=O.CC3=O.N34.N%145.N%176.N%187.N%208.N%219.N%22%10
7615,safe_to_smiles != original_smiles,CC(=O)NCC(=O)N[C@@H](CCCCN)C(=O)N/C(=C\c1ccccc1)C(=O)N[C@@H](Cc1cnc[nH]1)C(=O)N[C@@H](CCCCN)C(=O)N/C(=C\c1ccccc1)C(=O)N[C@@H](Cc1c[nH]c2ccccc12)C(=O)N[C@@H](C)C(=O)O,CC(=O)NCC(=O)N[C@@H](CCCCN)C(=O)NC(=Cc1ccccc1)C(=O)N[C@@H](Cc1cnc[nH]1)C(=O)N[C@@H](CCCCN)C(=O)NC(=Cc1ccccc1)C(=O)N[C@@H](Cc1c[nH]c2ccccc12)C(=O)N[C@@H](C)C(=O)O,[C@H]4(CCCCN)C%14=O.[C@H]6(CCCCN)C%17=O.c1%12c[nH]c2ccccc12.C=9c1ccccc1.C=%10c1ccccc1.N%14C=9C%15=O.[C@H]5(C%11)C%16=O.N%17C=%10C%18=O.[C@H]7(C%12)C%19=O.c1%11cnc[nH]1.[C@H]8(C)C(=O)O.C%20C%13=O.CC3=O.N3%20.N%134.N%155.N%166.N%187.N%198
7616,safe_to_smiles != original_smiles,CC(=O)NCC(=O)N[C@@H](CCCN=C(N)N)C(=O)N[C@@H](CCCCN)C(=O)N/C(=C\c1ccccc1)C(=O)N[C@@H](Cc1cnc[nH]1)C(=O)N[C@@H](CCCCN)C(=O)N/C(=C\c1ccccc1)C(=O)N[C@@H](Cc1c[nH]c2ccccc12)C(=O)N[C@@H](C)C(=O)N[C@@H](CCCCN)C(N)=O,CC(=O)NCC(=O)N[C@@H](CCCN=C(N)N)C(=O)N[C@@H](CCCCN)C(=O)NC(=Cc1ccccc1)C(=O)N[C@@H](Cc1cnc[nH]1)C(=O)N[C@@H](CCCCN)C(=O)NC(=Cc1ccccc1)C(=O)N[C@@H](Cc1c[nH]c2ccccc12)C(=O)N[C@@H](C)C(=O)N[C@@H](CCCCN)C(N)=O,[C@H]6(CCCN=C(N)N)C%18=O.[C@H]7(CCCCN)C%19=O.[C@H]9(CCCCN)C%22=O.c1%17c[nH]c2ccccc12.[C@H]%12(CCCCN)C(N)=O.C=%13c1ccccc1.C=%15c1ccccc1.N%19C=%13C%20=O.[C@H]8(C%16)C%21=O.N%22C=%15C%23=O.[C@H]%10(C%17)C%24=O.c1%16cnc[nH]1.[C@H]%11(C)C4=O.C5C%14=O.CC3=O.N35.N%146.N%187.N%208.N%219.N%23%10.N%24%11.N4%12
7617,safe_to_smiles != original_smiles,CC(=O)NCC(=O)N[C@@H](CCCN=C(N)N)C(=O)N[C@@H](CCCCN)C(=O)N/C(=C\c1ccccc1)C(=O)N[C@@H](Cc1cnc[nH]1)C(=O)N[C@@H](CCCCN)C(=O)N/C(=C\c1ccccc1)C(=O)N[C@@H](Cc1c[nH]c2ccccc12)C(=O)N[C@@H](C)C(=O)O,CC(=O)NCC(=O)N[C@@H](CCCN=C(N)N)C(=O)N[C@@H](CCCCN)C(=O)NC(=Cc1ccccc1)C(=O)N[C@@H](Cc1cnc[nH]1)C(=O)N[C@@H](CCCCN)C(=O)NC(=Cc1ccccc1)C(=O)N[C@@H](Cc1c[nH]c2ccccc12)C(=O)N[C@@H](C)C(=O)O,[C@H]5(CCCN=C(N)N)C%16=O.[C@H]6(CCCCN)C%17=O.[C@H]8(CCCCN)C%20=O.c1%15c[nH]c2ccccc12.C=%11c1ccccc1.C=%12c1ccccc1.N%17C=%11C%18=O.[C@H]7(C%13)C%19=O.N%20C=%12C%21=O.[C@H]9(C%15)C%22=O.c1%13cnc[nH]1.[C@H]%10(C)C(=O)O.C4C%14=O.CC3=O.N34.N%145.N%166.N%187.N%198.N%219.N%22%10
7618,safe_to_smiles != original_smiles,CC(=O)NCC(=O)N/C(=C\c1ccccc1)C(=O)N[C@@H](CCCN=C(N)N)C(=O)N[C@@H](CCCCN)C(=O)N/C(=C\c1ccccc1)C(=O)N[C@@H](Cc1cnc[nH]1)C(=O)N[C@@H](CCCCN)C(=O)N/C(=C\c1ccccc1)C(=O)N[C@@H](Cc1c[nH]c2ccccc12)C(=O)N[C@@H](C)C(=O)N[C@@H](CCCCN)C(N)=O,CC(=O)NCC(=O)NC(=Cc1ccccc1)C(=O)N[C@@H](CCCN=C(N)N)C(=O)N[C@@H](CCCCN)C(=O)NC(=Cc1ccccc1)C(=O)N[C@@H](Cc1cnc[nH]1)C(=O)N[C@@H](CCCCN)C(=O)NC(=Cc1ccccc1)C(=O)N[C@@H](Cc1c[nH]c2ccccc12)C(=O)N[C@@H](C)C(=O)N[C@@H](CCCCN)C(N)=O,[C@H]7(CCCN=C(N)N)C%21=O.[C@H]8(CCCCN)C%22=O.[C@H]%10(CCCCN)C%25=O.c1%19c[nH]c2ccccc12.[C@H]%13(CCCCN)C(N)=O.C=%15c1ccccc1.C=%16c1ccccc1.C=%17c1ccccc1.N%14C=%15C%20=O.N%22C=%16C%23=O.[C@H]9(C%18)C%24=O.N%25C=%17C%26=O.[C@H]%11(C%19)C4=O.c1%18cnc[nH]1.[C@H]%12(C)C5=O.C6C%14=O.CC3=O.N36.N%207.N%218.N%239.N%24%10.N%26%11.N4%12.N5%13
7619,safe_to_smiles != original_smiles,CC(=O)NCC(=O)N/C(=C\c1ccccc1)C(=O)N[C@@H](CCCN=C(N)N)C(=O)N[C@@H](CCCCN)C(=O)N/C(=C\c1ccccc1)C(=O)N[C@@H](Cc1cnc[nH]1)C(=O)N[C@@H](CCCCN)C(=O)N/C(=C\c1ccccc1)C(=O)N[C@@H](Cc1c[nH]c2ccccc12)C(=O)N[C@@H](C)C(=O)O,CC(=O)NCC(=O)NC(=Cc1ccccc1)C(=O)N[C@@H](CCCN=C(N)N)C(=O)N[C@@H](CCCCN)C(=O)NC(=Cc1ccccc1)C(=O)N[C@@H](Cc1cnc[nH]1)C(=O)N[C@@H](CCCCN)C(=O)NC(=Cc1ccccc1)C(=O)N[C@@H](Cc1c[nH]c2ccccc12)C(=O)N[C@@H](C)C(=O)O,[C@H]6(CCCN=C(N)N)C%19=O.[C@H]7(CCCCN)C%20=O.[C@H]9(CCCCN)C%23=O.c1%17c[nH]c2ccccc12.C=%12c1ccccc1.C=%13c1ccccc1.C=%15c1ccccc1.N%14C=%12C%18=O.N%20C=%13C%21=O.[C@H]8(C%16)C%22=O.N%23C=%15C%24=O.[C@H]%10(C%17)C4=O.c1%16cnc[nH]1.[C@H]%11(C)C(=O)O.C5C%14=O.CC3=O.N35.N%186.N%197.N%218.N%229.N%24%10.N4%11
7620,safe_to_smiles != original_smiles,CC(=O)NCC(=O)N[C@@H](Cc1cnc[nH]1)C(=O)N[C@@H](CCCCN)C(=O)N/C(=C\c1ccccc1)C(=O)N[C@@H](Cc1c[nH]c2ccccc12)C(=O)N[C@@H](C)C(=O)N[C@@H](CCCCN)C(N)=O,CC(=O)NCC(=O)N[C@@H](Cc1cnc[nH]1)C(=O)N[C@@H](CCCCN)C(=O)NC(=Cc1ccccc1)C(=O)N[C@@H](Cc1c[nH]c2ccccc12)C(=O)N[C@@H](C)C(=O)N[C@@H](CCCCN)C(N)=O,[C@H]4(CCCCN)C%13=O.c1%10c[nH]c2ccccc12.[C@H]7(CCCCN)C(N)=O.C=8c1ccccc1.[C@H]%18(C9)C%12=O.N%13C=8C%14=O.[C@H]5(C%10)C%15=O.c19cnc[nH]1.[C@H]6(C)C%16=O.C%17C%11=O.CC3=O.N3%17.N%11%18.N%124.N%145.N%156.N%167
7621,safe_to_smiles != original_smiles,CC(=O)NCC(=O)N[C@@H](Cc1cnc[nH]1)C(=O)N[C@@H](CCCCN)C(=O)N/C(=C\c1ccccc1)C(=O)N[C@@H](Cc1c[nH]c2ccccc12)C(=O)N[C@@H](C)C(=O)O,CC(=O)NCC(=O)N[C@@H](Cc1cnc[nH]1)C(=O)N[C@@H](CCCCN)C(=O)NC(=Cc1ccccc1)C(=O)N[C@@H](Cc1c[nH]c2ccccc12)C(=O)N[C@@H](C)C(=O)O,[C@H]%16(CCCCN)C%11=O.c18c[nH]c2ccccc12.C=6c1ccccc1.[C@H]%15(C7)C%10=O.N%11C=6C%12=O.[C@H]4(C8)C%13=O.c17cnc[nH]1.[C@H]5(C)C(=O)O.C%14C9=O.CC3=O.N3%14.N9%15.N%10%16.N%124.N%135
8257,safe_to_smiles != original_smiles,CC(=O)NCC(=O)N/C(=C\c1ccccc1)C(=O)N[C@@H](CCCN=C(N)N)C(=O)N[C@@H](CCCCN)C(=O)N/C(=C\c1ccccc1)C(=O)N[C@@H](Cc1cnc[nH]1)C(=O)N[C@@H](CCCCN)C(=O)N/C(=C\c1ccccc1)C(=O)N[C@@H](Cc1c[nH]c2ccccc12)C(=O)N[C@@H](C)C(=O)N[C@@H](C)C(=O)NCC(=O)N/C(=C\c1ccccc1)C(=O)N[C@@H](CCCN=C(N)N)C(=O)N[C@@H](CCCCN)C(=O)N/C(=C\c1ccccc1)C(=O)N[C@@H](Cc1cnc[nH]1)C(=O)N[C@@H](CCCCN)C(=O)N/C(=C\c1ccccc1)C(=O)N[C@@H](Cc1c[nH]c2ccccc12)C(=O)N[C@@H](C)C(N)=O,CC(=O)NCC(=O)NC(=Cc1ccccc1)C(=O)N[C@@H](CCCN=C(N)N)C(=O)N[C@@H](CCCCN)C(=O)NC(=Cc1ccccc1)C(=O)N[C@@H](Cc1cnc[nH]1)C(=O)N[C@@H](CCCCN)C(=O)NC(=Cc1ccccc1)C(=O)N[C@@H](Cc1c[nH]c2ccccc12)C(=O)N[C@@H](C)C(=O)N[C@@H](C)C(=O)NCC(=O)NC(=Cc1ccccc1)C(=O)N[C@@H](CCCN=C(N)N)C(=O)N[C@@H](CCCCN)C(=O)NC(=Cc1ccccc1)C(=O)N[C@@H](Cc1cnc[nH]1)C(=O)N[C@@H](CCCCN)C(=O)NC(=Cc1ccccc1)C(=O)N[C@@H](Cc1c[nH]c2ccccc12)C(=O)N[C@@H](C)C(N)=O,[C@H]%18(CCCN=C(N)N)C%36=O.[C@H]%27(CCCN=C(N)N)C9=O.[C@H]%19(CCCCN)C%44=O.[C@H]%21(CCCCN)C%47=O.c1%42c[nH]c2ccccc12.[C@H]%28(CCCCN)C%10=O.[C@H]%30(CCCCN)C%13=O.c1%43c[nH]c2ccccc12.C=%33c1ccccc1.C=%34c1ccccc1.C=%35c1ccccc1.C=%37c1ccccc1.C=%38c1ccccc1.C=%39c1ccccc1.N%14C=%33C%25=O.N%44C=%34C%45=O.[C@H]%20(C%40)C%46=O.N%47C=%35C%48=O.[C@H]%22(C%42)C4=O.N7C=%37C8=O.N%10C=%38C%11=O.[C@H]%29(C%41)C%12=O.N%13C=%39C%15=O.[C@H]%31(C%43)C%16=O.c1%40cnc[nH]1.[C@H]%23(C)C5=O.[C@H]%24(C)C6=O.c1%41cnc[nH]1.[C@H]%32(C)C(N)=O.C%17C%14=O.C%26C7=O.CC3=O.N3%17.N%25%18.N%36%19.N%45%20.N%46%21.N%48%22.N4%23.N5%24.N6%26.N8%27.N9%28.N%11%29.N%12%30.N%15%31.N%16%32
8260,safe_to_smiles != original_smiles,CC(=O)NCC(=O)N/C(=C\c1ccccc1)C(=O)N[C@@H](CCCN=C(N)N)C(=O)N[C@H](CCCCN)C(=O)N/C(=C\c1ccccc1)C(=O)N[C@@H](Cc1cnc[nH]1)C(=O)N[C@H](CCCCN)C(=O)N/C(=C\c1ccccc1)C(=O)N[C@@H](Cc1c[nH]c2ccccc12)C(=O)N[C@@H](C)C(=O)N[C@@H](CCCCN)C(N)=O,CC(=O)NCC(=O)NC(=Cc1ccccc1)C(=O)N[C@@H](CCCN=C(N)N)C(=O)N[C@H](CCCCN)C(=O)NC(=Cc1ccccc1)C(=O)N[C@@H](Cc1cnc[nH]1)C(=O)N[C@H](CCCCN)C(=O)NC(=Cc1ccccc1)C(=O)N[C@@H](Cc1c[nH]c2ccccc12)C(=O)N[C@@H](C)C(=O)N[C@@H](CCCCN)C(N)=O,[C@H]7(CCCN=C(N)N)C%21=O.[C@@H]8(CCCCN)C%22=O.[C@@H]%10(CCCCN)C%25=O.c1%19c[nH]c2ccccc12.[C@H]%13(CCCCN)C(N)=O.C=%15c1ccccc1.C=%16c1ccccc1.C=%17c1ccccc1.N%14C=%15C%20=O.N%22C=%16C%23=O.[C@H]9(C%18)C%24=O.N%25C=%17C%26=O.[C@H]%11(C%19)C4=O.c1%18cnc[nH]1.[C@H]%12(C)C5=O.C6C%14=O.CC3=O.N36.N%207.N%218.N%239.N%24%10.N%26%11.N4%12.N5%13
8261,safe_to_smiles != original_smiles,CC(=O)NCC(=O)N/C(=C\c1ccccc1)C(=O)N[C@@H](CCCN=C(N)N)C(=O)N[C@H](CCCCN)C(=O)N/C(=C\c1ccccc1)C(=O)N[C@@H](Cc1cnc[nH]1)C(=O)N[C@H](CCCCN)C(=O)N/C(=C\c1ccccc1)C(=O)N[C@@H](Cc1c[nH]c2ccccc12)C(=O)N[C@@H](C)C(=O)O,CC(=O)NCC(=O)NC(=Cc1ccccc1)C(=O)N[C@@H](CCCN=C(N)N)C(=O)N[C@H](CCCCN)C(=O)NC(=Cc1ccccc1)C(=O)N[C@@H](Cc1cnc[nH]1)C(=O)N[C@H](CCCCN)C(=O)NC(=Cc1ccccc1)C(=O)N[C@@H](Cc1c[nH]c2ccccc12)C(=O)N[C@@H](C)C(=O)O,[C@H]6(CCCN=C(N)N)C%19=O.[C@@H]7(CCCCN)C%20=O.[C@@H]9(CCCCN)C%23=O.c1%17c[nH]c2ccccc12.C=%12c1ccccc1.C=%13c1ccccc1.C=%15c1ccccc1.N%14C=%12C%18=O.N%20C=%13C%21=O.[C@H]8(C%16)C%22=O.N%23C=%15C%24=O.[C@H]%10(C%17)C4=O.c1%16cnc[nH]1.[C@H]%11(C)C(=O)O.C5C%14=O.CC3=O.N35.N%186.N%197.N%218.N%229.N%24%10.N4%11
9732,safe_to_smiles != original_smiles,CCCCCCCCC(=O)N[C@@H](CCN)C(=O)N[C@H](C(=O)N[C@@H](CCN)C(=O)N[C@H]1CSSC[C@@H](C(N)=O)NC(=O)[C@H](CCN)NC(=O)[C@H](CCN)NC(=O)[C@H](CCS(C)=O)NC(=O)[C@@H](Cc2ccccc2)NC(=O)[C@H](CCN)NC1=O)[C@@H](C)O,CCCCCCCCC(=O)N[C@@H](CCN)C(=O)N[C@H](C(=O)N[C@@H](CCN)C(=O)N[C@H]1CSSC[C@@H](C(N)=O)NC(=O)[C@H](CCN)NC(=O)[C@H](CCN)NC(=O)[C@H](CC[S+](C)[O-])NC(=O)[C@@H](Cc2ccccc2)NC(=O)[C@H](CCN)NC1=O)[C@@H](C)O,[C@H]1%16CSSC[C@@H]%17NC(=O)[C@H]4NC(=O)[C@H]5NC(=O)[C@H]6NC(=O)[C@@H]7NC(=O)[C@H]8NC1=O.CCCCCCCCC3=O.[C@H]%13(CCN)C%10=O.[C@@H]%14(C%11=O)[C@@H](C)O.[C@H]%15(CCN)C%12=O.c19ccccc1.C6CS(C)=O.C%17(N)=O.C4CN.C5CN.C8CN.N3%13.N%10%14.N%11%15.N%12%16.C79
10978,safe_to_smiles != original_smiles,CC[C@H](C)[C@@H]1NC(=O)[C@@H](NC(=O)[C@@H](NC(=O)[C@@H](NC(=O)[C@H](C)NC(=O)[C@H](CCCCN)NC(=O)CNC(=O)[C@H](Cc2c[nH]c3ccccc23)NC(=O)[C@H](CC(=O)O)NC(=O)[C@@H](NC(=O)[C@H](CO)NC(=O)[C@@H]2CSSC[C@H](NC(=O)[C@@H](NC(=O)[C@@H](NC(=O)CNC(=O)[C@H](CC(N)=O)NC(=O)CNC(=O)[C@H](Cc3ccc(O)cc3)NC(=O)[C@H](Cc3ccc(O)cc3)NC(=O)[C@@H](N)CCCCN)C(C)C)[C@@H](C)O)C(=O)NCC(=O)N[C@@H](CCCCN)C(=O)N[C@@H](Cc3cnc[nH]3)C(=O)N[C@@H](CO)C(=O)N2)C(C)C)[C@@H](C)O)[C@@H](C)O)CSSC[C@@H](C(=O)O)NC(=O)[C@H](CCCCN)NC(=O)[C@H](Cc2cnc[nH]2)NC(=O)[C@H](CC(N)=O)NC(=O)CNC(=O)[C@H](CCC(N)=O)NC(=O)[C@H](Cc2cnc[nH]2)NC(=O)CNC(=O)CNC(=O)[C@H]([C@@H](C)O)NC(=O)[C@H](C)NC(=O)[C@H](Cc2c[nH]c3ccccc23)NC(=O)[C@H](C)NC(=O)[C@H](CCS(C)=O)NC(=O)[C@H](C)NC(=O)CNC(=O)[C@H](CC(N)=O)NC(=O)[C@H](CC(N)=O)NC(=O)[C@H]([C@@H](C)CC)NC1=O,CC[C@H](C)[C@@H]1NC(=O)[C@@H](NC(=O)[C@@H](NC(=O)[C@@H](NC(=O)[C@H](C)NC(=O)[C@H](CCCCN)NC(=O)CNC(=O)[C@H](Cc2c[nH]c3ccccc23)NC(=O)[C@H](CC(=O)O)NC(=O)[C@@H](NC(=O)[C@H](CO)NC(=O)[C@@H]2CSSC[C@H](NC(=O)[C@@H](NC(=O)[C@@H](NC(=O)CNC(=O)[C@H](CC(N)=O)NC(=O)CNC(=O)[C@H](Cc3ccc(O)cc3)NC(=O)[C@H](Cc3ccc(O)cc3)NC(=O)[C@@H](N)CCCCN)C(C)C)[C@@H](C)O)C(=O)NCC(=O)N[C@@H](CCCCN)C(=O)N[C@@H](Cc3cnc[nH]3)C(=O)N[C@@H](CO)C(=O)N2)C(C)C)[C@@H](C)O)[C@@H](C)O)CSSC[C@@H](C(=O)O)NC(=O)[C@H](CCCCN)NC(=O)[C@H](Cc2cnc[nH]2)NC(=O)[C@H](CC(N)=O)NC(=O)CNC(=O)[C@H](CCC(N)=O)NC(=O)[C@H](Cc2cnc[nH]2)NC(=O)CNC(=O)CNC(=O)[C@H]([C@@H](C)O)NC(=O)[C@H](C)NC(=O)[C@H](Cc2c[nH]c3ccccc23)NC(=O)[C@H](C)NC(=O)[C@H](CC[S+](C)[O-])NC(=O)[C@H](C)NC(=O)CNC(=O)[C@H](CC(N)=O)NC(=O)[C@H](CC(N)=O)NC(=O)[C@H]([C@@H](C)CC)NC1=O,[C@@H]1%36NC(=O)[C@@H]%32CSSC[C@@H]%35NC(=O)[C@H]%41NC(=O)[C@H]%42NC(=O)[C@H]%43NC(=O)CNC(=O)[C@H]%44NC(=O)[C@H]%45NC(=O)CNC(=O)CNC(=O)[C@H]%46NC(=O)[C@H](C)NC(=O)[C@H]%47NC(=O)[C@H](C)NC(=O)[C@H]%49NC(=O)[C@H](C)NC(=O)CNC(=O)[C@H]%50NC(=O)[C@H]%51NC(=O)[C@H]%52NC1=O.[C@@H]1%34CSSC[C@H]%33C(=O)NCC(=O)N[C@@H]%38C(=O)N[C@@H]%39C(=O)N[C@@H]%40C(=O)N1.C%37(=O)[C@@H]%18CCCCN.c1%56c[nH]c2ccccc12.C%13(=O)[C@@H](N)CCCCN.c1%60c[nH]c2ccccc12.C%61(=O)[C@@H]%21CC(=O)O.C9(=O)[C@@H]%28CC(N)=O.C4(=O)[C@@H]%14[C@@H](C)O.C%15(=O)[C@@H]%16[C@@H](C)O.C%62(=O)[C@@H]%22C(C)C.C6(=O)[C@@H]%24[C@@H](C)O.C7(=O)[C@@H]%25C(C)C.c1%57ccc(O)cc1.c1%58ccc(O)cc1.C%59(=O)[C@@H]%20C%56.C%63(=O)[C@@H]%23CO.C%11(=O)[C@@H]%30C%57.C%12(=O)[C@@H]%31C%58.C%26(=O)[C@@H]%17C.C%38CCCN.c1%53cnc[nH]1.C%41CCCN.c1%54cnc[nH]1.C%44CC(N)=O.c1%55cnc[nH]1.C%49CS(C)=O.CC[C@@H]%36C.C%48(=O)C%19.C8(=O)C%27.C%10(=O)C%29.C%43C(N)=O.C%50C(N)=O.C%51C(N)=O.[C@H]%52(C)CC.C5%34=O.C%35(=O)O.[C@H]%46(C)O.N4%32.N%15%14.N%26%16.N%37%17.N%48%18.N%59%19.N%61%20.N%62%21.N%63%22.N5%23.N6%33.N7%24.N8%25.N9%27.N%10%28.N%11%29.N%12%30.N%13%31.C%39%53.C%40O.C%42%54.C%45%55.C%47%60
13016,safe_to_smiles != original_smiles,CC(C)C[C@@H]1NC(=O)[C@H](CCC(=O)O)NC(=O)[C@@H]2CSSC[C@H](NC(=O)[C@H](C)NC(=O)[C@H](CCS(C)=O)NC(=O)[C@H](CCCCN)NC(=O)[C@@H](NC(=O)[C@H](C)NC(=O)[C@H](C)NC(=O)[C@H](CCCCN)NC(=O)[C@@H](NC(=O)[C@H](CCCCN)NC(=O)[C@@H]3CCCN3C(=O)CN)[C@@H](C)O)CSSC[C@@H](C(=O)N[C@@H](CC(=O)O)C(=O)N[C@@H](C)C(=O)N[C@H](C(N)=O)C(C)C)NC(=O)CNC1=O)C(=O)N[C@@H](CCCCN)C(=O)N[C@@H](CC(C)C)C(=O)N[C@@H](C)C(=O)N[C@@H]([C@@H](C)O)C(=O)N[C@H]1CSSC[C@H](NC(=O)[C@H](CCCCN)NC(=O)[C@H](Cc3c[nH]c4ccccc34)NC(=O)CNC(=O)CNC(=O)[C@@H]3CCCN3C(=O)[C@H](CCCCN)NC(=O)[C@H](CCCCN)NC(=O)CNC1=O)C(=O)N[C@@H](CCCCN)C(=O)N[C@@H](CC(C)C)C(=O)N2,CC(C)C[C@@H]1NC(=O)[C@H](CCC(=O)O)NC(=O)[C@@H]2CSSC[C@H](NC(=O)[C@H](C)NC(=O)[C@H](CC[S+](C)[O-])NC(=O)[C@H](CCCCN)NC(=O)[C@@H](NC(=O)[C@H](C)NC(=O)[C@H](C)NC(=O)[C@H](CCCCN)NC(=O)[C@@H](NC(=O)[C@H](CCCCN)NC(=O)[C@@H]3CCCN3C(=O)CN)[C@@H](C)O)CSSC[C@@H](C(=O)N[C@@H](CC(=O)O)C(=O)N[C@@H](C)C(=O)N[C@H](C(N)=O)C(C)C)NC(=O)CNC1=O)C(=O)N[C@@H](CCCCN)C(=O)N[C@@H](CC(C)C)C(=O)N[C@@H](C)C(=O)N[C@@H]([C@@H](C)O)C(=O)N[C@H]1CSSC[C@H](NC(=O)[C@H](CCCCN)NC(=O)[C@H](Cc3c[nH]c4ccccc34)NC(=O)CNC(=O)CNC(=O)[C@@H]3CCCN3C(=O)[C@H](CCCCN)NC(=O)[C@H](CCCCN)NC(=O)CNC1=O)C(=O)N[C@@H](CCCCN)C(=O)N[C@@H](CC(C)C)C(=O)N2,[C@@H]1%19NC(=O)[C@H]%20NC(=O)[C@@H]2CSSC[C@H](NC(=O)[C@H](C)NC(=O)[C@H]%21NC(=O)[C@H]%22NC(=O)[C@@H]%15CSSC[C@@H]%18NC(=O)CNC1=O)C(=O)N[C@@H]%23C(=O)N[C@@H]%24C(=O)N[C@@H](C)C(=O)N[C@@H]%25C(=O)N[C@H]1CSSC[C@H](NC(=O)[C@H]%26NC(=O)[C@H]%28NC(=O)CNC(=O)CNC(=O)[C@@H]3CCCN3C(=O)[C@H]%29NC(=O)[C@H]%30NC(=O)CNC1=O)C(=O)N[C@@H]%31C(=O)N[C@@H]%32C(=O)N2.C%27(=O)[C@@H]9CCCCN.C%35(=O)[C@@H]%11CCCCN.c1%33c[nH]c2ccccc12.[C@H]%12(CC(=O)O)C%39=O.C%34(=O)[C@@H]%10[C@@H](C)O.[C@@H]%14(C(N)=O)C(C)C.[C@@H]1%17CCCN1%37.C%20CC(=O)O.C%21CS(C)=O.C%22CCCN.C5(=O)[C@@H]7C.C%16(=O)[C@@H]8C.[C@H]%13(C)C6=O.C%23CCCN.C%26CCCN.C%29CCCN.C%30CCCN.C%31CCCN.CC(C)C%19.C%37(=O)CN.C%24C(C)C.C%32C(C)C.C%36%17=O.C%38%18=O.[C@H]%25(C)O.N5%15.N%167.N%278.N%349.N%35%10.N%36%11.N%38%12.N%39%13.N6%14.C%28%33
13018,safe_to_smiles != original_smiles,CC[C@H](C)[C@H](NC(=O)CN)C(=O)N[C@@H](CCCCN)C(=O)N[C@@H](CCC(=O)O)C(=O)N[C@@H](CCS(C)=O)C(=O)N[C@@H](CC(C)C)C(=O)N[C@H]1CSSC[C@@H](C(=O)N[C@@H](CCCCN)C(=O)N[C@@H](C)C(=O)N[C@@H](CC(C)C)C(=O)NCC(N)=O)NC(=O)[C@H](C)NC(=O)[C@H](C)NC(=O)[C@H](CCC(N)=O)NC(=O)[C@@H]2CSSC[C@H](NC(=O)[C@H](C)NC(=O)[C@H](CCSC)NC(=O)[C@H](CC(N)=O)NC1=O)C(=O)N[C@@H](C)C(=O)N[C@@H](CCC(N)=O)C(=O)N[C@@H]([C@@H](C)O)C(=O)N[C@@H](C(C)C)C(=O)N[C@H]1CSSC[C@H](NC(=O)[C@H](CC(C)C)NC(=O)[C@@H]3CCCN3C(=O)CNC(=O)CNC(=O)[C@H](CO)NC(=O)[C@H](CCCCN)NC(=O)[C@H](CCCCN)NC1=O)C(=O)N[C@@H](CC(=O)O)C(=O)N[C@@H]([C@@H](C)O)C(=O)N2,CC[C@H](C)[C@H](NC(=O)CN)C(=O)N[C@@H](CCCCN)C(=O)N[C@@H](CCC(=O)O)C(=O)N[C@@H](CC[S+](C)[O-])C(=O)N[C@@H](CC(C)C)C(=O)N[C@H]1CSSC[C@@H](C(=O)N[C@@H](CCCCN)C(=O)N[C@@H](C)C(=O)N[C@@H](CC(C)C)C(=O)NCC(N)=O)NC(=O)[C@H](C)NC(=O)[C@H](C)NC(=O)[C@H](CCC(N)=O)NC(=O)[C@@H]2CSSC[C@H](NC(=O)[C@H](C)NC(=O)[C@H](CCSC)NC(=O)[C@H](CC(N)=O)NC1=O)C(=O)N[C@@H](C)C(=O)N[C@@H](CCC(N)=O)C(=O)N[C@@H]([C@@H](C)O)C(=O)N[C@@H](C(C)C)C(=O)N[C@H]1CSSC[C@H](NC(=O)[C@H](CC(C)C)NC(=O)[C@@H]3CCCN3C(=O)CNC(=O)CNC(=O)[C@H](CO)NC(=O)[C@H](CCCCN)NC(=O)[C@H](CCCCN)NC1=O)C(=O)N[C@@H](CC(=O)O)C(=O)N[C@@H]([C@@H](C)O)C(=O)N2,[C@H]1%17CSSC[C@@H]%18NC(=O)[C@H](C)NC(=O)[C@H](C)NC(=O)[C@H]%19NC(=O)[C@@H]2CSSC[C@H](NC(=O)[C@H](C)NC(=O)[C@H]%20NC(=O)[C@H]%21NC1=O)C(=O)N[C@@H](C)C(=O)N[C@@H]%22C(=O)N[C@@H]%23C(=O)N[C@@H]%24C(=O)N[C@H]1CSSC[C@H](NC(=O)[C@H]%25NC(=O)[C@@H]3CCCN3C(=O)CNC(=O)CNC(=O)[C@H]%27NC(=O)[C@H]%28NC(=O)[C@H]%29NC1=O)C(=O)N[C@@H]%30C(=O)N[C@@H]%31C(=O)N2.[C@H]7(CCCCN)C%26=O.[C@H]8(CCC(=O)O)C%32=O.[C@H]9(CCS(C)=O)C%33=O.[C@H]%11(CCCCN)C%36=O.CC[C@H](C)[C@H]6C%15=O.[C@H]%10(CC(C)C)C%34=O.[C@H]%13(CC(C)C)C5=O.[C@H]%12(C)C%37=O.C%19CC(N)=O.C%22CC(N)=O.C%28CCCN.C%29CCCN.C4(=O)CN.C%14C(N)=O.C%21C(N)=O.C%25C(C)C.C%30C(=O)O.C%35%18=O.C%20C%16.[C@H]%23(C)O.C%24(C)C.[C@H]%31(C)O.N46.N%157.N%268.N%329.N%33%10.N%34%17.N%35%11.N%36%12.N%37%13.N5%14.S%16C.C%27O
13019,safe_to_smiles != original_smiles,CC[C@H](C)[C@H](NC(=O)CN)C(=O)N[C@@H](CCCCN)C(=O)N[C@@H](CCC(=O)O)C(=O)N[C@@H](CCS(C)=O)C(=O)N[C@@H](CC(C)C)C(=O)N[C@H]1CSSC[C@@H](C(=O)N[C@@H](CCCCN)C(=O)N[C@@H](C)C(=O)N[C@@H](CC(C)C)C(=O)NCC(N)=O)NC(=O)[C@H](C)NC(=O)[C@H](C)NC(=O)[C@H](CCC(N)=O)NC(=O)[C@@H]2CSSC[C@H](NC(=O)[C@H](C)NC(=O)[C@H](CCS(C)=O)NC(=O)[C@H](CC(N)=O)NC1=O)C(=O)N[C@@H](C)C(=O)N[C@@H](CCC(N)=O)C(=O)N[C@@H]([C@@H](C)O)C(=O)N[C@@H](C(C)C)C(=O)N[C@H]1CSSC[C@H](NC(=O)[C@H](CC(C)C)NC(=O)[C@@H]3CCCN3C(=O)CNC(=O)CNC(=O)[C@H](CO)NC(=O)[C@H](CCCCN)NC(=O)[C@H](CCCCN)NC1=O)C(=O)N[C@@H](CC(=O)O)C(=O)N[C@@H]([C@@H](C)O)C(=O)N2,CC[C@H](C)[C@H](NC(=O)CN)C(=O)N[C@@H](CCCCN)C(=O)N[C@@H](CCC(=O)O)C(=O)N[C@@H](CC[S+](C)[O-])C(=O)N[C@@H](CC(C)C)C(=O)N[C@H]1CSSC[C@@H](C(=O)N[C@@H](CCCCN)C(=O)N[C@@H](C)C(=O)N[C@@H](CC(C)C)C(=O)NCC(N)=O)NC(=O)[C@H](C)NC(=O)[C@H](C)NC(=O)[C@H](CCC(N)=O)NC(=O)[C@@H]2CSSC[C@H](NC(=O)[C@H](C)NC(=O)[C@H](CC[S+](C)[O-])NC(=O)[C@H](CC(N)=O)NC1=O)C(=O)N[C@@H](C)C(=O)N[C@@H](CCC(N)=O)C(=O)N[C@@H]([C@@H](C)O)C(=O)N[C@@H](C(C)C)C(=O)N[C@H]1CSSC[C@H](NC(=O)[C@H](CC(C)C)NC(=O)[C@@H]3CCCN3C(=O)CNC(=O)CNC(=O)[C@H](CO)NC(=O)[C@H](CCCCN)NC(=O)[C@H](CCCCN)NC1=O)C(=O)N[C@@H](CC(=O)O)C(=O)N[C@@H]([C@@H](C)O)C(=O)N2,[C@H]1%16CSSC[C@@H]%17NC(=O)[C@H](C)NC(=O)[C@H](C)NC(=O)[C@H]%18NC(=O)[C@@H]2CSSC[C@H](NC(=O)[C@H](C)NC(=O)[C@H]%19NC(=O)[C@H]%20NC1=O)C(=O)N[C@@H](C)C(=O)N[C@@H]%21C(=O)N[C@@H]%22C(=O)N[C@@H]%23C(=O)N[C@H]1CSSC[C@H](NC(=O)[C@H]%24NC(=O)[C@@H]3CCCN3C(=O)CNC(=O)CNC(=O)[C@H]%25NC(=O)[C@H]%27NC(=O)[C@H]%28NC1=O)C(=O)N[C@@H]%29C(=O)N[C@@H]%30C(=O)N2.[C@H]7(CCCCN)C%26=O.[C@H]8(CCC(=O)O)C%31=O.[C@H]9(CCS(C)=O)C%32=O.[C@H]%11(CCCCN)C%35=O.CC[C@H](C)[C@H]6C%15=O.[C@H]%10(CC(C)C)C%33=O.[C@H]%13(CC(C)C)C5=O.[C@H]%12(C)C%36=O.C%18CC(N)=O.C%19CS(C)=O.C%21CC(N)=O.C%27CCCN.C%28CCCN.C4(=O)CN.C%14C(N)=O.C%20C(N)=O.C%24C(C)C.C%29C(=O)O.C%34%17=O.[C@H]%22(C)O.C%23(C)C.[C@H]%30(C)O.N46.N%157.N%268.N%319.N%32%10.N%33%16.N%34%11.N%35%12.N%36%13.N5%14.C%25O
13086,safe_to_smiles != original_smiles,CCCCCCCCCCCCCC(=O)N[C@@H](CCS(C)=O)C(=O)N[C@@H](CCCN=C(N)N)C(=O)N[C@@H](CCCN=C(N)N)C(N)=O,CCCCCCCCCCCCCC(=O)N[C@@H](CC[S+](C)[O-])C(=O)N[C@@H](CCCN=C(N)N)C(=O)N[C@@H](CCCN=C(N)N)C(N)=O,CCCCCCCCCCCCCC1=O.[C@H]5(CCCN=C(N)N)C3=O.[C@H]6(CCCN=C(N)N)C(N)=O.[C@H]4(CCS(C)=O)C2=O.N14.N25.N36
13120,safe_to_smiles != original_smiles,CC(=O)NCC(=O)N/C(=C\c1ccccc1)C(=O)N[C@@H](CCCN=C(N)N)C(=O)N[C@@H](CCCCN)C(=O)N/C(=C\c1ccccc1)C(=O)N[C@@H](Cc1cnc[nH]1)C(=O)N[C@@H](CCCCN)C(=O)N/C(=C\c1ccccc1)C(=O)N[C@@H](Cc1c[nH]c2ccccc12)C(=O)N[C@@H](C)C(=O)N[C@@H](CCCCN)C(=O)N[C@@H](CCCCN)C(N)=O,CC(=O)NCC(=O)NC(=Cc1ccccc1)C(=O)N[C@@H](CCCN=C(N)N)C(=O)N[C@@H](CCCCN)C(=O)NC(=Cc1ccccc1)C(=O)N[C@@H](Cc1cnc[nH]1)C(=O)N[C@@H](CCCCN)C(=O)NC(=Cc1ccccc1)C(=O)N[C@@H](Cc1c[nH]c2ccccc12)C(=O)N[C@@H](C)C(=O)N[C@@H](CCCCN)C(=O)N[C@@H](CCCCN)C(N)=O,[C@H]8(CCCN=C(N)N)C%23=O.[C@H]9(CCCCN)C%24=O.[C@H]%11(CCCCN)C%27=O.c1%21c[nH]c2ccccc12.[C@H]%15(CCCCN)C6=O.[C@H]%16(CCCCN)C(N)=O.C=%17c1ccccc1.C=%18c1ccccc1.C=%19c1ccccc1.N%14C=%17C%22=O.N%24C=%18C%25=O.[C@H]%10(C%20)C%26=O.N%27C=%19C%28=O.[C@H]%12(C%21)C4=O.c1%20cnc[nH]1.[C@H]%13(C)C5=O.C7C%14=O.CC3=O.N37.N%228.N%239.N%25%10.N%26%11.N%28%12.N4%13.N5%15.N6%16
13121,safe_to_smiles != original_smiles,CC(=O)NCC(=O)N/C(=C\c1ccccc1)C(=O)N[C@@H](CCCN=C(N)N)C(=O)N[C@@H](CCCCN)C(=O)N/C(=C\c1ccccc1)C(=O)N[C@@H](Cc1cnc[nH]1)C(=O)N[C@@H](CCCCN)C(=O)N/C(=C\c1ccccc1)C(=O)N[C@@H](Cc1c[nH]c2ccccc12)C(=O)N[C@@H](C)C(=O)N[C@@H](CCCCN)C(=O)O,CC(=O)NCC(=O)NC(=Cc1ccccc1)C(=O)N[C@@H](CCCN=C(N)N)C(=O)N[C@@H](CCCCN)C(=O)NC(=Cc1ccccc1)C(=O)N[C@@H](Cc1cnc[nH]1)C(=O)N[C@@H](CCCCN)C(=O)NC(=Cc1ccccc1)C(=O)N[C@@H](Cc1c[nH]c2ccccc12)C(=O)N[C@@H](C)C(=O)N[C@@H](CCCCN)C(=O)O,[C@H]7(CCCN=C(N)N)C%21=O.[C@H]8(CCCCN)C%22=O.[C@H]%10(CCCCN)C%25=O.c1%19c[nH]c2ccccc12.[C@H]%13(CCCCN)C(=O)O.C=%15c1ccccc1.C=%16c1ccccc1.C=%17c1ccccc1.N%14C=%15C%20=O.N%22C=%16C%23=O.[C@H]9(C%18)C%24=O.N%25C=%17C%26=O.[C@H]%11(C%19)C4=O.c1%18cnc[nH]1.[C@H]%12(C)C5=O.C6C%14=O.CC3=O.N36.N%207.N%218.N%239.N%24%10.N%26%11.N4%12.N5%13
15333,safe_to_smiles != original_smiles,CC[C@H](C)[C@H](NC(=O)[C@H](CCCCN)NC(=O)[C@@H](NC(=O)[C@H](CCC(N)=O)NC(=O)[C@@H](N)CCCN=C(N)N)[C@@H](C)CC)C(=O)N[C@@H](Cc1c[nH]c2ccccc12)C(=O)N[C@@H](CCCN=C(N)N)C(=O)N[C@@H](CCCN=C(N)N)C(=O)N[C@@H](CCS(C)=O)C(=O)N[C@@H](CCCCN)C(=O)N[C@@H](Cc1c[nH]c2ccccc12)C(=O)N[C@@H](CCCCN)C(=O)N[C@@H](CCCCN)C(N)=O,CC[C@H](C)[C@H](NC(=O)[C@H](CCCCN)NC(=O)[C@@H](NC(=O)[C@H](CCC(N)=O)NC(=O)[C@@H](N)CCCN=C(N)N)[C@@H](C)CC)C(=O)N[C@@H](Cc1c[nH]c2ccccc12)C(=O)N[C@@H](CCCN=C(N)N)C(=O)N[C@@H](CCCN=C(N)N)C(=O)N[C@@H](CC[S+](C)[O-])C(=O)N[C@@H](CCCCN)C(=O)N[C@@H](Cc1c[nH]c2ccccc12)C(=O)N[C@@H](CCCCN)C(=O)N[C@@H](CCCCN)C(N)=O,C%23(=O)[C@@H](N)CCCN=C(N)N.[C@H]%12(CCCN=C(N)N)C%26=O.[C@H]%13(CCCN=C(N)N)C%27=O.C3(=O)[C@@H]8CCCCN.C%22(=O)[C@@H]%10CCC(N)=O.c1%20c[nH]c2ccccc12.[C@H]%15(CCS(C)=O)C%28=O.[C@H]%16(CCCCN)C4=O.c1%21c[nH]c2ccccc12.[C@H]%18(CCCCN)C6=O.[C@H]%19(CCCCN)C(N)=O.CC[C@H](C)[C@H]7C%24=O.C%14(=O)[C@@H]9[C@@H](C)CC.[C@H]%11(C%20)C%25=O.[C@H]%17(C%21)C5=O.N37.N%148.N%229.N%23%10.N%24%11.N%25%12.N%26%13.N%27%15.N%28%16.N4%17.N5%18.N6%19
15335,safe_to_smiles != original_smiles,CC[C@H](C)[C@H](NC(=O)[C@H](CCCCN)NC(=O)[C@@H](NC(=O)[C@H](CCC(N)=O)NC(=O)[C@@H](N)CCCN=C(N)N)[C@@H](C)CC)C(=O)N[C@@H](CCCN=C(N)N)C(=O)N[C@@H](CCCN=C(N)N)C(=O)N[C@@H](CCS(C)=O)C(=O)N[C@@H](CCCCN)C(=O)N[C@@H](Cc1c[nH]c2ccccc12)C(=O)N[C@@H](CCCN=C(N)N)C(N)=O,CC[C@H](C)[C@H](NC(=O)[C@H](CCCCN)NC(=O)[C@@H](NC(=O)[C@H](CCC(N)=O)NC(=O)[C@@H](N)CCCN=C(N)N)[C@@H](C)CC)C(=O)N[C@@H](CCCN=C(N)N)C(=O)N[C@@H](CCCN=C(N)N)C(=O)N[C@@H](CC[S+](C)[O-])C(=O)N[C@@H](CCCCN)C(=O)N[C@@H](Cc1c[nH]c2ccccc12)C(=O)N[C@@H](CCCN=C(N)N)C(N)=O,C%18(=O)[C@@H](N)CCCN=C(N)N.[C@H]9(CCCN=C(N)N)C%20=O.[C@H]%10(CCCN=C(N)N)C%21=O.[C@H]%15(CCCN=C(N)N)C(N)=O.C3(=O)[C@@H]6CCCCN.C%17(=O)[C@@H]8CCC(N)=O.[C@H]%11(CCS(C)=O)C%22=O.[C@H]%12(CCCCN)C%23=O.c1%16c[nH]c2ccccc12.CC[C@H](C)[C@H]5C%19=O.C%14(=O)[C@@H]7[C@@H](C)CC.[C@H]%13(C%16)C4=O.N35.N%146.N%177.N%188.N%199.N%20%10.N%21%11.N%22%12.N%23%13.N4%15
15337,safe_to_smiles != original_smiles,CC[C@H](C)[C@H](NC(=O)[C@H](CCC(N)=O)NC(=O)[C@@H](N)CCCN=C(N)N)C(=O)N[C@H](C(=O)N[C@@H](CCCN=C(N)N)C(=O)N[C@@H](CCCN=C(N)N)C(=O)N[C@@H](CCS(C)=O)C(=O)N[C@@H](Cc1c[nH]c2ccccc12)C(=O)N[C@@H](CCCN=C(N)N)C(N)=O)[C@@H](C)CC,CC[C@H](C)[C@H](NC(=O)[C@H](CCC(N)=O)NC(=O)[C@@H](N)CCCN=C(N)N)C(=O)N[C@H](C(=O)N[C@@H](CCCN=C(N)N)C(=O)N[C@@H](CCCN=C(N)N)C(=O)N[C@@H](CC[S+](C)[O-])C(=O)N[C@@H](Cc1c[nH]c2ccccc12)C(=O)N[C@@H](CCCN=C(N)N)C(N)=O)[C@@H](C)CC,C%12(=O)[C@@H](N)CCCN=C(N)N.[C@H]6(CCCN=C(N)N)C%15=O.[C@H]7(CCCN=C(N)N)C%16=O.[C@H]%10(CCCN=C(N)N)C(N)=O.C3(=O)[C@@H]4CCC(N)=O.[C@H]8(CCS(C)=O)C%17=O.c1%11c[nH]c2ccccc12.CC[C@H](C)[C@H]%19C%13=O.[C@@H]5(C%14=O)[C@@H](C)CC.[C@H]9(C%11)C%18=O.N3%19.N%124.N%135.N%146.N%157.N%168.N%179.N%18%10
15340,safe_to_smiles != original_smiles,CC[C@H](C)[C@H](NC(=O)[C@H](CCC(N)=O)NC(=O)[C@@H](N)CCCN=C(N)N)C(=O)N[C@@H](CCCN=C(N)N)C(=O)N[C@@H](CCCN=C(N)N)C(=O)N[C@@H](Cc1c[nH]c2ccccc12)C(=O)N[C@@H](Cc1c[nH]c2ccccc12)C(=O)N[C@@H](CCS(C)=O)C(=O)N[C@@H](CCCN=C(N)N)C(N)=O,CC[C@H](C)[C@H](NC(=O)[C@H](CCC(N)=O)NC(=O)[C@@H](N)CCCN=C(N)N)C(=O)N[C@@H](CCCN=C(N)N)C(=O)N[C@@H](CCCN=C(N)N)C(=O)N[C@@H](Cc1c[nH]c2ccccc12)C(=O)N[C@@H](Cc1c[nH]c2ccccc12)C(=O)N[C@@H](CC[S+](C)[O-])C(=O)N[C@@H](CCCN=C(N)N)C(N)=O,C%13(=O)[C@@H](N)CCCN=C(N)N.[C@H]5(CCCN=C(N)N)C%15=O.[C@H]6(CCCN=C(N)N)C%16=O.[C@H]%10(CCCN=C(N)N)C(N)=O.C3(=O)[C@@H]4CCC(N)=O.c1%11c[nH]c2ccccc12.c1%12c[nH]c2ccccc12.[C@H]9(CCS(C)=O)C%19=O.CC[C@H](C)[C@H]%20C%14=O.[C@H]7(C%11)C%17=O.[C@H]8(C%12)C%18=O.N3%20.N%134.N%145.N%156.N%167.N%178.N%189.N%19%10
15346,safe_to_smiles != original_smiles,CC[C@H](C)[C@H](NC(=O)[C@H](CCCCN)NC(=O)[C@@H](NC(=O)[C@H](CCC(N)=O)NC(=O)[C@@H](N)CCCN=C(N)N)[C@@H](C)CC)C(=O)N[C@@H](Cc1c[nH]c2ccccc12)C(=O)N[C@@H](Cc1ccccc1)C(=O)N[C@@H](CCC(N)=O)C(=O)N[C@@H](CC(N)=O)C(=O)N[C@@H](CCCN=C(N)N)C(=O)N[C@@H](CCCN=C(N)N)C(=O)N[C@@H](CCS(C)=O)C(=O)N[C@@H](CCCCN)C(=O)N[C@@H](Cc1c[nH]c2ccccc12)C(=O)N[C@@H](CCCCN)C(=O)N[C@@H](CCCCN)C(N)=O,CC[C@H](C)[C@H](NC(=O)[C@H](CCCCN)NC(=O)[C@@H](NC(=O)[C@H](CCC(N)=O)NC(=O)[C@@H](N)CCCN=C(N)N)[C@@H](C)CC)C(=O)N[C@@H](Cc1c[nH]c2ccccc12)C(=O)N[C@@H](Cc1ccccc1)C(=O)N[C@@H](CCC(N)=O)C(=O)N[C@@H](CC(N)=O)C(=O)N[C@@H](CCCN=C(N)N)C(=O)N[C@@H](CCCN=C(N)N)C(=O)N[C@@H](CC[S+](C)[O-])C(=O)N[C@@H](CCCCN)C(=O)N[C@@H](Cc1c[nH]c2ccccc12)C(=O)N[C@@H](CCCCN)C(=O)N[C@@H](CCCCN)C(N)=O,C%30(=O)[C@@H](N)CCCN=C(N)N.[C@H]%19(CCCN=C(N)N)C4=O.[C@H]%20(CCCN=C(N)N)C5=O.C3(=O)[C@@H]%11CCCCN.C%25(=O)[C@@H]%13CCC(N)=O.c1%27c[nH]c2ccccc12.[C@H]%17(CCC(N)=O)C%34=O.[C@H]%21(CCS(C)=O)C6=O.[C@H]%22(CCCCN)C7=O.c1%29c[nH]c2ccccc12.[C@H]%24(CCCCN)C9=O.[C@H]%26(CCCCN)C(N)=O.CC[C@H](C)[C@H]%10C%31=O.C%14(=O)[C@@H]%12[C@@H](C)CC.[C@H]%18(CC(N)=O)C%35=O.[C@H]%15(C%27)C%32=O.[C@H]%16(C%28)C%33=O.c1%28ccccc1.[C@H]%23(C%29)C8=O.N3%10.N%14%11.N%25%12.N%30%13.N%31%15.N%32%16.N%33%17.N%34%18.N%35%19.N4%20.N5%21.N6%22.N7%23.N8%24.N9%26
15347,safe_to_smiles != original_smiles,CC[C@H](C)[C@H](NC(=O)[C@H](CCCCN)NC(=O)[C@@H](NC(=O)[C@H](CCC(N)=O)NC(=O)[C@@H](N)CCCN=C(N)N)[C@@H](C)CC)C(=O)N[C@@H](Cc1ccccc1)C(=O)N[C@@H](Cc1ccccc1)C(=O)N[C@@H](CCC(N)=O)C(=O)N[C@@H](CC(N)=O)C(=O)N[C@@H](CCCN=C(N)N)C(=O)N[C@@H](CCCN=C(N)N)C(=O)N[C@@H](CCS(C)=O)C(=O)N[C@@H](CCCCN)C(=O)N[C@@H](Cc1ccccc1)C(=O)N[C@@H](CCCCN)C(=O)N[C@@H](CCCCN)C(N)=O,CC[C@H](C)[C@H](NC(=O)[C@H](CCCCN)NC(=O)[C@@H](NC(=O)[C@H](CCC(N)=O)NC(=O)[C@@H](N)CCCN=C(N)N)[C@@H](C)CC)C(=O)N[C@@H](Cc1ccccc1)C(=O)N[C@@H](Cc1ccccc1)C(=O)N[C@@H](CCC(N)=O)C(=O)N[C@@H](CC(N)=O)C(=O)N[C@@H](CCCN=C(N)N)C(=O)N[C@@H](CCCN=C(N)N)C(=O)N[C@@H](CC[S+](C)[O-])C(=O)N[C@@H](CCCCN)C(=O)N[C@@H](Cc1ccccc1)C(=O)N[C@@H](CCCCN)C(=O)N[C@@H](CCCCN)C(N)=O,C%29(=O)[C@@H](N)CCCN=C(N)N.[C@H]%18(CCCN=C(N)N)C3=O.[C@H]%19(CCCN=C(N)N)C4=O.C2(=O)[C@@H]%10CCCCN.C%24(=O)[C@@H]%12CCC(N)=O.[C@H]%16(CCC(N)=O)C%33=O.[C@H]%20(CCS(C)=O)C5=O.[C@H]%21(CCCCN)C6=O.[C@H]%23(CCCCN)C8=O.[C@H]%25(CCCCN)C(N)=O.CC[C@H](C)[C@H]9C%30=O.C%13(=O)[C@@H]%11[C@@H](C)CC.[C@H]%17(CC(N)=O)C%34=O.[C@H]%14(C%26)C%31=O.c1%26ccccc1.[C@H]%15(C%27)C%32=O.c1%27ccccc1.[C@H]%22(C%28)C7=O.c1%28ccccc1.N29.N%13%10.N%24%11.N%29%12.N%30%14.N%31%15.N%32%16.N%33%17.N%34%18.N3%19.N4%20.N5%21.N6%22.N7%23.N8%25
15348,safe_to_smiles != original_smiles,CC[C@H](C)[C@H](NC(=O)[C@H](CCCCN)NC(=O)[C@@H](NC(=O)[C@H](CCC(N)=O)NC(=O)[C@@H](N)CCCCN)[C@@H](C)CC)C(=O)N[C@@H](Cc1c[nH]c2ccccc12)C(=O)N[C@@H](Cc1ccccc1)C(=O)N[C@@H](CCC(N)=O)C(=O)N[C@@H](CC(N)=O)C(=O)N[C@@H](CCCCN)C(=O)N[C@@H](CCCCN)C(=O)N[C@@H](CCS(C)=O)C(=O)N[C@@H](CCCCN)C(=O)N[C@@H](Cc1c[nH]c2ccccc12)C(=O)N[C@@H](CCCCN)C(=O)N[C@@H](CCCCN)C(N)=O,CC[C@H](C)[C@H](NC(=O)[C@H](CCCCN)NC(=O)[C@@H](NC(=O)[C@H](CCC(N)=O)NC(=O)[C@@H](N)CCCCN)[C@@H](C)CC)C(=O)N[C@@H](Cc1c[nH]c2ccccc12)C(=O)N[C@@H](Cc1ccccc1)C(=O)N[C@@H](CCC(N)=O)C(=O)N[C@@H](CC(N)=O)C(=O)N[C@@H](CCCCN)C(=O)N[C@@H](CCCCN)C(=O)N[C@@H](CC[S+](C)[O-])C(=O)N[C@@H](CCCCN)C(=O)N[C@@H](Cc1c[nH]c2ccccc12)C(=O)N[C@@H](CCCCN)C(=O)N[C@@H](CCCCN)C(N)=O,C3(=O)[C@@H]%11CCCCN.C%25(=O)[C@@H]%13CCC(N)=O.C%30(=O)[C@@H](N)CCCCN.c1%27c[nH]c2ccccc12.[C@H]%17(CCC(N)=O)C%34=O.[C@H]%19(CCCCN)C4=O.[C@H]%20(CCCCN)C5=O.[C@H]%21(CCS(C)=O)C6=O.[C@H]%22(CCCCN)C7=O.c1%29c[nH]c2ccccc12.[C@H]%24(CCCCN)C9=O.[C@H]%26(CCCCN)C(N)=O.CC[C@H](C)[C@H]%10C%31=O.C%14(=O)[C@@H]%12[C@@H](C)CC.[C@H]%18(CC(N)=O)C%35=O.[C@H]%15(C%27)C%32=O.[C@H]%16(C%28)C%33=O.c1%28ccccc1.[C@H]%23(C%29)C8=O.N3%10.N%14%11.N%25%12.N%30%13.N%31%15.N%32%16.N%33%17.N%34%18.N%35%19.N4%20.N5%21.N6%22.N7%23.N8%24.N9%26
15363,safe_to_smiles != original_smiles,CC[C@H](C)[C@H](NC(=O)[C@H](CCCCN)NC(=O)[C@@H](NC(=O)[C@H](CCC(N)=O)NC(=O)[C@H](CCCNC(=N)N)NC(=O)[C@H](Cc1c[nH]c2ccccc12)NC(=O)[C@H](CCCNC(=N)N)NC(=O)[C@H](Cc1ccccc1)NC(=O)[C@@H](N)Cc1cnc[nH]1)[C@@H](C)CC)C(=O)N[C@@H](Cc1c[nH]c2ccccc12)C(=O)N[C@@H](Cc1ccccc1)C(=O)N[C@@H](CCC(N)=O)C(=O)N[C@@H](CC(N)=O)C(=O)N[C@@H](CCCNC(=N)N)C(=O)N[C@@H](CCCNC(=N)N)C(=O)N[C@@H](CCS(C)=O)C(=O)N[C@@H](CCCCN)C(=O)N[C@@H](Cc1c[nH]c2ccccc12)C(=O)N[C@@H](CCCCN)C(=O)N[C@@H](CCCCN)C(N)=O,CC[C@H](C)[C@H](NC(=O)[C@H](CCCCN)NC(=O)[C@@H](NC(=O)[C@H](CCC(N)=O)NC(=O)[C@H](CCCNC(=N)N)NC(=O)[C@H](Cc1c[nH]c2ccccc12)NC(=O)[C@H](CCCNC(=N)N)NC(=O)[C@H](Cc1ccccc1)NC(=O)[C@@H](N)Cc1cnc[nH]1)[C@@H](C)CC)C(=O)N[C@@H](Cc1c[nH]c2ccccc12)C(=O)N[C@@H](Cc1ccccc1)C(=O)N[C@@H](CCC(N)=O)C(=O)N[C@@H](CC(N)=O)C(=O)N[C@@H](CCCNC(=N)N)C(=O)N[C@@H](CCCNC(=N)N)C(=O)N[C@@H](CC[S+](C)[O-])C(=O)N[C@@H](CCCCN)C(=O)N[C@@H](Cc1c[nH]c2ccccc12)C(=O)N[C@@H](CCCCN)C(=O)N[C@@H](CCCCN)C(N)=O,C3(=O)[C@@H]%16CCCCN.C%25(=O)[C@@H]%18CCC(N)=O.c1%41c[nH]c2ccccc12.c1%43c[nH]c2ccccc12.[C@H]%28(CCC(N)=O)C6=O.[C@H]%34(CCS(C)=O)C%10=O.[C@H]%35(CCCCN)C%11=O.c1%45c[nH]c2ccccc12.[C@H]%38(CCCCN)C%13=O.[C@H]%39(CCCCN)C(N)=O.CC[C@H](C)[C@H]%15C%50=O.C%14(=O)[C@@H]%17[C@@H](C)CC.C%36(=O)[C@@H]%19CCC%20.C%47(=O)[C@@H]%22CCC%23.[C@H]%29(CC(N)=O)C7=O.[C@H]%30(CCC%31)C8=O.[C@H]%32(CCC%33)C9=O.C%46(=O)[C@@H]%21C%41.C%48(=O)[C@@H]%24C%42.c1%42ccccc1.C%49(=O)[C@@H](N)C%40.[C@H]%26(C%43)C4=O.[C@H]%27(C%44)C5=O.c1%44ccccc1.[C@H]%37(C%45)C%12=O.c1%40cnc[nH]1.N%20C(=N)N.N%23C(=N)N.N%31C(=N)N.N%33C(=N)N.N3%15.N%14%16.N%25%17.N%36%18.N%46%19.N%47%21.N%48%22.N%49%24.N%50%26.N4%27.N5%28.N6%29.N7%30.N8%32.N9%34.N%10%35.N%11%37.N%12%38.N%13%39
15367,safe_to_smiles != original_smiles,CS(=O)CC[C@H](NC(=O)[C@@H]1CCCN1C(=O)[C@H](Cc1c[nH]c2ccccc12)NC(=O)[C@H](CCCN=C(N)N)NC(=O)[C@H](CCCN=C(N)N)NC(=O)[C@@H]1CCCN1C(=O)[C@H](CCC(N)=O)NC(=O)[C@@H](N)CCCN=C(N)N)C(=O)N[C@@H](CCCN=C(N)N)C(N)=O,C[S+]([O-])CC[C@H](NC(=O)[C@@H]1CCCN1C(=O)[C@H](Cc1c[nH]c2ccccc12)NC(=O)[C@H](CCCN=C(N)N)NC(=O)[C@H](CCCN=C(N)N)NC(=O)[C@@H]1CCCN1C(=O)[C@H](CCC(N)=O)NC(=O)[C@@H](N)CCCN=C(N)N)C(=O)N[C@@H](CCCN=C(N)N)C(N)=O,C%13(=O)[C@@H]5CCCN=C(N)N.C%14(=O)[C@@H]6CCCN=C(N)N.C%17(=O)[C@@H](N)CCCN=C(N)N.[C@H]8(CCCN=C(N)N)C(N)=O.CS(=O)CC[C@H]%19C%18=O.c1%11c[nH]c2ccccc12.C%16(=O)[C@@H]7CCC(N)=O.[C@@H]19CCCN1%12.C%12(=O)[C@@H]4C%11.[C@@H]1%10CCCN1%16.C39=O.C%15%10=O.N3%19.N%134.N%145.N%156.N%177.N%188
15968,safe_to_smiles != original_smiles,CC[C@H](C)[C@H](NC(=O)[C@H](CC(=O)O)NC(=O)[C@@H](N)Cc1ccccc1)C(=O)N[C@@H](CCS(C)=O)C(=O)NCC(=O)N[C@@H](CC(C)C)C(=O)N[C@H](C(=O)N[C@@H](CCCCN)C(=O)N[C@@H](CCCCN)C(=O)N[C@H](C(=O)N[C@@H](C)C(=O)NCC(=O)N[C@@H](C)C(=O)N[C@@H](CC(C)C)C(N)=O)C(C)C)[C@@H](C)CC,CC[C@H](C)[C@H](NC(=O)[C@H](CC(=O)O)NC(=O)[C@@H](N)Cc1ccccc1)C(=O)N[C@@H](CC[S+](C)[O-])C(=O)NCC(=O)N[C@@H](CC(C)C)C(=O)N[C@H](C(=O)N[C@@H](CCCCN)C(=O)N[C@@H](CCCCN)C(=O)N[C@H](C(=O)N[C@@H](C)C(=O)NCC(=O)N[C@@H](C)C(=O)N[C@@H](CC(C)C)C(N)=O)C(C)C)[C@@H](C)CC,[C@H]9(CCS(C)=O)C%23=O.[C@H]%14(CCCCN)C%27=O.[C@H]%15(CCCCN)C%28=O.CC[C@H](C)[C@H]7C%22=O.C2(=O)[C@@H]8CC(=O)O.[C@H]%11(CC(C)C)C%25=O.[C@@H]%12(C%26=O)[C@@H](C)CC.[C@H]%20(CC(C)C)C(N)=O.[C@@H]%16(C3=O)C(C)C.C%13(=O)[C@@H](N)C%21.c1%21ccccc1.[C@H]%17(C)C4=O.[C@H]%19(C)C6=O.C%10C%24=O.C%18C5=O.N27.N%138.N%229.N%23%10.N%24%11.N%25%12.N%26%14.N%27%15.N%28%16.N3%17.N4%18.N5%19.N6%20
15969,safe_to_smiles != original_smiles,CC[C@H](C)[C@H](NC(=O)[C@H](CC(=O)O)NC(=O)[C@@H](N)Cc1ccccc1)C(=O)N[C@@H](CCS(C)=O)C(=O)NCC(=O)N[C@@H](CC(C)C)C(=O)N[C@H](C(=O)N[C@@H](CCC(=O)O)C(=O)N[C@@H](CCC(=O)O)C(=O)N[C@H](C(=O)N[C@@H](C)C(=O)NCC(=O)N[C@@H](C)C(=O)N[C@@H](CC(C)C)C(N)=O)C(C)C)[C@@H](C)CC,CC[C@H](C)[C@H](NC(=O)[C@H](CC(=O)O)NC(=O)[C@@H](N)Cc1ccccc1)C(=O)N[C@@H](CC[S+](C)[O-])C(=O)NCC(=O)N[C@@H](CC(C)C)C(=O)N[C@H](C(=O)N[C@@H](CCC(=O)O)C(=O)N[C@@H](CCC(=O)O)C(=O)N[C@H](C(=O)N[C@@H](C)C(=O)NCC(=O)N[C@@H](C)C(=O)N[C@@H](CC(C)C)C(N)=O)C(C)C)[C@@H](C)CC,[C@H]9(CCS(C)=O)C%23=O.[C@H]%14(CCC(=O)O)C%27=O.[C@H]%15(CCC(=O)O)C%28=O.CC[C@H](C)[C@H]7C%22=O.C2(=O)[C@@H]8CC(=O)O.[C@H]%11(CC(C)C)C%25=O.[C@@H]%12(C%26=O)[C@@H](C)CC.[C@H]%20(CC(C)C)C(N)=O.[C@@H]%16(C3=O)C(C)C.C%13(=O)[C@@H](N)C%21.c1%21ccccc1.[C@H]%17(C)C4=O.[C@H]%19(C)C6=O.C%10C%24=O.C%18C5=O.N27.N%138.N%229.N%23%10.N%24%11.N%25%12.N%26%14.N%27%15.N%28%16.N3%17.N4%18.N5%19.N6%20
15970,safe_to_smiles != original_smiles,CC[C@H](C)[C@H](NC(=O)[C@H](CCCCN)NC(=O)[C@@H](N)Cc1ccccc1)C(=O)N[C@@H](CCS(C)=O)C(=O)NCC(=O)N[C@@H](CC(C)C)C(=O)N[C@H](C(=O)N[C@@H](CCCCN)C(=O)N[C@@H](CCCCN)C(=O)N[C@H](C(=O)N[C@@H](C)C(=O)NCC(=O)N[C@@H](C)C(=O)N[C@@H](CC(C)C)C(N)=O)C(C)C)[C@@H](C)CC,CC[C@H](C)[C@H](NC(=O)[C@H](CCCCN)NC(=O)[C@@H](N)Cc1ccccc1)C(=O)N[C@@H](CC[S+](C)[O-])C(=O)NCC(=O)N[C@@H](CC(C)C)C(=O)N[C@H](C(=O)N[C@@H](CCCCN)C(=O)N[C@@H](CCCCN)C(=O)N[C@H](C(=O)N[C@@H](C)C(=O)NCC(=O)N[C@@H](C)C(=O)N[C@@H](CC(C)C)C(N)=O)C(C)C)[C@@H](C)CC,C2(=O)[C@@H]8CCCCN.[C@H]9(CCS(C)=O)C%23=O.[C@H]%14(CCCCN)C%27=O.[C@H]%15(CCCCN)C%28=O.CC[C@H](C)[C@H]7C%22=O.[C@H]%11(CC(C)C)C%25=O.[C@@H]%12(C%26=O)[C@@H](C)CC.[C@H]%20(CC(C)C)C(N)=O.[C@@H]%16(C3=O)C(C)C.C%13(=O)[C@@H](N)C%21.c1%21ccccc1.[C@H]%17(C)C4=O.[C@H]%19(C)C6=O.C%10C%24=O.C%18C5=O.N27.N%138.N%229.N%23%10.N%24%11.N%25%12.N%26%14.N%27%15.N%28%16.N3%17.N4%18.N5%19.N6%20
15971,safe_to_smiles != original_smiles,CC[C@H](C)[C@H](NC(=O)[C@H](CC(=O)O)NC(=O)[C@@H](N)Cc1ccccc1)C(=O)N[C@@H](CCS(C)=O)C(=O)NCC(=O)N[C@@H](CC(C)C)C(=O)N[C@H](C(=O)N[C@@H](CCCCN)C(=O)N[C@@H](CCCCN)C(=O)N[C@H](C(=O)N[C@@H](C)C(N)=O)C(C)C)[C@@H](C)CC,CC[C@H](C)[C@H](NC(=O)[C@H](CC(=O)O)NC(=O)[C@@H](N)Cc1ccccc1)C(=O)N[C@@H](CC[S+](C)[O-])C(=O)NCC(=O)N[C@@H](CC(C)C)C(=O)N[C@H](C(=O)N[C@@H](CCCCN)C(=O)N[C@@H](CCCCN)C(=O)N[C@H](C(=O)N[C@@H](C)C(N)=O)C(C)C)[C@@H](C)CC,[C@H]6(CCS(C)=O)C%17=O.[C@H]%10(CCCCN)C%21=O.[C@H]%11(CCCCN)C%22=O.CC[C@H](C)[C@H]4C%16=O.C2(=O)[C@@H]5CC(=O)O.[C@H]8(CC(C)C)C%19=O.[C@@H]9(C%20=O)[C@@H](C)CC.[C@@H]%12(C3=O)C(C)C.C%13(=O)[C@@H](N)C%15.c1%15ccccc1.[C@H]%14(C)C(N)=O.C7C%18=O.N24.N%135.N%166.N%177.N%188.N%199.N%20%10.N%21%11.N%22%12.N3%14
16083,safe_to_smiles != original_smiles,C[C@@H]1NC(=O)[C@@H](Cc2ccccc2)NC(=O)[C@@H](CO)NC(=O)c2ccccc2NC(=O)/C(=C\c2c[nH]c3ccccc23)NC(=O)[C@H]([C@@H](C)O)NC1=O,C[C@@H]1NC(=O)[C@@H](Cc2ccccc2)NC(=O)[C@@H](CO)NC(=O)c2ccccc2NC(=O)C(=Cc2c[nH]c3ccccc23)NC(=O)[C@H]([C@@H](C)O)NC1=O,C[C@@H]1NC(=O)[C@@H]5NC(=O)[C@@H]6NC(=O)c2ccccc2NC(=O)C=4NC(=O)[C@H]7NC1=O.C=4c1c[nH]c2ccccc12.c18ccccc1.[C@H]7(C)O.C58.C6O
16085,safe_to_smiles != original_smiles,C/C=C/C=C/C=C/C(=O)N[C@H]1CCCNC(=O)[C@H](C)N(C)C(=O)[C@H](C(C)C)NC1=O,CC=CC=CC=CC(=O)N[C@H]1CCCNC(=O)[C@H](C)N(C)C(=O)[C@H](C(C)C)NC1=O,[C@H]13CCCNC(=O)[C@H](C)N(C)C(=O)[C@H]7NC1=O.C=6C2=O.C=4C=5.C=5C=6.C7(C)C.CC=4.N23
16086,safe_to_smiles != original_smiles,C/C=C/C=C/C(=O)N[C@H]1CCCNC(=O)[C@H](C)N(C)C(=O)[C@H](C(C)C)N(C)C1=O,CC=CC=CC(=O)N[C@H]1CCCNC(=O)[C@H](C)N(C)C(=O)[C@H](C(C)C)N(C)C1=O,[C@H]13CCCNC(=O)[C@H](C)N(C)C(=O)[C@H]6N(C)C1=O.C=5C2=O.C=4C=5.C6(C)C.CC=4.N23
16087,safe_to_smiles != original_smiles,CC(C)[C@H]1C(=O)N(C)[C@@H](C)C(=O)NCCC[C@H](NC(=O)/C=C/C=C/C=O)C(=O)N1C,CC(C)[C@H]1C(=O)N(C)[C@@H](C)C(=O)NCCC[C@H](NC(=O)C=CC=CC=O)C(=O)N1C,[C@H]16C(=O)N(C)[C@@H](C)C(=O)NCCC[C@H]3C(=O)N1C.C2(=O)C=4.CC6C.C=4C=5.C=5C=O.N23
16088,safe_to_smiles != original_smiles,CC(C)[C@H]1C(=O)N(C)[C@@H](C)C(=O)NCCC[C@H](NC(=O)/C=C/C=C/[C@@H](O)[C@@H](C)O)C(=O)N1C,CC(C)[C@H]1C(=O)N(C)[C@@H](C)C(=O)NCCC[C@H](NC(=O)C=CC=C[C@@H](O)[C@@H](C)O)C(=O)N1C,[C@H]16C(=O)N(C)[C@@H](C)C(=O)NCCC[C@H]3C(=O)N1C.C=5[C@@H](O)[C@@H](C)O.C2(=O)C=4.CC6C.C=4C=5.N23
16089,safe_to_smiles != original_smiles,C/C=C/C=C/C=C/C(=O)N[C@H]1CCCNC(=O)[C@H](C)NC(=O)[C@H](C(C)C)N(C)C1=O,CC=CC=CC=CC(=O)N[C@H]1CCCNC(=O)[C@H](C)NC(=O)[C@H](C(C)C)N(C)C1=O,[C@H]13CCCNC(=O)[C@H](C)NC(=O)[C@H]7N(C)C1=O.C=6C2=O.C=4C=5.C=5C=6.C7(C)C.CC=4.N23
16102,safe_to_smiles != original_smiles,CC/C=C(\C)[C@H]1OC(=O)[C@H](C)N(C)C(=O)[C@H](C(C)C)NC(=O)CN(C)C(=O)[C@H]([C@H](C)CC)N(C)C(=O)[C@H](C(C)C)NC(=O)[C@@H]([C@@H](C)CC)OC(=O)/C(C)=C/C[C@H](O)[C@@H]1C,CCC=C(C)[C@H]1OC(=O)[C@H](C)N(C)C(=O)[C@H](C(C)C)NC(=O)CN(C)C(=O)[C@H]([C@H](C)CC)N(C)C(=O)[C@H](C(C)C)NC(=O)[C@@H]([C@@H](C)CC)OC(=O)/C(C)=C/C[C@H](O)[C@@H]1C,C=2(C)[C@H]1OC(=O)[C@H](C)N(C)C(=O)[C@H]3NC(=O)CN(C)C(=O)[C@H]4N(C)C(=O)[C@H]5NC(=O)[C@@H]6OC(=O)/C(C)=C/C[C@H](O)[C@@H]1C.[C@@H]4(C)CC.[C@H]6(C)CC.CCC=2.C3(C)C.C5(C)C
16103,safe_to_smiles != original_smiles,CC/C=C(\C)[C@H]1OC(=O)[C@H](C)N(C)C(=O)[C@H](C(C)C)NC(=O)CN(C)C(=O)[C@H]([C@H](C)CC)N(C)C(=O)[C@H](C(C)C)NC(=O)[C@@H](C(C)C)OC(=O)/C(C)=C/C[C@H](O)[C@@H]1C,CCC=C(C)[C@H]1OC(=O)[C@H](C)N(C)C(=O)[C@H](C(C)C)NC(=O)CN(C)C(=O)[C@H]([C@H](C)CC)N(C)C(=O)[C@H](C(C)C)NC(=O)[C@@H](C(C)C)OC(=O)/C(C)=C/C[C@H](O)[C@@H]1C,C=2(C)[C@H]1OC(=O)[C@H](C)N(C)C(=O)[C@H]3NC(=O)CN(C)C(=O)[C@H]4N(C)C(=O)[C@H]5NC(=O)[C@@H]6OC(=O)/C(C)=C/C[C@H](O)[C@@H]1C.[C@@H]4(C)CC.CCC=2.C3(C)C.C5(C)C.C6(C)C
16574,safe_to_smiles != original_smiles,O=C(/C=C/C=C/c1ccc2c(c1)OCO2)NCCCC[C@@H]1NC(=O)[C@@H]2CCCN2C1=O,O=C(C=CC=Cc1ccc2c(c1)OCO2)NCCCC[C@@H]1NC(=O)[C@@H]2CCCN2C1=O,[C@@H]17NC(=O)[C@@H]2CCCN2C1=O.C=6c1ccc2c(c1)OCO2.C4CCC7.O=C3C=5.C=5C=6.N34
16575,safe_to_smiles != original_smiles,O=C(/C=C/C=C/c1ccc2c(c1)OCO2)NCCC[C@@H]1NC(=O)[C@@H]2CCCN2C1=O,O=C(C=CC=Cc1ccc2c(c1)OCO2)NCCC[C@@H]1NC(=O)[C@@H]2CCCN2C1=O,[C@@H]17NC(=O)[C@@H]2CCCN2C1=O.C=6c1ccc2c(c1)OCO2.O=C3C=5.C4CC7.C=5C=6.N34
16576,safe_to_smiles != original_smiles,CCC(/C=C/C(=O)NCCCC[C@@H]1NC(=O)[C@@H]2CCCN2C1=O)=C\c1ccc2c(c1)OCO2,CCC(C=CC(=O)NCCCC[C@@H]1NC(=O)[C@@H]2CCCN2C1=O)=Cc1ccc2c(c1)OCO2,[C@@H]17NC(=O)[C@@H]2CCCN2C1=O.C=5c1ccc2c(c1)OCO2.CCC=5C=6.C4CCC7.C=6C3=O.N34
16577,safe_to_smiles != original_smiles,CCC(/C=C/C(=O)NCCC[C@@H]1NC(=O)[C@@H]2CCCN2C1=O)=C\c1ccc2c(c1)OCO2,CCC(C=CC(=O)NCCC[C@@H]1NC(=O)[C@@H]2CCCN2C1=O)=Cc1ccc2c(c1)OCO2,[C@@H]17NC(=O)[C@@H]2CCCN2C1=O.C=5c1ccc2c(c1)OCO2.CCC=5C=6.C=6C3=O.C4CC7.N34
17151,safe_to_smiles != original_smiles,CCCCCC/C=C\CCCC(=O)N[C@@H]1C(=O)N[C@H](CO)C(=O)N[C@@H](CO)C(=O)N[C@H]([C@H](C)CC)C(=O)N[C@@H]([C@@H](C)CC)C(=O)O[C@@H]1C,CCCCCCC=CCCCC(=O)N[C@@H]1C(=O)N[C@H](CO)C(=O)N[C@@H](CO)C(=O)N[C@H]([C@H](C)CC)C(=O)N[C@@H]([C@@H](C)CC)C(=O)O[C@@H]1C,[C@@H]13C(=O)N[C@H]5C(=O)N[C@@H]6C(=O)N[C@H]7C(=O)N[C@@H]8C(=O)O[C@@H]1C.CCCCCCC=4.C=4CCCC2=O.[C@@H]7(C)CC.[C@H]8(C)CC.N23.C5O.C6O
17188,safe_to_smiles != original_smiles,CCCCCC/C=C\CCCC(=O)N[C@@H]1C(=O)N[C@H](CO)C(=O)N[C@@H](CO)C(=O)N[C@H](C(C)C)C(=O)N[C@@H]([C@@H](C)CC)C(=O)O[C@@H]1C,CCCCCCC=CCCCC(=O)N[C@@H]1C(=O)N[C@H](CO)C(=O)N[C@@H](CO)C(=O)N[C@H](C(C)C)C(=O)N[C@@H]([C@@H](C)CC)C(=O)O[C@@H]1C,[C@@H]13C(=O)N[C@H]5C(=O)N[C@@H]6C(=O)N[C@H]7C(=O)N[C@@H]8C(=O)O[C@@H]1C.CCCCCCC=4.C=4CCCC2=O.[C@H]8(C)CC.C7(C)C.N23.C5O.C6O
17943,safe_to_smiles != original_smiles,CC[C@H](C)[C@@H]1NC(=O)[C@@H]2CCCN2C(=O)[C@H](CC(C)C)NC(=O)[C@H](CCS(C)=O)NC(=O)CNC(=O)[C@H]([C@@H](C)O)NC(=O)[C@H](CCC(N)=O)NC(=O)[C@@H]2CCCN2C1=O,CC[C@H](C)[C@@H]1NC(=O)[C@@H]2CCCN2C(=O)[C@H](CC(C)C)NC(=O)[C@H](CC[S+](C)[O-])NC(=O)CNC(=O)[C@H]([C@@H](C)O)NC(=O)[C@H](CCC(N)=O)NC(=O)[C@@H]2CCCN2C1=O,[C@@H]13NC(=O)[C@@H]2CCCN2C(=O)[C@H]4NC(=O)[C@H]5NC(=O)CNC(=O)[C@H]6NC(=O)[C@H]7NC(=O)[C@@H]2CCCN2C1=O.C5CS(C)=O.C7CC(N)=O.CC[C@@H]3C.C4C(C)C.[C@H]6(C)O
18179,safe_to_smiles != original_smiles,C=C1NC(=O)C(C)C(CCC(C)C(=O)/C=C/C(C)=C/CCC(C)CCCCCC)OC(=O)C(CCC(N)=O)NC(=O)C(C)CNC1=O,C=C1NC(=O)C(C)C(CCC(C)C(=O)C=CC(C)=CCCC(C)CCCCCC)OC(=O)C(CCC(N)=O)NC(=O)C(C)CNC1=O,C=C1NC(=O)C(C)C4OC(=O)C5NC(=O)C(C)CNC1=O.C=3CCC(C)CCCCCC.C4CC(C)C(=O)C=2.C5CC(N)=O.C=2C=3C
18190,safe_to_smiles != original_smiles,C/C=C(\NC(=O)[C@H](Cc1ccccc1)NC(=O)[C@@H](CC(C)C)NC(=O)[C@@H](CCCN=C(N)N)NC(=O)[C@@H](CC(C)C)NC(C)=O)C(=O)N[C@H](Cc1c[nH]c2ccccc12)C(=O)O,CC=C(NC(=O)[C@H](Cc1ccccc1)NC(=O)[C@@H](CC(C)C)NC(=O)[C@@H](CCCN=C(N)N)NC(=O)[C@@H](CC(C)C)NC(C)=O)C(=O)N[C@H](Cc1c[nH]c2ccccc12)C(=O)O,C%10(=O)[C@H]%16CCCN=C(N)N.c18c[nH]c2ccccc12.C9(=O)[C@H]%15CC(C)C.C%11(=O)[C@H]4CC(C)C.C=6(N3)C%13=O.C3(=O)[C@@H]%14C7.c17ccccc1.[C@@H]5(C8)C(=O)O.C%12(C)=O.CC=6.N9%14.N%10%15.N%11%16.N%124.N%135
18380,safe_to_smiles != original_smiles,CC(C)[C@@H]1NC(=O)C[C@H](/C=C/c2ccccc2)OC(=O)[C@H](C(C)C)NC(=O)[C@H](C(C)C)NC(=O)[C@@H](C)NC1=O,CC(C)[C@@H]1NC(=O)C[C@H](C=Cc2ccccc2)OC(=O)[C@H](C(C)C)NC(=O)[C@H](C(C)C)NC(=O)[C@@H](C)NC1=O,[C@@H]14NC(=O)C[C@H](C=3)OC(=O)[C@H]5NC(=O)[C@H]6NC(=O)[C@@H](C)NC1=O.C=3c1ccccc1.CC4C.C5(C)C.C6(C)C
18381,safe_to_smiles != original_smiles,CC[C@H](C)[C@@H]1NC(=O)[C@@H](C)NC(=O)[C@H](C(C)C)NC(=O)C[C@H](/C=C/c2ccccc2)OC(=O)[C@H](C(C)C)NC1=O,CC[C@H](C)[C@@H]1NC(=O)[C@@H](C)NC(=O)[C@H](C(C)C)NC(=O)C[C@H](C=Cc2ccccc2)OC(=O)[C@H](C(C)C)NC1=O,[C@@H]14NC(=O)[C@@H](C)NC(=O)[C@H]5NC(=O)C[C@H](C=3)OC(=O)[C@H]6NC1=O.C=3c1ccccc1.CC[C@@H]4C.C5(C)C.C6(C)C
18428,safe_to_smiles != original_smiles,CC[C@@H](C)[C@@H]1NC(=O)[C@@H](Cc2ccccc2)N(C(=O)[C@@H]2CCCN2C(=O)/C=C/c2ccccc2)C1=O,CC[C@@H](C)[C@@H]1NC(=O)[C@@H](Cc2ccccc2)N(C(=O)[C@@H]2CCCN2C(=O)C=Cc2ccccc2)C1=O,[C@@H]17NC(=O)[C@@H]8N4C1=O.C=6c1ccccc1.c19ccccc1.[C@@H]15CCCN13.CC[C@H]7C.C3(=O)C=6.C45=O.C89
18429,safe_to_smiles != original_smiles,CC(C)C[C@@H]1NC(=O)[C@@H](Cc2ccccc2)N(C(=O)[C@@H]2CCCN2C(=O)/C=C/c2ccccc2)C1=O,CC(C)C[C@@H]1NC(=O)[C@@H](Cc2ccccc2)N(C(=O)[C@@H]2CCCN2C(=O)C=Cc2ccccc2)C1=O,[C@@H]17NC(=O)[C@@H]8N4C1=O.C=6c1ccccc1.c19ccccc1.[C@@H]15CCCN13.CC(C)C7.C3(=O)C=6.C45=O.C89
18430,safe_to_smiles != original_smiles,CC(C)[C@@H]1NC(=O)[C@@H](Cc2ccccc2)N(C(=O)[C@@H]2CCCN2C(=O)/C=C/c2ccccc2)C1=O,CC(C)[C@@H]1NC(=O)[C@@H](Cc2ccccc2)N(C(=O)[C@@H]2CCCN2C(=O)C=Cc2ccccc2)C1=O,[C@@H]17NC(=O)[C@@H]8N4C1=O.C=6c1ccccc1.c19ccccc1.[C@@H]15CCCN13.C3(=O)C=6.CC7C.C45=O.C89
18439,safe_to_smiles != original_smiles,C/C=C1\NC(=O)[C@H](Cc2ccccc2)NC(=O)[C@H]([C@@H](C)CC)NC(=O)[C@H]([C@@H](C)CC)NC(=O)[C@H]([C@@H](C)O)NC(=O)[C@@H](CC(C)C)NC(=O)[C@H](CCCN=C(N)N)NC(=O)[C@@H]2CCCN2C(=O)[C@H](C(C)C)NC(=O)[C@H](C(C)C)NC(=O)[C@H]([C@@H](C)O)NC(=O)[C@H]([C@H](C)OC(C)=O)NC(=O)[C@H](C(C)C)NC1=O,CC=C1NC(=O)[C@H](Cc2ccccc2)NC(=O)[C@H]([C@@H](C)CC)NC(=O)[C@H]([C@@H](C)CC)NC(=O)[C@H]([C@@H](C)O)NC(=O)[C@@H](CC(C)C)NC(=O)[C@H](CCCN=C(N)N)NC(=O)[C@@H]2CCCN2C(=O)[C@H](C(C)C)NC(=O)[C@H](C(C)C)NC(=O)[C@H]([C@@H](C)O)NC(=O)[C@H]([C@H](C)OC(C)=O)NC(=O)[C@H](C(C)C)NC1=O,C1=%11NC(=O)[C@H]%12NC(=O)[C@H]%13NC(=O)[C@H]%14NC(=O)[C@H]%15NC(=O)[C@@H]%16NC(=O)[C@H]%17NC(=O)[C@@H]2CCCN2C(=O)[C@H]4NC(=O)[C@H]5NC(=O)[C@H]6NC(=O)[C@H]7NC(=O)[C@H]8NC1=O.C%17CCN=C(N)N.c19ccccc1.[C@H]%13(C)CC.[C@H]%14(C)CC.C%16C(C)C.[C@H]%15(C)O.C4(C)C.C5(C)C.[C@H]6(C)O.[C@@H]%107C.C3(C)=O.C8(C)C.CC=%11.C%129.O3%10
18440,safe_to_smiles != original_smiles,C/C=C1\NC(=O)[C@H](C(C)C)NC(=O)[C@H](Cc2ccccc2)NC(=O)[C@H](C(C)C)NC(=O)[C@H](C(C)C)NC(=O)[C@H](C(C)C)NC(=O)[C@H]([C@@H](C)O)NC(=O)[C@H]([C@@H](C)CC)NC(=O)[C@H]([C@@H](C)O)NC(=O)[C@H](C(C)C)NC(=O)[C@H](CCSC)NC(=O)[C@H](Cc2ccc(O)cc2)NC(=O)[C@H](CCCN=C(N)N)NC1=O,CC=C1NC(=O)[C@H](C(C)C)NC(=O)[C@H](Cc2ccccc2)NC(=O)[C@H](C(C)C)NC(=O)[C@H](C(C)C)NC(=O)[C@H](C(C)C)NC(=O)[C@H]([C@@H](C)O)NC(=O)[C@H]([C@@H](C)CC)NC(=O)[C@H]([C@@H](C)O)NC(=O)[C@H](C(C)C)NC(=O)[C@H](CCSC)NC(=O)[C@H](Cc2ccc(O)cc2)NC(=O)[C@H](CCCN=C(N)N)NC1=O,C1=%11NC(=O)[C@H]%12NC(=O)[C@H]%13NC(=O)[C@H]%14NC(=O)[C@H]%15NC(=O)[C@H]%16NC(=O)[C@H]%17NC(=O)[C@H]%18NC(=O)[C@H]4NC(=O)[C@H]5NC(=O)[C@H]6NC(=O)[C@H]7NC(=O)[C@H]8NC1=O.c1%10ccc(O)cc1.C8CCN=C(N)N.c19ccccc1.[C@H]%18(C)CC.C%12(C)C.C%14(C)C.C%15(C)C.C%16(C)C.[C@H]%17(C)O.[C@H]4(C)O.C5(C)C.C6C3.CC=%11.C%139.S3C.C7%10
18445,safe_to_smiles != original_smiles,C/C=C1\NC(=O)[C@H](CC(N)=O)NC(=O)/C(=C/C)NC(=O)[C@H](C(C)C)NC(=O)C(C(C)CCCCCCCC)NC(=O)[C@@H]2CCCN2C(=O)[C@H](CC(N)=O)N(C)C(=O)[C@H]([C@@H](C)O)NC(=O)[C@H](C)NC(=O)[C@H](CC(N)=O)NC1=O,CC=C1NC(=O)[C@H](CC(N)=O)NC(=O)C(=CC)NC(=O)[C@H](C(C)C)NC(=O)C(C(C)CCCCCCCC)NC(=O)[C@@H]2CCCN2C(=O)[C@H](CC(N)=O)N(C)C(=O)[C@H]([C@@H](C)O)NC(=O)[C@H](C)NC(=O)[C@H](CC(N)=O)NC1=O,C1=3NC(=O)[C@H]5NC(=O)C=4NC(=O)[C@H]6NC(=O)C7NC(=O)[C@@H]2CCCN2C(=O)[C@H]8N(C)C(=O)[C@H]9NC(=O)[C@H](C)NC(=O)[C@H]%10NC1=O.C7(C)CCCCCCCC.C5C(N)=O.C8C(N)=O.C%10C(N)=O.C6(C)C.[C@H]9(C)O.CC=3.C=4C
18446,safe_to_smiles != original_smiles,C/C=C1\NC(=O)[C@H](CC(N)=O)NC(=O)/C(=C/C)NC(=O)[C@H](C(C)C)NC(=O)C(O)C(C(C)CCCCCCCCCCC)NC(=O)[C@@H]2CCCN2C(=O)[C@H](CC(N)=O)N(C)C(=O)[C@@H]([C@H](C)O)NC(=O)[C@H](C)NC(=O)[C@H](CC(N)=O)NC1=O,CC=C1NC(=O)[C@H](CC(N)=O)NC(=O)C(=CC)NC(=O)[C@H](C(C)C)NC(=O)C(O)C(C(C)CCCCCCCCCCC)NC(=O)[C@@H]2CCCN2C(=O)[C@H](CC(N)=O)N(C)C(=O)[C@@H]([C@H](C)O)NC(=O)[C@H](C)NC(=O)[C@H](CC(N)=O)NC1=O,C1=3NC(=O)[C@H]5NC(=O)C=4NC(=O)[C@H]6NC(=O)C(O)C7NC(=O)[C@@H]2CCCN2C(=O)[C@H]8N(C)C(=O)[C@@H]9NC(=O)[C@H](C)NC(=O)[C@H]%10NC1=O.C7(C)CCCCCCCCCCC.C5C(N)=O.C8C(N)=O.C%10C(N)=O.C6(C)C.[C@@H]9(C)O.CC=3.C=4C
18582,safe_to_smiles != original_smiles,CO[C@H](/C=C/C=C/C(=O)N[C@H]1CCCNC(=O)[C@H](C)N(C)C(=O)[C@H](C(C)C)N(C)C1=O)[C@@H](C)O,CO[C@H](C=CC=CC(=O)N[C@H]1CCCNC(=O)[C@H](C)N(C)C(=O)[C@H](C(C)C)N(C)C1=O)[C@@H](C)O,[C@H]14CCCNC(=O)[C@H](C)N(C)C(=O)[C@H]7N(C)C1=O.[C@@H]3(C=5)[C@@H](C)O.C=6C2=O.C=5C=6.C7(C)C.CO3.N24
18583,safe_to_smiles != original_smiles,CC(C)[C@H]1C(=O)N(C)[C@@H](C)C(=O)NCCC[C@H](NC(=O)/C=C/C=C/C(=O)O)C(=O)N1C,CC(C)[C@H]1C(=O)N(C)[C@@H](C)C(=O)NCCC[C@H](NC(=O)C=CC=CC(=O)O)C(=O)N1C,[C@H]16C(=O)N(C)[C@@H](C)C(=O)NCCC[C@H]3C(=O)N1C.C2(=O)C=4.C=5C(=O)O.CC6C.C=4C=5.N23
18584,safe_to_smiles != original_smiles,COC(=O)/C=C/C=C/C(=O)N[C@H]1CCCNC(=O)[C@H](C)N(C)C(=O)[C@H](C(C)C)N(C)C1=O,COC(=O)C=CC=CC(=O)N[C@H]1CCCNC(=O)[C@H](C)N(C)C(=O)[C@H](C(C)C)N(C)C1=O,[C@H]14CCCNC(=O)[C@H](C)N(C)C(=O)[C@H]7N(C)C1=O.C2(=O)C=5.C=6C3=O.C=5C=6.C7(C)C.CO2.N34
18585,safe_to_smiles != original_smiles,CO[C@H](C)[C@H](O)/C=C/C=C/C(=O)N(C)[C@H]1CCCN(C)C(=O)[C@H](C)N(C)C(=O)[C@H](C(C)C)N(C)C1=O,CO[C@H](C)[C@H](O)C=CC=CC(=O)N(C)[C@H]1CCCN(C)C(=O)[C@H](C)N(C)C(=O)[C@H](C(C)C)N(C)C1=O,[C@H]14CCCN(C)C(=O)[C@H](C)N(C)C(=O)[C@H]7N(C)C1=O.[C@@H]3(C)[C@H](O)C=5.C=6C2=O.C=5C=6.N24C.C7(C)C.CO3
18587,safe_to_smiles != original_smiles,CN[C@H](C(=O)N[C@H](C(=O)N(C)[C@H](/C=C(\C)C(=O)O)C(C)C)C(C)(C)C)C(C)(C)c1c[nH]c2ccccc12,CN[C@H](C(=O)N[C@H](C(=O)N(C)[C@H](C=C(C)C(=O)O)C(C)C)C(C)(C)C)C(C)(C)c1c[nH]c2ccccc12,c19c[nH]c2ccccc12.[C@@H]5(C3=O)C9(C)C.[C@@H]6(C4=O)C(C)(C)C.[C@@H]7(C=8)C(C)C.C=8(C)C(=O)O.N47C.CN5.N36
18588,safe_to_smiles != original_smiles,CN[C@H](C(=O)N[C@H](C(=O)N(C)[C@H](/C=C(\C)C(=O)O)C(C)C)C(C)(C)C)C(C)(C)c1ccccc1,CN[C@H](C(=O)N[C@H](C(=O)N(C)[C@H](C=C(C)C(=O)O)C(C)C)C(C)(C)C)C(C)(C)c1ccccc1,[C@@H]4(C2=O)C8(C)C.[C@@H]5(C3=O)C(C)(C)C.[C@@H]6(C=7)C(C)C.c18ccccc1.C=7(C)C(=O)O.N36C.CN4.N25
18783,safe_to_smiles != original_smiles,C/C=C(\C)[C@@H]1OC(=O)[C@H](C)N(C)C(=O)[C@H]([C@H](C)CC)NC(=O)CN(C)C(=O)[C@@H](Cc2ccccc2)N(C)C(=O)[C@H](C)NC(=O)[C@@H]([C@@H](C)CC)OC(=O)/C(C)=C/C[C@H](O)[C@@H]1C,CC=C(C)[C@@H]1OC(=O)[C@H](C)N(C)C(=O)[C@H]([C@H](C)CC)NC(=O)CN(C)C(=O)[C@@H](Cc2ccccc2)N(C)C(=O)[C@H](C)NC(=O)[C@@H]([C@@H](C)CC)OC(=O)/C(C)=C/C[C@H](O)[C@@H]1C,C=3(C)[C@@H]1OC(=O)[C@H](C)N(C)C(=O)[C@H]4NC(=O)CN(C)C(=O)[C@@H]5N(C)C(=O)[C@H](C)NC(=O)[C@@H]6OC(=O)/C(C)=C/C[C@H](O)[C@@H]1C.c17ccccc1.[C@@H]4(C)CC.[C@H]6(C)CC.CC=3.C57
18799,safe_to_smiles != original_smiles,CC[C@H](C)[C@@H]1NC(=O)[C@H](Cc2c[nH]c3ccccc23)NC(=O)[C@H](Cc2ccccc2)NC(=O)[C@H](Cc2ccccc2)NC(=O)[C@@H]2CCCN2C(=O)[C@H](CC(C)C)NC(=O)[C@H](CC(C)C)NC(=O)[C@H](CCS(C)=O)NC1=O,CC[C@H](C)[C@@H]1NC(=O)[C@H](Cc2c[nH]c3ccccc23)NC(=O)[C@H](Cc2ccccc2)NC(=O)[C@H](Cc2ccccc2)NC(=O)[C@@H]2CCCN2C(=O)[C@H](CC(C)C)NC(=O)[C@H](CC(C)C)NC(=O)[C@H](CC[S+](C)[O-])NC1=O,[C@@H]14NC(=O)[C@H]6NC(=O)[C@H]7NC(=O)[C@H]8NC(=O)[C@@H]2CCCN2C(=O)[C@H]9NC(=O)[C@H]%10NC(=O)[C@H]%11NC1=O.c1%12c[nH]c2ccccc12.c1%13ccccc1.c15ccccc1.C%11CS(C)=O.CC[C@@H]4C.C9C(C)C.C%10C(C)C.C6%12.C7%13.C85
18800,safe_to_smiles != original_smiles,CC[C@H](C)[C@@H]1NC(=O)[C@H](C(C)C)NC(=O)[C@H](Cc2ccccc2)NC(=O)[C@H](Cc2ccccc2)NC(=O)[C@@H]2CCCN2C(=O)[C@@H]2CCCN2C(=O)[C@H]([C@@H](C)CC)NC(=O)[C@H](CC(C)C)NC(=O)[C@H](CCS(C)=O)NC1=O,CC[C@H](C)[C@@H]1NC(=O)[C@H](C(C)C)NC(=O)[C@H](Cc2ccccc2)NC(=O)[C@H](Cc2ccccc2)NC(=O)[C@@H]2CCCN2C(=O)[C@@H]2CCCN2C(=O)[C@H]([C@@H](C)CC)NC(=O)[C@H](CC(C)C)NC(=O)[C@H](CC[S+](C)[O-])NC1=O,[C@@H]13NC(=O)[C@H]4NC(=O)[C@H]5NC(=O)[C@H]6NC(=O)[C@@H]2CCCN2C(=O)[C@@H]2CCCN2C(=O)[C@H]7NC(=O)[C@H]8NC(=O)[C@H]9NC1=O.c1%10ccccc1.c1%11ccccc1.C9CS(C)=O.CC[C@@H]3C.[C@H]7(C)CC.C8C(C)C.C4(C)C.C5%10.C6%11
18801,safe_to_smiles != original_smiles,CC[C@H](C)[C@@H]1NC(=O)[C@H](Cc2ccccc2)NC(=O)[C@H](CC(C)C)NC(=O)[C@@H]2CCCN2C(=O)[C@H](Cc2ccccc2)NC(=O)[C@H](C(C)C)NC(=O)[C@H](CC(C)C)NC(=O)[C@H](CCS(C)=O)NC1=O,CC[C@H](C)[C@@H]1NC(=O)[C@H](Cc2ccccc2)NC(=O)[C@H](CC(C)C)NC(=O)[C@@H]2CCCN2C(=O)[C@H](Cc2ccccc2)NC(=O)[C@H](C(C)C)NC(=O)[C@H](CC(C)C)NC(=O)[C@H](CC[S+](C)[O-])NC1=O,[C@@H]13NC(=O)[C@H]4NC(=O)[C@H]5NC(=O)[C@@H]2CCCN2C(=O)[C@H]6NC(=O)[C@H]7NC(=O)[C@H]8NC(=O)[C@H]9NC1=O.c1%10ccccc1.c1%11ccccc1.C9CS(C)=O.CC[C@@H]3C.C5C(C)C.C8C(C)C.C7(C)C.C4%10.C6%11
18802,safe_to_smiles != original_smiles,CC(C)C[C@@H]1NC(=O)[C@H](CCS(C)=O)NC(=O)[C@H](C(C)C)NC(=O)[C@H](Cc2c[nH]c3ccccc23)NC(=O)[C@H](Cc2ccccc2)NC(=O)[C@H](Cc2ccccc2)NC(=O)[C@@H]2CCCN2C(=O)[C@H](CCS(C)=O)NC1=O,CC(C)C[C@@H]1NC(=O)[C@H](CC[S+](C)[O-])NC(=O)[C@H](C(C)C)NC(=O)[C@H](Cc2c[nH]c3ccccc23)NC(=O)[C@H](Cc2ccccc2)NC(=O)[C@H](Cc2ccccc2)NC(=O)[C@@H]2CCCN2C(=O)[C@H](CC[S+](C)[O-])NC1=O,[C@@H]14NC(=O)[C@H]6NC(=O)[C@H]7NC(=O)[C@H]8NC(=O)[C@H]9NC(=O)[C@H]%10NC(=O)[C@@H]2CCCN2C(=O)[C@H]%11NC1=O.c1%12c[nH]c2ccccc12.c1%13ccccc1.c15ccccc1.C6CS(C)=O.C%11CS(C)=O.CC(C)C4.C7(C)C.C8%12.C9%13.C%105
18803,safe_to_smiles != original_smiles,CC[C@H](C)[C@@H]1NC(=O)[C@H](Cc2c[nH]c3ccccc23)NC(=O)[C@H](Cc2ccccc2)NC(=O)[C@H](Cc2ccccc2)NC(=O)[C@@H]2CCCN2C(=O)[C@H](CCS(C)=O)NC(=O)[C@H](CC(C)C)NC(=O)[C@H](CCS(C)=O)NC1=O,CC[C@H](C)[C@@H]1NC(=O)[C@H](Cc2c[nH]c3ccccc23)NC(=O)[C@H](Cc2ccccc2)NC(=O)[C@H](Cc2ccccc2)NC(=O)[C@@H]2CCCN2C(=O)[C@H](CC[S+](C)[O-])NC(=O)[C@H](CC(C)C)NC(=O)[C@H](CC[S+](C)[O-])NC1=O,[C@@H]14NC(=O)[C@H]6NC(=O)[C@H]7NC(=O)[C@H]8NC(=O)[C@@H]2CCCN2C(=O)[C@H]9NC(=O)[C@H]%10NC(=O)[C@H]%11NC1=O.c1%12c[nH]c2ccccc12.c1%13ccccc1.c15ccccc1.C9CS(C)=O.C%11CS(C)=O.CC[C@@H]4C.C%10C(C)C.C6%12.C7%13.C85
18866,safe_to_smiles != original_smiles,COc1ccc(/C=C/C(=O)OC[C@H]2NC(=O)[C@@H](C(C)C)NC(=O)[C@H](Cc3ccccc3)NC(=O)[C@@H](C(C)C)NC(=O)[C@@H](C)NC(=O)[C@H](CO)NC(=O)[C@@H](Cc3c[nH]c4ccccc34)NC2=O)cc1,COc1ccc(C=CC(=O)OC[C@H]2NC(=O)[C@@H](C(C)C)NC(=O)[C@H](Cc3ccccc3)NC(=O)[C@@H](C(C)C)NC(=O)[C@@H](C)NC(=O)[C@H](CO)NC(=O)[C@@H](Cc3c[nH]c4ccccc34)NC2=O)cc1,[C@H]1%12NC(=O)[C@@H]%13NC(=O)[C@H]%14NC(=O)[C@@H]%15NC(=O)[C@@H](C)NC(=O)[C@H]%16NC(=O)[C@@H]6NC1=O.c18c[nH]c2ccccc12.c1%10ccc(C=%11)cc1.c17ccccc1.C=%11C5=O.C%13(C)C.C%15(C)C.CO%10.O59.C9%12.C%147.C%16O.C68
18867,safe_to_smiles != original_smiles,Cc1ccc(/C=C/C(=O)OC[C@H]2NC(=O)[C@@H](Cc3c[nH]c4ccccc34)NC(=O)[C@@H](COC(=O)/C=C/c3ccc(C)cc3)NC(=O)[C@@H](C(C)C)NC(=O)[C@H](Cc3ccccc3)NC(=O)[C@@H](C(C)C)NC(=O)[C@@H](C)NC2=O)cc1,Cc1ccc(C=CC(=O)OC[C@H]2NC(=O)[C@@H](Cc3c[nH]c4ccccc34)NC(=O)[C@@H](COC(=O)C=Cc3ccc(C)cc3)NC(=O)[C@@H](C(C)C)NC(=O)[C@H](Cc3ccccc3)NC(=O)[C@@H](C(C)C)NC(=O)[C@@H](C)NC2=O)cc1,[C@H]1%16NC(=O)[C@@H]%17NC(=O)[C@@H]%18NC(=O)[C@@H]6NC(=O)[C@H]7NC(=O)[C@@H]8NC(=O)[C@@H](C)NC1=O.c19c[nH]c2ccccc12.Cc1ccc(C=%14)cc1.C=%15c1ccc(C)cc1.c1%10ccccc1.C=%14C5=O.C%11(=O)C=%15.C6(C)C.C8(C)C.O5%12.C%12%16.C%179.C%13%18.O%11%13.C7%10
18882,safe_to_smiles != original_smiles,C/C=C(\C)[C@H]1OC(=O)[C@@H](C)NC(=O)[C@H](C(C)CC)NC(=O)CN(C)C(=O)[C@@H](Cc2ccccc2)N(C)C(=O)[C@H](C)NC(=O)[C@@H](CC(C)C)OC(=O)/C(C)=C/C[C@H](O)[C@@H]1C,CC=C(C)[C@H]1OC(=O)[C@@H](C)NC(=O)[C@H](C(C)CC)NC(=O)CN(C)C(=O)[C@@H](Cc2ccccc2)N(C)C(=O)[C@H](C)NC(=O)[C@@H](CC(C)C)OC(=O)/C(C)=C/C[C@H](O)[C@@H]1C,C=3(C)[C@H]1OC(=O)[C@@H](C)NC(=O)[C@H]4NC(=O)CN(C)C(=O)[C@@H]5N(C)C(=O)[C@H](C)NC(=O)[C@@H]6OC(=O)/C(C)=C/C[C@H](O)[C@@H]1C.c17ccccc1.C4(C)CC.C6C(C)C.CC=3.C57
18888,safe_to_smiles != original_smiles,C=CC(C)(C)n1cc(C[C@@H]2NC(=O)[C@H](C/C=C/C)NC(=O)[C@H](CC(C)C)NC(=O)[C@H](CC(C)C)N(C)C(=O)[C@H](C)NC(=O)[C@H](Cc3ccc(O)cc3)NC(=O)[C@H](CC(C)C)N(C)C2=O)c2ccccc21,C=CC(C)(C)n1cc(C[C@@H]2NC(=O)[C@H](CC=CC)NC(=O)[C@H](CC(C)C)NC(=O)[C@H](CC(C)C)N(C)C(=O)[C@H](C)NC(=O)[C@H](Cc3ccc(O)cc3)NC(=O)[C@H](CC(C)C)N(C)C2=O)c2ccccc21,[C@@H]17NC(=O)[C@H]8NC(=O)[C@H]9NC(=O)[C@H]%10N(C)C(=O)[C@H](C)NC(=O)[C@H]%11NC(=O)[C@H]%12N(C)C1=O.n16cc%13c2ccccc21.c15ccc(O)cc1.C=CC6(C)C.C9C(C)C.C%10C(C)C.C%12C(C)C.C8C=4.C7%13.C=4C.C%115
19750,safe_to_smiles != original_smiles,C/C=C1\NC(=O)[C@H](C(C)C)NC(=O)[C@H](O)[C@@H]([C@@H](C)CCCCCCCCCCC(=O)CCC)NC(=O)[C@@H]2CCCN2C(=O)[C@H](CC(N)=O)N(C)C(=O)[C@H]([C@@H](C)OC)NC(=O)[C@@H](C)NC(=O)[C@H](CCC(N)=O)NC(=O)[C@H]([C@@H](C)O)NC(=O)[C@H]([C@@H](C)O)NC1=O,CC=C1NC(=O)[C@H](C(C)C)NC(=O)[C@H](O)[C@@H]([C@@H](C)CCCCCCCCCCC(=O)CCC)NC(=O)[C@@H]2CCCN2C(=O)[C@H](CC(N)=O)N(C)C(=O)[C@H]([C@@H](C)OC)NC(=O)[C@@H](C)NC(=O)[C@H](CCC(N)=O)NC(=O)[C@H]([C@@H](C)O)NC(=O)[C@H]([C@@H](C)O)NC1=O,C1=4NC(=O)[C@H]5NC(=O)[C@H](O)[C@@H]6NC(=O)[C@@H]2CCCN2C(=O)[C@H]7N(C)C(=O)[C@H]8NC(=O)[C@@H](C)NC(=O)[C@H]9NC(=O)[C@H]%10NC(=O)[C@H]%11NC1=O.[C@H]6(C)CCCCCCCCCCC(=O)CCC.C9CC(N)=O.C7C(N)=O.C5(C)C.[C@H]38C.[C@H]%10(C)O.[C@H]%11(C)O.CC=4.O3C
19751,safe_to_smiles != original_smiles,C/C=C1\NC(=O)[C@H](C(C)C)NC(=O)[C@H](O)[C@@H]([C@@H](C)CCCCCCCCCCC(O)CCC)NC(=O)[C@@H]2CCCN2C(=O)[C@H](CC(N)=O)N(C)C(=O)[C@H]([C@@H](C)OC)NC(=O)CNC(=O)[C@H](CCC(N)=O)NC(=O)[C@H]([C@@H](C)O)NC(=O)[C@H]([C@@H](C)O)NC1=O,CC=C1NC(=O)[C@H](C(C)C)NC(=O)[C@H](O)[C@@H]([C@@H](C)CCCCCCCCCCC(O)CCC)NC(=O)[C@@H]2CCCN2C(=O)[C@H](CC(N)=O)N(C)C(=O)[C@H]([C@@H](C)OC)NC(=O)CNC(=O)[C@H](CCC(N)=O)NC(=O)[C@H]([C@@H](C)O)NC(=O)[C@H]([C@@H](C)O)NC1=O,C1=4NC(=O)[C@H]5NC(=O)[C@H](O)[C@@H]6NC(=O)[C@@H]2CCCN2C(=O)[C@H]7N(C)C(=O)[C@H]8NC(=O)CNC(=O)[C@H]9NC(=O)[C@H]%10NC(=O)[C@H]%11NC1=O.[C@H]6(C)CCCCCCCCCCC(O)CCC.C9CC(N)=O.C7C(N)=O.C5(C)C.[C@H]38C.[C@H]%10(C)O.[C@H]%11(C)O.CC=4.O3C
19752,safe_to_smiles != original_smiles,C/C=C1\NC(=O)[C@H](C(C)C)NC(=O)[C@H](O)[C@@H]([C@@H](C)CCCCCCCCCCC(=O)CCC)NC(=O)[C@@H]2CCCN2C(=O)[C@H](CC(N)=O)N(C)C(=O)[C@H]([C@@H](C)OC)NC(=O)CNC(=O)[C@H](CCC(N)=O)NC(=O)[C@H](C(C)C)NC(=O)[C@H]([C@@H](C)O)NC1=O,CC=C1NC(=O)[C@H](C(C)C)NC(=O)[C@H](O)[C@@H]([C@@H](C)CCCCCCCCCCC(=O)CCC)NC(=O)[C@@H]2CCCN2C(=O)[C@H](CC(N)=O)N(C)C(=O)[C@H]([C@@H](C)OC)NC(=O)CNC(=O)[C@H](CCC(N)=O)NC(=O)[C@H](C(C)C)NC(=O)[C@H]([C@@H](C)O)NC1=O,C1=4NC(=O)[C@H]5NC(=O)[C@H](O)[C@@H]6NC(=O)[C@@H]2CCCN2C(=O)[C@H]7N(C)C(=O)[C@H]8NC(=O)CNC(=O)[C@H]9NC(=O)[C@H]%10NC(=O)[C@H]%11NC1=O.[C@H]6(C)CCCCCCCCCCC(=O)CCC.C9CC(N)=O.C7C(N)=O.C5(C)C.[C@H]38C.C%10(C)C.[C@H]%11(C)O.CC=4.O3C
19753,safe_to_smiles != original_smiles,C/C=C1\NC(=O)[C@H](C(C)C)NC(=O)[C@H](O)[C@@H]([C@@H](C)CCCCCCCCCCC(=O)CCC)NC(=O)[C@@H]2CCCN2C(=O)[C@H](CC(N)=O)N(C)C(=O)[C@H]([C@@H](C)OC)NC(=O)[C@@H](C)NC(=O)[C@H](CCC(N)=O)NC(=O)[C@H](C(C)C)NC(=O)[C@H]([C@@H](C)O)NC1=O,CC=C1NC(=O)[C@H](C(C)C)NC(=O)[C@H](O)[C@@H]([C@@H](C)CCCCCCCCCCC(=O)CCC)NC(=O)[C@@H]2CCCN2C(=O)[C@H](CC(N)=O)N(C)C(=O)[C@H]([C@@H](C)OC)NC(=O)[C@@H](C)NC(=O)[C@H](CCC(N)=O)NC(=O)[C@H](C(C)C)NC(=O)[C@H]([C@@H](C)O)NC1=O,C1=4NC(=O)[C@H]5NC(=O)[C@H](O)[C@@H]6NC(=O)[C@@H]2CCCN2C(=O)[C@H]7N(C)C(=O)[C@H]8NC(=O)[C@@H](C)NC(=O)[C@H]9NC(=O)[C@H]%10NC(=O)[C@H]%11NC1=O.[C@H]6(C)CCCCCCCCCCC(=O)CCC.C9CC(N)=O.C7C(N)=O.C5(C)C.[C@H]38C.C%10(C)C.[C@H]%11(C)O.CC=4.O3C
20254,safe_to_smiles != original_smiles,N=C(N)NCC/C=C(\NC(=O)[C@H](CCCCN)NC(=O)[C@H](Cc1ccccc1F)NC(=O)[C@@H]1CCCN1C(=O)[C@@H](CCCN)NC(=O)CNC(=O)[C@H](CCN)NC(=O)[C@@H](NC(=O)[C@@H](N)CCCCN)[C@@H](O)CN)C(=O)O,N=C(N)NCCC=C(NC(=O)[C@H](CCCCN)NC(=O)[C@H](Cc1ccccc1F)NC(=O)[C@@H]1CCCN1C(=O)[C@@H](CCCN)NC(=O)CNC(=O)[C@H](CCN)NC(=O)[C@@H](NC(=O)[C@@H](N)CCCCN)[C@@H](O)CN)C(=O)O,C2(=O)[C@@H]3CCCCN.C%18(=O)[C@@H](N)CCCCN.C%14(=O)[C@H]5CCCN.C%17(=O)[C@@H]8[C@@H](O)CN.c1%11ccccc1F.C%16(=O)[C@@H]7CCN.C=%10(N2)C(=O)O.C%12(=O)[C@@H]4C%11.[C@@H]19CCCN1%14.N=C(N)N%19.C%19CC=%10.C%15(=O)C6.C%139=O.N%123.N%134.N%155.N%166.N%177.N%188
20255,safe_to_smiles != original_smiles,C[C@H](NC(=O)[C@@H](NC(=O)[C@@H](N)CCCCN)[C@@H](O)CN)C(=O)NCC(=O)N[C@H](CCCN)C(=O)N1CCC[C@H]1C(=O)N[C@@H](Cc1cnc[nH]1)C(=O)N[C@@H](CCCCN)C(=O)N/C(=C\CCNC(=N)N)C(=O)O,C[C@H](NC(=O)[C@@H](NC(=O)[C@@H](N)CCCCN)[C@@H](O)CN)C(=O)NCC(=O)N[C@H](CCCN)C(=O)N1CCC[C@H]1C(=O)N[C@@H](Cc1cnc[nH]1)C(=O)N[C@@H](CCCCN)C(=O)NC(=CCCNC(=N)N)C(=O)O,C%12(=O)[C@@H](N)CCCCN.[C@H]7(CCCCN)C%18=O.C2(=O)[C@@H]3[C@@H](O)CN.[C@@H]5(CCCN)C%15=O.N1%15CCC[C@H]19.[C@H]6(C%11)C%17=O.N%18C=%10C(=O)O.C[C@H]%19C%13=O.c1%11cnc[nH]1.C4C%14=O.C=%10CC8.N8C(=N)N.C%169=O.N2%19.N%123.N%134.N%145.N%166.N%177
20256,safe_to_smiles != original_smiles,N=C(N)NCC/C=C(\NC(=O)[C@H](CCCCN)NC(=O)[C@H](Cc1cnc[nH]1)NC(=O)[C@@H]1CCCN1C(=O)[C@@H](CCCN)NC(=O)CNC(=O)[C@@H](NC(=O)[C@@H](NC(=O)[C@@H](N)CCCCN)[C@@H](O)CN)[C@@H](O)CN)C(=O)N[C@@H](CCCCN)C(=O)NCCCCN,N=C(N)NCCC=C(NC(=O)[C@H](CCCCN)NC(=O)[C@H](Cc1cnc[nH]1)NC(=O)[C@@H]1CCCN1C(=O)[C@@H](CCCN)NC(=O)CNC(=O)[C@@H](NC(=O)[C@@H](NC(=O)[C@@H](N)CCCCN)[C@@H](O)CN)[C@@H](O)CN)C(=O)N[C@@H](CCCCN)C(=O)NCCCCN,C2(=O)[C@@H]5CCCCN.C%22(=O)[C@@H](N)CCCCN.[C@H]%11(CCCCN)C3=O.C%18(=O)[C@H]7CCCN.C%20(=O)[C@@H]9[C@@H](O)CN.C%21(=O)[C@@H]%10[C@@H](O)CN.C=%15(N2)C%23=O.C%13(=O)[C@@H]6C%16.[C@@H]1%14CCCN1%18.c1%16cnc[nH]1.C%12CCCN.N=C(N)N4.C4CC=%15.C%19(=O)C8.C%17%14=O.N%135.N%176.N%197.N%208.N%219.N%22%10.N%23%11.N3%12
20264,safe_to_smiles != original_smiles,C[C@H](N)C(=O)N[C@H](C(=O)N[C@H](C(=O)NCC(=O)N[C@H](CCCN)C(=O)N1CCC[C@H]1C(=O)N[C@@H](Cc1cnc[nH]1)C(=O)N[C@@H](CCCCN)C(=O)N/C(=C\CCNC(=N)N)C(=O)N[C@@H](CCCCN)C(=O)NCCCCN)[C@@H](O)CN)[C@@H](O)CN,C[C@H](N)C(=O)N[C@H](C(=O)N[C@H](C(=O)NCC(=O)N[C@H](CCCN)C(=O)N1CCC[C@H]1C(=O)N[C@@H](Cc1cnc[nH]1)C(=O)N[C@@H](CCCCN)C(=O)NC(=CCCNC(=N)N)C(=O)N[C@@H](CCCCN)C(=O)NCCCCN)[C@@H](O)CN)[C@@H](O)CN,[C@H]9(CCCCN)C%22=O.[C@H]%11(CCCCN)C3=O.[C@@H]4(C%13=O)[C@@H](O)CN.[C@@H]5(C%17=O)[C@@H](O)CN.[C@@H]7(CCCN)C%19=O.N1%19CCC[C@H]1%14.[C@H]8(C%16)C%21=O.N%22C=%15C%23=O.C[C@H](N)C2=O.c1%16cnc[nH]1.C%12CCCN.C6C%18=O.C=%15CC%10.N%10C(=N)N.C%20%14=O.N24.N%135.N%176.N%187.N%208.N%219.N%23%11.N3%12
20265,safe_to_smiles != original_smiles,C[C@H](NC(=O)[C@@H](N)CCCCN)C(=O)N[C@H](C(=O)NCC(=O)N[C@H](CCCN)C(=O)N1CCC[C@H]1C(=O)N[C@@H](Cc1cnc[nH]1)C(=O)N[C@@H](CCCCN)C(=O)N/C(=C\CCNC(=N)N)C(=O)N[C@@H](CCCCN)C(=O)NCCCCN)[C@@H](O)CN,C[C@H](NC(=O)[C@@H](N)CCCCN)C(=O)N[C@H](C(=O)NCC(=O)N[C@H](CCCN)C(=O)N1CCC[C@H]1C(=O)N[C@@H](Cc1cnc[nH]1)C(=O)N[C@@H](CCCCN)C(=O)NC(=CCCNC(=N)N)C(=O)N[C@@H](CCCCN)C(=O)NCCCCN)[C@@H](O)CN,C2(=O)[C@@H](N)CCCCN.[C@H]9(CCCCN)C%22=O.[C@H]%11(CCCCN)C3=O.[C@@H]5(C%17=O)[C@@H](O)CN.[C@@H]7(CCCN)C%19=O.N1%19CCC[C@H]1%14.[C@H]8(C%16)C%21=O.N%22C=%15C%23=O.C[C@H]4C%13=O.c1%16cnc[nH]1.C%12CCCN.C6C%18=O.C=%15CC%10.N%10C(=N)N.C%20%14=O.N24.N%135.N%176.N%187.N%208.N%219.N%23%11.N3%12
20266,safe_to_smiles != original_smiles,C[C@@H](NC(=O)CNC(=O)[C@@H](NC(=O)[C@@H](NC(=O)[C@@H](N)CCCCN)[C@@H](O)CN)[C@@H](O)CN)C(=O)N1CCC[C@H]1C(=O)N[C@@H](Cc1cnc[nH]1)C(=O)N[C@@H](CCCCN)C(=O)N/C(=C\CCNC(=N)N)C(=O)N[C@@H](CCCCN)C(=O)NCCCCN,C[C@@H](NC(=O)CNC(=O)[C@@H](NC(=O)[C@@H](NC(=O)[C@@H](N)CCCCN)[C@@H](O)CN)[C@@H](O)CN)C(=O)N1CCC[C@H]1C(=O)N[C@@H](Cc1cnc[nH]1)C(=O)N[C@@H](CCCCN)C(=O)NC(=CCCNC(=N)N)C(=O)N[C@@H](CCCCN)C(=O)NCCCCN,C%18(=O)[C@@H](N)CCCCN.[C@H]9(CCCCN)C%22=O.[C@H]%11(CCCCN)C3=O.C%13(=O)[C@@H]6[C@@H](O)CN.C%17(=O)[C@@H]7[C@@H](O)CN.N1%19CCC[C@H]1%14.[C@H]8(C%16)C%21=O.N%22C=%15C%23=O.C[C@@H]4C%19=O.c1%16cnc[nH]1.C%12CCCN.C2(=O)C5.C=%15CC%10.N%10C(=N)N.C%20%14=O.N24.N%135.N%176.N%187.N%208.N%219.N%23%11.N3%12
20267,safe_to_smiles != original_smiles,C[C@H](NC(=O)[C@@H](CCCN)NC(=O)CNC(=O)[C@@H](NC(=O)[C@@H](NC(=O)[C@@H](N)CCCCN)[C@@H](O)CN)[C@@H](O)CN)C(=O)N[C@@H](Cc1cnc[nH]1)C(=O)N[C@@H](CCCCN)C(=O)N/C(=C\CCNC(=N)N)C(=O)N[C@@H](CCCCN)C(=O)NCCCCN,C[C@H](NC(=O)[C@@H](CCCN)NC(=O)CNC(=O)[C@@H](NC(=O)[C@@H](NC(=O)[C@@H](N)CCCCN)[C@@H](O)CN)[C@@H](O)CN)C(=O)N[C@@H](Cc1cnc[nH]1)C(=O)N[C@@H](CCCCN)C(=O)NC(=CCCNC(=N)N)C(=O)N[C@@H](CCCCN)C(=O)NCCCCN,C%19(=O)[C@@H](N)CCCCN.[C@H]%10(CCCCN)C%22=O.[C@H]%12(CCCCN)C3=O.C2(=O)[C@H]5CCCN.C%17(=O)[C@@H]7[C@@H](O)CN.C%18(=O)[C@@H]8[C@@H](O)CN.[C@H]9(C%16)C%21=O.N%22C=%15C%23=O.C[C@H]4C%20=O.c1%16cnc[nH]1.C%14CCCN.C%13(=O)C6.C=%15CC%11.N%11C(=N)N.N24.N%135.N%176.N%187.N%198.N%209.N%21%10.N%23%12.N3%14
20268,safe_to_smiles != original_smiles,C[C@H](NC(=O)[C@@H]1CCCN1C(=O)[C@@H](CCCN)NC(=O)CNC(=O)[C@@H](NC(=O)[C@@H](NC(=O)[C@@H](N)CCCCN)[C@@H](O)CN)[C@@H](O)CN)C(=O)N[C@@H](CCCCN)C(=O)N/C(=C\CCNC(=N)N)C(=O)N[C@@H](CCCCN)C(=O)NCCCCN,C[C@H](NC(=O)[C@@H]1CCCN1C(=O)[C@@H](CCCN)NC(=O)CNC(=O)[C@@H](NC(=O)[C@@H](NC(=O)[C@@H](N)CCCCN)[C@@H](O)CN)[C@@H](O)CN)C(=O)N[C@@H](CCCCN)C(=O)NC(=CCCNC(=N)N)C(=O)N[C@@H](CCCCN)C(=O)NCCCCN,C%19(=O)[C@@H](N)CCCCN.[C@H]9(CCCCN)C%21=O.[C@H]%11(CCCCN)C3=O.C%13(=O)[C@H]5CCCN.C%17(=O)[C@@H]7[C@@H](O)CN.C%18(=O)[C@@H]8[C@@H](O)CN.[C@@H]1%14CCCN1%13.N%21C=%15C%22=O.C[C@H]4C%20=O.C%12CCCN.C%16(=O)C6.C=%15CC%10.N%10C(=N)N.C2%14=O.N24.N%165.N%176.N%187.N%198.N%209.N%22%11.N3%12
20269,safe_to_smiles != original_smiles,C[C@H](NC(=O)[C@H](Cc1cnc[nH]1)NC(=O)[C@@H]1CCCN1C(=O)[C@@H](CCCN)NC(=O)CNC(=O)[C@@H](NC(=O)[C@@H](NC(=O)[C@@H](N)CCCCN)[C@@H](O)CN)[C@@H](O)CN)C(=O)N/C(=C\CCNC(=N)N)C(=O)N[C@@H](CCCCN)C(=O)NCCCCN,C[C@H](NC(=O)[C@H](Cc1cnc[nH]1)NC(=O)[C@@H]1CCCN1C(=O)[C@@H](CCCN)NC(=O)CNC(=O)[C@@H](NC(=O)[C@@H](NC(=O)[C@@H](N)CCCCN)[C@@H](O)CN)[C@@H](O)CN)C(=O)NC(=CCCNC(=N)N)C(=O)N[C@@H](CCCCN)C(=O)NCCCCN,C%21(=O)[C@@H](N)CCCCN.[C@H]%11(CCCCN)C3=O.C%17(=O)[C@H]6CCCN.C%19(=O)[C@@H]8[C@@H](O)CN.C%20(=O)[C@@H]9[C@@H](O)CN.C2(=O)[C@@H]5C%16.[C@@H]1%14CCCN1%17.N%22C=%15C%23=O.C[C@H]4C%22=O.c1%16cnc[nH]1.C%12CCCN.C%18(=O)C7.C=%15CC%10.N%10C(=N)N.C%13%14=O.N24.N%135.N%186.N%197.N%208.N%219.N%23%11.N3%12
20271,safe_to_smiles != original_smiles,C[C@H](NC(=O)/C(=C/CCNC(=N)N)NC(=O)[C@H](CCCCN)NC(=O)[C@H](Cc1cnc[nH]1)NC(=O)[C@@H]1CCCN1C(=O)[C@@H](CCCN)NC(=O)CNC(=O)[C@@H](NC(=O)[C@@H](NC(=O)[C@@H](N)CCCCN)[C@@H](O)CN)[C@@H](O)CN)C(=O)NCCCCN,C[C@H](NC(=O)C(=CCCNC(=N)N)NC(=O)[C@H](CCCCN)NC(=O)[C@H](Cc1cnc[nH]1)NC(=O)[C@@H]1CCCN1C(=O)[C@@H](CCCN)NC(=O)CNC(=O)[C@@H](NC(=O)[C@@H](NC(=O)[C@@H](N)CCCCN)[C@@H](O)CN)[C@@H](O)CN)C(=O)NCCCCN,C%13(=O)[C@@H]6CCCCN.C%23(=O)[C@@H](N)CCCCN.C%19(=O)[C@H]8CCCN.C%21(=O)[C@@H]%10[C@@H](O)CN.C%22(=O)[C@@H]%11[C@@H](O)CN.C2(=O)C=%15N%13.C%17(=O)[C@@H]7C%16.[C@@H]1%14CCCN1%19.C[C@H]4C3=O.c1%16cnc[nH]1.C%12CCCN.C=%15CC5.N5C(=N)N.C%20(=O)C9.C%18%14=O.N24.N%176.N%187.N%208.N%219.N%22%10.N%23%11.N3%12
20272,safe_to_smiles != original_smiles,N=C(N)NCC/C=C(\NC(=O)[C@H](CCCCN)NC(=O)[C@H](Cc1cnc[nH]1)NC(=O)[C@@H]1CCCN1C(=O)[C@@H](CCCN)NC(=O)CNC(=O)[C@@H](NC(=O)[C@@H](NC(=O)[C@@H](N)CCCCN)[C@@H](O)CN)[C@@H](O)CN)C(=O)N[C@@H](CCCCN)C(=O)O,N=C(N)NCCC=C(NC(=O)[C@H](CCCCN)NC(=O)[C@H](Cc1cnc[nH]1)NC(=O)[C@@H]1CCCN1C(=O)[C@@H](CCCN)NC(=O)CNC(=O)[C@@H](NC(=O)[C@@H](NC(=O)[C@@H](N)CCCCN)[C@@H](O)CN)[C@@H](O)CN)C(=O)N[C@@H](CCCCN)C(=O)O,C2(=O)[C@@H]4CCCCN.C%20(=O)[C@@H](N)CCCCN.[C@H]%10(CCCCN)C(=O)O.C%16(=O)[C@H]6CCCN.C%18(=O)[C@@H]8[C@@H](O)CN.C%19(=O)[C@@H]9[C@@H](O)CN.C=%12(N2)C%21=O.C%13(=O)[C@@H]5C%14.[C@@H]1%11CCCN1%16.c1%14cnc[nH]1.N=C(N)N3.C3CC=%12.C%17(=O)C7.C%15%11=O.N%134.N%155.N%176.N%187.N%198.N%209.N%21%10
20273,safe_to_smiles != original_smiles,N=C(N)NCC/C=C(\NC(=O)[C@H](CCCCN)NC(=O)[C@H](Cc1c[nH]cn1)NC(=O)[C@@H]1CCCN1C(=O)[C@@H](CCCN)NC(=O)CNC(=O)[C@@H](NC(=O)[C@H](CCN)NC(=O)[C@@H](N)CCCCN)[C@@H](O)CN)C(=O)N[C@@H](CCCCN)C(=O)NCCCCN,N=C(N)NCCC=C(NC(=O)[C@H](CCCCN)NC(=O)[C@H](Cc1c[nH]cn1)NC(=O)[C@@H]1CCCN1C(=O)[C@@H](CCCN)NC(=O)CNC(=O)[C@@H](NC(=O)[C@H](CCN)NC(=O)[C@@H](N)CCCCN)[C@@H](O)CN)C(=O)N[C@@H](CCCCN)C(=O)NCCCCN,C2(=O)[C@@H]5CCCCN.C%22(=O)[C@@H](N)CCCCN.[C@H]%11(CCCCN)C3=O.C%18(=O)[C@H]7CCCN.C%20(=O)[C@@H]9[C@@H](O)CN.C%21(=O)[C@@H]%10CCN.C=%15(N2)C%23=O.C%13(=O)[C@@H]6C%16.[C@@H]1%14CCCN1%18.c1%16c[nH]cn1.C%12CCCN.N=C(N)N4.C4CC=%15.C%19(=O)C8.C%17%14=O.N%135.N%176.N%197.N%208.N%219.N%22%10.N%23%11.N3%12
20274,safe_to_smiles != original_smiles,C[C@H](O)[C@H](NC(=O)[C@@H](N)CCCCN)C(=O)N[C@H](C(=O)NCC(=O)N[C@H](CCCN)C(=O)N1CCC[C@H]1C(=O)N[C@@H](Cc1c[nH]cn1)C(=O)N[C@@H](CCCCN)C(=O)N/C(=C\CCNC(=N)N)C(=O)N[C@@H](CCCCN)C(=O)NCCCCN)[C@@H](O)CN,C[C@H](O)[C@H](NC(=O)[C@@H](N)CCCCN)C(=O)N[C@H](C(=O)NCC(=O)N[C@H](CCCN)C(=O)N1CCC[C@H]1C(=O)N[C@@H](Cc1c[nH]cn1)C(=O)N[C@@H](CCCCN)C(=O)NC(=CCCNC(=N)N)C(=O)N[C@@H](CCCCN)C(=O)NCCCCN)[C@@H](O)CN,C2(=O)[C@@H](N)CCCCN.[C@H]9(CCCCN)C%22=O.[C@H]%11(CCCCN)C3=O.[C@@H]5(C%17=O)[C@@H](O)CN.[C@@H]7(CCCN)C%19=O.C[C@H](O)[C@H]4C%13=O.N1%19CCC[C@H]1%14.[C@H]8(C%16)C%21=O.N%22C=%15C%23=O.c1%16c[nH]cn1.C%12CCCN.C6C%18=O.C=%15CC%10.N%10C(=N)N.C%20%14=O.N24.N%135.N%176.N%187.N%208.N%219.N%23%11.N3%12
20275,safe_to_smiles != original_smiles,N=C(N)NCC/C=C(\NC(=O)[C@H](CCCCN)NC(=O)[C@H](Cc1cnc[nH]1)NC(=O)[C@@H]1CCCN1C(=O)[C@@H](CCCN)NC(=O)CNC(=O)[C@@H](NC(=O)[C@H](CO)NC(=O)[C@@H](N)CCCCN)[C@@H](O)CN)C(=O)N[C@@H](CCCCN)C(=O)NCCCCN,N=C(N)NCCC=C(NC(=O)[C@H](CCCCN)NC(=O)[C@H](Cc1cnc[nH]1)NC(=O)[C@@H]1CCCN1C(=O)[C@@H](CCCN)NC(=O)CNC(=O)[C@@H](NC(=O)[C@H](CO)NC(=O)[C@@H](N)CCCCN)[C@@H](O)CN)C(=O)N[C@@H](CCCCN)C(=O)NCCCCN,C2(=O)[C@@H]5CCCCN.C%22(=O)[C@@H](N)CCCCN.[C@H]%11(CCCCN)C3=O.C%18(=O)[C@H]7CCCN.C%20(=O)[C@@H]9[C@@H](O)CN.C=%15(N2)C%23=O.C%13(=O)[C@@H]6C%16.[C@@H]1%14CCCN1%18.C%21(=O)[C@@H]%10CO.c1%16cnc[nH]1.C%12CCCN.N=C(N)N4.C4CC=%15.C%19(=O)C8.C%17%14=O.N%135.N%176.N%197.N%208.N%219.N%22%10.N%23%11.N3%12
20276,safe_to_smiles != original_smiles,N=C(N)NCC/C=C(\NC(=O)[C@H](CCCCN)NC(=O)[C@H](Cc1cnc[nH]1)NC(=O)[C@@H]1CCCN1C(=O)[C@@H](CCCN)NC(=O)CNC(=O)[C@H](CCN)NC(=O)[C@@H](NC(=O)[C@@H](N)CCCCN)[C@@H](O)CN)C(=O)N[C@@H](CCCCN)C(=O)NCCCCN,N=C(N)NCCC=C(NC(=O)[C@H](CCCCN)NC(=O)[C@H](Cc1cnc[nH]1)NC(=O)[C@@H]1CCCN1C(=O)[C@@H](CCCN)NC(=O)CNC(=O)[C@H](CCN)NC(=O)[C@@H](NC(=O)[C@@H](N)CCCCN)[C@@H](O)CN)C(=O)N[C@@H](CCCCN)C(=O)NCCCCN,C2(=O)[C@@H]5CCCCN.C%22(=O)[C@@H](N)CCCCN.[C@H]%11(CCCCN)C3=O.C%18(=O)[C@H]7CCCN.C%21(=O)[C@@H]%10[C@@H](O)CN.C%20(=O)[C@@H]9CCN.C=%15(N2)C%23=O.C%13(=O)[C@@H]6C%16.[C@@H]1%14CCCN1%18.c1%16cnc[nH]1.C%12CCCN.N=C(N)N4.C4CC=%15.C%19(=O)C8.C%17%14=O.N%135.N%176.N%197.N%208.N%219.N%22%10.N%23%11.N3%12
20277,safe_to_smiles != original_smiles,C[C@H](O)[C@H](NC(=O)[C@@H](NC(=O)[C@@H](N)CCCCN)[C@@H](O)CN)C(=O)NCC(=O)N[C@H](CCCN)C(=O)N1CCC[C@H]1C(=O)N[C@@H](Cc1cnc[nH]1)C(=O)N[C@@H](CCCCN)C(=O)N/C(=C\CCNC(=N)N)C(=O)N[C@@H](CCCCN)C(=O)NCCCCN,C[C@H](O)[C@H](NC(=O)[C@@H](NC(=O)[C@@H](N)CCCCN)[C@@H](O)CN)C(=O)NCC(=O)N[C@H](CCCN)C(=O)N1CCC[C@H]1C(=O)N[C@@H](Cc1cnc[nH]1)C(=O)N[C@@H](CCCCN)C(=O)NC(=CCCNC(=N)N)C(=O)N[C@@H](CCCCN)C(=O)NCCCCN,C%13(=O)[C@@H](N)CCCCN.[C@H]9(CCCCN)C%22=O.[C@H]%11(CCCCN)C3=O.C2(=O)[C@@H]5[C@@H](O)CN.[C@@H]7(CCCN)C%19=O.C[C@H](O)[C@H]4C%17=O.N1%19CCC[C@H]1%14.[C@H]8(C%16)C%21=O.N%22C=%15C%23=O.c1%16cnc[nH]1.C%12CCCN.C6C%18=O.C=%15CC%10.N%10C(=N)N.C%20%14=O.N24.N%135.N%176.N%187.N%208.N%219.N%23%11.N3%12
20278,safe_to_smiles != original_smiles,N=C(N)NCC/C=C(\NC(=O)[C@H](CCCCN)NC(=O)[C@H](Cc1cnc[nH]1)NC(=O)[C@@H]1CCCN1C(=O)[C@@H](CCCN)NC(=O)CNC(=O)[C@H](CO)NC(=O)[C@@H](NC(=O)[C@@H](N)CCCCN)[C@@H](O)CN)C(=O)N[C@@H](CCCCN)C(=O)NCCCCN,N=C(N)NCCC=C(NC(=O)[C@H](CCCCN)NC(=O)[C@H](Cc1cnc[nH]1)NC(=O)[C@@H]1CCCN1C(=O)[C@@H](CCCN)NC(=O)CNC(=O)[C@H](CO)NC(=O)[C@@H](NC(=O)[C@@H](N)CCCCN)[C@@H](O)CN)C(=O)N[C@@H](CCCCN)C(=O)NCCCCN,C2(=O)[C@@H]5CCCCN.C%22(=O)[C@@H](N)CCCCN.[C@H]%11(CCCCN)C3=O.C%18(=O)[C@H]7CCCN.C%21(=O)[C@@H]%10[C@@H](O)CN.C=%15(N2)C%23=O.C%13(=O)[C@@H]6C%16.[C@@H]1%14CCCN1%18.C%20(=O)[C@@H]9CO.c1%16cnc[nH]1.C%12CCCN.N=C(N)N4.C4CC=%15.C%19(=O)C8.C%17%14=O.N%135.N%176.N%197.N%208.N%219.N%22%10.N%23%11.N3%12
20279,safe_to_smiles != original_smiles,N=C(N)NCC/C=C(\NC(=O)[C@H](CCCCN)NC(=O)[C@H](Cc1c[nH]cn1)NC(=O)[C@@H]1CCCN1C(=O)[C@@H](CCCN)NC(=O)CNC(=O)CNC(=O)[C@@H](NC(=O)[C@@H](N)CCCCN)[C@@H](O)CN)C(=O)N[C@@H](CCCCN)C(=O)NCCCCN,N=C(N)NCCC=C(NC(=O)[C@H](CCCCN)NC(=O)[C@H](Cc1c[nH]cn1)NC(=O)[C@@H]1CCCN1C(=O)[C@@H](CCCN)NC(=O)CNC(=O)CNC(=O)[C@@H](NC(=O)[C@@H](N)CCCCN)[C@@H](O)CN)C(=O)N[C@@H](CCCCN)C(=O)NCCCCN,C2(=O)[C@@H]5CCCCN.C%22(=O)[C@@H](N)CCCCN.[C@H]%11(CCCCN)C3=O.C%18(=O)[C@H]7CCCN.C%21(=O)[C@@H]%10[C@@H](O)CN.C=%15(N2)C%23=O.C%13(=O)[C@@H]6C%16.[C@@H]1%14CCCN1%18.c1%16c[nH]cn1.C%12CCCN.N=C(N)N4.C4CC=%15.C%19(=O)C8.C%20(=O)C9.C%17%14=O.N%135.N%176.N%197.N%208.N%219.N%22%10.N%23%11.N3%12
20280,safe_to_smiles != original_smiles,CC(C)[C@H](NC(=O)[C@@H](NC(=O)[C@@H](N)CCCCN)[C@@H](O)CN)C(=O)NCC(=O)N[C@H](CCCN)C(=O)N1CCC[C@H]1C(=O)N[C@@H](Cc1c[nH]cn1)C(=O)N[C@@H](CCCCN)C(=O)N/C(=C\CCNC(=N)N)C(=O)N[C@@H](CCCCN)C(=O)NCCCCN,CC(C)[C@H](NC(=O)[C@@H](NC(=O)[C@@H](N)CCCCN)[C@@H](O)CN)C(=O)NCC(=O)N[C@H](CCCN)C(=O)N1CCC[C@H]1C(=O)N[C@@H](Cc1c[nH]cn1)C(=O)N[C@@H](CCCCN)C(=O)NC(=CCCNC(=N)N)C(=O)N[C@@H](CCCCN)C(=O)NCCCCN,C%13(=O)[C@@H](N)CCCCN.[C@H]9(CCCCN)C%22=O.[C@H]%11(CCCCN)C3=O.C2(=O)[C@@H]5[C@@H](O)CN.[C@@H]7(CCCN)C%19=O.CC(C)[C@H]4C%17=O.N1%19CCC[C@H]1%14.[C@H]8(C%16)C%21=O.N%22C=%15C%23=O.c1%16c[nH]cn1.C%12CCCN.C6C%18=O.C=%15CC%10.N%10C(=N)N.C%20%14=O.N24.N%135.N%176.N%187.N%208.N%219.N%23%11.N3%12
20281,safe_to_smiles != original_smiles,CC[C@H](NC(=O)[C@@H](NC(=O)[C@@H](N)CCCCN)[C@@H](O)CN)C(=O)NCC(=O)N[C@H](CCCN)C(=O)N1CCC[C@H]1C(=O)N[C@@H](Cc1c[nH]cn1)C(=O)N[C@@H](CCCCN)C(=O)N/C(=C\CCNC(=N)N)C(=O)N[C@@H](CCCCN)C(=O)NCCCCN,CC[C@H](NC(=O)[C@@H](NC(=O)[C@@H](N)CCCCN)[C@@H](O)CN)C(=O)NCC(=O)N[C@H](CCCN)C(=O)N1CCC[C@H]1C(=O)N[C@@H](Cc1c[nH]cn1)C(=O)N[C@@H](CCCCN)C(=O)NC(=CCCNC(=N)N)C(=O)N[C@@H](CCCCN)C(=O)NCCCCN,C%13(=O)[C@@H](N)CCCCN.[C@H]9(CCCCN)C%22=O.[C@H]%11(CCCCN)C3=O.C2(=O)[C@@H]5[C@@H](O)CN.[C@@H]7(CCCN)C%19=O.CC[C@H]4C%17=O.N1%19CCC[C@H]1%14.[C@H]8(C%16)C%21=O.N%22C=%15C%23=O.c1%16c[nH]cn1.C%12CCCN.C6C%18=O.C=%15CC%10.N%10C(=N)N.C%20%14=O.N24.N%135.N%176.N%187.N%208.N%219.N%23%11.N3%12
20282,safe_to_smiles != original_smiles,C/C=C(\NC(=O)[C@H](CCCCN)NC(=O)[C@H](Cc1cnc[nH]1)NC(=O)[C@@H]1CCCN1C(=O)[C@@H](CCCN)NC(=O)CNC(=O)[C@@H](NC(=O)[C@@H](NC(=O)[C@@H](N)CCCCN)[C@@H](O)CN)[C@@H](O)CN)C(=O)N[C@@H](CCCCN)C(=O)NCCCCN,CC=C(NC(=O)[C@H](CCCCN)NC(=O)[C@H](Cc1cnc[nH]1)NC(=O)[C@@H]1CCCN1C(=O)[C@@H](CCCN)NC(=O)CNC(=O)[C@@H](NC(=O)[C@@H](NC(=O)[C@@H](N)CCCCN)[C@@H](O)CN)[C@@H](O)CN)C(=O)N[C@@H](CCCCN)C(=O)NCCCCN,C2(=O)[C@@H]4CCCCN.C%21(=O)[C@@H](N)CCCCN.[C@H]%10(CCCCN)C3=O.C%17(=O)[C@H]6CCCN.C%19(=O)[C@@H]8[C@@H](O)CN.C%20(=O)[C@@H]9[C@@H](O)CN.C=%14(N2)C%22=O.C%13(=O)[C@@H]5C%15.[C@@H]1%12CCCN1%17.c1%15cnc[nH]1.C%11CCCN.C%18(=O)C7.C%16%12=O.CC=%14.N%134.N%165.N%186.N%197.N%208.N%219.N%22%10.N3%11
20285,safe_to_smiles != original_smiles,N=C(N)NCC/C=C(\NC(=O)[C@H](CCCCN)NC(=O)[C@H](Cc1cnc[nH]1)NC(=O)[C@@H]1CCCN1C(=O)[C@@H](CCCN)NC(=O)CNC(=O)[C@@H](NC(=O)[C@@H](NC(=O)[C@@H](N)CCCCN)[C@@H](O)CN)[C@@H](O)CN)C(=O)O,N=C(N)NCCC=C(NC(=O)[C@H](CCCCN)NC(=O)[C@H](Cc1cnc[nH]1)NC(=O)[C@@H]1CCCN1C(=O)[C@@H](CCCN)NC(=O)CNC(=O)[C@@H](NC(=O)[C@@H](NC(=O)[C@@H](N)CCCCN)[C@@H](O)CN)[C@@H](O)CN)C(=O)O,C2(=O)[C@@H]3CCCCN.C%18(=O)[C@@H](N)CCCCN.C%14(=O)[C@H]5CCCN.C%16(=O)[C@@H]7[C@@H](O)CN.C%17(=O)[C@@H]8[C@@H](O)CN.C=%10(N2)C(=O)O.C%12(=O)[C@@H]4C%11.[C@@H]19CCCN1%14.c1%11cnc[nH]1.N=C(N)N%19.C%19CC=%10.C%15(=O)C6.C%139=O.N%123.N%134.N%155.N%166.N%177.N%188
20288,safe_to_smiles != original_smiles,N=C(N)NCC/C=C(\NC(=O)[C@H](CCCCN)NC(=O)[C@H](Cc1cnc[nH]1)NC(=O)[C@@H]1CCCN1C(=O)[C@@H](CCCN)NC(=O)CNC(=O)[C@@H](NC(=O)[C@@H](N)[C@@H](O)CN)[C@@H](O)CN)C(=O)N[C@@H](CCCCN)C(=O)NCCCCN,N=C(N)NCCC=C(NC(=O)[C@H](CCCCN)NC(=O)[C@H](Cc1cnc[nH]1)NC(=O)[C@@H]1CCCN1C(=O)[C@@H](CCCN)NC(=O)CNC(=O)[C@@H](NC(=O)[C@@H](N)[C@@H](O)CN)[C@@H](O)CN)C(=O)N[C@@H](CCCCN)C(=O)NCCCCN,C2(=O)[C@@H]4CCCCN.[C@H]9(CCCCN)C%21=O.C%16(=O)[C@H]6CCCN.C%18(=O)[C@@H]8[C@@H](O)CN.C%19(=O)[C@@H](N)[C@@H](O)CN.C=%12(N2)C%20=O.C%13(=O)[C@@H]5C%14.[C@@H]1%11CCCN1%16.c1%14cnc[nH]1.C%10CCCN.N=C(N)N3.C3CC=%12.C%17(=O)C7.C%15%11=O.N%134.N%155.N%176.N%187.N%198.N%209.N%21%10
20289,safe_to_smiles != original_smiles,N=C(N)NCC/C=C(\NC(=O)[C@H](CCCCN)NC(=O)[C@H](Cc1cnc[nH]1)NC(=O)[C@@H]1CCCN1C(=O)[C@@H](CCCN)NC(=O)CNC(=O)[C@@H](N)[C@@H](O)CN)C(=O)N[C@@H](CCCCN)C(=O)NCCCCN,N=C(N)NCCC=C(NC(=O)[C@H](CCCCN)NC(=O)[C@H](Cc1cnc[nH]1)NC(=O)[C@@H]1CCCN1C(=O)[C@@H](CCCN)NC(=O)CNC(=O)[C@@H](N)[C@@H](O)CN)C(=O)N[C@@H](CCCCN)C(=O)NCCCCN,C2(=O)[C@@H]3CCCCN.[C@H]7(CCCCN)C%18=O.C%14(=O)[C@H]5CCCN.C%16(=O)[C@@H](N)[C@@H](O)CN.C=%10(N2)C%17=O.C%12(=O)[C@@H]4C%11.[C@@H]19CCCN1%14.c1%11cnc[nH]1.C8CCCN.N=C(N)N%19.C%19CC=%10.C%15(=O)C6.C%139=O.N%123.N%134.N%155.N%166.N%177.N%188
